Time_Index,elec_demand_SE,elec_demand_S,elec_demand_NE,elec_demand_N,Demand_Zero
1,28955.7994,10398.9479,20570.7601,9824.1462,0
2,28580.6213,10980.4761,20859.6663,9804.0822,0
3,28306.1383,10444.8421,21542.8433,9794.7531,0
4,27543.241,10283.7999,21372.2949,9813.2793,0
5,26550.0741,9754.8891,21879.3322,9757.0242,0
6,25354.5941,9637.9987,21972.8487,8813.4156,0
7,26109.0258,9953.4985,21295.1629,7276.9609,0
8,28820.6787,9042.3553,19941.8604,6620.9506,0
9,31214.2446,9570.935,16915.2676,6444.306,0
10,33601.6153,9781.5245,14746.5813,6819.362,0
11,35277.3773,10531.2537,13616.7735,7116.1717,0
12,35395.0223,11540.5906,13650.3587,7199.3944,0
13,34761.122,11596.9843,13646.0093,7166.5693,0
14,34022.7536,11314.8376,13816.9526,7027.5359,0
15,32912.638,11372.46,15181.936,6859.6088,0
16,32469.8187,11761.9854,17028.7128,6617.2623,0
17,32632.875,12980.4576,17894.2115,6715.1491,0
18,33622.0181,13657.0005,17086.2923,8116.2312,0
19,34317.1389,13428.5305,19056.6948,10174.4016,0
20,36071.9942,13420.7029,20812.3377,12264.197,0
21,36332.8955,13274.3204,20897.7494,13173.8332,0
22,36553.924,12556.5836,20709.3612,13734.0555,0
23,35887.3493,11796.4022,20718.4857,13794.0968,0
24,34751.9535,9844.9714,21149.6659,13594.9517,0
25,34840.4716,8333.6275,20769.8678,12065.306,0
26,34021.5513,8477.0356,20729.1986,9718.5286,0
27,33454.872,8005.723,21285.9262,8239.2849,0
28,32779.2036,7655.1376,21348.3281,7877.1264,0
29,32569.3071,7879.4947,20761.9423,7870.2041,0
30,32689.3358,7842.3653,21051.5712,7414.2827,0
31,33391.6671,8503.2937,22749.5092,6512.8855,0
32,35382.0478,9175.1352,25232.2345,6499.8142,0
33,38493.7718,9872.8091,25252.8353,6683.061,0
34,41077.6113,11309.8491,23047.8061,7136.7527,0
35,43611.271,12202.6861,22579.4701,7345.1158,0
36,45586.3287,13128.9169,21466.5825,7352.0524,0
37,46313.8302,13391.7806,20272.5413,7247.5546,0
38,46731.6619,14214.123,20314.0476,7493.2462,0
39,47730.8557,13152.3095,21008.9561,8730.5504,0
40,47597.3718,12517.1134,20992.3736,9769.133,0
41,46949.2452,12374.5644,20367.1853,11246.8697,0
42,42834.3927,13178.9999,19525.2002,13583.0244,0
43,41430.4451,12930.5132,20057.7619,14878.9872,0
44,41736.7434,12676.3989,22682.7117,16854.3837,0
45,41254.0326,12478.3362,23607.4399,17394.6333,0
46,40859.4461,12444.8852,23925.1595,17170.6645,0
47,39604.6013,12485.9702,23219.3951,16670.2239,0
48,37660.1467,11360.987,22549.0958,16554.4632,0
49,34370.6143,10439.8503,22512.1886,16450.5792,0
50,32794.9446,9321.6497,22973.3196,15173.6497,0
51,32464.7851,8725.8325,23369.7948,13053.2182,0
52,32346.2469,8490.0596,23218.0476,12014.5861,0
53,32272.6602,8503.0671,22737.8107,11836.396,0
54,32589.0906,9147.0588,22363.8833,10581.4192,0
55,34996.082,9711.4369,22967.9901,8238.1871,0
56,37360.9445,10710.5493,25180.1462,6792.4725,0
57,39795.5327,12082.6992,25818.9041,6610.8394,0
58,42388.7728,12778.2589,24462.7658,6928.647,0
59,44414.7935,13826.1607,23071.4506,7186.1988,0
60,46235.6114,14259.7455,21788.0388,7237.0408,0
61,47232.3973,14111.7339,20717.6442,7174.31,0
62,48184.4561,13811.1886,20854.2356,8295.6918,0
63,47830.5641,15511.7853,20362.1165,9340.3431,0
64,47180.3486,15889.951,19238.1607,10413.2831,0
65,45661.55,16480.3023,18144.9587,11802.4423,0
66,44023.056,15877.8532,18041.6434,12691.3094,0
67,42552.5023,14491.7377,19222.3196,14235.9074,0
68,43299.8764,13236.0206,21413.7033,16148.7029,0
69,44006.9696,12836.945,21675.0369,16832.0724,0
70,43804.7962,12490.9774,21798.3722,16642.0936,0
71,42983.8057,12151.3832,21612.3765,16359.4497,0
72,40864.9857,11306.9737,21381.3864,16151.3847,0
73,37579.8929,10842.8837,20711.9814,16436.519,0
74,36237.2769,10703.8338,19419.0854,15371.9005,0
75,35171.5419,10643.435,18750.325,14357.2506,0
76,34556.5264,10495.4355,18451.3131,13622.9643,0
77,34444.5288,10562.596,17805.227,13234.3497,0
78,34437.5185,10694.2638,16537.9731,12768.756,0
79,34838.2342,10299.5596,17573.4108,11613.8242,0
80,37217.0271,9801.3344,20960.9389,8479.746,0
81,39307.5892,10797.2128,21701.4413,6462.3185,0
82,40644.4104,12402.4241,20874.9992,6691.9017,0
83,41414.6073,13072.3076,20858.0031,7090.6055,0
84,41701.2552,13684,20926.8004,6934.4264,0
85,41370.4764,13928.046,20494.6005,6936.4119,0
86,42211.1613,14214.5872,20095.4644,6882.4734,0
87,42602.9813,13813.3083,20217.2784,7040.0869,0
88,42766.4127,13249.5374,19200.4417,7744.0759,0
89,42203.6593,12784.9535,18781.8147,9376.9005,0
90,41505.178,12455.1757,19440.6498,11591.9936,0
91,41242.4606,14255.9703,19546.4016,13700.4098,0
92,41460.1154,14616.0597,21314.0334,15376.2939,0
93,42583.9337,14165.0531,20787.2445,15611.2693,0
94,42255.5331,13738.8042,19713.5224,15430.2225,0
95,40781.741,13701.0896,19196.1869,14410.6248,0
96,39478.6975,13082.2142,18287.0644,14317.8321,0
97,37896.7446,12524.4163,17138.528,13983.3111,0
98,37112.6173,11881.1451,15869.9717,13211.1892,0
99,36291.2209,10658.3422,15851.5918,12796.8456,0
100,35952.4869,9479.6328,16038.4741,12480.8332,0
101,36058.5731,9519.4209,15372.8267,11753.4197,0
102,35769.1763,9410.9917,15531.8306,9747.0032,0
103,34114.2384,9763.534,17797.4863,7550.9313,0
104,33791.9736,9989.6467,19083.2862,6186.9357,0
105,35636.0851,9883.0402,17865.2199,6295.7158,0
106,37752.7216,10104.5483,16081.1255,6549.6706,0
107,39252.1536,11256.41,15073.7961,6781.7343,0
108,40262.3133,11981.2638,15260.3187,6830.5688,0
109,40319.9423,12062.0566,15394.9246,6720.2817,0
110,39440.8355,11557.2831,16028.7501,6772.3271,0
111,38828.1982,10956.8888,16830.5335,6775.7283,0
112,39022.3229,9974.9628,18285.2472,6949.0245,0
113,40371.6478,10842.6208,17366.8902,7567.197,0
114,40361.9029,12957.7371,16919.9415,9377.2338,0
115,39912.8884,13760.4467,17562.7122,13066.4446,0
116,41073.2201,13306.6065,18956.0899,15096.1283,0
117,41984.833,13187.79,18615.6883,16247.781,0
118,41933.551,13308.4248,17904.6043,16211.8341,0
119,41737.4848,13442.6622,17100.7078,15770.8584,0
120,41202.6923,13355.2529,16409.789,14005.4893,0
121,39401.8449,13328.6681,15375.9991,13077.0871,0
122,38444.9483,13474.6546,14183.0161,12042.0212,0
123,37642.2794,13240.0015,13901.5437,11125.4044,0
124,37109.1281,13781.9231,13727.7019,9835.4333,0
125,36998.4461,13835.063,13565.7027,9736.9481,0
126,37156.9418,13597.8799,13555.1218,9899.7426,0
127,38805.2115,14117.0128,14717.5666,9153.5059,0
128,42853.3512,13275.6899,18772.5747,7646.7864,0
129,45416.3248,14144.0299,21556.8518,6875.2343,0
130,47621.827,14560.0246,22188.1748,6741.515,0
131,50080.8099,15008.3824,22461.1134,6949.503,0
132,50666.1386,15715.1544,22467.1656,6993.2632,0
133,49786.7293,15801.0039,21794.982,7070.2621,0
134,50128.1759,17484.6859,20918.4679,8003.6429,0
135,49803.0533,18062.5489,20397.6289,9934.1011,0
136,48218.1953,19515.6324,18986.8998,11503.7197,0
137,49130.8884,18150.4763,17461.5188,13094.2097,0
138,48336.3188,16322.9671,16256.724,13218.0675,0
139,45895.5816,16506.7012,16397.2633,14705.0849,0
140,47384.6769,16515.3758,16451.7529,17294.1483,0
141,48468.5927,16617.3568,16156.6086,18066.675,0
142,48883.3114,16690.4804,14706.5017,18739.0368,0
143,47736.6681,16448.8588,13612.1777,18459.4498,0
144,46384.2038,16277.9012,12390.2559,16589.9602,0
145,43759.9283,16069.7647,11364.0197,15508.5777,0
146,42029.2367,15289.4896,10841.732,14704.6482,0
147,41112.9785,13729.2397,9922.5874,14859.6525,0
148,41080.655,12916.8644,9451.6411,14746.0412,0
149,40736.8984,12716.0902,9920.1498,14303.0723,0
150,40510.5316,12795.2209,10659.1034,13511.0756,0
151,41819.987,12969.7513,11990.9449,12808.4561,0
152,43889.0012,13975.1942,15047.3818,12744.3151,0
153,46978.8407,14484.7538,17737.5231,11999.2477,0
154,49279.8317,14046.5941,19096.99,11836.7986,0
155,50611.8767,14645.5309,19417.4915,11586.6993,0
156,51021.7246,15227.0052,19476.7496,11256.366,0
157,49668.0613,15186.1039,19589.9704,11218.8505,0
158,50216.8997,15797.0241,19620.0191,12462.8405,0
159,49834.8785,17848.7683,19185.8821,12597.376,0
160,49212.5117,18497.2711,19189.2393,12225.9434,0
161,49582.8157,18154.004,17950.4006,13069.221,0
162,47469.2691,15847.7044,17690.0361,13900.3403,0
163,45295.0234,14824.8793,18127.1508,14957.5008,0
164,45992.9107,14751.6226,18198.521,17995.6722,0
165,48100.4238,15254.3611,16842.0472,18397.6881,0
166,48501.871,15969.8242,15887.9655,18284.926,0
167,47463.7966,16628.8353,14495.1114,17636.4287,0
168,45766.6924,16562.2776,12394.459,17144.1611,0
169,44366.3308,15719.2871,11151.415,15916.252,0
170,43687.369,14426.0435,10192.7397,15155.1708,0
171,42605.5916,12865.2227,10360.7471,14452.3984,0
172,41286.6311,12803.3972,10389.896,14279.2045,0
173,41018.7063,13241.3754,10020.8262,13955.2413,0
174,41256.8453,13775.916,9859.7356,13572.2719,0
175,42865.0992,14852.5014,10549.3564,12717.4696,0
176,44412.6221,15735.4813,13474.1717,12885.6266,0
177,46170.1163,16795.3401,15241.5098,13491.4857,0
178,48380.0988,16464.7186,16524.0273,12986.182,0
179,49509.6569,16971.2378,17108.2604,13531.2463,0
180,50206.6521,16936.1962,17934.9819,13475.825,0
181,50297.9169,16385.3316,17914.9399,12941.4582,0
182,51373.7004,17488.5656,17402.0407,14066.305,0
183,53024.2526,17381.2287,17085.717,14626.1709,0
184,53288.6189,16877.0448,16507.1687,14996.2076,0
185,53014.5198,17118.4343,15057.3896,14995.1703,0
186,50187.291,15925.3919,14548.413,15326.96,0
187,48652.8977,14627.1246,15222.8384,17250.5355,0
188,48845.7156,15061.607,16126.2244,19087.7038,0
189,49087.5814,15789.0051,15690.6365,19216.8339,0
190,49905.1553,15830.8337,14599.1747,19298.5958,0
191,49528.3998,15827.2807,12533.0238,19053.87,0
192,46711.1601,15853.6664,11223.267,18646.4553,0
193,43809.4206,15737.9453,10204.2006,16796.3334,0
194,42093.6747,15327.9852,9849.7443,15353.6856,0
195,40599.3434,14605.4568,10057.179,14276.2565,0
196,39467.8526,13992.7007,10659.6292,13811.4537,0
197,38708.8878,13481.5351,11522.1249,13911.3282,0
198,38631.4665,13060.5013,11829.1415,14467.3023,0
199,40163.8006,13444.1274,12335.9159,14649.7571,0
200,42281.2357,13506.009,15682.7902,14985.9633,0
201,44578.5208,14658.9685,17577.3576,14931.2526,0
202,46644.477,15008.0392,18329.9182,14644.8962,0
203,49390.6545,15297.4899,19175.8699,12959.7149,0
204,49910.1647,14783.8482,20781.9689,12131.0882,0
205,50101.5669,13602.6286,20997.2532,11301.5331,0
206,50359.9019,15959.4358,19884.3469,12438.9562,0
207,50110.1469,17091.0762,19609.1203,14435.2659,0
208,49176.7606,16525.3363,19690.2904,15328.4054,0
209,49560.566,16054.7662,18345.0762,15144.0839,0
210,48342.5745,14273.512,17430.6396,15176.9728,0
211,47302.6301,13842.334,16267.4116,17163.9468,0
212,48956.6451,15201.4555,15645.4111,18465.3799,0
213,49638.1314,15120.1908,14983.5378,19558.4873,0
214,49691.895,15702.9642,13997.4175,19521.5405,0
215,48061.2737,15866.6134,12915.122,19229.2771,0
216,46941.7564,15421.5985,11511.5132,17830.9252,0
217,44336.094,15478.5301,10072.4767,16461.5495,0
218,42612.5007,14030.2943,9216.372,15578.9832,0
219,41205.6524,13040.7167,8564.4064,15555.4575,0
220,40341.5023,13200.3377,8063.3718,15475.5898,0
221,40180.5239,13386.6623,7826.5407,15411.5797,0
222,40182.1123,13491.17,7925.8839,15280.9294,0
223,41686.4701,13322.9822,9649.046,14830.7841,0
224,44432.5101,13969.5952,12547.2754,14799.9038,0
225,47026.067,14577.1109,15475.2752,14217.423,0
226,47653.1825,15262.8619,18014.953,12523.049,0
227,47952.7774,16690.9754,20149.1851,12214.1448,0
228,48721.4541,17179.3743,20573.7609,11950.2614,0
229,47902.4414,16659.9257,20731.3821,11648.7382,0
230,48925.3754,17116.132,20819.6043,11956.5292,0
231,49529.6956,17526.1834,20266.5419,12434.5738,0
232,48899.0942,16913.9377,19887.4445,13982.3926,0
233,49100.8397,14740.0396,18561.5529,15135.2817,0
234,47090.2025,13592.1742,17032.7498,16449.7278,0
235,44885.4923,13742.5959,16521.758,18609.91,0
236,47188.2279,14777.0205,15296.1589,20398.51,0
237,47264.0212,15404.829,14042.9355,21422.2602,0
238,47457.6795,15359.4727,13066.0332,21374.8392,0
239,46934.6042,15090.2862,12347.0171,20062.5964,0
240,45759.9593,14493.05,11298.4355,19014.3162,0
241,43842.5933,13909.2833,10862.3262,17322.3347,0
242,42385.7907,11434.4296,10815.4134,17087.3538,0
243,40975.4081,10125.8718,10204.3557,17060.5204,0
244,39912.2416,10577.8046,9872.2877,16247.0594,0
245,39598.8659,10914.9986,9320.3979,15860.8758,0
246,39693.7761,10534.8067,9359.603,15148.5004,0
247,40930.3785,10026.2734,10787.0983,13875.3483,0
248,43468.4844,10442.9501,12974.9059,11355.9292,0
249,44531.6608,11072.9619,16037.5215,9519.6893,0
250,46963.8499,9895.6077,18608.2391,8668.6347,0
251,46843.9367,10185.7591,20415.1167,8534.1938,0
252,46781.4776,11597.2406,20481.9692,8645.0199,0
253,46453.165,12216.93,20130.759,8739.8245,0
254,47127.8632,11746.8197,19583.4837,8929.8924,0
255,48041.7641,10830.8684,18462.6057,9080.0501,0
256,47975.9379,10477.2811,17911.8885,9193.8275,0
257,47478.6466,11505.8152,16521.9087,10316.3885,0
258,46385.5667,12203.9247,14401.893,12858.7459,0
259,47210.7548,12704.0089,13931.7849,15066.3117,0
260,49566.2288,13293.7211,13203.5167,17086.4518,0
261,49701.5706,13030.985,12590.8904,17646.453,0
262,48460.5704,12531.1846,12569.535,16937.0861,0
263,47005.3881,12696.6246,12292.2382,15669.5594,0
264,45560.1839,12190.9645,11387.1956,15536.8323,0
265,43025.8246,11947.3035,10050.7044,15138.827,0
266,41325.7559,11410.883,8925.7619,15123.8923,0
267,39565.0178,11225.0402,8535.0331,15115.7292,0
268,38317.4396,9801.264,9549.3101,15016.1539,0
269,37619.9472,9434.0719,9490.7659,15086.4637,0
270,37583.7561,8990.0305,9573.9919,13778.5428,0
271,37938.4291,8699.2873,10544.2436,11710.0709,0
272,39599.1563,7337.6545,12715.6865,10170.1512,0
273,39594.2415,7296.4947,15679.8697,8672.7993,0
274,38652.7823,9130.8217,15691.9763,8007.5831,0
275,39257.3907,9937.4847,15450.6979,8061.7999,0
276,40300.7781,10397.0394,15812.9114,8087.1296,0
277,40471.7775,10372.9681,16110.1281,8055.08,0
278,40640.8057,10108.7811,16056.3645,8191.865,0
279,41577.3666,8976.8019,15285.2854,9238.5711,0
280,42506.8105,8854.5677,14005.0746,9154.7181,0
281,44280.3196,8631.8199,11778.2951,10294.6272,0
282,43897.9739,9464.4484,11538.7789,12922.657,0
283,43406.9295,11366.3011,12702.2357,14319.0014,0
284,45402.0325,12618.0021,13124.2738,14930.685,0
285,46245.5829,13446.6123,12058.3144,15721.7478,0
286,46218.084,13712.0005,10891.0087,15816.24,0
287,45440.5534,13321.0187,10365.4749,15748.4591,0
288,42874.0928,13242.3225,10333.7663,15161.5508,0
289,41258.5338,10774.8278,9848.1537,16082.1452,0
290,39540.809,6990.3977,10124.7223,18350.3892,0
291,39014.4227,4588.9712,10550.595,19201.8981,0
292,37638.7902,5641.5975,10246.9147,18569.0901,0
293,37759.9354,5719.6403,9917.0742,18534.758,0
294,37623.234,6346.2883,10261.2774,18699.8416,0
295,38740.0332,7534.923,11512.3492,18152.167,0
296,41938.8827,9275.299,13348.093,18012.2404,0
297,45387.122,10831.2468,16112.1741,15819.7314,0
298,47888.1095,12601.5901,16230.3372,13867.9255,0
299,49296.7838,14676.1648,15986.6938,14031.2084,0
300,49890.4835,14442.4214,16910.4221,13707.3585,0
301,48920.6839,14978.5361,16308.9102,13972.1219,0
302,50297.6683,16001.8683,16578.9602,14944.1974,0
303,50958.4812,15917.9658,16075.3439,16419.8155,0
304,50841.0452,15292.6213,13754.0645,19245.8398,0
305,49143.1974,16904.1059,11379.918,20798.1532,0
306,46413.8323,16138.3805,10186.6677,21558.9726,0
307,46210.0672,15374.9431,10345.7068,21479.9805,0
308,49443.3863,16297.0577,10379.8002,21462.8337,0
309,50855.0911,16414.4739,10391.9486,21360.4259,0
310,50270.8492,16550.3877,10314.0862,21358.8914,0
311,48089.5987,16310.4502,9433.1875,21332.5387,0
312,45144.7986,14720.2154,9026.4779,21355.653,0
313,43688.8045,12318.3247,8444.722,20282.1652,0
314,42586.324,10827.5574,7880.2812,19520.7353,0
315,42114.6726,8773.6319,7662.0962,19483.8798,0
316,41129.9493,7997.1122,7726.7069,18960.1236,0
317,41565.0829,7914.7662,7042.6686,19135.9014,0
318,41607.1139,9292.6207,6774.5843,18534.8966,0
319,43423.0555,10514.8417,8204.2422,16976.7356,0
320,47327.8971,11945.6337,10418.8007,16276.8232,0
321,49151.1526,13247.1438,13368.047,15601.8951,0
322,50060.186,13413.1261,15777.3077,14313.7456,0
323,49343.679,15134.9682,17047.6471,13360.7485,0
324,48889.7134,16223.7592,17463.7947,12775.84,0
325,48194.0877,15552.0178,18172.7205,13102.9635,0
326,51232.5704,16083.9151,17164.0491,13802.8165,0
327,51264.158,16888.0998,16994.3939,15069.0463,0
328,50782.8101,16769.4703,15515.7508,17172.1385,0
329,49422.0232,16662.4557,13412.5288,19986.1079,0
330,47086.2084,16193.2199,11731.5682,20244.9731,0
331,46532.0009,14901.2556,12609.5299,20013.4374,0
332,48933.5451,16163.884,11938.2901,21059.3361,0
333,48505.8673,17435.0154,11778.5195,21174.5655,0
334,47938.143,16981.2566,11810.7748,21189.5442,0
335,46555.4738,15290.0044,11758.9659,21004.3977,0
336,44097.7306,13659.6603,10440.3563,20666.2214,0
337,41990.4243,12128.6583,10154.6071,19359.3961,0
338,41229.1143,9071.5207,11040.6538,18732.5072,0
339,41026.5922,7519.7551,10569.878,18511.8164,0
340,40670.3506,7232.9477,9649.7973,17942.0846,0
341,40598.0619,7339.4805,9582.0582,17920.7259,0
342,40192.6547,9237.932,9435.0619,17453.1852,0
343,41539.696,9958.19,10242.9932,17274.9907,0
344,44446.7265,12327.2985,11823.0893,17107.0108,0
345,46103.3023,14428.1742,13866.2161,15988.984,0
346,47029.2229,15088.4767,15514.279,13945.3182,0
347,48701.8059,15501.4431,16417.0105,13162.8882,0
348,48597.7437,16017.3717,17409.6549,13020.7374,0
349,48901.4812,15886.8358,16637.8641,12921.4184,0
350,50501.3124,17047.0806,15467.6357,13868.8363,0
351,50183.9514,17566.2366,14647.1666,16818.7833,0
352,50549.0447,16850.2587,13433.6554,19275.289,0
353,52044.0162,17182.209,10467.0566,19772.9048,0
354,49419.5559,16656.8413,8858.08,19936.7267,0
355,48120.039,16977.268,9047.6848,20999.6259,0
356,49763.5589,17526.751,9623.5524,21690.625,0
357,50335.6271,17561.3669,9321.9379,21965.2367,0
358,50401.5523,17665.6645,8570.9217,21968.2276,0
359,49333.1366,17594.3735,7307.5409,21938.6849,0
360,46056.5908,16425.0867,6795.3556,21822.8076,0
361,44515.141,13521.8853,6288.3601,21421.7124,0
362,44131.1981,10426.24,6208.2889,21185.6579,0
363,43865.6669,8488.4085,6224.3291,20660.2715,0
364,43315.6878,7914.412,6315.7578,19341.487,0
365,42564.2118,8091.5505,6435.2948,19728.7178,0
366,42760.3671,7984.8054,7013.2029,19858.3077,0
367,43357.5098,9438.6413,8362.6169,18942.9207,0
368,45239.7033,11983.378,10933.2036,18392.803,0
369,46963.2559,14528.6658,13617.8295,17249.023,0
370,47628.5161,16353.3381,15049.7545,16659.1755,0
371,48996.9535,17137.1035,16540.1258,15475.6646,0
372,51033.2658,17764.3092,16893.4062,14079.4797,0
373,50668.7929,17185.8313,17238.4223,12430.5566,0
374,51299.6044,17495.8905,18018.8987,13037.0999,0
375,51813.8368,17891.0523,18080.766,14186.9706,0
376,51440.0744,17558.4299,18311.7484,15300.3499,0
377,48841.9481,17298.8024,18453.7507,17099.0017,0
378,45539.4852,16664.6799,16615.1128,18180.0399,0
379,45318.1839,15235.7755,16957.1853,19341.3198,0
380,46868.0839,16535.7412,16816.0982,20712.2729,0
381,47428.4734,16891.633,16382.894,20716.1295,0
382,47599.3452,17090.2908,16015.89,19721.4204,0
383,45005.9269,16868.1447,15341.3887,20368.5757,0
384,42292.0322,16343.0861,14415.1007,19438.6071,0
385,41429.641,13566.443,12894.3397,19750.4516,0
386,41653.2061,10508.1889,12254.4576,19833.4246,0
387,40874.7636,8855.0242,11767.0575,19928.8925,0
388,40684.4317,8222.8861,11369.0478,19209.8489,0
389,40128.3388,8170.294,11447.7748,19302.3611,0
390,40357.053,8140.0462,12155.2101,19477.8562,0
391,42157.0358,9308.5564,14281.0118,17148.2982,0
392,45593.9022,11576.4803,18310.0236,13231.9374,0
393,48050.4728,14149.8544,20879.5312,10806.4286,0
394,48209.9739,16519.2731,21090.0921,10785.1898,0
395,50050.7711,17265.2271,20570.8668,10993.5254,0
396,50886.5126,17972.4336,19544.1818,10073.3622,0
397,50306.0855,17973.2696,19192.8451,9320.9457,0
398,50659.1305,17828.0443,18776.4258,11690.3303,0
399,51360.8315,16647.6112,18858.1459,14612.6299,0
400,49900.6948,16842.5191,19163.0758,15940.2925,0
401,47780.7979,16792.1875,19053.166,16811.7851,0
402,45673.9591,16321.0509,18223.1676,17507.8651,0
403,44097.9418,16004.2278,18248.7272,18736.2901,0
404,46028.246,16326.4486,20087.2364,18692.6058,0
405,45877.0191,16372.1701,21320.4211,17696.6295,0
406,44250.0146,16534.3277,22007.744,17504.8027,0
407,42663.9642,15740.2366,22055.6622,17241.8158,0
408,42045.1273,13630.6544,20610.8177,17395.1954,0
409,40546.9779,11697.4671,18656.935,18220.9918,0
410,37926.1157,10488.5044,17676.3741,18565.6647,0
411,36575.649,9299.6772,17468.693,18643.5997,0
412,35199.4049,9128.3885,18209.6101,17530.5713,0
413,34814.9032,9620.4284,17899.937,16623.4574,0
414,34953.1105,9526.9669,17256.8396,16220.8574,0
415,37113.0331,8778.3553,17973.1046,14710.6608,0
416,40388.9684,9148.5669,19994.876,12026.5343,0
417,43802.0605,10050.953,21550.5235,9642.3371,0
418,45104.5408,10962.4009,22252.9142,8562.7751,0
419,46114.9062,12251.7549,21950.2338,8340.5465,0
420,46576.9271,13909.5033,20362.1165,8949.1842,0
421,47932.7365,13645.038,18673.7353,8500.2357,0
422,47589.6289,13707.3871,19116.2719,8219.6708,0
423,46847.735,14593.7363,18868.9149,8037.3931,0
424,46639.9626,14149.2604,17566.0529,9196.0418,0
425,45646.843,12157.123,17737.9884,11869.5423,0
426,44856.6415,11604.2861,17266.5977,15037.9526,0
427,44232.6027,12512.5539,17095.6016,18624.9173,0
428,45561.0166,13881.0474,17947.7584,19536.9735,0
429,46210.692,13765.928,18170.8681,18993.6901,0
430,45554.443,13376.7381,17834.6388,18628.1557,0
431,43877.9407,13364.2476,16870.3931,18916.3117,0
432,42271.0761,13295.3194,15487.8768,18661.0952,0
433,42188.4353,13082.8489,13338.3613,17368.2278,0
434,41156.2239,12771.5676,12477.7587,15309.1444,0
435,40803.6464,12282.1402,12383.8088,13320.9791,0
436,40948.182,12314.588,11716.7523,11729.234,0
437,41176.696,12109.4622,10795.3362,11334.6893,0
438,40406.1295,11894.8874,9884.4647,11323.2746,0
439,40730.8319,11306.8472,9734.4599,10544.182,0
440,42502.5381,9447.9385,11458.062,10008.9077,0
441,44399.993,8686.1346,13014.7512,9364.5464,0
442,45855.8133,8223.3998,14080.7975,8609.8089,0
443,46906.3914,8103.2061,14927.3949,8993.0654,0
444,47326.7498,8818.381,15986.4122,9180.842,0
445,47200.6051,8795.8101,16513.1395,9144.4782,0
446,46728.2464,8597.0357,16014.3577,9408.2648,0
447,46832.1359,8552.4846,14805.1376,9808.9706,0
448,45407.2399,10056.4948,11774.3021,13012.153,0
449,46348.3119,10605.6071,10445.127,14595.5007,0
450,45830.4055,13120.6031,8803.289,16259.7666,0
451,46245.166,13592.491,9709.337,18292.1123,0
452,47853.0019,14109.6769,10090.3638,20546.724,0
453,48978.8937,14204.3308,10222.5365,20855.2058,0
454,49340.3493,13994.2066,10172.9463,20834.3256,0
455,49825.7672,13495.1047,9096.6645,20803.4508,0
456,47863.1406,13666.796,7663.1731,20747.7787,0
457,45363.8933,13286.4017,6820.3146,20825.552,0
458,42804.3726,12895.3165,6273.9402,20829.1446,0
459,41237.2587,12513.5461,6001.6726,20784.4989,0
460,39984.9846,12333.5212,5981.2379,20792.1989,0
461,39740.3919,12518.0374,5846.3438,20712.2344,0
462,40256.4217,12375.0253,6022.0237,20556.6339,0
463,41908.3412,11768.8175,7873.4359,20112.631,0
464,45718.7566,12163.9584,10593.8173,19028.4193,0
465,48167.9022,15172.5838,12459.315,17258.164,0
466,49810.299,16184.2186,14054.1214,15768.6716,0
467,51216.2233,17069.2511,14808.1175,15361.3746,0
468,52718.9487,16146.9165,15362.3635,15175.7925,0
469,52913.2065,14910.6496,15550.8056,14860.0012,0
470,54551.2572,15567.1989,16221.073,15076.6594,0
471,55844.4557,16200.932,15428.7716,15965.2163,0
472,55478.6199,15572.9904,15127.7984,17750.6637,0
473,54764.1974,15475.658,12952.467,20243.6102,0
474,52048.6087,14560.7143,11696.5695,21133.2462,0
475,50227.6379,13678.8531,12074.7946,20984.4822,0
476,52850.7826,15185.1436,12468.6441,21004.7948,0
477,53246.9663,16416.1547,12757.8539,20983.9025,0
478,53397.0382,16605.9168,12908.2316,20985.6944,0
479,52451.1625,16334.0617,12212.3947,20973.0752,0
480,50229.1196,16032.6606,10617.4068,21014.7553,0
481,47749.988,15610.661,8305.4928,20981.378,0
482,45710.3592,14855.7475,7122.8069,20929.8969,0
483,44923.472,13372.7517,6592.8511,20927.8641,0
484,43963.3546,12735.4414,6422.4083,20890.5763,0
485,44006.4185,12186.7372,6282.9613,20908.9628,0
486,44043.6689,12253.9549,6281.4202,20846.2683,0
487,45860.265,11271.0433,8798.7955,19484.3627,0
488,49073.8325,12358.0215,12406.7812,17411.5557,0
489,52593.3848,15452.9144,14020.7408,14624.698,0
490,54064.296,16010.929,16059.8273,13402.6783,0
491,55651.7577,16895.7888,17301.9792,12979.1145,0
492,56379.9137,17125.3786,17646.1758,12928.4771,0
493,56028.1183,16189.7659,17843.6753,12338.4063,0
494,56834.9023,17252.4726,17810.2067,13616.9902,0
495,56896.4462,17501.7139,17718.3941,14803.6273,0
496,55519.882,17261.7478,18159.537,16061.9294,0
497,53483.3805,16662.9958,17923.1822,18268.6405,0
498,50759.3218,15019.6013,16489.0209,19764.6394,0
499,49384.6485,14721.927,15637.3404,20079.0447,0
500,51840.9573,15632.5983,15886.0493,20699.9639,0
501,53082.2446,15755.7048,16286.5131,20981.3681,0
502,53519.0953,16015.7085,16255.5756,20982.2184,0
503,51912.3682,15707.8163,15944.2228,21037.5913,0
504,48154.5295,14989.2699,15226.6301,21114.4032,0
505,46108.5273,14070.2661,13591.3547,21106.9386,0
506,44240.6272,12237.0677,13207.2479,20960.7563,0
507,42911.1903,10913.683,13062.7453,20956.7963,0
508,41844.2299,10755.9881,12437.9673,20873.413,0
509,41505.8182,10858.0978,11888.6394,20935.2902,0
510,42091.3053,11086.2257,11094.5087,20962.0719,0
511,43126.7155,11548.702,12389.091,20164.6632,0
512,47210.9836,13864.4715,15805.4754,16373.6056,0
513,50519.9266,15991.4128,17489.4731,15174.9378,0
514,53070.6836,16824.3636,18888.5191,13249.038,0
515,56064.9529,16662.6955,19290.1522,12880.9879,0
516,57314.0799,16605.996,19682.201,12892.3531,0
517,56472.1146,16597.9451,19379.8638,12862.8445,0
518,58096.5594,17110.9048,18636.3056,14615.2699,0
519,58781.7604,17174.9061,18482.8666,15727.7615,0
520,58153.5163,16556.0329,19471.0824,15608.3422,0
521,56151.1962,17537.8775,18659.3891,16371.3044,0
522,51923.4661,16561.5285,17040.6137,18412.5095,0
523,48000.6725,15944.6826,17002.1313,19915.0138,0
524,49366.1993,16797.3806,18032.4573,20258.9497,0
525,49858.3778,16989.4747,18302.7284,20366.3856,0
526,50089.567,17064.7488,19009.0747,20346.9794,0
527,49942.2616,16815.0719,18824.0151,18906.7109,0
528,51106.6589,16112.1862,16077.6649,15994.913,0
529,46430.9758,15491.7697,15411.0396,16405.7399,0
530,43738.8182,13976.8992,15338.2196,16392.0262,0
531,43013.9677,12466.7356,15229.5077,15504.7673,0
532,42020.8624,11726.8855,15381.6707,15121.6043,0
533,41721.0387,11492.5305,15842.3232,14269.3694,0
534,42116.6581,11611.4218,15871.7383,13838.3014,0
535,45287.8426,12091.3727,14678.6915,13522.2703,0
536,49221.9728,14819.7632,14415.2855,13536.6275,0
537,52082.5327,16744.7214,15534.9161,13595.3345,0
538,53736.276,17629.2721,15439.4636,13737.0178,0
539,55113.3242,18257.4645,15313.0648,14153.0081,0
540,55748.1155,17457.1408,16373.6067,14311.9108,0
541,56062.0709,16624.7587,16139.0933,14158.7787,0
542,58432.6424,17392.485,16359.0691,14182.0712,0
543,59145.6019,17261.0009,16634.2187,14900.0247,0
544,58263.4019,17641.8407,16359.7566,15320.4282,0
545,56953.0621,18048.4381,15732.8545,16531.6602,0
546,54612.1312,16376.4986,14855.2008,16157.3918,0
547,50782.0544,15590.5981,14984.4651,16726.7749,0
548,52532.139,15540.3314,16198.1732,17245.0729,0
549,54140.8307,15452.9815,15584.0234,17320.7254,0
550,54033.6533,15380.387,15848.3952,17344.7362,0
551,52024.8509,16038.9559,16443.4402,17256.173,0
552,48271.6927,16284.3296,16283.2549,17213.6316,0
553,46215.2823,15421.8207,15497.2543,16229.4781,0
554,44944.0277,13123.9548,15602.0964,15673.9858,0
555,43028.3293,12854.1193,14956.4129,15486.0046,0
556,40225.8285,12761.2452,15647.7288,15278.9197,0
557,40180.2423,12414.523,15346.6632,15311.329,0
558,41397.6926,12254.0308,14911.2238,15027.1033,0
559,44494.6172,11941.2843,15161.7488,13979.9704,0
560,49991.7924,13416.7275,15056.9144,13185.3172,0
561,52596.632,15854.3,15585.9781,13652.6896,0
562,55276.2155,16241.4802,15450.5351,14003.0352,0
563,56598.7917,16235.4786,15312.3839,14726.6053,0
564,57445.5882,16648.6617,15292.4464,15088.4415,0
565,56995.3956,15698.1572,15037.627,15205.2681,0
566,58473.965,16912.346,14483.1137,16206.6355,0
567,57076.9947,19650.5826,13864.3758,16644.2573,0
568,57081.75,17517.0468,14363.7252,16913.4273,0
569,57287.6304,14725.6835,13979.1608,16902.0995,0
570,55618.0856,12923.5612,12579.4218,17255.3293,0
571,51836.5914,12962.2548,13238.5209,19001.6288,0
572,52163.3134,16088.8453,13314.5463,19056.1965,0
573,52363.553,15821.0899,13899.4152,18928.1466,0
574,51501.5193,15750.724,14547.1887,19010.5421,0
575,50667.0098,15251.6958,14854.3241,19223.0698,0
576,48397.7978,14875.0844,14508.4016,18860.2843,0
577,45948.9481,15065.6385,12763.4749,18279.7945,0
578,43950.7013,14190.9625,12596.6291,17288.7946,0
579,41522.0113,13129.9509,13042.0587,17038.8042,0
580,39524.6984,12697.7554,13729.5455,16290.6799,0
581,39471.5002,12109.779,13841.388,15656.1328,0
582,39461.3978,12114.7422,13435.796,14846.3491,0
583,41675.7033,11045.9349,14117.9775,12593.3071,0
584,43649.881,11196.0992,15469.9358,11384.3961,0
585,44235.5672,12591.8694,16136.3752,11699.2777,0
586,46211.4136,13524.9664,15747.7397,11989.4137,0
587,47122.7427,14271.0975,15326.4815,12351.636,0
588,48043.2898,14631.8898,14706.802,12466.0811,0
589,48004.0099,14169.7985,14293.1283,12315.7276,0
590,47477.1099,13625.3744,14859.5337,12384.8307,0
591,46952.1261,13774.9843,15112.5634,12421.2792,0
592,47035.3906,13667.5616,15171.6763,12421.8974,0
593,48469.3583,12787.0886,14607.7547,13000.1234,0
594,46587.64,13594.7075,14393.3262,15245.3389,0
595,46242.7075,15346.6665,15302.5807,15723.9852,0
596,47463.3698,16729.3852,15963.8512,16474.0037,0
597,46856.326,16870.3414,16652.6404,16227.1791,0
598,45617.1628,16678.1175,17075.9666,15553.263,0
599,44903.0472,14984.97,16957.5681,15504.1238,0
600,43209.9063,14578.6135,16068.3974,15427.8498,0
601,39693.0094,14094.8566,16823.5298,14703.5955,0
602,38067.546,12716.1221,16607.6163,14640.9087,0
603,36880.1994,11349.7758,16720.5467,14476.8393,0
604,36047.9933,10316.8043,16512.5125,14499.8425,0
605,35577.3671,10354.1064,16082.4378,14030.1282,0
606,35319.2334,10146.6827,15286.4008,13362.9947,0
607,35513.6903,9431.8301,16237.8205,11056.8117,0
608,37003.4984,8126.0454,17628.3052,9945.8766,0
609,39069.6339,8465.5395,16990.4394,9134.8257,0
610,41521.0268,8418.1086,15967.8761,9159.0499,0
611,43460.6645,9142.7457,14456.3045,9535.5282,0
612,44964.4195,10198.7116,13768.1566,9777.1278,0
613,45390.543,10798.6703,13720.4859,9616.1351,0
614,44677.3195,10422.0831,14626.8023,9360.9494,0
615,43421.3527,10684.3902,15042.83,9330.7302,0
616,44756.7131,10101.7257,14246.9954,10113.829,0
617,46829.6114,8621.745,12623.347,12122.1991,0
618,46269.2395,11891.6688,10497.63,14122.5568,0
619,45373.0805,13793.7536,11668.4106,15546.8533,0
620,46497.0242,14650.7493,13780.9089,15821.1647,0
621,45470.4811,15677.1186,15235.0099,15792.7231,0
622,44615.296,15691.6243,15831.6642,15830.3277,0
623,43601.8803,15789.62,16202.4401,15482.7475,0
624,41465.0291,15508.5557,15609.2398,15066.1852,0
625,39657.5586,13872.8007,15209.2699,15300.747,0
626,37427.4571,12161.8475,15515.181,15719.4103,0
627,36234.4092,11592.0057,15566.1605,15234.1706,0
628,35938.7446,10806.6431,15216.1889,15242.0191,0
629,36463.4413,10260.2852,14862.2782,15339.6496,0
630,36981.4566,11094.3558,14584.2862,15290.451,0
631,39266.3777,11908.6429,15014.8922,14402.0349,0
632,44829.3956,13828.0098,14934.2633,13654.4716,0
633,49880.5549,16156.437,14615.0257,13327.9091,0
634,52840.7352,16461.1733,14876.3934,13437.7771,0
635,54032.4015,16290.8559,14942.9742,13578.7124,0
636,53972.1039,15771.8407,15359.5992,13546.5198,0
637,53724.6237,14740.2915,15011.7902,13662.0561,0
638,53891.7984,17860.9541,14956.8705,13575.7358,0
639,54770.9481,18941.4126,16367.7206,13621.1383,0
640,55861.5585,19458.1442,15708.8679,14698.629,0
641,53201.2173,19522.6284,14051.1602,16889.2548,0
642,50114.5348,18934.7279,11979.8371,17833.1054,0
643,47979.8022,18173.8535,12094.7937,18296.5948,0
644,50833.8556,17507.2876,12710.4769,19221.8939,0
645,50631.482,17213.3984,13514.1336,19972.7,0
646,51323.8055,17323.5986,13223.265,20006.1444,0
647,49331.9321,17402.5962,12295.6097,20184.9989,0
648,46052.259,17256.4755,11115.6892,19975.8185,0
649,44442.4607,15582.644,10331.7808,19406.4607,0
650,43980.2572,12293.9564,9741.347,19510.7297,0
651,42293.5271,10704.7116,9686.8838,19496.1151,0
652,41091.9938,10086.7998,9772.0766,19517.5431,0
653,40626.2472,10810.283,9239.0595,19465.3789,0
654,40825.1415,11494.0309,9542.6001,19123.5715,0
655,41833.3553,12072.3515,11945.6942,17481.4112,0
656,46116.4385,13543.0504,15792.9409,14259.3154,0
657,50011.1183,15690.5111,16683.2039,13051.3999,0
658,52623.8944,15828.3048,16263.4824,13304.7981,0
659,54615.4268,15549.2722,16459.3066,13625.9893,0
660,55661.2496,14989.0499,16505.7101,13869.8802,0
661,55181.1546,13491.5715,16008.6553,13843.9862,0
662,55554.4407,14768.4801,16433.3763,13504.1522,0
663,55267.1691,16901.7563,17102.4414,13362.1103,0
664,55136.73,17516.0337,17097.8874,14387.9197,0
665,55509.762,17348.7127,13701.6451,17720.4566,0
666,51895.9881,16561.248,11144.4355,19981.6639,0
667,48640.4028,17336.3124,11900.7218,20023.0085,0
668,51174.1956,17381.7688,13114.9733,20320.7147,0
669,51773.4855,17367.3995,14078.02,19965.7711,0
670,52145.1799,17297.291,13869.482,19965.8195,0
671,50592.1988,17350.5552,13280.0173,19275.7752,0
672,47057.153,16683.1093,12584.9295,19210.5166,0
673,45020.4546,14404.258,11841.3174,19513.9593,0
674,43951.479,11208.1123,12414.765,19271.6172,0
675,42369.9397,9712.9428,12824.5117,18804.4857,0
676,41223.1633,9071.9244,13764.6102,17904.5559,0
677,40847.9159,9025.071,15021.2689,16102.7185,0
678,41269.7307,9981.5144,14543.1693,16174.1382,0
679,42407.6928,11537.9748,14584.3412,15599.3805,0
680,46440.2268,14238.9533,16281.2243,13377.3596,0
681,48693.1632,16673.3248,17523.1881,12920.7133,0
682,51051.5346,16916.647,17886.1606,12928.3528,0
683,52402.0794,17109.6057,17572.2041,13180.9502,0
684,53802.1484,16001.205,17871.6692,13275.878,0
685,53421.5044,14594.3105,17898.7996,13262.5757,0
686,53753.8727,17019.1516,18184.4795,13228.8684,0
687,53896.381,18998.6236,18264.3846,14103.9503,0
688,54283.6371,18576.3908,17278.0729,15555.2441,0
689,53060.8353,17715.874,14745.8113,18308.5342,0
690,50272.2869,16413.7666,13055.9561,19281.7273,0
691,49102.966,15452.8099,13129.0621,19187.4122,0
692,52028.0035,15094.3364,14310.6942,19122.7729,0
693,52238.483,15267.5523,15654.2738,18024.655,0
694,51414.4686,15325.2,15886.2891,18367.5129,0
695,48781.1071,15228.8004,15397.2379,18841.4116,0
696,45030.1907,13932.9531,15712.5606,18528.4308,0
697,42632.6406,11930.2645,15235.5423,18036.3249,0
698,40963.5006,10723.5062,14100.8439,18394.3133,0
699,39330.7134,9859.1933,13520.1627,18475.3899,0
700,38068.5008,9715.6895,13684.2618,18074.6841,0
701,37819.7369,9498.632,14348.6376,17496.8002,0
702,38651.3413,10181.1952,15169.462,16142.4021,0
703,40374.7971,11245.3792,15431.0695,15368.7083,0
704,44931.8408,12475.5752,15899.5331,15023.5822,0
705,48846.2425,13563.3982,17023.4097,14156.3312,0
706,50835.6002,14538.7704,17990.4945,13218.6879,0
707,52710.6888,15405.159,17582.6057,13238.2613,0
708,54280.7188,14410.8393,17247.8251,13220.9231,0
709,54379.8101,12555.1107,16463.8298,13176.3225,0
710,55963.5417,12967.5678,16897.6566,13196.2215,0
711,56230.4754,14923.4822,16481.8423,13725.4832,0
712,55573.5345,16471.169,15132.4976,15126.3442,0
713,54199.9018,16167.1411,13956.8891,17362.0942,0
714,50760.0148,16026.0496,12096.9607,18690.7116,0
715,49125.4093,16381.9909,12428.6085,18386.6221,0
716,51471.9084,16005.1364,14587.8942,17876.9415,0
717,50810.2111,16114.4929,16074.2802,17478.9681,0
718,49857.2767,15886.2814,16752.3235,17441.6528,0
719,47089.5502,15244.4171,17022.6155,17647.6641,0
720,44189.0944,14403.7377,15385.5229,18200.6528,0
721,42292.0157,11490.4856,14723.6342,18720.8472,0
722,40165.0568,9798.6097,14600.8236,18628.6463,0
723,38813.3966,9195.3499,15665.859,16955.7564,0
724,38921.2989,8496.6266,15522.9624,16511.7029,0
725,39256.8726,8083.0145,16138.7589,16078.7836,0
726,39855.5091,9096.1398,15977.4252,15928.5269,0
727,41578.0409,9917.105,15125.099,15722.7686,0
728,45341.9978,11234.4034,14702.2205,15161.3231,0
729,48552.4952,11818.884,14889.3723,14345.3024,0
730,49625.3692,11897.8761,14816.3092,13688.9885,0
731,50569.4079,12371.3117,14701.6023,13469.4472,0
732,50341.6991,12324.2999,14876.4198,13291.8203,0
733,50108.1911,11166.4025,14560.2105,13034.472,0
734,50503.4486,13186.5932,15058.6667,13074.039,0
735,50509.1092,13553.7996,17046.2457,13398.5093,0
736,49906.4632,14626.0158,16857.6694,14365.6832,0
737,49230.8036,15047.1002,15473.9211,16108.5023,0
738,48026.0517,14967.865,14635.8443,17160.2112,0
739,48157.6832,14898.6497,15838.1322,17146.9749,0
740,50357.1266,15280.3827,17696.2258,16579.739,0
741,50363.5231,15571.4614,18004.3072,15865.4243,0
742,50497.7517,14978.1412,17715.6672,15851.8492,0
743,48463.3347,14154.3292,17784.1829,16013.3864,0
744,46524.2261,12327.0191,17585.9508,16171.1209,0
745,44795.2241,10461.4708,17185.2329,15877.9225,0
746,43263.4884,8760.1536,16673.0377,15885.0098,0
747,42336.3754,7287.1117,16452.5306,15667.74,0
748,41083.8868,7188.9796,17015.3412,14289.2893,0
749,40609.9177,7152.2066,17022.2008,13931.4307,0
750,40540.2932,7200.3415,16330.1446,13917.97,0
751,40489.5623,7012.1447,15846.1204,13953.6892,0
752,41856.7204,7945.278,16822.2186,12901.7724,0
753,43390.2381,8912.2275,18196.5652,11701.0168,0
754,44891.7931,9553.6232,17631.6349,11347.0984,0
755,45738.1694,10234.5001,17811.4409,10563.355,0
756,45776.7112,10088.3024,18705.4175,10248.5526,0
757,45277.3486,10002.6124,18221.6133,10061.5075,0
758,46088.4897,10368.6825,17202.5843,10152.7217,0
759,47463.2367,10324.0544,17221.4724,10012.0449,0
760,47201.671,10177.8853,17589.539,10591.174,0
761,45654.9137,11254.7391,18306.7357,10732.4602,0
762,45065.9231,12017.1656,17359.6324,12902.8009,0
763,45960.178,13361.3755,17393.4882,14355.6688,0
764,47617.9506,14729.6039,18240.5564,14757.2733,0
765,47656.6959,15240.2668,18784.9607,13158.2044,0
766,46291.4254,14896.3463,18872.2435,12486.3849,0
767,44156.002,14275.7208,18725.8962,12322.1747,0
768,41851.8309,13162.6011,18024.3217,13185.7319,0
769,40101.1886,11378.9819,17955.3781,13002.0737,0
770,39788.3695,8970.3625,17474.0731,13031.5922,0
771,39306.6564,7260.4994,17142.8004,13068.7502,0
772,38712.5343,6580.1791,16696.7416,13016.5981,0
773,37859.5668,6077.39,16538.0435,13333.8326,0
774,37158.9713,6063.2044,15984.4993,13165.4457,0
775,36449.721,5894.878,16264.6341,11740.6014,0
776,36521.496,6847.1458,17913.6936,9321.8158,0
777,36916.3685,8116.636,17893.326,7987.2892,0
778,37484.2072,9253.4838,17333.3919,7907.2697,0
779,39652.107,9765.9111,16833.6696,8043.0955,0
780,41111.5133,9796.6616,16867.5133,8447.0529,0
781,41509.8079,9636.0286,17616.4252,8502.428,0
782,41414.3279,9962.1676,17923.8708,8314.2378,0
783,41300.9432,10065.1551,18364.7926,8585.7915,0
784,40928.0135,10392.5866,17903.1545,9529.0283,0
785,41274.1384,11853.38,16923.1623,10799.9188,0
786,42007.5557,11927.5607,15472.061,13816.176,0
787,42340.3519,13037.3584,16398.8528,16159.9779,0
788,43587.4439,15334.396,17450.0997,15882.3346,0
789,44576.2746,15974.8149,17721.6611,15315.3154,0
790,44847.1925,15538.8002,18433.5052,14081.661,0
791,44585.4838,14114.7666,18300.8551,13996.3813,0
792,43389.2987,12327.5823,17985.8558,13789.1281,0
793,42517.1681,9782.7026,17936.7837,13532.5069,0
794,41776.7713,8236.4997,17574.9937,13578.6057,0
795,40442.4306,7182.593,16277.8957,15371.4,0
796,39631.6261,6816.2765,16108.1558,15441.7043,0
797,40016.5425,6765.8745,16031.972,15101.0585,0
798,40730.4667,8127.3753,15985.4277,14785.0758,0
799,42940.2534,9983.1875,15285.1765,14082.4354,0
800,45662.0329,11667.8815,17393.1692,13032.811,0
801,48706.394,14191.4564,16971.3775,13479.5441,0
802,52255.1282,14144.0783,16263.8146,13754.9192,0
803,54312.4582,14675.4377,16187.7562,14128.0315,0
804,55133.0417,14494.5207,15981.4809,14302.6928,0
805,53621.5042,13865.2074,15529.6713,13734.6341,0
806,55649.1958,15484.6725,14953.3043,14703.2314,0
807,55830.4164,16975.2638,14910.2602,15719.6633,0
808,54960.7905,17028.2321,14891.3281,16136.373,0
809,53935.8985,16954.9644,15682.8276,15949.0375,0
810,50880.0985,16504.1327,15212.0034,16492.0778,0
811,48920.9116,15784.0045,16292.9525,17185.7356,0
812,52613.407,16446.1132,16923.4956,17036.8319,0
813,53659.6203,16895.2828,16771.6659,17144.0236,0
814,53511.6945,17339.6773,16651.393,17074.2583,0
815,50075.1493,16450.1326,17778.7577,16884.0122,0
816,47301.1429,15001.019,17090.1698,16324.3201,0
817,45339.6867,12394.1125,17444.2873,15611.4541,0
818,45403.204,8707.1732,17060.0265,15798.5388,0
819,43960.9841,7801.2539,16580.5145,15920.5926,0
820,43746.1343,6956.5859,16003.1036,15862.6116,0
821,44324.5759,6768.5915,15463.4029,15897.7654,0
822,44634.1753,7598.5459,15488.8888,16000.3877,0
823,45919.2536,9194.3929,16031.2559,14292.1515,0
824,50073.3541,11473.627,15775.6126,12991.8415,0
825,52363.3451,14106.818,15477.3707,13067.4874,0
826,53471.6545,15225.2111,15393.8499,13521.3771,0
827,54936.6356,16196.2031,15573.0465,13902.1674,0
828,55554.4451,16954.4628,15453.7515,14021.8683,0
829,55276.6247,16166.7968,15954.7036,12834.3842,0
830,57669.1709,16648.2943,15750.8318,13119.106,0
831,57920.3097,17417.4792,15842.2099,13961.3342,0
832,57521.2429,17092.3346,16252.5968,14281.8423,0
833,58129.2778,16783.5811,15209.7814,15005.5818,0
834,54951.5747,15954.5309,15243.3721,15165.5592,0
835,52032.0724,14986.9049,16506.7661,16085.4936,0
836,54897.0202,15894.4841,17129.2935,16157.1839,0
837,55357.3867,15977.3504,17683.8992,16179.9341,0
838,55062.7836,16211.2709,17764.296,16284.8972,0
839,53693.1252,15096.3417,17872.5943,16355.2928,0
840,49695.7934,14216.0194,17371.0185,16257.2157,0
841,47222.7932,12461.8703,16771.8496,16065.588,0
842,46030.1655,9822.3015,16720.9141,15711.9853,0
843,44576.3241,8899.5357,16372.202,15512.3562,0
844,43865.6746,8521.1533,16445.7733,14898.9665,0
845,44012.3772,8278.0137,16070.4731,15155.8154,0
846,45651.6962,8535.8757,15399.7393,15659.2854,0
847,47234.9559,9764.4393,14684.3587,15668.6915,0
848,49920.343,12021.3654,14220.4337,15240.9576,0
849,54118.6096,13844.963,14561.8022,14782.0035,0
850,55927.9556,14960.1408,15072.6312,14400.5268,0
851,57013.6446,15747.4812,15634.1834,14313.5201,0
852,56751.387,16024.0597,16592.8664,13901.2709,0
853,55094.9949,16329.5022,16738.799,13656.6639,0
854,56100.8646,17793.2205,16668.6927,14431.5358,0
855,57089.868,18228.5422,16949.8241,14545.6993,0
856,57305.8112,18037.3248,17137.0111,14755.8961,0
857,56971.9007,17487.7912,16368.1023,15483.7177,0
858,53725.2914,17107.3705,15712.9863,15554.4455,0
859,50500.439,16750.327,16335.7392,16739.2731,0
860,54112.7961,16500.4774,16516.1876,17298.028,0
861,54311.0139,16523.7677,17567.8261,16768.3802,0
862,54130.8768,16539.5582,17968.4406,16463.0818,0
863,53366.6782,15723.0491,17921.4277,16496.4305,0
864,49890.3306,14878.7452,17386.512,16559.3483,0
865,47423.9722,12971.4112,17275.3295,15700.9314,0
866,46267.232,10334.4736,17390.1794,15056.591,0
867,45063.5449,8887.0716,16772.9815,15326.1108,0
868,43883.7036,8521.8265,16776.5939,15085.2042,0
869,43924.1484,8409.7035,16548.3241,14795.5951,0
870,44751.0338,9508.1811,16010.1865,14618.5204,0
871,47067.4358,10075.1343,15756.0909,14614.4196,0
872,50568.1044,12306.228,14504.8695,14926.2784,0
873,53854.438,14565.0461,15424.8787,14641.4994,0
874,54839.6728,15329.248,16481.3539,14204.4892,0
875,54780.2926,17736.4187,16123.6328,14200.4203,0
876,54682.3156,18978.6784,15451.2138,13919.7762,0
877,54324.1765,17513.0472,15889.0787,12723.2886,0
878,56040.2216,18177.1755,16795.0233,12611.6562,0
879,56855.1885,18996.6909,17870.7947,12858.7162,0
880,58066.8902,18778.9492,16427.4308,13169.3089,0
881,56984.4473,17714.8499,16792.5681,14166.7394,0
882,54144.5916,17161.199,16558.102,14240.8772,0
883,51986.9185,16797.2123,17221.9729,14885.387,0
884,54718.4682,17180.2147,17048.7284,16157.4754,0
885,55660.4191,17130.3165,16746.8818,16675.0309,0
886,55688.1996,17181.4632,16377.5205,16918.0264,0
887,53871.9478,16632.737,16065.0578,16862.1684,0
888,51551.1997,14390.4563,16036.6162,16800.102,0
889,48713.7035,13381.0611,15402.6895,16528.457,0
890,46184.237,11027.2261,15936.9969,16199.9387,0
891,45624.8859,9044.5619,15906.9823,16127.2034,0
892,44609.4066,8584.9302,15778.6343,15608.835,0
893,44077.4763,8249.9747,15685.3004,15702.2547,0
894,44018.0169,10313.2106,15506.3843,15635.1756,0
895,44819.8047,12156.7039,15460.8091,15364.2236,0
896,48983.5291,13099.3929,15089.9331,15111.8814,0
897,53284.2178,15109.8332,15439.0412,14312.3134,0
898,55683.1814,15593.6528,15999.7002,13828.9789,0
899,57088.4358,16634.6301,16514.3132,13808.0492,0
900,57668.7309,17114.3753,17645.5719,12859.616,0
901,56480.3371,16209.6264,18230.036,11822.2863,0
902,57697.7412,17682.3295,18355.1698,12270.9048,0
903,59570.8509,18092.734,18644.0232,13080.3706,0
904,58378.6742,18191.0729,17784.426,14016.7951,0
905,56955.7241,17201.2313,16308.7738,15345.0946,0
906,53424.0179,16275.1666,15520.2212,16057.9111,0
907,51112.0621,15639.4238,17300.1807,16316.3715,0
908,53055.2,16871.4777,17824.5067,16389.8812,0
909,53140.0045,17232.7958,17150.8282,16472.2019,0
910,52044.6971,17310.8177,17377.4634,16716.7363,0
911,50142.6145,16641.625,17333.5965,16762.8912,0
912,48755.4056,14657.8201,17253.1161,16648.7376,0
913,46371.3756,13843.6639,16555.6589,16531.6448,0
914,45832.8112,10845.2432,16710.562,16214.2068,0
915,45113.3056,9383.3322,16452.0081,15956.1006,0
916,44350.7801,8718.5615,16309.6109,15347.0977,0
917,43479.8045,8365.874,16359.0548,15195.4737,0
918,43154.9151,7850.2523,16211.4458,14894.2299,0
919,43704.2507,7166.8652,16718.8637,13325.8752,0
920,45869.9197,7778.0285,18028.4863,11442.134,0
921,48481.6981,8819.8605,19141.8623,9540.3506,0
922,48524.2527,9756.4258,19285.4156,9768.4235,0
923,49452.3469,10071.2711,19402.8934,10055.1473,0
924,49488.7899,11435.6429,18996.9164,10206.0519,0
925,49514.3484,11848.7193,18553.8551,10192.2788,0
926,49276.6978,11895.3758,18662.8706,10407.7347,0
927,48993.8284,11809.8948,19255.5363,10248.26,0
928,48366.6876,12205.5098,18911.5982,11039.7155,0
929,46774.8776,13348.9477,17677.2233,13629.6402,0
930,47414.0579,13834.0059,17117.0219,14388.5676,0
931,48938.9043,14293.125,18558.6654,14812.5208,0
932,51613.9481,15580.1965,18905.601,14896.2924,0
933,51189.4306,15778.6882,18867.3749,14848.2961,0
934,50529.3976,14961.5323,18574.7397,14849.0133,0
935,48329.7067,14578.8566,18479.8746,14853.1691,0
936,46013.6589,14347.0426,18126.2235,14821.1624,0
937,43287.2033,13290.3837,18404.034,14471.9509,0
938,42650.454,10810.3017,17717.0939,15052.5595,0
939,42383.2728,8693.4133,17311.547,15191.176,0
940,41827.6683,7053.453,17184.7412,15060.0043,0
941,41315.0199,6831.2849,17259.9196,14286.8836,0
942,41346.239,6483.9379,17325.4081,12770.2476,0
943,40944.5113,5580.3462,17685.9507,11371.4051,0
944,40993.8111,6753.1849,17761.9002,10628.8215,0
945,41433.0004,8042.639,16113.3929,10441.4761,0
946,42250.043,9102.7915,14417.7528,10750.0602,0
947,43272.7603,9836.6653,13284.3447,11003.5178,0
948,44312.9973,10559.7217,13294.721,11118.1499,0
949,44391.2876,11109.7998,13412.0404,11104.0204,0
950,43721.2655,10815.8842,14028.2802,11150.8793,0
951,43523.5383,10708.9092,14625.7727,11002.7192,0
952,43614.3598,10253.3926,16204.5466,10784.3923,0
953,43901.1606,11057.2264,16688.2562,11197.4577,0
954,44469.1324,12599.9412,16949.3808,12981.265,0
955,44403.7968,14789.4065,18282.3344,14343.076,0
956,48118.0755,15816.2642,18790.6587,15052.1822,0
957,50220.0292,15702.4186,18513.2805,15290.4257,0
958,50236.9197,15672.9353,18046.9289,15934.8816,0
959,49072.9778,15362.7859,17795.5646,16290.9637,0
960,46117.7827,14844.2998,17508.0532,16335.0649,0
961,44795.19,12672.3839,17021.1547,16084.1274,0
962,44561.5511,9821.3115,16398.547,16021.4912,0
963,43584.6169,9035.5606,15872.912,15826.9716,0
964,43121.5609,7851.3292,16024.2907,15864.5509,0
965,43563.6564,7922.2495,15169.4895,15816.2114,0
966,44151.2753,9147.7771,14969.1916,16112.2687,0
967,45804.517,10370.327,14591.7288,16233.6295,0
968,50147.9715,11868.9626,14573.6393,15608.5248,0
969,53578.3149,14238.3868,15401.7303,15189.9275,0
970,55179.3649,15180.9515,16140.1042,15038.1077,0
971,57133.2575,16145.5998,15635.5518,15290.5533,0
972,58059.5389,16177.1236,15942.2538,15316.8389,0
973,57378.4112,15658.764,15362.127,15385.8771,0
974,59544.3739,16667.8281,15421.043,15815.3171,0
975,60136.516,17730.075,16697.8713,16081.4324,0
976,60220.6759,17880.0182,17589.5335,15677.5443,0
977,58384.1874,19057.6155,16861.6107,16123.5404,0
978,54618.1889,17857.6244,15706.317,17572.2338,0
979,50961.9583,16311.35,15925.5536,17621.2036,0
980,53683.9754,16720.3597,17178.0763,16898.0218,0
981,55234.0833,16880.9498,17295.0536,16552.5679,0
982,55193.5087,16938.3533,18568.0264,15820.8039,0
983,52713.0901,16862.4555,18450.3517,15697.6545,0
984,49940.9515,16140.1636,18553.1566,15620.0814,0
985,48443.186,13737.5744,17500.0155,15475.0156,0
986,48118.741,11140.9474,17015.5722,14908.1889,0
987,47485.7614,9309.8456,17293.5763,13983.6631,0
988,46674.4102,8894.7782,17316.1318,13406.2621,0
989,46226.1613,8978.1087,17557.4718,13160.334,0
990,47048.6291,9220.3419,17319.8806,13346.069,0
991,48435.0658,10738.8259,16687.4169,13475.2706,0
992,50799.2595,13525.7716,17000.8784,12882.0824,0
993,54222.9171,14825.5701,17353.8013,13042.7825,0
994,56656.1611,15590.861,17829.7735,12233.1374,0
995,57940.6454,16372.6574,18142.1075,12491.3976,0
996,58527.3898,17240.6586,17941.121,12836.4082,0
997,58646.9763,16831.7875,17172.7358,14036.8998,0
998,60549.0699,17920.7809,15636.1062,15546.8632,0
999,61086.0701,18236.1476,16094.9349,15778.1888,0
1000,60543.7503,18121.9687,14930.8269,17127.5599,0
1001,60214.4257,17294.9535,13734.9289,18340.7378,0
1002,56871.8227,16814.7991,14065.0059,18357.7361,0
1003,53835.3145,16051.6873,15517.8683,18294.7831,0
1004,55401.7068,16608.5612,16463.2776,18154.4957,0
1005,56910.3227,15992.0255,16549.1216,18162.5664,0
1006,57130.8243,15811.4209,16580.146,18564.9497,0
1007,54542.8609,15714.8431,16329.962,18781.873,0
1008,50633.9603,15925.3061,15873.1331,18668.881,0
1009,48250.5342,14991.5766,15822.3219,17703.6761,0
1010,48108.8751,11312.0909,16109.4439,17429.1106,0
1011,47246.5807,10024.5607,15522.2848,17254.149,0
1012,46641.7303,9322.1216,15076.1281,17405.3814,0
1013,47000.6614,8988.353,14757.6594,17138.7139,0
1014,48238.4782,9659.2177,15109.9784,16129.6861,0
1015,49466.1662,11113.8247,16197.4516,14503.797,0
1016,52790.6797,12884.9831,17436.3013,12796.091,0
1017,56685.0196,14730.7127,17540.5472,12948.1561,0
1018,57082.8423,15863.628,18236.8978,12959.3706,0
1019,58018.7872,16914.601,18369.6656,13148.6058,0
1020,58643.2286,17261.3232,18483.1086,13334.1868,0
1021,57959.0561,16610.4928,18083.571,13716.4445,0
1022,60351.0688,17168.3545,17471.6685,14482.2909,0
1023,61627.3053,17656.4938,16811.3495,15176.0048,0
1024,61858.6452,18064.6664,15659.2942,15873.1826,0
1025,60929.44,17280.8075,16022.6847,16131.9719,0
1026,56264.0177,16245.8956,16109.302,16278.6811,0
1027,52663.1072,15338.983,17913.3405,16577.6545,0
1028,54000.1022,15887.2461,18382.7028,17265.8871,0
1029,54711.9045,15988.9972,17920.8227,17525.7192,0
1030,55139.1236,15658.9246,17838.5944,17599.5215,0
1031,52987.8525,15251.8762,17893.7968,17589.7315,0
1032,49889.7443,14796.3266,18043.9226,17624.6191,0
1033,46700.995,14029.3945,17426.5333,17615.4418,0
1034,46477.2495,10658.4577,17250.651,17400.1355,0
1035,45804.5599,8749.4231,16787.3211,17333.1521,0
1036,45187.4621,8114.6186,16176.9476,17619.7406,0
1037,45635.9882,7924.8994,15247.012,17954.761,0
1038,46853.8191,8939.8683,14332.6766,18040.0429,0
1039,47346.112,11505.6909,14529.0607,16798.4135,0
1040,51363.4011,13403.2327,15058.9549,15025.0331,0
1041,55844.2786,14530.4258,16373.643,14033.3908,0
1042,58079.5303,14947.7053,16479.8271,13633.7542,0
1043,59338.0656,15517.337,16897.32,13806.5279,0
1044,59551.9265,16671.1622,16809.4762,13976.0478,0
1045,58854.1206,15941.9183,16027.8987,14215.0107,0
1046,59293.608,16544.6985,15999.1601,16653.8537,0
1047,56168.2528,16167.0476,19071.7725,19696.9047,0
1048,54863.7133,16595.7462,18202.2016,20589.0971,0
1049,53166.7114,16158.5743,17895.449,20815.0976,0
1050,49050.3134,15474.602,17926.5779,20562.6047,0
1051,46791.7582,14938.1144,19963.7207,19814.9633,0
1052,49184.3077,15179.4236,22120.703,18923.3891,0
1053,49277.833,15418.2798,22793.1902,18379.8835,0
1054,48739.7515,15332.1795,23436.7078,18370.9537,0
1055,47099.1081,14413.4848,23863.7454,18199.368,0
1056,43637.671,13974.1932,23231.1332,17968.0325,0
1057,42146.7508,11643.2283,22278.2021,18088.4088,0
1058,41370.3895,8905.7221,22608.0569,17396.2723,0
1059,39912.6475,8297.8456,22252.1893,17152.0657,0
1060,39806.0344,7382.4025,21496.024,17221.2249,0
1061,40886.23,6709.6865,20596.9038,17593.928,0
1062,41893.2547,7314.098,20355.8927,17671.7365,0
1063,43509.8554,9023.1768,20403.1069,16841.9185,0
1064,47952.3539,10887.745,20170.2666,15451.8408,0
1065,50935.0798,13638.6063,20213.0555,14327.8366,0
1066,52253.3836,13616.383,21254.9139,14394.5549,0
1067,54273.3884,13578.8774,21797.9223,14489.882,0
1068,54558.1421,14092.0791,22576.4066,14709.7335,0
1069,54442.1449,12597.4552,21751.4649,15229.6804,0
1070,55168.7455,13681.8814,21149.4734,16813.9873,0
1071,55277.64,15022.7825,20372.8415,18115.0937,0
1072,54475.3011,15023.4711,19651.0831,18542.8859,0
1073,52304.3829,14389.2265,18970.7111,19038.3149,0
1074,49180.0441,13698.1878,19312.4305,19260.9417,0
1075,47827.8383,14044.2962,20132.5091,19279.0158,0
1076,49326.5124,15224.0264,21159.6968,19662.1546,0
1077,48473.8254,16604.4208,20740.2437,19416.5147,0
1078,47501.1812,16243.8309,21518.9887,19420.4835,0
1079,47079.0441,14299.7239,21772.2747,19410.787,0
1080,45511.0315,13415.2634,20741.7804,19396.8071,0
1081,43107.7383,12024.5301,20154.6158,19234.0918,0
1082,42657.131,9958.7928,19903.6948,18170.7306,0
1083,41934.2561,8036.9179,19956.6961,18005.8274,0
1084,40740.4173,7467.1421,19901.6411,17686.3775,0
1085,40222.2062,7253.8895,19686.5757,17626.2471,0
1086,40206.87,6877.024,19782.6717,17362.631,0
1087,40113.8331,7068.7683,20916.6628,15564.1409,0
1088,40485.1469,9374.3496,21845.4654,13777.9708,0
1089,41568.9329,12278.9205,20801.3234,13485.7492,0
1090,43912.3091,12064.7417,21252.3597,12213.1064,0
1091,46080.1858,12971.4882,20540.5178,11158.1283,0
1092,47643.5168,13782.5468,20221.96,11328.0354,0
1093,48094.8875,13414.9928,20092.3855,11354.6224,0
1094,46969.2971,13043.437,21399.2328,11191.8598,0
1095,45962.7696,12950.993,22721.7056,10775.1215,0
1096,46113.6467,13436.6837,22235.6772,10597.2339,0
1097,44393.7219,13375.4456,22929.28,12290.6179,0
1098,44421.8764,13310.0341,21456.6022,14865.9786,0
1099,43851.3108,13797.7719,22122.0417,17619.9276,0
1100,45467.3483,15906.3146,23545.5154,16743.4993,0
1101,44885.478,16092.4665,23560.5843,16394.2009,0
1102,44366.0228,15069.0969,23390.125,16639.0554,0
1103,43365.3363,13345.9194,23793.3641,16737.7595,0
1104,41386.5045,12761.0945,23642.8148,16405.5782,0
1105,38828.7515,12493.2852,23886.1469,15061.3276,0
1106,38181.5456,10423.7265,23830.1756,14483.3931,0
1107,37815.6284,8747.3529,23275.9186,14469.1536,0
1108,37185.8245,7892.7541,22542.0206,14543.6401,0
1109,35811.9674,7599.6536,22102.1174,14834.1842,0
1110,35199.1497,7238.088,21627.2936,14673.7558,0
1111,35229.4107,6903.0874,22576.7927,12471.5129,0
1112,36836.228,7113.48,23241.4743,10177.7786,0
1113,39041.8633,7821.1507,22086.5997,8900.1748,0
1114,40001.6133,7945.6366,20880.0119,9031.4411,0
1115,41129.3157,8632.0784,20392.8131,9059.9531,0
1116,42072.5943,9272.1321,20572.2935,9312.0093,0
1117,41802.2671,9420.8026,21141.1288,9715.6455,0
1118,40109.1119,9392.0761,22658.8054,9807.5912,0
1119,39023.5879,10209.6093,23053.7681,9826.5541,0
1120,38368.7491,11700.2666,22123.1142,10301.4252,0
1121,39432.9474,12206.3381,21261.2092,11385.0297,0
1122,41983.1522,12561.3895,20288.796,14106.6849,0
1123,41516.8358,14012.7372,22500.2481,15961.2783,0
1124,44588.5143,15823.2382,22767.2412,16738.7979,0
1125,45833.2545,15858.4987,22390.4846,17218.6443,0
1126,45516.8032,15969.4304,22597.2879,17248.4279,0
1127,44197.3664,16017.6291,22557.3414,17289.4645,0
1128,42028.3226,15571.7089,21522.8695,17297.9488,0
1129,40210.1359,13026.5201,21663.7905,17530.3051,0
1130,40988.365,9536.3972,20950.6968,17561.6287,0
1131,40928.0091,7635.5895,20513.4864,17685.8583,0
1132,40685.2193,6641.0157,20207.4576,17738.3767,0
1133,40461.3,6498.5283,20029.6756,17706.2501,0
1134,41420.4978,7409.2172,20314.9034,17053.377,0
1135,42989.2903,9253.0086,21424.3403,15270.101,0
1136,45254.9372,12491.3657,22607.0273,13790.5658,0
1137,47661.0827,15626.897,23690.2589,14309.9143,0
1138,49729.6228,16223.2224,23555.8015,15041.8389,0
1139,51282.5456,17115.5215,23133.8305,15376.8648,0
1140,51842.0111,17976.1516,22793.1682,15273.2789,0
1141,51337.6776,16392.0086,23377.4893,15328.2074,0
1142,54063.0552,16828.1773,22199.7402,16634.0779,0
1143,55450.7239,16567.8964,20830.7297,18385.8708,0
1144,56117.292,16528.2249,18772.1204,18822.584,0
1145,56162.2787,15687.2177,17908.7315,20199.707,0
1146,52950.3414,14811.3922,17340.9335,19950.2666,0
1147,50502.9844,13762.6566,19275.1108,19402.0123,0
1148,51735.3892,15363.4547,20891.0636,19245.2975,0
1149,51713.0955,16084.3837,21569.4435,18824.8027,0
1150,51328.2781,15995.8568,23165.8251,18140.6687,0
1151,50271.1242,14192.7973,23662.6489,17754.5225,0
1152,46827.2167,13154.1938,22997.0796,17597.3325,0
1153,43442.2571,11900.1168,21367.5066,18891.2174,0
1154,42326.8582,10259.5713,19831.1311,19320.6475,0
1155,41532.1786,9076.9382,18729.0114,19542.6363,0
1156,41175.3804,8098.882,18244.1996,19548.3233,0
1157,40586.6648,8625.1286,17937.3095,19300.4229,0
1158,40381.7546,10177.9392,17496.2326,19379.2522,0
1159,41854.329,11253.2002,18084.253,18433.9133,0
1160,46039.0931,12480.9289,19378.6758,16720.0077,0
1161,47339.512,16172.8908,20597.7178,16013.69,0
1162,48943.5067,17175.95,20556.9881,15998.1448,0
1163,50716.4185,17709.2597,19777.2586,16845.7817,0
1164,52922.1209,17127.9757,18936.2217,17564.756,0
1165,52763.8331,16200.8088,18037.3787,17793.7309,0
1166,54920.7615,16371.9435,17352.8696,19244.4516,0
1167,55708.829,16245.3742,17110.4054,20706.2471,0
1168,54888.2455,15818.0033,17635.9909,21224.5616,0
1169,52639.0942,15913.436,18175.74,20965.8966,0
1170,48198.2798,15057.3742,17588.3444,21229.7118,0
1171,48496.6306,12468.9829,19548.0296,20889.7788,0
1172,50736.18,12988.9265,21186.4895,19731.5327,0
1173,49943.9281,13273.5163,21711.8209,19249.5974,0
1174,49165.017,13227.4406,22236.6606,19360.2574,0
1175,47079.7756,12822.8221,22514.0586,19312.502,0
1176,43816.2769,11750.6015,22798.7386,18994.8407,0
1177,41860.709,9703.9327,22676.6254,18344.0653,0
1178,40146.5812,8493.3057,21361.1706,18810.0858,0
1179,39526.6784,7528.6684,20103.5395,18891.6046,0
1180,38237.0923,7305.6082,20668.5919,18193.5963,0
1181,37572.9794,7312.6537,20977.0704,17819.5248,0
1182,39233.2622,8025.6484,19384.1219,18380.0573,0
1183,42209.3705,9109.4663,18539.1239,17886.7205,0
1184,45581.9419,10834.5303,20037.9839,16378.2608,0
1185,48147.6116,12780.9429,20679.9604,16440.6594,0
1186,50623.551,13245.4839,20391.5965,16854.4508,0
1187,53267.1249,13667.3185,19992.9334,17234.7593,0
1188,53763.3206,13976.5021,20206.9483,17129.1098,0
1189,53491.8802,13481.8189,19363.025,17176.2085,0
1190,54222.6399,15035.3841,18953.9559,17517.4945,0
1191,54546.0773,15193.7434,18829.3963,18550.0381,0
1192,54323.5781,15745.2658,18724.2638,18713.7874,0
1193,53795.8234,15366.2344,17588.8636,19803.7642,0
1194,51056.4175,14539.008,16599.7579,20169.787,0
1195,48922.4879,13809.1866,19288.1106,19949.3657,0
1196,52082.5349,13762.0648,21187.8183,18986.2112,0
1197,52324.3578,13560.0234,21843.6119,18507.0622,0
1198,51902.3879,13718.7424,22818.5672,18118.3717,0
1199,49376.5382,13429.7416,23216.2051,17739.5394,0
1200,45561.3752,12377.5003,22592.5348,18096.4168,0
1201,42552.6981,10949.0733,22281.1534,18180.8968,0
1202,40840.1466,9110.6345,22635.2159,17578.275,0
1203,39405.0503,8367.4492,21894.5793,17735.2329,0
1204,38629.3127,8043.0647,21161.063,17683.9916,0
1205,38742.2519,8079.1579,20176.486,17952.6699,0
1206,40560.7081,8858.7378,18814.5199,18121.2504,0
1207,42147.479,10797.2579,18169.9078,17617.9575,0
1208,45413.0743,12156.8458,18840.0883,17501.6138,0
1209,48617.7703,13580.1677,20073.9132,17428.3351,0
1210,51081.3996,14267.7315,20842.745,16680.4165,0
1211,52797.2621,15034.5712,21104.0214,16872.4655,0
1212,53263.0593,15614.9477,21364.1065,16779.4858,0
1213,52821.8504,15516.831,20797.1192,16262.9555,0
1214,53384.6709,15879.006,20242.0955,18582.4562,0
1215,53715.6158,16043.0611,19315.5215,20270.6416,0
1216,53632.5152,15810.949,19231.7092,20178.7003,0
1217,53510.7595,15251.6309,19399.2766,19961.3216,0
1218,50930.9405,14696.6314,18667.8591,19338.2717,0
1219,48624.2988,14165.8836,20512.2379,19743.1564,0
1220,51500.3808,14780.7869,21474.2275,19266.1623,0
1221,51634.8195,14902.1411,22918.3548,18166.6309,0
1222,51235.294,15139.377,23748.8097,17910.4244,0
1223,49145.8616,14782.6921,23814.3587,17888.4794,0
1224,45543.9831,13899.2557,22707.3154,18473.3483,0
1225,42115.8826,12339.8484,23045.2255,17822.8083,0
1226,40158.5844,10647.2817,22875.6517,17460.4045,0
1227,39049.45,9500.5581,23008.9838,16424.3827,0
1228,37742.5774,9257.16,23454.6785,16105.8799,0
1229,37362.0973,9427.1309,23609.8313,15814.1357,0
1230,38638.4471,9882.3065,22960.0349,15762.6964,0
1231,40318.7697,11227.7044,22357.5176,15151.0326,0
1232,42418.2803,13718.8887,23358.9048,14749.6481,0
1233,45800.436,15600.8083,23217.9475,15439.6506,0
1234,49299.9716,15051.6773,23486.9745,16008.4694,0
1235,51281.4335,15509.2168,23271.9619,16469.992,0
1236,52055.5596,15796.429,23430.5962,16426.85,0
1237,52598.1049,15145.1883,23280.6662,15606.3149,0
1238,54636.252,15884.9086,22871.156,17134.6538,0
1239,55047.6773,17039.9735,21622.9365,18832.2772,0
1240,54862.1788,16803.4119,20256.2327,19672.8323,0
1241,52187.9149,16261.0305,20535.4545,19563.4604,0
1242,49763.8306,15191.2717,19126.2731,19744.9659,0
1243,48915.4886,14311.8217,21136.8773,19297.7609,0
1244,50980.49,15404.8147,21904.6531,18522.6129,0
1245,51103.2346,15584.8319,22230.3532,17574.5053,0
1246,50981.8111,15072.1868,23571.3225,17281.4642,0
1247,49396.9256,14869.3622,23358.4538,17599.8812,0
1248,47683.4182,13398.7689,22157.0503,18249.2486,0
1249,45157.2187,12210.1177,21461.1793,18727.5275,0
1250,42074.1783,11293.843,21418.6654,18963.593,0
1251,40518.0798,10379.9267,21013.2439,18730.9298,0
1252,39100.7419,9980.4727,20901.0846,18467.4116,0
1253,37820.178,10149.1962,20846.5884,18305.078,0
1254,37571.9531,10508.1801,20333.4384,17834.1878,0
1255,38126.6039,10281.9981,22149.2403,14552.9186,0
1256,39376.2072,11300.1097,23756.9222,13224.7115,0
1257,41207.0351,12224.4375,24212.2551,12661.9801,0
1258,41827.5429,13297.4501,25315.312,10989.627,0
1259,42644.6658,13668.3613,25005.992,10959.223,0
1260,44558.5712,13947.8284,23271.71,11275.055,0
1261,45438.1301,13927.4036,21956.5258,11260.7561,0
1262,45992.3794,13556.1976,21464.7884,11125.8279,0
1263,44808.0138,13552.7843,21783.5112,11563.585,0
1264,43396.3849,13732.3648,21841.6748,12861.178,0
1265,42754.7835,14855.1909,20136.6616,14690.7101,0
1266,43816.0459,14557.4374,18719.9507,17537.6267,0
1267,45722.8508,14212.6633,20427.1782,18525.8117,0
1268,47245.3663,14708.3783,21613.8758,19425.7492,0
1269,46309.428,14505.8056,23693.9725,17617.8112,0
1270,45440.6315,14227.3681,24032.5954,17183.6434,0
1271,44244.4464,13460.8155,23767.403,16801.4616,0
1272,43139.0091,12298.3652,23150.3492,16978.5462,0
1273,39669.7191,12746.1719,22042.2928,17527.1415,0
1274,37331.3446,11378.8092,22375.3717,17641.9375,0
1275,36525.0743,10315.0619,21643.501,17498.0916,0
1276,35062.1337,10187.1429,21035.6212,17636.0536,0
1277,34851.0437,9478.1852,20768.715,17335.6381,0
1278,35029.0589,9713.2486,19618.335,16452.4987,0
1279,36329.5053,9219.2727,19707.3217,13399.5752,0
1280,39341.3779,8073.0782,20874.6912,10924.9272,0
1281,40660.9907,8641.5813,21015.9972,9992.037,0
1282,42239.7844,9453.9918,19128.5039,10398.8324,0
1283,44139.6989,9677.9265,18277.1138,10727.8952,0
1284,45663.0273,10166.7654,18419.5825,10961.3185,0
1285,46139.9972,10483.7084,18613.0252,10924.87,0
1286,45401.4737,10732.4063,19088.0954,10959.0239,0
1287,44274.9439,11198.1738,19606.4176,11023.7017,0
1288,43317.043,11905.0404,19523.1157,11352.4433,0
1289,44774.9907,11481.6273,18582.4375,12196.0036,0
1290,43698.2106,14102.1309,17153.4539,13924.6019,0
1291,42559.561,15512.1318,18658.4761,16647.9093,0
1292,43622.7671,15221.7857,20960.5396,18648.5387,0
1293,43625.1398,15354.7966,21913.0318,18627.5078,0
1294,43538.33,15527.3261,22097.4765,18555.1443,0
1295,42617.223,15526.1414,21537.5809,18509.0169,0
1296,41126.7615,15384.6638,20152.6996,18376.2799,0
1297,40155.8377,12437.3799,19282.4005,19215.0233,0
1298,39173.6048,10277.5266,19147.7814,19404.9383,0
1299,37630.9703,9559.0715,19566.4964,19016.4942,0
1300,37195.5012,8982.7133,19580.0429,18475.6517,0
1301,37523.4662,8664.0994,19322.0555,18241.7081,0
1302,38015.824,9698.6241,19755.9571,17764.8372,0
1303,40247.6668,11066.8734,20262.3729,16687.7227,0
1304,44635.0949,12878.1092,21605.0439,15778.2086,0
1305,47974.3803,14729.9504,22841.434,16241.4494,0
1306,50778.112,15106.0404,22749.6863,17247.7096,0
1307,53050.8781,16202.6502,21569.6613,18631.701,0
1308,53733.1432,16835.5825,20752.303,19789.9977,0
1309,53011.0933,16668.3979,20594.3859,19014.6913,0
1310,54360.2818,17880.4384,20484.4761,20064.7975,0
1311,54701.6382,18787.9428,20304.5887,20601.5898,0
1312,54945.2728,18302.1553,19981.7772,20737.9711,0
1313,54325.0928,17602.4871,19560.266,20764.1269,0
1314,51183.4224,16646.1614,17885.8152,21241.1045,0
1315,48612.7917,15680.6496,19256.9509,21304.1202,0
1316,50798.3157,16336.4267,21114.2767,20461.9371,0
1317,51694.9697,16615.863,22083.468,19405.0307,0
1318,51537.31,16663.7713,22375.1506,19898.7162,0
1319,48860.0409,16121.4284,22587.2372,19865.208,0
1320,45524.4966,15276.7131,21661.167,19715.729,0
1321,42471.946,13571.745,21197.4378,19497.6309,0
1322,40202.2126,13072.5771,20649.6411,19147.6417,0
1323,38476.8989,12582.3863,19998.5324,18984.2796,0
1324,37689.1427,11593.8273,19636.6071,19086.4465,0
1325,37451.3645,11356.3648,19929.0619,18593.9303,0
1326,39442.3843,11715.1331,19136.1291,18241.0525,0
1327,40903.8707,12957.813,20330.8116,16633.254,0
1328,45707.0482,14867.9718,21357.6319,15259.6587,0
1329,47608.1474,17368.1046,23305.7352,15658.4516,0
1330,49591.0184,18453.3767,23123.0725,15875.4871,0
1331,51544.7757,18729.3887,23779.3941,15964.6916,0
1332,52876.1354,19198.3143,23920.0665,16110.5043,0
1333,52019.198,18713.0328,24417.0399,15713.7805,0
1334,53013.2702,19565.3194,23376.2529,17499.7152,0
1335,52743.1388,19992.3273,22480.4085,18392.1419,0
1336,52838.2679,19846.0702,22416.5425,18367.2093,0
1337,53043.9228,18978.6663,21206.8835,18735.827,0
1338,49365.9265,17729.4469,18619.9343,20439.9338,0
1339,47419.0387,15497.6096,19611.9924,20989.9063,0
1340,49762.2499,16294.3044,20856.3685,20451.2066,0
1341,50155.6132,16503.5508,21101.4155,20452.5838,0
1342,50505.0051,16679.4364,21420.3121,20588.7396,0
1343,49217.1053,16222.151,21585.0602,20479.9353,0
1344,46148.6641,15532.9262,20696.8454,20103.8695,0
1345,43007.4887,13551.6326,21001.2803,19727.1602,0
1346,40512.3433,12682.7624,20278.676,19738.7652,0
1347,38572.9003,12233.6126,20140.9054,19440.3506,0
1348,37701.1514,11745.6636,19465.0522,19504.6104,0
1349,37958.316,11455.95,19013.8795,19300.2997,0
1350,39566.6744,11699.8651,18926.2942,18922.3507,0
1351,41443.3019,12787.126,19563.709,17564.305,0
1352,45078.4444,14906.32,21883.741,15490.7082,0
1353,48528.1247,17223.3248,24210.2784,14485.7295,0
1354,49426.3264,18842.8075,24798.6948,14641.7733,0
1355,51415.067,19490.889,24894.9118,14922.7474,0
1356,53175.4916,19685.6803,24643.7741,14785.8546,0
1357,52524.3598,19507.3934,23708.5156,15056.0916,0
1358,53829.534,20612.3214,22731.4109,16579.0988,0
1359,56218.7076,19976.6501,20570.6776,18107.1792,0
1360,55258.3856,19219.42,19754.3951,18880.1745,0
1361,54245.5925,18776.1266,19241.0097,19265.1558,0
1362,50360.7335,17614.861,18195.2199,19276.7993,0
1363,48081.8448,16761.228,19791.5817,19477.8188,0
1364,50012.3888,17058.7164,21757.8339,19389.9992,0
1365,49494.7101,17146.8616,23450.46,18398.8673,0
1366,49074.0294,17124.7241,24542.7996,17931.0065,0
1367,47085.2888,16436.8028,24078.153,18547.804,0
1368,44478.0655,14771.1421,22988.3753,19604.8578,0
1369,41677.9957,13737.064,22045.4839,19601.5974,0
1370,40050.7602,12596.6808,20792.5938,19788.2729,0
1371,39015.0805,11477.9467,20161.2268,19740.1435,0
1372,38316.7543,11026.5837,19244.2437,19769.8083,0
1373,37994.9944,10754.7132,19391.1399,19655.8131,0
1374,39029.8139,11287.6643,19506.9875,19452.1943,0
1375,41255.6573,12757.5668,19679.2937,17695.2875,0
1376,44238.7561,14746.1853,22579.1192,15392.1658,0
1377,47459.2965,16852.6193,24461.3963,14780.7363,0
1378,49713.8873,17632.3752,24847.1289,14842.9798,0
1379,51233.292,19052.9845,23835.8395,15266.8109,0
1380,53238.1377,19113.3921,22902.0583,15325.3793,0
1381,53445.1544,18188.6804,21992.8225,15689.9424,0
1382,53760.5618,19042.2914,21753.2524,17642.7504,0
1383,54502.6273,18639.0336,21298.6917,19078.9104,0
1384,53939.3624,18463.1513,20502.383,19636.1011,0
1385,53411.4295,18316.5807,18611.9296,20664.5087,0
1386,49652.5788,16932.2164,19126.2137,19871.434,0
1387,46705.6821,16409.7494,21369.6549,19210.6717,0
1388,49386.6879,16512.496,21859.6202,19232.4572,0
1389,49705.5779,16657.9897,21961.4879,19088.8357,0
1390,49381.1967,16743.8117,22852.0534,18662.5472,0
1391,47330.2379,16137.8228,23083.258,18620.822,0
1392,45285.3258,15033.304,22043.4467,18835.3803,0
1393,44473.9878,13541.2761,19559.1935,19123.5154,0
1394,43977.3334,12509.2682,17011.3702,18991.4901,0
1395,41389.6285,12089.1529,17289.1653,18597.722,0
1396,40149.0177,11746.1674,17106.9217,18642.9166,0
1397,39863.0562,11671.2772,16719.021,18593.1163,0
1398,40625.1736,12293.028,16632.0429,18581.6433,0
1399,40614.5564,13478.267,17697.7075,18403.2222,0
1400,44830.7805,14643.9172,20972.2788,15447.3308,0
1401,46975.8817,16343.5382,24894.639,14604.8023,0
1402,48870.8946,17457.9988,24930.1426,15018.5046,0
1403,51180.5426,17941.4246,24990.383,15366.307,0
1404,52457.3852,18156.5813,24510.4277,15446.8732,0
1405,52399.2546,17177.2557,24307.1906,15543.1727,0
1406,53223.0204,18248.3477,23699.4989,16311.4369,0
1407,54068.0701,19288.467,20065.43,18926.8387,0
1408,54365.1218,18387.7452,17477.0805,20588.4228,0
1409,52137.0872,17959.0598,17180.2851,21061.1456,0
1410,47694.4105,17234.3006,18548.5443,20307.6357,0
1411,45998.9805,16511.1342,21667.4733,18760.4802,0
1412,48858.6054,16565.2905,24230.9683,16508.4084,0
1413,48338.9038,16533.066,24762.9184,16022.4086,0
1414,47559.3041,16712.7653,24885.465,16260.86,0
1415,46138.4979,15624.4616,24440.9187,17049.6183,0
1416,44183.7825,14326.9665,23700.7287,17312.3599,0
1417,43552.8951,11382.5767,22650.7259,18234.4162,0
1418,42317.517,10057.2329,21176.5664,18404.7512,0
1419,40931.5797,9052.6865,20583.1549,18394.4508,0
1420,40205.2981,9008.9879,19887.6007,17727.7177,0
1421,38600.4223,8789.7623,21093.0104,17063.0064,0
1422,38134.14,8480.1189,20929.1588,16865.0427,0
1423,37821.839,8699.3808,21499.8465,15234.1464,0
1424,39026.3544,10203.6187,24231.4996,12702.1631,0
1425,41000.7466,12243.3883,24370.4186,10775.1215,0
1426,43356.7475,13458.6639,23105.5187,10075.1607,0
1427,45461.3005,14690.6144,21317.1607,10230.9614,0
1428,46607.9174,15638.3634,20354.2559,10271.1884,0
1429,46979.5766,15767.3428,19715.8478,10487.6948,0
1430,46430.7118,15666.8127,20343.796,10771.3309,0
1431,45400.1273,15309.6658,21435.9937,10918.6814,0
1432,46983.1516,13079.0616,20603.9537,11544.0875,0
1433,47146.2046,12172.5131,19689.8702,13287.8889,0
1434,46092.8259,11808.225,19472.2308,15916.252,0
1435,44186.7382,13007.2393,21466.3702,18621.7922,0
1436,45976.7242,14527.5372,22729.2868,18259.8944,0
1437,45231.4302,14329.0334,23522.0843,17331.7925,0
1438,44144.5037,14279.8029,23143.2883,17380.649,0
1439,42206.7228,13748.0849,23147.7323,17502.2331,0
1440,40670.6883,12835.6932,22320.5763,17890.3934,0
1441,40648.6355,9965.6601,21914.2825,17863.296,0
1442,38729.4611,9104.271,21696.9841,17646.5509,0
1443,37746.5462,8468.3753,21677.898,16595.3161,0
1444,36613.5616,7762.7957,21692.4037,16552.2522,0
1445,36479.3352,7341.8532,21373.2464,15827.658,0
1446,36311.8734,7204.9527,19893.1898,16231.4394,0
1447,35945.4788,6815.2095,19406.7115,15778.8631,0
1448,38850.5326,8220.1306,19785.2028,12021.0024,0
1449,39946.4934,8649.0569,21433.1194,9654.4074,0
1450,40926.7584,9489.0246,22131.0804,8422.6439,0
1451,42652.8564,10335.7606,20484.3375,8766.835,0
1452,44183.1335,10914.4442,19378.6747,8925.6211,0
1453,45361.2599,10712.3951,19082.547,8991.6453,0
1454,44941.8838,10279.4901,19658.1363,9114.0995,0
1455,44150.3205,9634.2653,20475.1129,9650.6135,0
1456,43990.2705,9563.5771,19795.8552,10923.5698,0
1457,43258.4405,9571.4674,20191.2414,12669.8297,0
1458,42118.472,9830.0807,19884.8672,16172.7929,0
1459,41785.5526,11574.2209,21454.7751,17441.6154,0
1460,43680.0947,13199.0463,23352.0771,16884.4841,0
1461,43875.1819,13286.8065,24160.8928,16364.1984,0
1462,43661.7566,13356.2924,24268.057,16319.2161,0
1463,42274.6269,14013.2828,24339.92,16280.3234,0
1464,39030.8732,14993.385,24087.9023,16089.9673,0
1465,37961.7095,13578.4165,23642.2945,15893.3148,0
1466,37624.3945,10748.628,23401.3164,15876.2769,0
1467,37340.2315,9138.9012,22781.3278,15970.7141,0
1468,36888.0699,8205.6942,21935.5279,16093.1078,0
1469,37153.5912,7757.3694,21582.3289,16089.722,0
1470,37348.6399,8153.8875,21365.1977,15890.0313,0
1471,37697.2365,10202.2888,22471.79,12329.2015,0
1472,40031.9271,11555.5583,24754.4198,10507.9359,0
1473,42059.6583,13955.0323,23364.5093,10668.3665,0
1474,43055.1418,15301.7227,22424.6968,11060.2426,0
1475,44814.946,16309.4833,21226.1313,11518.496,0
1476,45948.0197,16892.0268,21079.6091,11731.4373,0
1477,46012.692,16962.7436,21050.1984,11754.1622,0
1478,45198.8185,16872.3819,22831.1589,12311.5993,0
1479,44285.0331,16760.403,22990.8536,14079.7734,0
1480,43985.8727,16266.9331,22407.935,15066.7231,0
1481,43593.1034,15847.8507,22055.8349,15118.8235,0
1482,42793.4287,14135.7007,22135.5684,15641.4269,0
1483,43337.998,13365.1298,23048.6828,16450.1843,0
1484,45800.4756,14657.9125,23241.0706,16725.4604,0
1485,45878.1323,14889.6429,23248.2294,16770.2458,0
1486,45553.3848,15043.9751,23659.6195,16783.8374,0
1487,44072.6275,14597.7579,24617.6887,16264.2645,0
1488,42255.1173,14411.8799,24453.5115,15683.9419,0
1489,39910.5685,13727.6073,24103.0922,15362.0885,0
1490,38328.8895,12566.664,23441.9383,15590.685,0
1491,38396.2744,10259.1038,22759.3707,15902.546,0
1492,37826.1323,9100.1394,22449.4721,16063.278,0
1493,37526.2536,8606.5804,22606.2331,15646.9346,0
1494,37716.1631,9013.5408,22196.7251,14946.613,0
1495,38101.4172,10013.9919,23343.2177,11760.1418,0
1496,40129.1341,11696.9776,24651.33,10152.1464,0
1497,41039.8263,12905.0218,24707.6577,9841.535,0
1498,42276.3847,14478.266,22589.8145,10154.3178,0
1499,43943.8054,15696.3191,20751.137,10388.6904,0
1500,44507.7402,15967.5296,21078.1703,10337.3347,0
1501,44760.8051,15571.5692,21292.1742,10396.2177,0
1502,44495.2838,16045.2644,22519.2539,10784.3956,0
1503,42958.1031,16025.4303,22498.2747,11850.2626,0
1504,42422.7342,15267.6524,22037.4,12762.3595,0
1505,44500.6474,14482.8387,20734.8009,13296.3424,0
1506,43944.1882,14269.8325,19925.0183,14589.9974,0
1507,44263.3059,13774.5102,21239.1443,16852.8503,0
1508,46504.1962,14182.7114,22763.6563,17818.8648,0
1509,46464.9834,14638.6416,22904.6609,17333.6141,0
1510,46318.976,14743.85,23146.7566,16960.0926,0
1511,44951.7827,14430.3907,23315.9773,17077.3812,0
1512,42323.2425,14207.0709,22857.45,17045.0313,0
1513,38720.5687,13879.8528,23240.5173,16629.9573,0
1514,37355.4621,12080.3595,23168.1197,16522.3289,0
1515,36660.1026,10807.5957,22778.0685,16423.0341,0
1516,36898.7729,9529.7422,22364.2452,16396.7452,0
1517,36702.754,9124.247,22412.0072,16125.527,0
1518,36534.2208,10703.5423,22974.7683,14493.3129,0
1519,37638.9156,12250.0147,23891.7613,12196.9573,0
1520,40261.7721,14714.0268,24874.553,11692.1959,0
1521,43376.982,16530.7373,24498.6709,11679.5261,0
1522,44903.6522,16786.6809,25244.0276,11813.7778,0
1523,46391.1349,17260.0824,25535.6794,12351.9957,0
1524,47592.2821,17648.6519,25417.1797,12539.2927,0
1525,48655.4002,17158.9715,24625.9673,12572.0012,0
1526,51415.5422,18108.5069,25262.1259,13057.1595,0
1527,52624.891,19434.2258,24122.34,14112.0518,0
1528,52666.9363,18947.7145,22635.1037,16097.4506,0
1529,53338.2773,18105.9758,20417.0868,17027.4115,0
1530,49628.0301,17306.7301,19890.178,16802.6397,0
1531,46777.2316,16566.6831,21488.2173,17443.1114,0
1532,47660.9375,16418.1534,23342.0572,18194.7722,0
1533,48722.6377,16523.9228,23667.3723,17520.6427,0
1534,48886.453,16584.3986,23879.2213,17589.1859,0
1535,47428.8991,15638.6593,24307.9309,17869.5605,0
1536,44608.7378,14006.1251,23658.9485,17989.2009,0
1537,41552.3218,11551.5972,23998.8881,17486.0961,0
1538,40401.5337,9448.7096,23640.4443,17241.2768,0
1539,39073.2584,8464.7904,23144.6567,17270.3894,0
1540,38396.9905,7670.6223,22860.4574,17275.0325,0
1541,38320.8672,7650.5682,22330.3014,17194.848,0
1542,39594.5187,7999.9821,22180.9742,16931.7478,0
1543,39706.2061,10844.328,23684.9008,14822.6309,0
1544,42602.7976,14134.8372,24466.6752,13706.1628,0
1545,47089.0343,15555.5422,25579.752,12648.614,0
1546,48989.4922,15764.1649,26648.1182,12492.2655,0
1547,50245.1928,16807.1244,26695.7163,12581.316,0
1548,51214.2609,16763.5215,26842.981,12671.7261,0
1549,50752.8527,15742.6401,26419.36,12705.4829,0
1550,52694.0744,16712.8962,26379.386,13027.9248,0
1551,52553.3613,17841.5578,26450.3976,14774.7237,0
1552,52333.5802,18141.6488,25565.6676,15808.6445,0
1553,51440.2438,17994.3918,23480.6627,17373.763,0
1554,49463.6912,15182.9106,22647.7779,18053.9436,0
1555,48450.314,14255.9637,23521.5387,18339.6246,0
1556,50909.4608,15363.4844,23664.6553,18478.4578,0
1557,51077.0425,15311.4401,23612.7012,18529.0303,0
1558,51064.8347,15656.7609,23278.5355,18823.3518,0
1559,48057.3049,15473.0136,23297.329,19042.6236,0
1560,45296.548,14133.0057,23201.6059,18617.6452,0
1561,42393.6601,12358.8916,23059.4463,17777.6038,0
1562,40677.1827,10274.3905,23316.9827,17461.4583,0
1563,38973.6061,9612.3291,23270.9444,17095.2221,0
1564,39200.3634,8013.5209,22880.1903,17105.5874,0
1565,39425.6093,7646.4113,22398.3518,17071.2498,0
1566,39434.0892,9566.568,22099.242,16994.0001,0
1567,40156.7936,11513.832,22517.517,15933.5132,0
1568,44263.2883,13645.1689,24195.6803,13473.3797,0
1569,47890.6637,15553.8669,25150.1019,12312.1218,0
1570,49885.8217,16068.217,25775.1593,11977.5304,0
1571,51375.6331,16590.4552,26510.6809,12092.3341,0
1572,51831.9307,16908.5015,26564.087,13007.2877,0
1573,51836.708,15932.8422,26361.885,13050.1657,0
1574,52099.0239,18145.853,26115.3002,14009.6308,0
1575,52632.7989,18809.7745,24065.1081,17102.7934,0
1576,53492.1299,18424.3048,21543.2657,18596.7606,0
1577,51869.73,17871.5449,21100.1439,18307.0129,0
1578,49942.6279,16549.9587,20472.4168,18078.9169,0
1579,49131.7519,14978.9486,21920.8902,18406.5959,0
1580,51864.3411,15144.0212,23672.6644,17848.8112,0
1581,52059.9915,15223.4478,24206.0841,16859.6681,0
1582,52095.4269,15337.289,24721.6827,17129.75,0
1583,50431.8023,15268.3553,24353.8933,17346.7107,0
1584,47223.0088,14510.441,24494.0212,17264.7728,0
1585,44094.5571,12923.0695,23125.3495,16347.4696,0
1586,41727.4396,10552.9666,22801.0937,15968.0653,0
1587,39649.9103,9545.4854,22641.96,16481.0833,0
1588,39278.6284,8685.5417,22049.9807,17255.1885,0
1589,38571.5253,8664.7396,22231.9713,16808.1254,0
1590,37550.1599,9533.4217,22488.3516,15780.248,0
1591,35372.9442,10903.3661,23454.3221,14748.6042,0
1592,36761.6458,12243.5632,25131.6824,12347.4395,0
1593,38893.9617,13528.2224,25570.3899,11414.3799,0
1594,40768.376,14477.3728,25658.9212,11248.7914,0
1595,42670.3068,14726.7219,25394.9608,11501.4911,0
1596,44566.115,14850.3828,24451.1553,11765.9608,0
1597,45811.4514,14856.8002,23320.8294,11380.93,0
1598,45762.618,14974.883,22470.9573,12356.5035,0
1599,45216.842,15185.3801,20829.7936,13265.8361,0
1600,44816.3419,15000.9266,19038.2148,14532.6973,0
1601,45679.9211,13601.1711,17860.1951,16923.0941,0
1602,45781.3191,12545.2514,19499.6296,17866.8083,0
1603,45342.1694,14202.5235,22117.9904,17815.8959,0
1604,47299.6348,14893.1101,22892.5422,17883.6449,0
1605,46976.2634,13881.7734,23454.2968,17288.4547,0
1606,45237.5649,13945.0256,23569.7638,17282.2045,0
1607,43505.1716,13620.5245,23439.3236,17375.3811,0
1608,41739.5363,13593.3083,22667.1962,17453.8562,0
1609,40066.4803,11421.85,23071.9874,16722.6202,0
1610,38608.6921,9627.8886,23648.097,16003.0794,0
1611,37553.8812,8423.4777,23222.6093,15471.9202,0
1612,36712.3097,7528.6101,22883.0118,15169.4125,0
1613,36185.0368,6780.1569,22999.2466,15022.0521,0
1614,36274.667,6424.3608,23251.8429,13738.1222,0
1615,36349.6485,6113.7472,23530.155,11364.0967,0
1616,36937.9461,7195.5312,23363.5996,10073.602,0
1617,37814.7715,7719.0355,23687.5474,8596.4296,0
1618,40222.1743,7854.4708,22034.2969,8573.7806,0
1619,42179.3042,8569.1441,20363.6356,8933.4036,0
1620,43920.5734,8935.5288,20024.4902,9125.7111,0
1621,45541.7435,8970.8135,19796.865,9251.6171,0
1622,46129.4339,9430.0019,18662.9597,9182.1037,0
1623,46477.6763,10341.1473,17073.3299,9630.8916,0
1624,45610.7641,10810.4876,16304.8391,11265.9943,0
1625,44011.2145,10441.8897,14475.1662,16356.6645,0
1626,42869.6279,9944.4884,14285.6945,20828.6441,0
1627,43849.3286,11741.0194,16005.1133,21434.2095,0
1628,44983.7135,12855.6637,17512.5951,21326.305,0
1629,43750.0404,12890.5381,18940.7702,21014.356,0
1630,43503.2466,12860.4476,19730.2589,20653.1347,0
1631,42313.0081,12651.9382,19996.4105,20426.934,0
1632,40019.7094,12177.462,19694.0447,20003.5275,0
1633,39744.7545,9169.8178,19407.6014,19640.0094,0
1634,39114.8846,7172.3597,18349.5169,20278.1414,0
1635,38659.8564,5543.076,18274.6597,20266.0513,0
1636,38395.4626,4990.1819,17659.5375,20248.5855,0
1637,39201.2764,4821.1944,16806.4215,20259.5635,0
1638,39882.2424,5685.4974,16957.0104,20378.9817,0
1639,41330.927,8082.4678,18082.0244,18084.836,0
1640,45089.7821,11076.0441,20212.269,15033.2435,0
1641,48963.7027,12702.2885,22335.3548,13616.0277,0
1642,50694.4185,13331.0672,22162.9397,14234.495,0
1643,52936.7586,13660.0871,21219.4158,15111.5217,0
1644,52923.1791,14558.3097,20117.6162,16596.4667,0
1645,52639.7014,13426.1743,18593.1328,18086.4079,0
1646,53696.5638,14825.3215,17155.7276,20468.0179,0
1647,54467.3899,15977.3812,15522.7578,21369.1489,0
1648,54791.8316,15891.645,13594.7471,22662.1505,0
1649,54843.4601,15239.8532,12875.0688,22671.4697,0
1650,50364.5879,14088.1015,13944.2347,22094.2293,0
1651,48361.8245,13555.1559,16842.8502,21931.8572,0
1652,49319.4768,13696.6896,19357.4975,21488.2822,0
1653,49464.3732,13299.5456,21400.9873,19664.8133,0
1654,48394.456,13768.3051,22773.333,19002.3735,0
1655,45394.5734,13855.0555,23183.1644,18675.9584,0
1656,42328.3619,12956.7735,23098.4655,18248.2663,0
1657,42205.2884,9374.6345,22165.3553,18497.8948,0
1658,41347.636,6696.2192,22044.5632,18077.9346,0
1659,41283.7403,4670.1347,22097.2191,17660.3537,0
1660,40821.572,4071.4608,21733.9705,17584.9575,0
1661,40761.787,4111.7318,21632.2018,17589.462,0
1662,41921,4883.5567,21771.5762,17357.2872,0
1663,43068.1713,7495.6167,22190.597,16054.6133,0
1664,46667.4395,9788.5502,23796.168,14023.878,0
1665,50520.9177,11525.085,24761.1232,14337.9258,0
1666,51801.3364,12747.7559,24948.66,14702.204,0
1667,53273.4829,13643.7466,25269.3969,15177.2126,0
1668,53741.1556,13795.8095,25492.3999,15472.3074,0
1669,52391.0288,13316.3393,24880.1025,15398.9077,0
1670,53704.8677,13871.7722,23211.5345,17480.3871,0
1671,54106.8715,14415.093,21941.2424,19481.9383,0
1672,53876.1564,15227.2417,19759.4826,20649.0416,0
1673,52931.0419,15148.2826,18070.6174,20594.8193,0
1674,49049.6666,13084.8179,18878.4497,20216.6646,0
1675,47438.9311,12650.9581,19763.1566,21196.4742,0
1676,48080.7052,13165.2972,21772.718,20224.1072,0
1677,48143.9387,12599.4396,23302.7861,18965.3266,0
1678,48658.4648,11674.179,23812.4975,18283.3893,0
1679,46243.5655,11152.2235,23517.0628,18446.8801,0
1680,43639.8479,10014.598,22669.856,18277.501,0
1681,40334.4106,8670.9414,22913.1804,17757.6817,0
1682,38139.5773,7498.2105,22736.8713,17570.531,0
1683,37650.7208,6142.9071,22090.9436,17487.4271,0
1684,37437.9434,5688.034,21508.9941,17497.8628,0
1685,37264.9145,5570.917,21791.1276,17391.2574,0
1686,38940.0858,5670.9939,22521.5078,16781.5901,0
1687,41092.4393,7385.07,23649.7184,14717.9219,0
1688,44717.0713,9406.9888,24526.5812,13745.5076,0
1689,47937.4302,11151.1004,25199.6349,14019.6837,0
1690,49468.0054,11559.317,25882.5666,14546.8664,0
1691,51046.4856,12593.031,25879.8936,14924.5404,0
1692,52249.3466,12770.8944,26330.6934,14848.0222,0
1693,51993.2468,12138.4186,25599.6235,14638.2082,0
1694,54228.1168,11715.0671,25241.9926,15865.2527,0
1695,54934.3674,12523.8443,23953.633,17900.3176,0
1696,54868.1298,12761.078,22059.8829,19074.0462,0
1697,52770.3704,13318.151,21633.4327,19333.2524,0
1698,49692.0061,11681.7074,20707.3966,19229.155,0
1699,49009.3923,11512.0313,22281.1193,18902.125,0
1700,49824.5836,11965.6592,24198.3203,17887.6555,0
1701,49593.5418,11717.4486,25250.6848,17280.2157,0
1702,48864.4354,12032.2609,24829.9634,18231.356,0
1703,45665.8477,12217.9101,25198.5811,18353.313,0
1704,42255.158,11657.2907,24126.0448,18607.0478,0
1705,39194.7391,10500.0049,23587.8247,18403.5797,0
1706,38466.351,8430.1536,23703.1564,17500.7855,0
1707,38069.9187,7060.1014,23279.9325,17266.9981,0
1708,38234.3577,5882.1015,22969.4806,17086.5651,0
1709,39068.4756,5615.9708,22033.2805,17283.2286,0
1710,39932.8006,6146.8847,21828.0359,17888.7632,0
1711,40603.9161,9025.8597,23893.287,14795.627,0
1712,43630.3087,11110.3751,25736.5944,12998.1533,0
1713,47161.2405,12892.7271,26095.5585,13421.122,0
1714,49613.1966,13456.234,25405.215,14004.4652,0
1715,52127.5337,14506.2808,23687.411,14578.3814,0
1716,53844.2542,15118.2746,22240.7999,15784.4511,0
1717,54016.3833,14222.7129,21391.5504,15387.2554,0
1718,55880.1375,13917.2715,20608.1304,16965.2626,0
1719,55646.8627,13931.7981,20128.251,19143.3605,0
1720,54430.0328,14723.9686,17819.7525,20582.5125,0
1721,54648.9405,14235.3728,15666.8589,21353.2506,0
1722,52198.4837,13582.0157,14816.868,21310.1163,0
1723,49863.9438,13652.2562,17875.9801,20940.458,0
1724,50200.6846,13858.1168,20279.4614,20370.1421,0
1725,49733.8809,12924.5534,23033.4291,18268.3424,0
1726,49430.9849,12466.08,24262.1225,17672.369,0
1727,47454.7601,12130.1983,23354.5752,18132.5771,0
1728,44963.4493,11257.0799,21278.9214,18840.3039,0
1729,42591.3752,8835.0449,20059.5406,19906.733,0
1730,40347.8625,7030.4146,20168.2327,20002.7465,0
1731,40014.9574,5216.2275,20048.0368,19619.6627,0
1732,40135.4602,4375.0047,19149.4622,19648.5476,0
1733,40487.5845,4451.337,18062.6952,19774.9332,0
1734,41780.068,5258.8371,17341.0864,20525.3246,0
1735,42951.7814,7592.1164,17593.9049,19408.0744,0
1736,46863.8291,9721.7956,19192.1433,16036.4292,0
1737,50061.2475,11684.4585,19737.1097,15321.5832,0
1738,51099.686,12546.6088,19811.7843,15839.4225,0
1739,53896.9189,13377.6621,18814.5551,16231.3338,0
1740,55860.2583,13590.9081,18847.411,16480.233,0
1741,55742.1139,12902.3961,17790.8522,16470.6993,0
1742,57441.5622,12572.1123,16543.3147,17850.5877,0
1743,57282.9301,11862.9225,15268.6171,20226.4315,0
1744,57716.9318,11258.8971,13937.3674,21321.7499,0
1745,56569.9442,12337.2172,12144.4334,21779.5985,0
1746,52121.0272,13310.4708,12357.2262,21679.3874,0
1747,50863.6711,13207.7418,14656.8906,21482.3323,0
1748,51098.8324,13862.7643,16361.2141,21252.3058,0
1749,49780.1975,13371.4768,16844.3429,21359.9298,0
1750,49839.8747,12828.0515,17367.3709,21491.1829,0
1751,48962.8656,12656.4163,16551.8419,21098.5863,0
1752,46928.4387,12461.9429,15544.4234,20738.2296,0
1753,46369.8565,9091.1326,15065.5252,20694.7378,0
1754,44910.4073,6699.1672,15334.5423,20736.9756,0
1755,42762.4637,5262.5936,16074.1328,20733.9,0
1756,41220.0459,4257.6974,17006.5093,20642.941,0
1757,40220.2889,4174.973,17630.0916,20572.97,0
1758,40100.9587,4157.0155,17736.6442,20209.618,0
1759,40496.0435,5229.3659,19458.2608,16884.9714,0
1760,42872.0567,6668.9381,20600.4634,14715.7087,0
1761,44584.7479,9144.2901,21775.8211,12197.427,0
1762,44674.1119,11241.0254,23076.4611,10857.2244,0
1763,46745.9586,12237.6804,21908.2831,10933.6007,0
1764,48922.9213,12133.6215,20636.4081,11563.5443,0
1765,49492.9424,11693.231,19338.9042,12184.6736,0
1766,49680.884,10294.867,18003.546,13473.7009,0
1767,48021.6297,9199.7136,17510.4369,14750.065,0
1768,47553.2002,8449.1319,16542.9583,16114.1662,0
1769,47963.2098,7862.9265,15247.3233,18321.3987,0
1770,47250.9598,8483.3177,14961.4564,20422.4383,0
1771,46377.7017,11292.7705,17934.0425,20428.0241,0
1772,45370.3921,12360.2545,20555.722,20195.164,0
1773,43927.4671,11436.2424,22360.712,18884.3809,0
1774,43056.7181,10691.5138,22677.2392,18148.7768,0
1775,40982.7704,10060.5934,22591.6515,18383.4794,0
1776,39205.1913,9737.3342,21242.4718,18624.0901,0
1777,36702.4977,9189.2581,21015.3482,18570.794,0
1778,34838.221,8070.9002,20256.7673,19062.0144,0
1779,34091.5619,7229.0108,19546.1926,18744.2134,0
1780,33458.7759,6625.6839,18745.4619,18964.0143,0
1781,33127.3822,5875.3211,18613.3728,18925.7453,0
1782,33226.2579,5476.9176,18127.4368,18708.6768,0
1783,33873.0854,4877.8059,18995.7526,16669.1283,0
1784,35570.5944,5560.1447,22400.7652,11385.0847,0
1785,36447.3879,6164.312,24361.7,8533.0311,0
1786,38635.2538,6663.3721,22132.1045,8686.8133,0
1787,41345.3502,7277.457,19672.7828,9551.0624,0
1788,44062.8496,7610.4424,18347.2432,9799.4985,0
1789,44985.3833,7790.0955,18357.0728,9551.3088,0
1790,45713.1356,7743.1981,17581.1603,9640.4847,0
1791,45932.3645,7288.5098,16341.49,10736.5885,0
1792,44347.798,6544.9296,14397.9429,14705.372,0
1793,43859.9744,5969.9596,13182.7608,18073.8085,0
1794,44089.8612,8051.6755,12256.7412,20324.2556,0
1795,43815.5707,10446.9574,15486.9847,20602.4984,0
1796,43332.3847,12092.245,17444.6085,20391.4931,0
1797,42424.7483,12410.1736,17790.3737,20012.8599,0
1798,41327.3509,12327.1291,18633.3906,20177.5442,0
1799,40558.3926,11327.6724,18892.0435,20058.1513,0
1800,39302.2784,10820.4437,17306.1482,20110.6862,0
1801,38515.8356,7745.2078,16605.919,21176.8821,0
1802,39058.1829,4857.2392,16450.3284,21083.6956,0
1803,37958.8495,3815.878,16818.3532,20908.8363,0
1804,36630.6523,3542.033,17586.7714,20592.5577,0
1805,36767.1799,3654.4178,17356.8296,20626.936,0
1806,39236.2696,4537.2338,16737.3228,20458.5469,0
1807,41258.426,6484.7354,17139.056,19661.1844,0
1808,44934.8669,9300.3141,20052.3004,15718.9494,0
1809,47512.1471,11468.8948,22233.849,15057.6129,0
1810,49341.1666,12257.0536,21865.9639,15815.8792,0
1811,51848.1106,12680.5976,20465.8245,16272.4628,0
1812,52937.9598,12686.2021,18705.8487,17398.9101,0
1813,52372.276,11924.7062,18706.7232,16672.0246,0
1814,54277.5541,12245.1032,17779.6949,18076.7532,0
1815,54246.0688,12695.1374,16410.4644,20685.7783,0
1816,53926.5771,12805.5345,15659.7408,21242.7127,0
1817,53606.8258,12644.8113,15385.0499,20961.4603,0
1818,50522.3752,12092.5035,14543.5466,20955.6688,0
1819,48762.4687,11708.1943,16844.3363,21547.7856,0
1820,48492.1173,12097.2093,20699.4326,20544.0598,0
1821,46926.4422,12595.1727,22338.4491,19486.4373,0
1822,46603.854,12640.9096,22811.9969,19049.8055,0
1823,44746.8714,11962.5319,22434.5429,19384.4706,0
1824,42554.8299,10090.7356,21280.325,19699.9275,0
1825,40645.0242,7248.9043,20939.655,19735.3981,0
1826,40103.1169,5097.5056,20643.2303,19278.7947,0
1827,40002.1468,4113.175,18891.576,19438.0219,0
1828,39897.363,3412.6763,17330.0776,20120.617,0
1829,40167.6055,3502.7982,16646.6553,20174.2651,0
1830,42223.2679,4874.4784,15189.9594,20241.9118,0
1831,43722.756,7224.2819,15007.7268,19622.6426,0
1832,48229.3075,9291.1841,17658.0558,15731.8238,0
1833,49193.4685,11371.7043,20752.2106,14938.8976,0
1834,49841.0561,11964.0774,21893.5145,14914.0244,0
1835,52114.073,12406.6778,21726.7204,15434.6203,0
1836,53975.6217,12653.839,21066.21,16166.4855,0
1837,53564.0919,11430.1737,20672.2021,16044.1039,0
1838,54712.5425,11920.1104,19509.6638,17070.9957,0
1839,57050.8785,12140.5812,17214.395,18821.5522,0
1840,57187.6866,11835.6931,15446.002,20806.8025,0
1841,56164.1289,12208.02,12971.2847,22661.9888,0
1842,52472.6928,12380.4989,11979.3553,22006.4614,0
1843,52293.6106,11510.4539,13509.6478,22206.6317,0
1844,51326.8954,12340.8153,15073.8082,22218.7273,0
1845,49984.7513,12893.9987,15657.3087,22294.7945,0
1846,49066.2843,12919.6914,16328.7113,22130.9055,0
1847,44972.9852,12370.7364,17877.4783,22008.7439,0
1848,43259.3502,10093.0027,17334.6492,22087.7184,0
1849,41546.1035,7642.7186,16822.8698,21996.8331,0
1850,40259.4665,4986.0393,16998.8434,21958.0834,0
1851,39396.5737,3734.2261,17130.0745,21475.2692,0
1852,38657.157,3550.2951,16587.9406,21406.7337,0
1853,40021.6762,3533.2528,14879.557,21402.3887,0
1854,43096.7262,4355.8361,13027.9182,21403.173,0
1855,43800.8285,5783.6625,14474.1421,21221.9381,0
1856,44629.8897,9696.5033,17834.2802,17472.2669,0
1857,47069.9196,11684.1098,19757.199,15762.7965,0
1858,50472.2812,11032.6139,19698.9672,15530.4006,0
1859,52765.7482,10915.4606,19207.6863,16079.58,0
1860,53111.4188,11361.7196,19102.0863,16105.8414,0
1861,51908.0606,10462.0615,18864.8658,15479.7115,0
1862,53346.678,11076.5292,17797.2421,16713.5892,0
1863,53731.0653,11228.2764,16418.5274,19450.3705,0
1864,54205.1642,10628.3551,15346.3673,20985.4755,0
1865,53062.5799,11028.0456,13873.211,22090.2649,0
1866,50511.6139,10693.3332,13275.9616,22118.8407,0
1867,50125.2477,10072.0466,16241.5935,21933.0452,0
1868,49963.9536,10686.9653,18110.8081,21758.0308,0
1869,48307.2227,10769.1056,18847.5243,21573.5157,0
1870,47403.6563,10496.5003,19252.8105,21792.4509,0
1871,44413.281,9577.018,19956.7962,21735.4698,0
1872,42184.934,8984.9958,17953.6302,21720.8046,0
1873,39653.7614,7459.3629,16726.3701,21781.5994,0
1874,39866.7929,5391.5103,15083.6983,21656.8363,0
1875,41185.826,3819.9612,12984.8653,21650.7995,0
1876,41143.5255,3760.713,11718.6256,21622.0015,0
1877,42272.3499,3658.0269,11008.9012,21652.9302,0
1878,43745.3621,4496.6966,10768.4379,21634.3556,0
1879,44362.2905,6479.308,12020.2005,21021.6446,0
1880,47378.2595,9184.8427,15296.8343,16377.1421,0
1881,49303.9184,11395.3983,18203.7229,13463.8735,0
1882,50535.6995,11128.9409,19475.3724,13100.8405,0
1883,51229.7731,11827.7423,20365.1437,13586.3387,0
1884,51843.3146,12313.3769,19981.1788,14294.6969,0
1885,51688.2146,11105.1237,19214.0828,14468.9985,0
1886,52830.2236,11199.1363,19311.6957,15694.5767,0
1887,52543.8276,12373.3654,19004.6593,16949.8329,0
1888,51134.5791,11821.6351,17927.844,18607.6594,0
1889,49450.5165,11472.3895,16885.8338,20947.531,0
1890,47014.4917,10973.842,15869.909,21981.4045,0
1891,46726.8714,10391.9761,18605.9599,21776.2303,0
1892,48121.7847,10945.7986,19631.9002,21562.7434,0
1893,47482.6396,10971.1734,19280.063,21597.191,0
1894,47654.6103,10568.9342,18546.5786,21758.3036,0
1895,45378.0679,10006.7352,18415.4784,21747.8085,0
1896,42631.556,9539.0086,16624.8808,21943.0112,0
1897,41700.373,7354.4526,15169.2596,22021.1409,0
1898,41012.1492,4529.1301,14732.3462,22004.8444,0
1899,39875.7392,3940.2077,13793.2894,21848.0966,0
1900,38770.0797,3750.6051,13533.5321,21692.9592,0
1901,39538.3868,3879.3018,12916.5652,21744.8044,0
1902,40325.142,4449.3823,13272.0434,21830.49,0
1903,41205.2091,6207.9897,15018.52,20980.8874,0
1904,43048.3064,9427.4917,18388.9585,16882.0212,0
1905,44763.0084,11661.9943,21301.2514,14322.3146,0
1906,46956.4909,11876.1907,21693.9305,14189.5567,0
1907,49317.3747,12107.315,21345.6881,14884.2067,0
1908,49384.0358,12617.7282,21700.9221,15323.4609,0
1909,48516.2018,11245.9424,22130.7493,14459.9257,0
1910,48488.836,12497.485,22175.7756,15196.4703,0
1911,48690.7234,12876.8343,20716.0569,17994.2092,0
1912,48593.7254,12654.0733,19076.0867,19917.8441,0
1913,47978.194,12525.1126,16759.7452,21437.3797,0
1914,47459.7827,11933.3555,15020.5517,22018.1005,0
1915,47997.4484,10886.9761,17983.4842,21764.3206,0
1916,48893.9737,11426.2775,19630.1347,20686.8222,0
1917,47245.6347,11180.5045,20075.6721,20260.5942,0
1918,46902.1828,10572.3211,19982.0456,20559.0935,0
1919,45523.1084,10600.9508,18604.5541,21100.9139,0
1920,43476.4374,10625.8064,16255.393,21410.235,0
1921,40398.3283,10086.0804,14101.9142,22178.8578,0
1922,38393.5453,8659.9172,13129.4075,22206.6735,0
1923,38233.2973,6746.9919,12667.2942,22089.177,0
1924,37842.9744,5145.7076,12876.4823,22001.3299,0
1925,37292.7841,4685.1343,13254.6986,21988.0672,0
1926,36376.9758,4907.738,14005.2055,21818.6441,0
1927,35498.8612,5862.5171,16363.4042,19548.2793,0
1928,36915.3114,7207.9084,20384.0571,15814.9794,0
1929,38882.7593,8574.0259,23316.3733,12811.0763,0
1930,42293.4435,9514.5644,22727.0736,11261.7373,0
1931,44578.1281,10243.0273,21907.5934,10989.1892,0
1932,45638.0089,11263.9076,20474.8852,11069.8907,0
1933,44772.4277,10859.5344,19674.5164,10965.2411,0
1934,45121.1178,9962.4052,19278.1842,11124.7301,0
1935,45550.2278,9152.0682,19046.0028,12175.4391,0
1936,44945.2619,9210.5849,19021.2099,13724.9376,0
1937,44013.4123,9758.6247,17826.7155,15956.3767,0
1938,43171.8914,11086.8065,15629.0618,19103.4151,0
1939,44041.8715,11929.2415,17578.9889,21242.5653,0
1940,45025.0185,11721.028,19588.03,20135.9345,0
1941,42627.7335,11659.3125,21147.9752,18267.9629,0
1942,40235.2808,12033.1651,21435.4514,18296.1988,0
1943,37517.3139,11701.0597,20325.3699,19776.2532,0
1944,36386.0827,10164.429,19108.5169,20945.2969,0
1945,34852.0821,9081.655,18158.0157,21053.8251,0
1946,33751.1471,7430.9389,17833.4662,21065.4301,0
1947,33570.4105,5741.0771,17454.0663,20794.5914,0
1948,33611.9212,4851.8041,17554.5392,19707.512,0
1949,33841.3416,4323.4796,17214.8735,19173.7326,0
1950,34397.1177,3940.8765,16732.7028,18459.529,0
1951,34522.9709,4027.7919,17561.6672,15990.3403,0
1952,35541.8393,5236.3938,18940.1234,13368.8434,0
1953,37930.5806,6172.4575,18997.1562,11596.9469,0
1954,39803.9631,6399.1389,18965.6489,10515.4621,0
1955,41766.032,6940.9263,19190.6121,9812.7359,0
1956,42622.5437,7278.6153,20084.6184,9001.1944,0
1957,42118.6073,7290.8594,20546.4688,8908.7911,0
1958,41687.8176,6793.7529,19924.7697,9337.8516,0
1959,41502.5402,6440.6573,18995.944,11223.0393,0
1960,41135.765,6799.1616,18552.3459,13530.0517,0
1961,41173.8481,6778.7599,17106.8865,17009.091,0
1962,41009.8975,7835.3121,15665.4641,20074.4423,0
1963,43645.9914,8298.5958,17757.5959,21004.7695,0
1964,43847.5268,9612.7834,18825.686,20546.9759,0
1965,43058.9445,9128.6877,20173.6513,19886.6899,0
1966,41676.8594,9669.9031,20300.7992,19758.2957,0
1967,40215.8614,9414.7295,19238.7833,20956.7765,0
1968,38361.8323,8933.2232,17829.6954,21394.7096,0
1969,36259.3737,8083.0519,16487.933,21889.1387,0
1970,36511.6191,5221.5988,16192.1012,21968.9844,0
1971,36106.2581,4296.314,15846.116,21623.6317,0
1972,37005.3728,3498.242,14794.6447,21559.6568,0
1973,37411.6743,3772.0947,14272.9037,21489.2656,0
1974,38588.4686,5270.1055,14295.754,21481.0398,0
1975,40928.0113,7136.2808,15674.3829,19391.8703,0
1976,43707.7102,9563.0634,18962.7295,16739.0905,0
1977,45377.8809,12524.9344,21838.5233,15758.2678,0
1978,47832.1008,13493.6263,21176.5136,15859.0652,0
1979,50295.7565,13429.2455,20437.274,16931.6334,0
1980,51440.1459,13583.5975,20479.9925,16811.0173,0
1981,49342.4393,12334.9435,20795.3845,16324.341,0
1982,48899.818,13250.4493,20692.8733,17618.1148,0
1983,48635.9929,13602.9168,19960.2733,20899.5919,0
1984,49297.721,13231.5502,19226.2917,21986.5811,0
1985,48147.3135,13821.379,18879.7928,22109.6018,0
1986,45919.1788,13288.9603,17368.7019,21802.6072,0
1987,46323.3364,12463.3025,20085.2322,20626.0868,0
1988,48120.5263,12534.291,22035.5597,19167.7695,0
1989,47367.8722,12342.7315,22210.7226,19221.8862,0
1990,47229.8343,11316.1433,21222.4958,20779.8316,0
1991,45494.8637,10287.0119,20412.4613,21685.9852,0
1992,42349.0881,9363.299,18960.4118,22263.7613,0
1993,40133.8839,7758.6498,18002.8596,22058.597,0
1994,39209.6551,5671.1908,17482.8764,21935.0956,0
1995,38240.6497,4647.3185,16950.5534,21573.2242,0
1996,38154.5043,4676.7501,16265.7726,20597.5275,0
1997,38278.0717,4809.8413,15894.2608,20559.0616,0
1998,38874.8426,6197.7498,15538.1303,21131.2145,0
1999,39192.5226,8757.4663,18084.341,18381.8536,0
2000,40848.5814,10894.4143,21298.2539,16395.2635,0
2001,43686.9081,12331.8349,22536.327,16009.543,0
2002,45916.5278,12773.7357,23011.2432,15398.7064,0
2003,48708.022,13191.09,22543.1019,15919.7016,0
2004,50133.3371,13338.5912,22011.7062,17191.6679,0
2005,49347.8865,12456.6574,20809.1433,17284.7521,0
2006,49944.3043,12655.5198,20192.7726,19096.8338,0
2007,50998.9843,13518.6667,19422.9299,20098.3673,0
2008,50683.765,13813.6328,18835.7246,21540.9084,0
2009,50551.743,14354.153,17280.0694,21952.5372,0
2010,49720.8195,12429.2377,15074.609,22187.528,0
2011,49098.7816,13021.4128,16566.4169,21797.2073,0
2012,48545.1373,13148.5508,18662.5428,21749.1087,0
2013,47647.5164,12669.6031,19426.9625,21840.4032,0
2014,47352.8374,12231.3928,19842.8516,21797.9773,0
2015,45267.5201,11359.007,19381.0991,21834.8196,0
2016,42748.9722,10908.2424,17838.1742,21831.3909,0
2017,40072.6909,9154.9942,16865.1824,21651.4606,0
2018,39746.6113,6270.7524,16397.2765,21532.3702,0
2019,38440.7914,4861.5611,16875.1957,21356.3097,0
2020,37153.4911,4684.6558,17186.6321,21053.3928,0
2021,37482.2525,4483.5978,16967.9367,21176.0263,0
2022,39086.5926,5423.5071,16723.2659,21070.2833,0
2023,40536.6797,7709.7669,18065.465,19208.2671,0
2024,43038.8112,10086.1948,21019.3951,17128.9547,0
2025,47912.3326,11774.521,20939.1072,16675.7327,0
2026,49884.2102,12747.2202,20238.6481,16689.6246,0
2027,51967.1328,12875.2305,20384.8227,16948.7747,0
2028,53098.8656,12941.324,19763.2765,17151.343,0
2029,52184.2277,11390.7739,19571.6818,17143.4098,0
2030,52881.7344,12239.8155,19161.2773,17886.9064,0
2031,54079.7521,12590.8948,17961.7372,18825.9082,0
2032,51729.3568,13295.8529,16978.9928,21114.7211,0
2033,50296.0524,13498.8942,15483.2392,22271.8705,0
2034,47616.4568,13341.4655,14478.3078,22118.4722,0
2035,47403.2295,13305.1226,17138.0176,21939.2228,0
2036,46813.6273,13461.2291,19812.969,21554.4461,0
2037,45910.447,12833.1236,20955.7073,20756.6084,0
2038,45809.72,11925.4377,21154.0197,20877.021,0
2039,44550.0473,10519.938,20138.9683,21352.0241,0
2040,41446.7658,10124.4286,18837.2712,21284.9769,0
2041,38937.5778,9594.3804,16836.281,20858.8193,0
2042,38791.9785,6827.1522,16315.0691,20625.649,0
2043,38469.6103,4968.8265,16138.8667,20515.6512,0
2044,36951.3529,4824.3338,16822.3385,19854.6997,0
2045,38129.2439,4763.9713,16027.0825,19498.9795,0
2046,39258.4126,5550.1182,16111.8309,19783.1711,0
2047,39146.1862,7832.9097,17985.9372,19180.2248,0
2048,42082.3766,9664.897,20503.219,16889.9632,0
2049,43000.7138,11855.3776,22285.2916,16401.0473,0
2050,44893.9579,11922.2785,22082.456,16962.6875,0
2051,46497.9988,12247.2867,22666.3899,17293.3464,0
2052,48511.6071,12882.4729,21795.3692,17114.1311,0
2053,47687.7951,12498.2605,20238.4424,17284.4331,0
2054,48746.8245,12972.894,19539.1856,19198.9864,0
2055,49857.0864,13381.9411,19422.5713,20650.0723,0
2056,50014.7131,13421.3178,18163.2121,22159.9488,0
2057,50730.9451,13079.6105,16268.9109,22717.3408,0
2058,47708.4641,12405.5008,15826.6009,22677.0863,0
2059,48184.9533,12251.2863,17541.2105,22263.8295,0
2060,48548.0963,12260.5527,18463.94,22028.7463,0
2061,48270.3298,10696.2944,19607.4461,21578.0829,0
2062,48288.6052,9879.8194,19723.1122,21480.7582,0
2063,45998.8023,9337.3115,19594.6839,21713.1948,0
2064,43039.5218,9041.9186,17802.7729,22046.585,0
2065,41662.0754,7716.8894,16653.472,21692.8844,0
2066,41485.7476,5562.843,15483.0434,20936.9446,0
2067,40322.8045,4446.0504,15574.7933,20069.9422,0
2068,39247.2784,3938.0726,15376.7559,20029.8307,0
2069,39623.331,4223.758,14665.0801,19815.6409,0
2070,40282.2552,4896.5532,14522.9095,20190.6122,0
2071,41653.1819,6491.5829,15417.8585,19596.6617,0
2072,44175.0903,9828.1062,17384.8939,17426.431,0
2073,44793.6005,11984.8696,18662.7199,18448.5466,0
2074,46866.8035,12337.094,19898.3235,17749.7837,0
2075,49867.7344,12752.0426,19795.7903,17413.3179,0
2076,50686.9044,13024.7194,20224.3074,16774.5127,0
2077,50926.4536,11877.7516,20364.8962,15016.4124,0
2078,51588.3456,12845.2951,19794.1755,17117.8436,0
2079,52536.1045,13067.7272,19507.2449,18725.6124,0
2080,52181.8275,12539.5589,19067.4429,19510.2061,0
2081,51245.2831,12288.3255,16995.3267,21131.1639,0
2082,50462.3636,11401.9521,15371.0117,21178.0492,0
2083,51244.8607,11424.3041,16665.6006,21245.3439,0
2084,51093.9572,11354.1538,18082.5073,21145.267,0
2085,49694.1368,10672.5806,18733.8921,21182.1489,0
2086,48537.7332,10470.0805,19102.8684,21177.8611,0
2087,47374.8902,9828.676,18619.7594,21109.3553,0
2088,44470.8924,9021.6478,18510.5503,21520.367,0
2089,41190.9432,7710.1277,18367.7098,21592.9923,0
2090,39652.3776,5836.49,17459.1318,21583.0021,0
2091,38760.5262,4735.2393,16462.9421,21439.2695,0
2092,38475.2731,4821.5387,16282.8776,19781.3561,0
2093,38735.5485,5076.8014,15711.487,18002.5406,0
2094,38630.5942,4895.8833,15855.0975,17832.5543,0
2095,37830.0318,4949.0782,17428.6717,16985.9228,0
2096,40791.8489,5996.2617,19801.1825,14056.8736,0
2097,43843.9617,8868.1384,19929.5261,11968.3113,0
2098,46506.3269,9978.6984,19771.0425,10957.9921,0
2099,48272.0909,11009.9231,19036.0577,10586.5672,0
2100,49780.0688,10789.7548,19291.7505,10646.3016,0
2101,49783.261,10622.8309,19357.5239,10542.8147,0
2102,49564.1971,10251.4324,19402.2862,11337.9233,0
2103,48308.4239,10472.5247,19208.3254,12346.3208,0
2104,45802.5766,9864.5096,18605.8796,14980.152,0
2105,44685.1339,9288.0645,17183.1517,18659.4958,0
2106,43829.2613,9392.6261,16852.2255,20690.2575,0
2107,47180.7732,9167.5518,19455.0686,21108.1926,0
2108,46636.7649,9379.9717,21672.2231,19435.5304,0
2109,44397.4256,9103.237,22737.9955,18314.4566,0
2110,43657.5117,8665.7483,23094.4109,18315.5676,0
2111,42374.2077,8406.5344,22612.7209,18638.158,0
2112,39006.8635,7461.6322,21179.147,19669.9118,0
2113,37378.9856,6786.7294,19747.1736,19665.1554,0
2114,36309.7845,5575.1212,18732.9758,19624.2717,0
2115,35623.5704,4587.3608,17832.98,19601.4159,0
2116,34566.0216,4096.0623,17671.3284,19492.8536,0
2117,34580.9321,3516.1203,17609.0189,18829.2038,0
2118,34421.013,3268.3827,17350.1922,18612.517,0
2119,33602.6108,3069.6369,18879.3418,17128.9162,0
2120,34882.4212,4948.438,20010.8524,13219.0267,0
2121,37567.1439,5826.8837,19835.9656,10652.9918,0
2122,40079.358,6802.0348,17572.7772,10118.5975,0
2123,42069.9345,7699.9043,16025.9682,10551.6532,0
2124,44002.9315,8245.9333,15509.8394,10593.5093,0
2125,44301.8873,8663.0984,15165.0785,10369.1258,0
2126,43276.0669,8522.4601,15588.3948,10329.572,0
2127,42529.2472,7812.0482,16708.6535,10598.7112,0
2128,42513.7317,7019.5774,18121.9489,10988.4049,0
2129,41373.4409,6681.1228,18105.6975,15103.715,0
2130,42206.7162,6644.2519,17132.4153,19139.9021,0
2131,43796.83,8683.8697,20140.692,19300.1457,0
2132,44063.5525,9635.2663,22541.9227,17683.4031,0
2133,43988.8581,8839.9751,23369.4483,17158.2697,0
2134,43537.4522,8711.9901,23436.5967,16985.2353,0
2135,41943.2937,8391.5172,23114.1141,17784.2698,0
2136,39205.6852,7670.9952,22227.0543,18570.552,0
2137,36886.8984,6580.7643,22251.9913,18467.0915,0
2138,35133.1684,6145.3359,22015.4649,18022.6574,0
2139,34712.4382,5000.9685,22000.3564,17303.6424,0
2140,34192.4418,4563.7482,22569.2478,16612.079,0
2141,34543.3737,4548.148,22830.6837,16006.5455,0
2142,36093.2495,5573.7209,23065.592,15466.0517,0
2143,38147.5875,7734.5774,23631.5992,14326.2295,0
2144,40647.4651,10807.4032,25064.4603,13434.9435,0
2145,44524.051,13151.0181,25868.6604,13434.3924,0
2146,47641.2211,13163.2556,25880.6559,13969.4049,0
2147,49910.0371,13356.2484,25643.0163,14685.8162,0
2148,51639.6628,13473.0354,24997.6694,15220.5295,0
2149,51438.5135,12294.3579,24091.1561,15043.5252,0
2150,53460.2409,13105.5518,22595.1473,15757.478,0
2151,54000.21,13731.6388,20846.8337,17276.3008,0
2152,53885.5438,13420.1485,18722.4961,19502.6513,0
2153,51436.9163,13506.3346,17973.131,20721.701,0
2154,47427.743,12583.637,17826.5296,20431.0909,0
2155,47036.7128,12569.1544,19824.4134,20341.2143,0
2156,47290.5301,12657.4272,22277.3485,18479.6744,0
2157,47526.9366,11415.503,23029.4053,18083.5072,0
2158,47061.421,10621.1094,24254.9505,17856.1702,0
2159,44875.8926,9808.7473,25138.8962,16973.3883,0
2160,41384.3562,8888.6985,24746.9431,16776.2463,0
2161,38603.2702,7734.5455,24340.4425,17437.5751,0
2162,37309.6262,6266.6395,24383.5075,16769.5583,0
2163,36684.6832,5007.3375,23994.5794,16710.1616,0
2164,36270.1251,4341.3117,24059.4079,16313.3982,0
2165,36760.1795,4276.0355,23544.0557,16159.5148,0
2166,37670.7804,5572.4141,23440.0672,16305.498,0
2167,38782.4734,8192.7065,24788.0721,14431.6843,0
2168,42666.778,9198.3111,25954.5748,13402.7212,0
2169,44946.0968,11995.2624,25771.658,13490.6508,0
2170,45438.3567,12921.3898,26717.2532,13459.7606,0
2171,47860.1134,12551.4411,27059.0804,13916.6764,0
2172,48683.6867,12938.1802,26602.9929,14241.183,0
2173,47321.3631,12002.8315,26901.8618,13254.9989,0
2174,48826.2742,11884.4539,26678.5475,14180.5928,0
2175,50292.22,11808.852,25602.0457,16561.8508,0
2176,50410.6284,12073.9905,24501.6178,17509.3952,0
2177,50197.7333,12324.0007,22730.1129,18233.3063,0
2178,47163.8079,11377.7763,22284.1663,18674.1984,0
2179,48739.6382,10800.2378,23849.9382,17681.1877,0
2180,49473.8123,10994.0369,25217.6397,16659.7002,0
2181,49091.8373,10944.1915,25192.4838,16442.481,0
2182,48708.8723,10552.7807,25425.1668,16615.5407,0
2183,46085.05,9767.5435,25579.1536,16802.247,0
2184,43559.8339,8778.9009,23733.8651,17161.496,0
2185,41558.8932,7365.2183,21903.8457,17458.6038,0
2186,40301.6262,5063.641,20983.3437,18100.3911,0
2187,39191.7768,4242.5273,19851.3524,18569.2991,0
2188,38784.7196,3879.8067,19046.6001,18839.9178,0
2189,39166.2557,3785.2947,18349.7996,19011.1889,0
2190,39984.3675,5339.7718,17881.4515,19106.0408,0
2191,41080.4064,7504.4959,19440.2604,17153.3769,0
2192,44245.7895,9476.1997,22724.009,13795.0824,0
2193,45002.045,11108.1113,25147.9932,13875.8807,0
2194,46110.8593,11447.3326,26014.0518,13769.0234,0
2195,48465.1629,11600.0665,26100.2852,14528.7582,0
2196,50051.2925,11840.3945,25041.4329,14818.3409,0
2197,50769.6717,11433.0612,22517.374,14930.3759,0
2198,52752.9497,11757.4556,21357.9124,16792.2073,0
2199,53269.8562,12142.8373,19742.7934,19076.882,0
2200,53621.0994,12761.3607,17642.8813,20889.4356,0
2201,54152.7525,12374.3686,16262.5639,21600.744,0
2202,52766.8493,11846.3994,14595.856,21915.3055,0
2203,52758.5168,12062.457,16546.431,21521.7706,0
2204,51628.06,11784.3198,18491.4543,21490.1808,0
2205,51318.1504,10516.0286,19770.6905,21358.4789,0
2206,51649.3626,9990.1142,20391.4007,20833.802,0
2207,49385.5989,8871.5649,20651.3736,20736.7215,0
2208,45009.8286,8008.7403,20705.3803,19680.9987,0
2209,41586.5681,6137.1431,21005.6495,19140.209,0
2210,40028.3543,4190.8218,21853.2853,18426.1308,0
2211,38320.0444,3703.0686,21603.3664,18211.4163,0
2212,37377.2003,3531.9735,21202.2877,18134.5131,0
2213,37482.0215,3540.7174,21001.4497,18143.9038,0
2214,39030.992,3969.1124,21215.9585,17910.4959,0
2215,41525.539,5654.77,21595.53,16369.1088,0
2216,44277.2869,8915.9719,21778.7119,15269.1682,0
2217,48560.7408,10631.7354,24036.1946,13866.743,0
2218,49868.9653,11308.7337,24963.7597,13917.8787,0
2219,51879.0778,11372.6778,24334.5575,14571.81,0
2220,52635.6963,10967.2255,24773.7204,14817.6204,0
2221,52527.8072,9614.4048,23198.6667,15228.5375,0
2222,53225.0081,10632.9168,21248.2677,17882.2369,0
2223,53606.8918,11411.2251,20465.1777,20101.0821,0
2224,53870.223,11231.9317,19837.0733,20255.7608,0
2225,52976.8217,10661.31,19263.6543,20718.5792,0
2226,50888.7313,9989.4454,18726.9632,20587.3635,0
2227,50754.3894,9684.257,21973.6011,19948.8443,0
2228,51175.6322,9412.7891,24606.1211,17709.9428,0
2229,50612.8293,8818.1973,26053.5198,16432.5634,0
2230,50394.1383,8415.1672,26614.4615,16335.1848,0
2231,48319.6318,7981.0027,26484.2105,16385.6264,0
2232,45711.2271,6659.4759,25658.0676,16455.4764,0
2233,42485.9127,5383.9753,25580.94,16205.5993,0
2234,40683.7145,4354.3467,24877.0214,16547.4166,0
2235,38694.7462,4255.8362,23929.0007,16689.7918,0
2236,37550.2325,4477.0946,23223.2935,16749.8078,0
2237,37504.7882,4781.0719,22472.9582,16858.3778,0
2238,38619.4699,5573.6879,22075.427,17271.7138,0
2239,40890.2527,7656.9218,22095.1687,16004.7228,0
2240,44335.3658,9038.0059,23825.3246,14269.0262,0
2241,47523.6971,10463.5542,25366.2893,13423.872,0
2242,48730.8822,10845.8548,25947.3852,13180.8545,0
2243,49728.7791,10777.9045,26262.6892,13932.1325,0
2244,50407.7002,10591.3753,24858.1476,15073.7719,0
2245,48764.7831,10411.1953,23330.8229,14772.2784,0
2246,50319.8476,10060.0005,22381.7737,16239.6333,0
2247,50245.525,9222.3846,21405.7767,19266.5231,0
2248,51345.2137,8060.7296,20245.1249,20459.8614,0
2249,50554.2983,7981.292,19160.0024,20607.2889,0
2250,47895.3211,7885.8945,19381.7866,20993.8487,0
2251,49300.9429,7561.191,21438.1695,20190.4604,0
2252,49269.1397,7366.7,22527.2289,19029.4522,0
2253,48579.1108,6402.3256,23796.3979,17690.4827,0
2254,47810.8477,5809.2936,24423.2912,17570.2175,0
2255,45728.8062,5624.3297,24393.5197,17464.1082,0
2256,42993.9213,5359.5267,22330.3333,18172.4279,0
2257,41529.0414,4605.4965,20661.7257,18421.0741,0
2258,39164.3978,3629.6007,20261.7195,18539.6475,0
2259,35620.266,3636.6583,21189.2846,18265.2679,0
2260,34035.7919,3751.3905,21846.9625,17223.5943,0
2261,34123.4432,3845.5582,21327.6019,16540.0268,0
2262,34297.175,3851.76,21096.5942,16526.8191,0
2263,34611.3845,4607.2477,22394.4556,14239.7816,0
2264,37754.5003,4957.1214,23698.3648,12090.0538,0
2265,38971.5458,6971.9331,22795.0052,12090.6313,0
2266,40095.8052,7720.1982,22299.9326,10975.943,0
2267,41263.0361,7460.9667,21201.0315,11052.4293,0
2268,42347.1752,7368.0376,19932.0693,11399.5508,0
2269,42868.7391,7211.8486,18414.6193,11523.6011,0
2270,42466.6253,6986.8546,17750.1918,11566.357,0
2271,42475.6794,6376.0125,17429.5605,12096.3337,0
2272,42455.1006,5637.5473,17414.2892,13571.8143,0
2273,40696.1258,5250.7609,17981.9805,16920.7808,0
2274,42694.4617,5088.9652,18213.4777,18769.696,0
2275,44672.7435,5949.2389,20526.5973,20522.4965,0
2276,43082.2601,6315.8326,23840.322,18250.3354,0
2277,41014.4757,5643.5676,25448.852,16535.4156,0
2278,39171.2552,5053.8488,25907.5586,16158.8636,0
2279,36334.5103,4289.2014,26180.2849,16073.5234,0
2280,34083.5451,3531.3696,26188.2313,15615.2777,0
2281,32543.3735,3111.8846,25437.0171,15079.6668,0
2282,30902.2098,3135.8734,25028.0899,14072.9083,0
2283,29122.3559,3050.0371,24586.4421,13983.4035,0
2284,28822.332,2904.9295,24160.2592,13353.1233,0
2285,29040.5819,2798.4759,24152.5394,12275.9967,0
2286,29133.9851,2756.6275,24464.418,11663.5739,0
2287,28747.7597,2949.3376,23772.7523,11379.5231,0
2288,29305.3365,4135.9648,22527.2432,11109.5116,0
2289,32165.2034,5346.2673,19954.9614,9871.6893,0
2290,35443.2518,6324.505,16724.697,9296.7457,0
2291,36985.1306,6785.8824,15973.0065,9641.4098,0
2292,38290.9296,7229.552,15713.1304,9650.7642,0
2293,38176.2623,7319.0821,15794.6943,9578.9265,0
2294,37230.2854,6940.6568,15628.0707,9532.1556,0
2295,36265.5942,6816.2831,15681.6264,9765.2445,0
2296,36370.9071,6347.0066,15954.8334,11229.0475,0
2297,37071.2419,5367.032,17244.5614,13297.361,0
2298,36974.1416,4780.7034,21092.8971,16268.2685,0
2299,41911.0219,4729.1948,23734.9266,16791.0611,0
2300,41832.0782,5088.3855,25295.2447,15922.7222,0
2301,40483.0536,4728.2686,26105.1626,15478.8326,0
2302,39077.863,4281.222,26632.9976,15449.5022,0
2303,37045.9045,3937.307,26279.1177,15213.6435,0
2304,34662.3453,3723.5385,25162.456,14835.5075,0
2305,31475.6992,3659.4921,25704.338,14042.5175,0
2306,29434.5238,3596.0111,25737.8946,13731.9028,0
2307,28508.3755,3621.1219,25431.9923,13404.3448,0
2308,27710.1264,3733.8917,25424.2692,13113.2529,0
2309,28307.1536,3785.9481,25261.8289,13167.2123,0
2310,31322.1117,4420.0871,24752.8578,13194.291,0
2311,34796.6916,5936.8441,24674.958,12988.6273,0
2312,38598.6128,7124.9871,25392.8378,12216.2986,0
2313,40613.2452,8765.4182,26162.4363,11250.2313,0
2314,41998.2068,9950.3393,24494.9507,11278.4815,0
2315,44170.0204,10710.6769,23067.4224,11702.1795,0
2316,45971.0163,10854.8066,22190.003,11936.2012,0
2317,45533.3582,9821.3698,20826.1823,11844.9606,0
2318,46219.1455,9920.1509,20862.0797,13069.8832,0
2319,45325.3999,10095.7472,20461.4014,16701.0811,0
2320,45033.197,9894.7893,18688.1717,19871.7046,0
2321,45964.7903,9800.8361,16572.1556,21612.7087,0
2322,44308.5698,9575.2954,15990.3722,22161.7913,0
2323,46483.8693,9363.5036,19173.506,20801.3036,0
2324,47343.6018,8949.3635,20877.5391,19782.1217,0
2325,46499.101,8110.6784,22355.8852,18982.0939,0
2326,45632.9676,7448.0098,23576.8412,18038.0211,0
2327,41838.7475,6700.8348,24589.0194,17486.4954,0
2328,38285.9334,5565.8009,24655.323,16552.6878,0
2329,36290.3992,4419.459,23039.7409,16650.6197,0
2330,32422.874,4036.3301,24196.9079,16321.7538,0
2331,30404.9251,3924.7362,24657.4031,15876.5618,0
2332,29709.1124,3850.6248,24557.1381,15527.8431,0
2333,30101.852,3997.7597,24218.9585,15503.7179,0
2334,32752.1414,4451.9794,23716.6248,15681.3833,0
2335,36335.5806,5706.3336,24188.0045,14312.9899,0
2336,38721.3101,7831.6799,25405.4295,12687.026,0
2337,41792.9501,9255.1437,24722.4923,12186.6712,0
2338,43260.7593,10842.0488,23120.7273,11972.2328,0
2339,45498.8369,11275.8734,22700.3887,11882.9227,0
2340,46498.2947,11373.8174,22840.3065,11974.1072,0
2341,46886.5507,9956.8293,21484.9679,12288.4058,0
2342,47954.6595,10826.7203,20543.0258,14229.1226,0
2343,47482.2502,10854.5041,19480.7855,18008.782,0
2344,46794.8525,10538.1804,18894.1533,19991.5331,0
2345,47327.0941,10370.4832,18130.5168,20407.0394,0
2346,45785.091,10090.7785,16963.5356,20900.1221,0
2347,47029.9687,9362.6654,21365.1405,19768.8359,0
2348,47908.1669,8536.0803,24512.5573,17018.3035,0
2349,47082.3925,7549.8104,25919.4606,16251.2394,0
2350,46211.2893,7260.2574,26432.461,16161.1318,0
2351,43353.5047,6160.8668,26748.9618,16043.5858,0
2352,40346.977,4788.8698,26150.839,15863.5543,0
2353,36320.4864,3885.2792,26422.3355,15517.3447,0
2354,33820.7463,3645.543,26180.4961,14912.8023,0
2355,32051.3787,3541.01,25418.1466,14852.0592,0
2356,30762.6143,3536.1447,25165.0707,15128.3198,0
2357,30915.7915,3534.5827,24816.4477,15511.8139,0
2358,33883.1768,3583.8847,24229.9299,15597.1453,0
2359,37437.9918,4831.2913,24438.9574,14429.7835,0
2360,41031.4751,6585.1049,26346.892,11652.4705,0
2361,42351.0197,8840.3667,27441.3293,11506.5159,0
2362,43685.4022,10127.436,26785.4708,11522.2448,0
2363,45832.875,10678.481,25467.6697,12550.4401,0
2364,48433.0429,10750.6498,23221.5412,13649.5502,0
2365,48305.5353,9979.4035,21913.7644,13586.4883,0
2366,48602.1822,10071.6968,20791.6445,16259.0835,0
2367,48861.2102,10251.0529,19686.5636,19127.8296,0
2368,48654.749,10399.9302,17976.7467,21262.3587,0
2369,49257.1068,10251.758,16501.8293,22202.7971,0
2370,48070.5797,9191.8475,16069.0409,22957.2937,0
2371,49310.9859,9272.384,19392.1651,21881.8985,0
2372,48084.1009,9024.0788,22555.7948,19801.0241,0
2373,47560.9464,8008.0737,23256.0031,18989.4397,0
2374,47310.1387,6833.0724,23341.5952,19646.484,0
2375,43941.9398,6181.6865,23205.4768,20044.8974,0
2376,40608.887,5193.5114,22081.6618,20136.9685,0
2377,37177.8451,4481.7344,20840.8167,20100.8478,0
2378,34421.024,4573.7846,19588.2324,20112.6453,0
2379,32894.7575,4487.2619,18617.8531,20292.2995,0
2380,32170.622,4492.2702,18166.6111,20314.0091,0
2381,32980.1208,4199.261,17394.9897,20662.9874,0
2382,36139.4891,4397.5283,16334.2245,20847.7082,0
2383,38470.7939,6369.4499,16287.3007,20578.5547,0
2384,40434.6206,8372.463,18545.8988,19276.5859,0
2385,42535.4204,11134.2506,18540.5539,18394.1318,0
2386,44692.6656,12203.2691,18237.7096,18755.5137,0
2387,46794.8701,12157.4255,17907.3972,19500.0278,0
2388,48157.0903,11976.2874,17369.3091,19383.8931,0
2389,47973.0064,10438.2366,17475.5757,17454.2687,0
2390,47990.3732,10863.0962,17149.3366,18306.4365,0
2391,47851.3651,11265.4388,15273.434,21562.0779,0
2392,47792.8198,10648.9262,13773.1143,23866.2963,0
2393,49697.2036,10135.6618,12087.1982,23833.6175,0
2394,49612.7577,9979.3485,10844.8461,23413.4274,0
2395,50395.1074,10511.7826,13072.9753,23071.7729,0
2396,49292.3244,9375.355,15296.0368,22952.2249,0
2397,49004.5985,7161.5247,16381.2946,23158.9787,0
2398,48502.0954,6583.1986,16452.0576,23157.1175,0
2399,46733.3449,5588.9394,15456.045,23255.7908,0
2400,42419.8511,5137.8789,15331.1587,23075.8473,0
2401,39507.5527,4499.6149,14092.1957,23002.7864,0
2402,38124.4919,4339.0996,12365.5565,23002.3574,0
2403,37478.6896,4074.5342,10822.0706,23099.5677,0
2404,37013.1146,3999.3536,10320.5542,22991.2606,0
2405,37688.7236,3856.9421,9569.4753,23016.1206,0
2406,39741.6118,4594.9794,9260.339,22967.8229,0
2407,39838.4536,6221.9553,11307.9692,22917.9665,0
2408,41995.3688,7923.9072,12989.3478,21652.3659,0
2409,45105.0072,10228.9231,14413.9622,19123.3097,0
2410,48062.1097,10578.6989,15157.6524,15728.6019,0
2411,48384.8739,11474.1198,15945.9355,15478.7886,0
2412,48689.938,11997.7374,16864.7083,15123.6514,0
2413,48163.3108,10943.7394,17420.6131,14157.6699,0
2414,47489.9304,11374.2068,17409.2424,16622.8909,0
2415,48117.5728,11225.9268,17095.7666,18007.0451,0
2416,48169.8855,11471.7394,15122.6119,18724.3309,0
2417,47674.7128,10335.0951,12530.0879,21169.9279,0
2418,47823.4218,9926.7344,11887.8804,22742.3768,0
2419,51073.9614,11045.8722,12024.1451,22732.6825,0
2420,49894.7119,10355.972,13673.8151,23127.3823,0
2421,50190.965,8246.0103,13760.5501,23181.4792,0
2422,49718.4567,7396.7047,13724.5493,23181.4825,0
2423,49077.2722,5655.551,12687.4209,23378.5618,0
2424,47856.9696,5355.1432,10877.7449,22682.7821,0
2425,43787.2666,5206.8467,10672.7214,22478.3823,0
2426,40464.6605,4983.2222,10852.743,22254.1352,0
2427,38160.0263,4864.1285,10675.9224,22415.107,0
2428,36887.4462,4803.3381,10365.6531,22412.6111,0
2429,37464.185,4835.0148,9685.3537,21858.8755,0
2430,37871.0277,4743.5069,9609.6088,21721.37,0
2431,38374.7298,4695.9143,10299.2285,21352.3244,0
2432,41185.6819,5906.2212,13245.5389,17118.2528,0
2433,43223.8642,7024.5901,16048.9197,13995.5629,0
2434,44804.3508,7599.856,17542.8506,11510.1569,0
2435,46431.407,7827.0907,18619.0257,10273.8229,0
2436,47694.2389,8103.1302,17583.8817,10648.2948,0
2437,47519.9153,7882.8959,16697.6667,11163.1487,0
2438,46549.9793,7572.972,16120.1392,12857.7669,0
2439,45992.5862,7567.9263,14413.0965,14617.0453,0
2440,45151.9904,6972.2576,13501.7641,17367.8703,0
2441,44172.7638,6695.8144,12814.4489,20239.1002,0
2442,44440.6446,8361.8799,11220.6259,23059.3924,0
2443,48584.2841,10461.5852,11976.6262,22749.1726,0
2444,47555.3298,9937.5496,12431.8942,22751.9578,0
2445,46414.6991,8303.6404,13607.3597,22778.5206,0
2446,44018.095,6346.0804,14520.4587,22500.4549,0
2447,42551.7587,5045.3172,14374.2511,22346.9444,0
2448,40511.8879,4503.6354,13248.4264,22943.657,0
2449,38788.7357,4215.3892,12428.7834,23446.4527,0
2450,35809.0634,4025.2839,12322.6411,23468.3284,0
2451,32576.4571,4281.1747,12964.2997,23417.2246,0
2452,31174.5577,4162.2361,13907.0679,22324.0138,0
2453,30983.0774,4035.4567,15208.9971,20350.0561,0
2454,31313.4767,3890.084,14494.59,20131.2661,0
2455,31427.638,4232.3039,15751.2564,17386.6715,0
2456,35098.3325,4796.1969,19081.0631,10545.4272,0
2457,37430.1587,5314.694,19160.4446,9555.678,0
2458,39304.5873,5886.7149,17782.4614,9659.1341,0
2459,40668.0516,6630.1136,16767.8951,9895.8244,0
2460,41467.6086,7414.3256,16968.4306,10066.6236,0
2461,41822.7942,6715.7607,17387.7726,10001.3826,0
2462,40223.2182,6178.0081,18094.4742,10250.6888,0
2463,38377.0178,5924.16,18951.6976,11007.9189,0
2464,36199.3698,5803.7892,20049.1445,12420.3321,0
2465,35975.4791,5794.5382,19474.334,15305.4979,0
2466,38660.8739,6315.5081,18306.2451,18493.3694,0
2467,41213.4712,7994.58,20506.915,19738.5045,0
2468,41621.7252,7388.0576,21522.9047,19068.4439,0
2469,41576.5603,6610.7789,21404.4666,19012.6222,0
2470,41331.1756,5925.0829,20942.5887,19416.4806,0
2471,39911.3231,5476.7845,20313.3755,19834.4157,0
2472,36934.6538,5225.9251,18766.0264,20537.3641,0
2473,33582.8526,5139.5289,17988.3253,21259.5042,0
2474,31858.2374,5108.0997,18223.6274,20026.5065,0
2475,30930.2092,4895.7205,18450.7664,18677.8768,0
2476,30513.7789,4889.0798,17582.7454,18946.9742,0
2477,31200.2042,4954.4814,16527.6067,19990.5882,0
2478,33714.8988,5381.189,15316.7652,21451.0747,0
2479,35577.1911,7832.6831,16468.551,20566.3953,0
2480,38808.4697,8541.1777,18555.9242,19398.3713,0
2481,42297.6763,10198.727,19699.3621,17512.9911,0
2482,44586.5893,10533.0709,20080.5682,16031.8521,0
2483,47498.6281,10752.0072,19719.2248,15287.107,0
2484,49030.0514,10871.4144,18897.7283,15582.1798,0
2485,46917.3452,10942.2181,18775.0486,14680.9234,0
2486,46929.6245,10675.6133,18441.467,16519.0454,0
2487,46412.7411,10799.0179,18104.3324,19307.2473,0
2488,45264.4126,10432.4209,16907.5742,22798.0346,0
2489,46064.2842,10574.289,14894.8932,23787.8256,0
2490,46503.7683,10533.2018,13560.3259,23557.5483,0
2491,47873.232,10094.733,16343.9749,23147.7334,0
2492,48122.1895,8932.286,17843.3277,23054.2939,0
2493,47928.7182,7917.3754,17694.1523,23158.6773,0
2494,47620.6335,7804.6738,16915.4414,23142.5513,0
2495,46139.2844,6611.2893,15598.7733,23325.6947,0
2496,44479.7793,5485.3282,13135.463,23349.1665,0
2497,41391.3159,4650.3336,11950.8664,23457.1821,0
2498,38108.0799,4586.8713,11804.9371,23378.5244,0
2499,36131.3876,4546.4716,11475.9964,23318.1839,0
2500,35236.9589,4567.9579,11252.1288,23144.0913,0
2501,35072.7762,4602.9115,11849.7104,22751.7301,0
2502,36719.7897,5398.4084,11991.6038,22434.2558,0
2503,38355.5282,6569.398,13395.2808,22163.2136,0
2504,40360.7941,8447.8801,15732.9832,21191.8091,0
2505,40583.1657,10973.072,17986.8568,20218.5247,0
2506,43486.6696,11940.9917,18433.6075,17386.7914,0
2507,45769.7174,11956.9274,18471.6895,16871.9518,0
2508,46564.6973,11978.582,18868.4573,16239.6399,0
2509,45504.4942,11193.732,19457.8175,14975.6101,0
2510,45821.7265,11184.2599,19446.6943,17394.7851,0
2511,45444.8654,11942.117,18917.0982,19380.834,0
2512,45516.5942,12009.2203,17082.1794,22523.5065,0
2513,47176.8528,11545.3459,14795.7931,23749.5005,0
2514,47491.7586,10800.0266,13706.8679,23448.8683,0
2515,48446.4673,10411.962,16262.84,23120.482,0
2516,48183.0492,9803.7192,17386.3415,22773.2736,0
2517,48297.2754,8400.3447,17470.7588,22601.4624,0
2518,48200.724,7594.7608,17134.733,22765.9047,0
2519,45303.2041,6635.8149,16773.7647,23087.3247,0
2520,42362.7127,5736.4428,15015.2145,23281.2657,0
2521,38279.978,4409.3995,15334.0154,23311.0361,0
2522,35229.3821,4135.9538,15077.2798,23322.5872,0
2523,34052.0983,4030.5199,14496.9704,22987.2951,0
2524,33439.978,3985.2747,14369.8368,22581.5887,0
2525,33010.2003,4372.8322,14511.7687,22542.179,0
2526,35078.7404,4906.165,15002.8219,21867.3037,0
2527,36835.612,6886.1166,17406.5628,19767.0385,0
2528,38265.8925,8906.5636,21522.325,17255.9585,0
2529,41140.0473,11257.4726,24416.9992,14667.0612,0
2530,42057.9577,11932.2588,24295.8529,14617.7339,0
2531,44288.288,11917.9027,23438.9265,15004.0198,0
2532,45418.3895,11536.4535,22331.8172,15215.2572,0
2533,43903.2242,10826.5333,21226.5889,15010.3327,0
2534,44578.7727,11224.2108,20633.6229,16609.6722,0
2535,45654.1481,11594.5841,19753.8539,18046.8915,0
2536,46151.6154,11011.2376,17971.0377,20589.1202,0
2537,46641.1352,10550.2078,16285.0974,22833.0333,0
2538,48149.7104,10024.0943,14341.3688,22657.7703,0
2539,49771.8683,9249.218,18036.2204,22332.7588,0
2540,49017.9547,8578.7152,19895.4866,21745.1201,0
2541,47705.2477,7703.8511,20741.5296,21228.614,0
2542,46439.305,7310.2557,21084.261,21550.6577,0
2543,43792.3926,6703.0139,20479.0905,21895.2767,0
2544,41005.4128,5500.4444,18974.659,22132.5192,0
2545,37881.1345,4677.0922,17897.33,22021.2608,0
2546,35372.5317,4352.667,18274.7081,20404.6348,0
2547,33549.3763,4160.4827,18898.9889,19182.0365,0
2548,32392.3446,4105.4959,18979.2702,19035.4802,0
2549,32326.459,4363.7011,19302.1961,18442.6198,0
2550,34185.6823,5108.9269,19267.2931,17918.6744,0
2551,35575.3013,6026.823,21880.8161,16671.7551,0
2552,37405.1513,8666.449,24949.5345,13490.5815,0
2553,38446.1473,11238.4866,25696.5599,12751.6994,0
2554,39853.198,11673.75,24681.2357,12891.5149,0
2555,42826.6432,11642.5771,22541.222,13352.3203,0
2556,45086.5173,11560.4082,21171.0059,14066.2291,0
2557,45856.7802,10102.3153,20628.5563,13677.8213,0
2558,45404.5537,10339.3708,20696.4461,15088.3106,0
2559,44826.342,11039.2854,20803.0548,16689.2396,0
2560,44864.5934,11054.7855,19701.3344,19423.7802,0
2561,46219.4414,10821.6273,17974.2552,21263.4873,0
2562,46435.7586,10791.5731,16994.3136,21664.7684,0
2563,47537.3261,10864.4624,19878.8425,21521.181,0
2564,46182.5254,10171.0246,22137.0908,19915.9356,0
2565,45476.9403,8450.2946,23659.3522,18353.0699,0
2566,44878.6855,7656.4312,24151.9707,18042.2176,0
2567,43152.5688,6810.5059,24284.3425,17920.0714,0
2568,40612.9779,6132.9972,23488.4507,17838.5834,0
2569,36893.9153,5131.2404,23247.0722,18278.6263,0
2570,33090.2605,4873.1001,23649.3587,17677.429,0
2571,31529.9886,4808.0175,23805.6511,15960.4654,0
2572,30760.719,4908.3309,23794.5664,14557.8675,0
2573,29795.9409,4959.8835,24158.7379,13884.1197,0
2574,29488.0861,4694.03,23874.5969,13437.688,0
2575,29927.5801,4868.347,23105.9862,11789.2753,0
2576,32264.5499,5529.733,23412.1107,8871.7849,0
2577,34241.35,5508.6878,22173.547,9211.6992,0
2578,37481.3208,5800.4056,19240.9239,9402.437,0
2579,40502.7348,6226.0726,16745.1427,9647.5665,0
2580,41637.926,6616.379,17237.0792,9799.8384,0
2581,41596.2503,6689.9811,17703.1822,9796.2799,0
2582,39229.014,6271.4355,19179.4735,9992.9973,0
2583,36345.496,5708.6447,21876.5393,10360.6877,0
2584,37318.7023,5156.8352,20688.2181,11377.6784,0
2585,38650.8188,5381.4585,17306.4848,15333.0188,0
2586,40403.6908,5860.7758,15070.1287,19880.2857,0
2587,42666.9749,7323.085,17520.4887,21078.5069,0
2588,40404.639,7736.6212,19542.3217,20751.94,0
2589,39627.0754,6978.136,20171.5107,20315.4875,0
2590,39006.4202,6224.1619,20464.1371,20392.1421,0
2591,37671.7275,5158.362,20621.7473,20423.9288,0
2592,35326.4197,4727.9309,20455.8585,20190.1359,0
2593,33171.7496,4601.9083,20416.8459,18526.5388,0
2594,31787.6383,4230.424,20974.8473,16204.7446,0
2595,30831.0541,4283.8785,20248.3424,15581.3482,0
2596,29774.3765,4471.5528,20206.8119,14991.2103,0
2597,29988.3782,4521.7315,19384.7874,15048.7062,0
2598,30288.5594,4555.6357,18360.7501,15912.7485,0
2599,30385.8291,4562.1114,19567.9022,15231.1159,0
2600,33664.6167,5670.4406,21335.974,11533.3383,0
2601,36597.2695,6867.2439,21965.1685,9406.0769,0
2602,37818.5599,7668.8678,20908.2368,9633.4799,0
2603,40032.3231,8048.8573,20173.0419,9857.0703,0
2604,41965.8019,8394.749,19414.0584,10318.649,0
2605,42056.663,8419.3428,19183.3598,10106.6878,0
2606,41819.5965,7773.8584,18977.3936,9808.3403,0
2607,42089.7653,7386.4065,18675.1092,10516.2893,0
2608,41121.014,6903.5791,18648.3066,12679.0279,0
2609,39718.4128,7139.4906,16524.7148,17607.8166,0
2610,40385.1701,8251.4443,15629.2191,21288.7576,0
2611,41866.3421,9013.8653,20086.2596,21196.4027,0
2612,41087.618,8363.9039,22001.0197,19125.5757,0
2613,40305.2078,6724.4397,22872.7488,17899.7709,0
2614,39217.6477,5217.5607,22869.4862,18054.3275,0
2615,36844.7398,4775.2848,22367.6123,18707.7946,0
2616,34654.9236,4604.7551,21766.8825,18671.0359,0
2617,31773.7761,4541.7053,21607.4914,17718.7285,0
2618,30675.073,4207.0325,20654.4316,16669.0084,0
2619,30495.4133,4036.2663,19295.1715,15960.2454,0
2620,30750.665,3924.6658,18140.2936,15233.0706,0
2621,30905.8607,3933.3833,15791.5582,16655.9745,0
2622,31741.8376,3934.3612,14048.1022,17139.3948,0
2623,31425.2609,3901.1049,14928.5752,15413.4332,0
2624,33756.2731,4592.8135,16202.1343,11567.6374,0
2625,35547.9674,5571.0061,15908.1813,9446.6526,0
2626,36642.7556,6386.677,14388.1485,8912.5608,0
2627,37689.4551,6836.0039,13068.4092,9051.4688,0
2628,39065.6838,7272.0802,12598.9622,9374.3584,0
2629,39439.8136,7531.4459,12435.1579,9703.1275,0
2630,38819.561,7365.4438,11739.9084,10158.0193,0
2631,37582.4625,6862.8065,10638.023,11851.4099,0
2632,37315.9974,5862.7063,10890.6545,13726.1223,0
2633,37583.711,4891.645,9524.8835,19054.8039,0
2634,39992.9035,5556.397,9789.8856,22338.404,0
2635,44098.6359,7198.6442,12101.6401,22287.2606,0
2636,43625.0771,6497.0202,13456.1471,21848.068,0
2637,43494.8822,5007.8138,13709.0965,21787.458,0
2638,43051.8605,4561.0642,13437.3558,21797.457,0
2639,42508.6475,4248.4783,12232.1705,21928.0743,0
2640,41281.3885,4157.9362,10583.4223,21692.9658,0
2641,38375.7429,4079.0728,10252.7051,21474.7973,0
2642,35533.1317,4093.4333,10339.6304,21178.6509,0
2643,33246.5419,4086.7893,10616.5664,21171.9574,0
2644,32000.4971,4176.3315,10464.8159,21137.6957,0
2645,31914.2329,4232.2214,10014.5232,21201.1129,0
2646,32440.419,4169.3718,9537.6127,21396.4784,0
2647,31712.4522,4138.8963,11159.3339,20359.2455,0
2648,35284.645,4852.3178,13360.7342,14729.1243,0
2649,38001.5251,5915.1246,15072.3166,10909.4634,0
2650,40633.5127,6128.947,15448.3989,9191.8992,0
2651,42085.0496,6897.693,14452.8032,9861.4912,0
2652,42661.6619,7397.6386,14926.7877,9962.6175,0
2653,42640.8444,7535.1837,15473.9519,9485.9039,0
2654,41709.7549,7136.7549,16457.2617,9667.8989,0
2655,40287.5836,6480.4003,15470.9962,12630.8655,0
2656,39269.3345,5908.2364,14205.0502,15939.3927,0
2657,40952.318,5722.8919,11762.4254,18498.0345,0
2658,42885.0741,6461.9709,11120.2553,21646.7185,0
2659,45839.4222,8148.9705,13918.9523,21805.3385,0
2660,44852.2877,8229.0274,15699.8523,21496.3331,0
2661,42108.726,7737.6772,17381.7974,21287.8644,0
2662,41422.0543,6325.9064,17807.5722,21301.1898,0
2663,40612.4554,4410.406,17372.1163,21146.6332,0
2664,37848.6482,3985.828,16943.2318,20765.2665,0
2665,33934.1145,3673.3345,17080.2423,20800.8251,0
2666,32231.6236,3554.9107,17359.2958,19356.4404,0
2667,31917.5505,3803.0828,16351.1183,18430.5869,0
2668,31617.3803,3992.8405,16341.0533,17593.9709,0
2669,31911.6622,4077.1225,16156.3105,17583.5803,0
2670,32732.5482,4633.7247,16217.1394,19057.3922,0
2671,34366.9128,6242.0996,17424.1364,18884.5899,0
2672,37759.678,7733.6578,20033.0031,15493.8872,0
2673,40652.458,9266.8268,21180.5726,13023.3774,0
2674,43599.8178,10000.8304,23177.8437,9578.3149,0
2675,44639.5642,11915.0042,22867.6206,8650.8312,0
2676,45074.359,12455.9259,21634.0861,9654.1181,0
2677,45047.178,11286.2079,20744.3918,9430.3088,0
2678,47078.8835,10718.8334,18758.2637,12000.659,0
2679,47254.7493,11037.8543,17882.4624,13872.2859,0
2680,45637.3863,11451.2178,17533.8075,15922.3955,0
2681,45503.8507,11533.6023,15565.4125,19620.8815,0
2682,44550.3366,11032.7668,14960.3553,21378.434,0
2683,45707.3914,11023.7259,18049.647,21349.8032,0
2684,44625.6756,10576.3845,19316.5588,21332.4628,0
2685,43780.0396,9397.399,20118.2201,20994.5406,0
2686,42994.0192,8839.9784,20171.8264,20847.189,0
2687,40734.2837,7411.4304,20095.1058,20754.1719,0
2688,37091.9604,6031.696,19128.5831,21796.5902,0
2689,33990.3003,4754.1802,18245.8397,21626.8833,0
2690,31559.4257,4551.162,17874.824,21119.6337,0
2691,31029.1861,4312.286,17891.0325,19485.3571,0
2692,30973.2764,4523.5443,18774.1323,17287.3459,0
2693,30863.2148,4730.671,18856.0603,17180.2191,0
2694,31031.1551,5670.7211,19678.1915,17822.2242,0
2695,33216.0323,7490.1849,21226.5328,16044.3481,0
2696,36882.758,8916.589,24446.2878,12209.9131,0
2697,39075.8313,10301.9774,26210.0047,9961.5285,0
2698,38965.4562,10722.7065,27088.8376,9827.983,0
2699,39509.3798,12425.6143,25572.4106,10241.9042,0
2700,41014.1864,12817.7192,23524.7804,11304.8595,0
2701,41669.8942,11164.1607,21911.4753,11752.9731,0
2702,42752.5593,11217.6988,21042.3785,13617.4874,0
2703,42484.0647,12159.3527,20484.7423,15668.9786,0
2704,41781.8929,12209.2421,19556.9792,19097.188,0
2705,40940.7317,11934.3763,20011.7247,20641.8993,0
2706,40909.1661,11287.8997,19575.0885,20525.1596,0
2707,43322.3516,11767.6922,22433.7025,19366.7364,0
2708,43261.9209,11177.4399,23602.2776,17956.9643,0
2709,43276.3353,10071.8178,23424.7552,17549.125,0
2710,43209.7083,8823.7369,22886.5351,17874.9549,0
2711,39282.7644,8341.0745,22560.9846,18778.1451,0
2712,37521.4081,6254.7188,21095.6911,19236.0861,0
2713,35180.4871,4698.7336,20847.0713,18574.7111,0
2714,33547.6251,4545.1318,21421.2801,16040.112,0
2715,32913.4454,4179.9494,21134.9039,15057.207,0
2716,32544.5758,4088.6538,21282.3413,14159.2693,0
2717,32390.2073,4267.4995,21395.341,14203.9161,0
2718,32750.6575,5147.3895,21423.457,15681.0544,0
2719,34738.4642,7022.9907,22788.6516,14793.7977,0
2720,37126.8898,8871.4153,25524.7806,10786.3558,0
2721,38987.6278,11152.8615,27271.2506,10271.4953,0
2722,40194.1507,12442.9228,27064.3109,10326.591,0
2723,41719.9101,12830.0216,26656.8962,10965.3269,0
2724,42726.2792,13122.3092,26295.9521,10798.7979,0
2725,42871.7641,11848.3431,24733.8982,10835.3982,0
2726,43987.8285,12977.6383,22412.6606,13266.5016,0
2727,44766.4547,13209.8054,20902.0669,15830.793,0
2728,43293.1818,13246.0251,19016.9309,19306.7798,0
2729,44285.758,13028.7256,16721.9668,21846.5687,0
2730,43928.7717,12719.9908,16579.6301,21829.8872,0
2731,45150.6957,12597.6576,19488.1302,21321.4958,0
2732,44084.8386,12204.148,20295.9218,20431.4396,0
2733,43802.4136,10740.1811,20826.5068,19631.9948,0
2734,42589.7351,10150.8858,21265.2385,19920.9659,0
2735,39707.6537,9332.235,20809.2115,19925.7278,0
2736,38022.3679,7587.4018,20217.3521,19891.3044,0
2737,35847.3907,5085.6707,20633.2412,19730.6296,0
2738,33255.6268,4897.3243,20320.7257,18587.1279,0
2739,32479.0719,4724.3647,19496.477,18120.1108,0
2740,31968.5036,4651.3412,18682.2394,18351.7565,0
2741,32263.1012,4786.3376,18791.5046,18085.9393,0
2742,34408.9944,5421.0904,18624.1814,18112.5373,0
2743,36077.283,8286.5035,19395.409,17934.5925,0
2744,39208.3219,9724.946,23216.6583,14394.5021,0
2745,41175.959,12279.179,25577.3881,12325.7926,0
2746,44279.0051,12766.3151,25277.2608,11457.4449,0
2747,46446.1008,12753.7091,23678.1853,12387.2529,0
2748,47720.6488,12892.7249,22529.7292,12775.7234,0
2749,47257.7512,11553.6267,21829.8333,12670.2906,0
2750,47438.3228,11914.8931,21065.0396,14125.5862,0
2751,46152.0554,12076.5128,20189.5617,17281.3971,0
2752,45100.4741,11868.1948,18811.0461,19721.9704,0
2753,44342.4003,12163.5437,17654.0122,21292.8045,0
2754,44088.3674,11096.8979,17268.2499,22802.2014,0
2755,45464.6313,11266.0207,20532.6704,20983.2403,0
2756,44172.9805,11260.9035,21685.2878,19648.3694,0
2757,43388.5683,9552.6376,22596.299,18855.9426,0
2758,43130.3631,8564.325,22007.4514,19386.5386,0
2759,40999.1351,7563.4911,21401.3437,20087.5576,0
2760,39378.8604,6431.6549,19565.2457,20539.1846,0
2761,37468.5256,4909.1141,18226.9131,20821.8769,0
2762,34990.1035,4690.0381,17459.4156,20875.9375,0
2763,33629.0746,4651.4996,16975.0042,20137.0367,0
2764,33560.2355,4512.5894,16526.3527,19269.5492,0
2765,34246.0558,4343.3665,15822.8103,19103.7198,0
2766,34608.3496,4917.6578,14344.9427,20055.1516,0
2767,34882.463,5626.1194,16147.2047,18145.743,0
2768,38046.3369,6785.4864,19046.5891,13108.4976,0
2769,40274.399,7904.1765,20812.781,10652.6398,0
2770,41604.8864,8510.0213,19912.7324,10998.4842,0
2771,43421.3747,8565.9046,19369.3445,11169.1052,0
2772,44166.6016,8967.3001,19190.3624,11186.901,0
2773,43517.1099,8848.9038,19110.1625,11168.4144,0
2774,43622.6912,7936.0215,19342.8829,11360.041,0
2775,42893.0007,7174.563,19151.825,12764.0623,0
2776,41882.5044,6655.6413,17953.6357,16197.5957,0
2777,42705.784,6535.5147,15156.6888,21030.1168,0
2778,43819.3833,8269.1961,14986.191,22523.094,0
2779,45007.3261,10337.4986,18858.9093,22042.5315,0
2780,43046.7983,9754.8715,21491.0762,19623.087,0
2781,40971.3436,8923.8919,22948.673,18233.9047,0
2782,39791.5837,7627.4583,23335.7916,17802.3428,0
2783,38081.7833,5509.955,23218.4018,18365.2843,0
2784,35588.3957,4921.9401,22783.8952,18394.7731,0
2785,33944.3885,4867.8564,21053.2157,16638.6759,0
2786,33432.2472,4750.669,20012.0404,14923.7803,0
2787,32835.3575,4648.9289,19299.3988,13875.8103,0
2788,31919.5525,4408.7098,19403.9714,13167.5093,0
2789,31440.6961,4361.4505,19466.5768,12772.8007,0
2790,31190.3449,4209.8408,18671.7223,13162.1787,0
2791,31040.1817,4237.0669,18598.2247,13007.5957,0
2792,33383.0695,4821.6641,17845.8951,11637.1233,0
2793,35414.0985,5459.3649,18072.6557,10276.926,0
2794,36770.2049,5941.7413,17577.9681,9729.2327,0
2795,39304.5565,6174.366,15806.3037,9973.7759,0
2796,41550.9622,6659.9742,15065.9311,9927.1216,0
2797,41539.7279,7042.3166,14735.6924,10082.0489,0
2798,40661.8509,6576.8846,14951.8204,10070.6969,0
2799,39239.7214,6286.2701,16138.6137,10556.183,0
2800,38565.1123,6583.0314,16657.3231,12025.9337,0
2801,40639.4835,6637.1437,13614.425,15896.8194,0
2802,43809.3997,6614.4859,12267.8303,19912.3584,0
2803,43369.5636,8674.1292,16318.8872,21269.809,0
2804,40215.5292,8957.8874,19725.1043,19353.8356,0
2805,39555.1057,8170.2005,20715.365,18109.0492,0
2806,39680.2241,6542.3886,20886.4623,18189.1149,0
2807,37598.3223,5795.7658,21023.7027,18509.9684,0
2808,34987.1236,5681.7321,20546.7493,18079.0786,0
2809,33960.4408,5033.7969,19403.9461,18679.7006,0
2810,33062.8606,4541.2026,17889.8346,18842.7107,0
2811,33015.5661,4646.7652,16832.486,17974.1485,0
2812,33252.4775,4825.4866,16210.1401,17167.8199,0
2813,33927.0371,4919.3067,15320.9628,17797.7481,0
2814,34834.0817,5685.0123,13818.266,20655.6669,0
2815,35984.8819,7951.4952,15023.2126,20589.3809,0
2816,38397.5438,10043.5874,16931.959,19342.3703,0
2817,40669.3892,11713.0222,18533.0431,18607.2645,0
2818,44077.1782,12541.9118,19315.7888,15495.7231,0
2819,46882.6116,12483.4963,19869.5024,14911.6484,0
2820,48084.2296,12082.6442,18994.217,15733.3506,0
2821,46804.4863,11269.6639,18133.918,14743.3418,0
2822,47533.2682,11098.0199,17161.5345,16866.4012,0
2823,47817.6633,11211.1076,15193.8303,20384.9096,0
2824,47616.2819,10387.4925,13922.4547,23376.122,0
2825,48284.6551,10922.0826,12849.9778,23912.3291,0
2826,49175.0721,10846.605,11878.7669,23517.8757,0
2827,50686.7944,11847.1276,13164.6031,23316.3403,0
2828,50065.7344,10226.5284,15046.0541,23308.9428,0
2829,48373.5813,9514.527,15879.3426,23324.4495,0
2830,48124.4082,8752.7187,15476.0397,23373.1146,0
2831,46112.77,7579.638,14598.7633,23387.6874,0
2832,44509.2054,5919.6555,12723.315,23331.4664,0
2833,41824.0361,5031.6013,11365.9931,23317.7791,0
2834,40235.6669,4859.9683,9771.9402,23300.5894,0
2835,38267.152,4792.9629,9378.8706,23233.2298,0
2836,37159.8942,4704.3425,9344.5253,23275.0342,0
2837,37322.8449,4967.7375,9057.0293,23235.0591,0
2838,38872.5051,5724.3406,9229.0308,23291.4352,0
2839,39462.4835,7758.6289,11075.0123,23042.7483,0
2840,40446.7074,9573.1669,14663.9581,21032.2057,0
2841,42165.376,11897.666,17012.6121,17868.8334,0
2842,45366.7489,11165.4961,17584.2722,14941.3902,0
2843,47712.39,11661.3002,17425.0857,14194.4704,0
2844,48171.1329,12214.4814,17927.9056,13237.1591,0
2845,46448.3492,11393.4755,17928.0882,12076.1619,0
2846,46555.8038,11379.6012,16864.3145,14393.83,0
2847,46868.4601,11180.7201,16243.6197,17236.2663,0
2848,46478.674,10787.2853,15615.8541,19974.5557,0
2849,46447.3658,11269.7233,13235.1032,23586.8468,0
2850,47967.6659,12114.3924,11423.918,23537.6405,0
2851,50187.1942,13250.7738,12206.095,23363.2586,0
2852,49715.0445,11732.0698,13236.7169,23366.8094,0
2853,48993.8812,10369.5251,13682.2752,23456.6079,0
2854,48798.2946,9923.0835,12938.1538,23441.231,0
2855,45933.5844,8886.2708,12656.8233,23399.5355,0
2856,42743.6207,7207.3364,11771.5543,23267.9491,0
2857,40211.6242,5059.5347,11391.963,23149.5352,0
2858,37366.5897,4658.9004,10979.4102,23156.1605,0
2859,35881.2069,4660.7473,10179.0711,23109.1751,0
2860,34848.5599,4724.7937,10273.6293,22761.5949,0
2861,34534.4956,4698.9118,10807.962,22885.7816,0
2862,36118.4956,5163.5837,11175.1519,23021.5535,0
2863,37205.6487,6543.6646,12948.8711,22882.3463,0
2864,40024.9333,8327.8107,15561.5372,19592.925,0
2865,43404.7922,9528.9227,17797.5391,16211.8484,0
2866,43824.5676,9793.3506,19087.8006,14528.7351,0
2867,44774.2548,10348.5316,19679.1507,13990.6734,0
2868,44024.0845,11864.9652,19612.9989,12985.5165,0
2869,43445.4394,11185.5271,18014.6978,13190.5169,0
2870,43646.1971,10905.5903,16948.2478,16271.5091,0
2871,43703.6743,9998.2993,16786.8063,19701.2277,0
2872,43133.838,10175.8723,17211.348,20414.7955,0
2873,43083.9992,10186.4444,15982.4863,23281.1117,0
2874,43163.0672,9716.85,16375.0015,23528.6051,0
2875,45361.4997,10203.2062,18909.2266,22325.6077,0
2876,44118.6064,9886.4304,20436.8329,20853.5932,0
2877,42253.4288,9254.8115,21587.3955,20006.4601,0
2878,40793.5737,8746.8139,22054.6898,20028.5855,0
2879,37578.7566,7967.0129,21793.1395,20348.7064,0
2880,35529.5204,6151.2517,20848.476,20337.3357,0
2881,33493.0761,4642.9009,19892.5958,19922.6027,0
2882,33182.3206,4378.3124,18363.9709,18329.2109,0
2883,32869.3596,3406.557,17953.0802,17802.51,0
2884,32758.451,3283.7233,18135.7176,16392.0053,0
2885,32363.155,3265.4831,17541.2853,16572.3679,0
2886,32288.1724,3201.7535,17380.1078,16803.6011,0
2887,32704.1462,3705.6932,18443.0059,14117.9555,0
2888,33761.0537,4797.3827,21420.7851,10291.1809,0
2889,35666.9874,5922.8543,20799.955,9300.0281,0
2890,37168.5666,6736.1525,18907.8351,9431.7608,0
2891,38747.4175,7159.9066,17766.2298,9809.9518,0
2892,39683.435,7722.7931,17482.003,10146.9698,0
2893,39457.5192,7648.8258,17493.5398,10159.9487,0
2894,38964.266,7241.9281,18099.9478,10374.9173,0
2895,38432.4347,6424.4125,17494.0414,12077.7624,0
2896,38314.4311,5531.053,17068.3975,14345.6269,0
2897,39040.9943,4981.4215,17002.1643,16213.1618,0
2898,41027.0157,5358.5444,17666.2475,18671.6024,0
2899,42250.3499,8172.9439,20875.6713,19309.4737,0
2900,41995.1576,7281.0683,22020.3841,18036.964,0
2901,41610.8726,5374.0973,22090.2616,17326.8667,0
2902,39690.5278,4325.1769,22586.7675,17607.8122,0
2903,37150.9061,3764.9667,22922.7526,17595.6891,0
2904,34782.0011,3664.9844,22730.7674,16418.5307,0
2905,32236.4273,3624.5935,21866.5018,15729.2311,0
2906,30202.2391,3531.3685,20913.7423,15556.0768,0
2907,29521.9386,3618.6898,19362.0537,15621.5477,0
2908,29516.8038,3413.7774,18595.1601,15782.8352,0
2909,29692.0107,2986.962,19258.8495,15398.3588,0
2910,30094.0002,3832.1778,20202.3558,14774.7204,0
2911,30925.1646,5405.9456,22676.6771,12583.1266,0
2912,34343.584,6597.9012,25786.1428,9666.5536,0
2913,37256.2487,7008.9448,26137.804,9709.2072,0
2914,39549.2988,7378.9639,23966.173,10086.2586,0
2915,41521.5086,7597.8562,22803.7304,10486.4529,0
2916,43390.0874,7879.3198,21537.219,10687.8508,0
2917,43503.2345,7558.3376,20584.3253,10821.7505,0
2918,43186.561,7236.3269,22083.9201,11287.9844,0
2919,41371.5731,7094.9516,23691.0168,13247.1471,0
2920,40596.4416,7098.7367,23960.1285,14731.3155,0
2921,40964.671,7985.6788,22345.9797,16234.1806,0
2922,41001.4462,8798.7658,21428.6237,18617.4956,0
2923,43022.6434,10721.5152,23168.1274,18054.3066,0
2924,42786.6868,8856.6258,24115.6399,17432.0025,0
2925,41895.2655,7158.624,23977.3732,17279.2224,0
2926,40547.3739,6492.5729,23931.2249,17490.9218,0
2927,38405.4176,5479.3937,24239.6374,17159.0386,0
2928,35701.1105,4636.4692,24360.6176,16428.4318,0
2929,32626.6765,4549.226,23867.4656,15264.7143,0
2930,30796.5592,4246.6358,22186.9527,15299.4853,0
2931,29806.5735,3505.7066,21414.0157,15470.9588,0
2932,29536.9866,2993.1583,20955.2387,15169.4873,0
2933,29621.8461,3006.1218,20279.1864,15164.7452,0
2934,30168.0203,3048.342,19933.1803,15148.705,0
2935,30786.6702,3701.8157,20248.0608,13924.2246,0
2936,34014.1571,4772.3764,18282.6347,13329.008,0
2937,37067.6647,5953.4937,17661.7232,11959.3947,0
2938,38869.2161,6752.8285,16201.6349,11770.8745,0
2939,39905.7714,7180.5228,15767.2647,12127.0193,0
2940,40981.6517,7499.1015,15272.7399,12153.3995,0
2941,41146.655,7316.6214,15073.3671,12358.9675,0
2942,40648.6168,6802.5067,15846.1237,12200.6137,0
2943,39166.6099,6019.3276,17694.4009,11983.631,0
2944,38195.3979,5810.0999,18604.4628,12617.5291,0
2945,38650.645,6223.4645,18003.106,14880.4931,0
2946,39857.3021,6447.0582,19336.0662,18171.6821,0
2947,41576.9145,8665.91,23278.2264,18125.4876,0
2948,40688.0859,8152.4674,23575.3342,17158.2829,0
2949,39680.2208,5728.2665,24317.9739,16849.9892,0
2950,38350.4407,4558.1448,24574.638,16518.3205,0
2951,36031.6451,3534.5266,25127.4386,15501.7698,0
2952,34335.136,2957.7075,24320.5952,14925.8285,0
2953,30267.138,3567.1801,23729.2748,15279.4224,0
2954,27709.0693,3698.6521,22921.2478,15302.7963,0
2955,27737.4526,3195.0028,23050.3383,13420.3388,0
2956,27730.3444,3079.0023,22937.9293,12179.6257,0
2957,27534.2353,3261.3537,22435.1501,11676.2954,0
2958,27478.5203,3320.6822,21348.4216,12283.8221,0
2959,28387.3139,3431.3279,21646.1905,10337.2962,0
2960,30602.616,4157.6084,19211.9213,9904.8213,0
2961,32866.2719,5007.068,15585.471,10611.3359,0
2962,35916.1462,5906.3169,10477.3504,12093.5133,0
2963,37370.6773,6592.696,9056.3165,12785.4859,0
2964,38525.1625,7085.8502,9327.5182,13165.2609,0
2965,38188.6032,7101.4647,10001.7258,13078.1409,0
2966,36996.5475,6684.2622,10592.7679,12758.0585,0
2967,36062.1613,5897.2727,12317.2511,12505.7317,0
2968,35437.0786,5226.507,14193.3528,13965.8882,0
2969,35927.364,4870.2225,16756.6487,14935.0905,0
2970,39099.5165,5057.118,18615.5959,17034.3998,0
2971,41959.3625,7167.0511,20572.0273,18401.5007,0
2972,41270.4886,5463.1797,22293.392,17849.9849,0
2973,40030.3772,4666.9205,23018.8189,17309.5296,0
2974,38619.5304,4223.4676,22923.0529,17331.6506,0
2975,36687.5465,4218.951,22308.7799,16775.4323,0
2976,34853.8685,4097.4351,21349.4424,15652.9472,0
2977,32933.8317,3970.2575,20837.9204,14520.9207,0
2978,31553.434,3899.7794,20574.8939,13504.0994,0
2979,30450.123,3978.6615,20855.7547,12655.4769,0
2980,29597.7924,3961.8249,21112.9897,12236.1778,0
2981,29423.9858,4169.6699,21476.3725,12160.6056,0
2982,30478.6537,4646.0865,21225.8255,14157.418,0
2983,32402.4734,6384.191,22728.7302,14249.2581,0
2984,35777.8421,7582.2274,25343.0694,11616.1221,0
2985,38642.2432,9174.2299,25023.2741,11750.3892,0
2986,41000.0371,9493.3498,23549.7119,12015.4199,0
2987,42944.7766,10454.1481,22083.7727,12498.7203,0
2988,43817.5452,11871.233,20102.5638,12899.3843,0
2989,43787.3183,10343.3638,19559.1902,12900.8924,0
2990,44165.2321,10008.3984,21148.9817,13291.5574,0
2991,43731.8893,10815.3595,21203.5109,14806.9284,0
2992,43917.852,10472.1188,21161.6262,16091.2939,0
2993,43767.6393,10533.8772,20237.9771,18885.1399,0
2994,42628.5794,10323.566,19349.2068,20847.1406,0
2995,45565.8071,10609.7277,21601.3028,18950.0608,0
2996,46036.4223,9598.6341,23098.4072,17397.3107,0
2997,45886.4032,8199.8037,23910.9673,16915.2005,0
2998,44878.4325,7290.8055,24944.161,16690.5563,0
2999,42220.6147,6333.7219,25015.1121,15741.9581,0
3000,39404.0361,4729.4632,24099.6041,14966.2557,0
3001,35852.6762,4059.4598,23005.3263,15218.8498,0
3002,33488.3769,3446.7939,22225.5968,15308.3282,0
3003,32243.0449,3397.163,20935.2946,15741.5445,0
3004,31907.6021,3425.4286,20204.3743,15767.6926,0
3005,32337.6548,3532.5763,19822.8437,15993.7448,0
3006,33399.685,4668.4968,19973.3985,16404.0162,0
3007,34725.1289,6885.351,21830.9938,15546.96,0
3008,36573.6107,8758.2385,24967.0223,13117.9752,0
3009,39364.1105,10368.468,25018.1107,11926.3188,0
3010,41269.9111,11417.6535,24356.6301,10590.2929,0
3011,42804.2802,12109.614,23168.7016,10894.9654,0
3012,43848.5586,12346.1976,22086.0827,11474.3156,0
3013,43443.7861,11391.0258,20748.9326,12564.8809,0
3014,44525.9155,11187.8668,20182.5789,14734.9345,0
3015,44190.1416,12400.2087,20036.0809,15961.0077,0
3016,43898.8847,12086.3974,19487.9476,17912.8059,0
3017,42322.8454,11360.6614,20437.593,20490.2676,0
3018,42032.9492,11165.4972,20806.1051,20147.4823,0
3019,45014.2121,11537.6206,22595.331,18574.8211,0
3020,45416.3886,10366.7509,24346.0921,16876.8842,0
3021,45304.3635,9069.4989,25519.0221,15320.3644,0
3022,44216.1027,8561.003,26098.2931,15133.3853,0
3023,41480.5468,7665.5436,25206.4472,15614.6199,0
3024,38236.6534,6233.5405,24070.8798,15789.4968,0
3025,35728.2222,5134.5503,23828.9183,15174.8399,0
3026,33510.1624,4946.1478,23272.3953,14473.547,0
3027,33285.0364,4413.4816,22348.733,13635.0467,0
3028,33989.3675,4397.8209,21608.8939,12581.0267,0
3029,33721.6737,4816.4061,21530.6223,12726.6392,0
3030,33853.9938,5827.3556,21823.296,14165.1741,0
3031,35058.5213,8234.0962,23708.542,12926.6709,0
3032,38291.1276,9702.0209,25845.4592,10068.3374,0
3033,40072.6161,11294.3017,27325.287,8694.07,0
3034,40815.4021,13185.645,25425.5958,9047.9807,0
3035,43219.5808,13289.1429,24409.5005,9544.2457,0
3036,44915.0845,13542.32,23362.8758,9615.012,0
3037,44976.4799,12035.221,22632.258,9690.461,0
3038,44968.2035,12474.0143,23554.6267,11207.8329,0
3039,45213.883,13186.1356,22880.99,12677.5407,0
3040,44714.1882,13328.5284,21418.1935,15212.8328,0
3041,44225.4692,13023.3653,19363.96,19026.8276,0
3042,43508.7598,12788.7694,18323.6988,20577.4294,0
3043,44813.7492,12917.6597,21033.6192,20394.4059,0
3044,44105.0896,11881.2221,22882.5058,18630.1555,0
3045,44333.2527,10823.4665,23986.4636,17098.2911,0
3046,44548.1388,10078.4684,24349.9014,16086.598,0
3047,40958.61,9158.2689,24841.003,16460.5067,0
3048,37643.9866,8036.1633,24243.0793,16323.1915,0
3049,35312.9645,5826.6494,23972.4661,16162.9743,0
3050,33121.2002,5430.9398,23609.8291,15073.4298,0
3051,32168.4143,4619.6502,23413.1667,14598.1605,0
3052,31709.9101,4317.9367,23191.5156,14323.7864,0
3053,31981.4033,4396.2622,22959.7379,14342.0662,0
3054,33347.9784,5550.6231,22962.5869,14518.2323,0
3055,34871.6082,7859.6375,24406.1576,13332.4906,0
3056,38458.9117,9874.1038,26401.8876,9973.2281,0
3057,40421.4151,12134.6731,26325.2979,9360.3807,0
3058,40716.6441,13930.8587,24494.8187,10086.3125,0
3059,42536.9032,14179.5181,23866.5251,10558.4006,0
3060,44252.0738,14267.6105,23025.9678,10481.6316,0
3061,44112.0262,12425.941,22885.2404,10339.1112,0
3062,45482.6372,12279.8929,24165.8835,10370.9254,0
3063,45512.9477,13041.9267,24422.3694,11524.6923,0
3064,44602.1356,13276.6337,23301.6289,14001.5425,0
3065,43870.6598,13311.6181,21138.8903,17650.1974,0
3066,42338.1739,13019.0522,20644.8814,19894.1963,0
3067,45034.4939,12809.3394,23412.8554,18122.0589,0
3068,45755.1468,11669.1267,24690.2744,15898.5882,0
3069,45439.4688,10584.8919,24924.3676,15538.446,0
3070,45237.9851,9585.0997,25098.8925,15780.82,0
3071,41523.2488,9197.0802,25317.1743,15656.0789,0
3072,37698.6423,8610.1026,25166.9638,15630.2575,0
3073,35660.0772,6038.6568,25157.1584,14661.3841,0
3074,34459.7891,5528.5747,24307.888,13191.4288,0
3075,33720.6969,5179.6074,23338.4591,12578.3911,0
3076,33794.5036,4829.7887,22909.4767,12147.3,0
3077,34123.3233,4635.2966,23433.3737,11740.4903,0
3078,34486.1055,5144.051,24299.3388,12367.5431,0
3079,35038.6454,7990.3637,25312.2045,12296.1916,0
3080,37726.6978,10965.1916,26803.4569,10146.5793,0
3081,38276.986,14169.2694,27612.6389,9376.1041,0
3082,41561.0536,13451.2422,27379.5753,9652.8872,0
3083,43924.1858,13940.1691,27077.2194,9937.9665,0
3084,45568.5373,14355.902,26491.5398,10066.1396,0
3085,45166.7755,13097.1984,26092.4334,10004.7255,0
3086,46886.8708,13879.4095,24486.1353,11487.9952,0
3087,47271.8323,14414.5408,22213.1019,14261.1161,0
3088,45691.3963,14032.26,20389.1468,17919.5841,0
3089,45132.6128,13770.6063,17577.0551,21652.3197,0
3090,44267.2219,13259.0612,18239.683,22219.5985,0
3091,46089.4511,12527.0376,21683.0988,19566.3457,0
3092,45636.2775,11738.8502,22846.4819,17831.5951,0
3093,43684.4089,11034.4586,23576.2197,17244.1995,0
3094,42116.0663,10727.5784,25048.7952,16511.6754,0
3095,39487.0762,10025.7751,25731.3309,16337.1571,0
3096,37635.2405,8105.7119,25697.6368,16204.331,0
3097,36294.5759,6166.4295,25076.6285,15909.6575,0
3098,35299.1111,4922.3823,23755.6264,14840.7732,0
3099,33709.0182,4493.4637,23690.9585,13970.3256,0
3100,32930.5636,4384.3811,23099.4291,13890.3963,0
3101,32664.929,4270.64,23091.6257,13784.6115,0
3102,32222.9842,4290.4697,23303.0688,14026.5235,0
3103,32728.2527,4874.4344,24758.2016,11957.2772,0
3104,34765.5363,6664.0365,25546.9885,10030.8802,0
3105,37629.6426,7680.3639,25480.147,9468.7263,0
3106,39438.3374,7751.0686,24823.3513,9401.6351,0
3107,41364.6046,7758.0679,23286.1409,9696.0556,0
3108,42357.4063,7929.2917,21686.4615,9935.3606,0
3109,42458.2048,7738.203,20801.4257,9967.1099,0
3110,42283.0606,7502.2728,20145.708,10466.7673,0
3111,41637.1054,6853.7854,20662.9962,11334.741,0
3112,40933.3771,5911.6222,21309.3089,13651.022,0
3113,41037.9431,5780.3724,19411.7847,17399.481,0
3114,43212.103,7031.9491,21212.147,17492.3364,0
3115,44813.7195,8569.2893,23933.9485,16724.3329,0
3116,43210.2198,8062.4379,25603.4658,15254.3699,0
3117,41966.496,6914.6198,26626.7199,13821.5561,0
3118,40194.1166,6053.0767,26822.3769,13939.981,0
3119,38351.4714,5202.1112,26378.0286,14274.3524,0
3120,36469.9753,4525.9357,25970.2652,14099.3149,0
3121,34729.1142,3951.5157,24764.2318,13444.4607,0
3122,32995.8981,3486.4247,23613.81,13220.3357,0
3123,31719.809,3219.5658,23077.4577,12579.3096,0
3124,31105.8517,3217.4538,21791.5368,12764.2328,0
3125,31370.7262,3124.7777,20789.9604,12541.265,0
3126,31775.7594,3129.9543,19924.1977,12290.0778,0
3127,31070.4295,3482.061,21227.3622,10561.1759,0
3128,31936.9303,4342.7318,21090.9952,8865.4203,0
3129,32873.9796,5390.8239,20231.8919,8848.0216,0
3130,35225.1306,6335.5171,18267.348,8149.3368,0
3131,36837.4116,6514.0702,17288.5559,8311.0907,0
3132,37119.2338,6621.0155,16813.225,8442.4472,0
3133,36999.996,6541.2897,15214.9624,8260.1992,0
3134,36009.2678,6028.462,14101.4676,8201.9091,0
3135,34997.1996,5193.4707,13666.4253,8880.7796,0
3136,34099.0518,4305.741,15518.0289,10605.496,0
3137,34771.6699,4126.7776,17115.2861,13219.1169,0
3138,38214.9394,4517.7792,17585.0554,16966.697,0
3139,40568.3883,5977.1921,20553.071,17671.7134,0
3140,38183.1571,5734.1724,23466.1944,16902.0137,0
3141,37557.1284,5148.4224,25040.2768,15584.3105,0
3142,36792.2731,4569.8796,25302.9414,15430.1081,0
3143,34655.4538,4085.3615,25584.4556,15180.6622,0
3144,32712.3522,3868.854,25319.2786,13674.9811,0
3145,30410.4042,3325.9017,24532.0779,13274.7604,0
3146,27884.0122,3160.1988,24226.2724,13665.6366,0
3147,27431.9947,2981.55,23164.834,13640.1584,0
3148,27687.0187,2807.7599,22698.2349,13059.1164,0
3149,27683.1038,3152.2194,23230.8285,12815.2585,0
3150,28672.6902,4498.483,23616.7811,13165.8791,0
3151,31729.8168,6922.2538,23961.5519,13107.6902,0
3152,35265.9791,8125.8309,25311.99,11863.7816,0
3153,38487.5645,9511.469,25635.2206,10246.9488,0
3154,40266.479,10508.4551,24608.8766,9318.1737,0
3155,41189.7717,11150.986,24271.566,9415.6733,0
3156,42191.2755,10352.1242,23893.2232,9931.0882,0
3157,42110.8446,9656.4567,22071.6771,9721.0905,0
3158,43509.0755,9403.0244,22484.6512,10308.0439,0
3159,43855.9825,9610.051,23030.1159,11462.8019,0
3160,43097.6238,11129.1389,22509.0118,11911.3016,0
3161,43579.7835,11258.4428,21141.1871,13937.9108,0
3162,40347.4324,11205.7044,22525.1191,17313.0782,0
3163,40868.0041,11774.9082,25170.8413,17284.8643,0
3164,40878.4717,11052.2742,25284.9157,16857.39,0
3165,40764.7669,9745.8625,25496.5964,16432.5953,0
3166,39874.2982,9007.141,25919.6179,16381.2594,0
3167,36143.4359,8340.3331,25994.6544,16017.4399,0
3168,34785.4474,5862.7481,24546.0985,16621.4763,0
3169,31611.8506,4919.4871,24863.4298,15808.1869,0
3170,30145.3691,4542.3521,24610.1394,14027.8941,0
3171,29479.1937,4218.3229,23966.5569,13491.5759,0
3172,29376.4757,4043.8882,23701.9519,12932.4173,0
3173,29322.4041,4295.7717,23930.6716,13123.1606,0
3174,30275.9402,5373.9026,23742.4264,14065.0543,0
3175,32396.8139,7718.8144,24971.4289,13021.712,0
3176,36130.9245,9726.7665,25876.5408,10957.9844,0
3177,37741.0946,10638.0032,27353.7891,10340.6985,0
3178,39419.0236,10416.2575,26214.3453,10314.1137,0
3179,40589.5809,11132.6006,25326.3362,10560.1694,0
3180,41840.9255,12549.6382,21776.3876,11615.8713,0
3181,41539.0987,10496.8919,21165.1539,11922.6217,0
3182,42988.2189,10156.2967,21506.6841,12094.1447,0
3183,41732.2532,11416.8274,23191.2681,12893.2573,0
3184,41447.2256,11566.2008,23745.9266,13290.2418,0
3185,42020.9845,12260.4944,22073.2072,14826.9033,0
3186,41876.2025,12075.8605,21842.1808,16148.3652,0
3187,42400.6143,12698.587,24286.9891,16787.3486,0
3188,42839.7244,11960.0624,23513.3877,16213.3455,0
3189,42579.317,10620.4626,23493.7582,16019.9138,0
3190,41412.7318,9866.9626,24036.3915,15730.5742,0
3191,38406.8509,8251.5697,23750.9217,15664.4543,0
3192,35664.4904,5858.5098,23321.5521,15211.4831,0
3193,33334.4143,4118.2207,22573.8953,14509.9229,0
3194,30545.5293,3868.9222,22904.596,13605.3445,0
3195,29309.6683,3900.9773,22272.4062,13267.4289,0
3196,28879.3153,3957.0344,21791.0363,13047.6731,0
3197,29310.2799,4411.3102,21107.3071,13014.7699,0
3198,31192.0675,5170.6864,20738.1108,13864.5419,0
3199,33278.3913,7721.4687,22116.3239,13363.1047,0
3200,37288.0684,9202.7969,23840.3902,11789.6075,0
3201,38890.5363,9990.9821,25931.1272,10347.2864,0
3202,39657.9711,10508.1702,25426.1491,9930.1004,0
3203,41278.3162,11269.7046,24141.1896,10477.6639,0
3204,41880.19,11471.757,23797.378,10566.8002,0
3205,41468.0882,9849.9841,23278.3793,10469.0817,0
3206,42117.7526,9274.7534,24439.6306,11166.9448,0
3207,40987.6357,11191.3538,24097.2116,11860.2374,0
3208,39442.5416,11172.3073,24352.7746,13490.906,0
3209,39380.8811,11694.4795,22779.0167,16281.4498,0
3210,42402.6152,10184.1509,21678.8869,17339.9204,0
3211,45415.7341,11193.9762,22398.2374,16956.7057,0
3212,43365.6157,11192.9807,23429.6062,16567.0131,0
3213,42958.1449,10188.1307,23297.4918,15871.7251,0
3214,42568.6305,8778.6347,23504.4029,15826.9639,0
3215,39651.4954,7181.0739,23089.1991,15914.8253,0
3216,36090.9758,5541.8979,22962.2954,15616.733,0
3217,33960.0041,4225.5246,22733.4668,14205.6629,0
3218,32287.97,4068.5205,22706.7885,13124.6478,0
3219,31470.2685,3602.0941,22136.6244,13059.0559,0
3220,31082.4008,3303.1163,21621.6748,13164.0641,0
3221,31349.0573,3548.9003,21551.5465,13129.0544,0
3222,33066.0066,5258.9691,21524.5921,13188.3279,0
3223,34207.3424,8655.8164,21664.2613,13686.3034,0
3224,37117.0569,10069.6145,23268.5211,11648.3752,0
3225,38273.587,11082.3834,23792.2564,10964.0916,0
3226,38717.602,10624.5524,22523.5747,11323.5683,0
3227,39937.6714,10838.0613,21718.4253,11710.116,0
3228,41902.1735,10668.6888,20173.4324,11804.9536,0
3229,41949.7408,9372.979,19205.6964,11776.4592,0
3230,42737.2847,9366.3119,20133.5992,11903.3431,0
3231,44589.182,10067.6092,19935.8291,12659.1388,0
3232,43552.6267,11496.0604,20304.0409,13695.5522,0
3233,42335.6846,12538.8296,19850.7749,16441.4514,0
3234,42303.2896,11287.9624,19495.7873,19454.5648,0
3235,44732.6143,11318.1376,21666.1588,18547.111,0
3236,43829.0974,11066.0231,21625.6062,18183.2123,0
3237,43023.7808,9239.8218,22583.6479,18020.8281,0
3238,42073.8032,8653.8287,22945.527,17958.237,0
3239,40280.0409,8923.2066,21996.348,16335.9735,0
3240,39576.0046,8917.4294,18458.3124,14877.2833,0
3241,36735.1281,6373.5661,16887.9051,17079.8793,0
3242,33501.7881,5145.2269,18392.2134,16349.2307,0
3243,31378.5846,4225.6071,21591.7548,14299.0144,0
3244,30058.776,3940.1604,23250.3007,13224.7797,0
3245,30409.2008,4381.8368,23228.6813,12846.7702,0
3246,31219.3915,6020.3077,23510.1119,12896.8477,0
3247,33128.5933,8663.699,23146.5641,13453.9834,0
3248,36004.5048,9517.1153,25013.6249,12243.7546,0
3249,37946.1885,10719.1447,26622.4167,10495.0604,0
3250,40210.5539,11427.218,23578.9609,10919.1544,0
3251,41970.9752,11515.2059,21738.8435,11557.183,0
3252,43237.3524,10709.5516,21348.9397,12051.1325,0
3253,42591.5083,9566.9585,20483.5268,12110.1046,0
3254,43239.4083,9558.8966,20510.6814,12875.5715,0
3255,42112.9709,11025.388,20897.3215,13541.6963,0
3256,40201.5658,12615.6492,19997.9384,15065.9729,0
3257,38945.2943,12791.6217,20191.7298,17336.7876,0
3258,40018.1925,12018.3877,20850.4329,18843.9185,0
3259,43036.785,12063.2963,23181.3989,17210.0588,0
3260,41547.341,11699.8035,23883.5212,16531.3709,0
3261,39639.9388,10731.9069,23905.7126,16574.5129,0
3262,38248.9932,10422.4868,24648.9221,15849.3588,0
3263,36499.749,9546.1729,24304.5451,16293.1296,0
3264,35553.1715,6269.9175,24267.155,16203.8635,0
3265,34489.2427,4456.4806,23872.6048,14798.5937,0
3266,33839.201,3613.5429,23360.1291,12854.0918,0
3267,33579.9959,3088.1752,22612.5834,11957.7337,0
3268,33078.2243,2827.143,22626.4797,11877.1565,0
3269,31912.9822,2940.1108,23237.7002,11722.458,0
3270,32520.8785,3246.6687,23121.6755,11305.1763,0
3271,31384.7358,4886.1692,24734.1787,10218.186,0
3272,32060.8783,7468.7646,25149.5673,9232.9996,0
3273,35990.7493,8140.7513,24095.7343,7767.2694,0
3274,37399.2663,8151.9768,23338.3469,8237.1608,0
3275,39354.9453,7784.1643,22454.7466,8478.591,0
3276,40065.9501,7857.3396,22397.9833,8444.2468,0
3277,40600.6491,7288.8574,21392.5822,7979.8708,0
3278,40589.945,6892.1083,22108.7889,7914.3163,0
3279,39613.8039,6734.5828,23755.941,7669.827,0
3280,38807.3554,6814.7112,24016.5013,8859.4814,0
3281,39301.8659,6552.4613,22233.4079,12730.6905,0
3282,41560.2968,6858.9785,21706.0206,16679.1625,0
3283,43160.942,9059.1039,24149.1316,17196.6597,0
3284,41713.7292,7853.4511,24818.5619,16600.9382,0
3285,39660.995,6765.8085,24689.8817,16444.7371,0
3286,38406.9642,5333.9979,24656.8102,16603.3813,0
3287,36728.1167,4072.7764,24629.8921,16363.831,0
3288,34472.2565,3720.5619,23924.6117,16164.6727,0
3289,32464.5739,3697.6291,24306.8991,13706.6666,0
3290,30687.7318,4171.7852,24883.2078,11037.9786,0
3291,30141.4553,4025.6667,24826.7921,9232.5101,0
3292,30577.5866,3712.005,24056.7767,8293.505,0
3293,30253.0745,3525.1579,24085.468,8165.3561,0
3294,30214.6405,3151.8949,23722.1369,8043.6312,0
3295,29962.1971,3306.4779,23188.1111,8078.73,0
3296,30598.9739,4500.4267,22631.6519,7332.2711,0
3297,32548.7789,5527.1568,20148.7165,7381.3773,0
3298,34864.0633,5845.9225,17786.4434,7594.8202,0
3299,37214.5147,6178.0367,16289.1058,8069.9014,0
3300,38603.8488,6423.4082,16350.0095,8263.8501,0
3301,39048.7834,6345.2367,16158.8119,8292.9671,0
3302,38599.099,5839.4435,16238.3485,8145.4593,0
3303,37090.2334,5387.1092,18273.4178,7703.223,0
3304,35717.7051,5613.454,20016.3568,8558.5918,0
3305,36644.608,6099.4395,19243.3241,11672.7347,0
3306,38309.1709,5630.5711,20939.1424,15262.7409,0
3307,39777.7666,8072.2147,23522.4341,16287.9574,0
3308,39102.129,7739.8431,24067.7811,15033.0576,0
3309,39796.6569,5584.5471,24456.7202,14523.5926,0
3310,39640.4195,4991.9529,24627.5084,13497.891,0
3311,38590.5498,4707.7228,24439.8286,13011.8989,0
3312,36925.2862,4364.7142,23629.177,12064.4733,0
3313,35976.8244,3169.375,23201.7632,10895.7563,0
3314,34320.2904,2785.365,22984.5088,10586.3659,0
3315,33781.374,2526.4448,22529.3794,10415.0343,0
3316,33344.6718,2560.3765,22490.9619,10179.9423,0
3317,33553.2439,2595.7679,22296.9736,10399.1536,0
3318,35092.8358,3573.8956,22155.0791,11153.3059,0
3319,36340.0323,5425.9546,23848.9977,11465.8764,0
3320,39064.2747,7268.745,24273.2622,10839.0942,0
3321,41675.0092,8451.9754,25211.1816,10065.1947,0
3322,42311.1964,8902.7004,25759.0476,9954.2707,0
3323,42964.2015,10690.5623,25201.7612,10016.3228,0
3324,43927.2306,10858.9877,24836.1641,10112.3528,0
3325,43940.2634,9237.5283,24088.196,10066.8733,0
3326,45361.5613,9167.0271,23252.5513,11260.2182,0
3327,45969.8426,10175.5324,21833.218,12805.0076,0
3328,45361.2676,10120.275,20618.6959,16051.1241,0
3329,44655.7617,10289.0711,19269.4931,19340.332,0
3330,45523.1634,10059.6595,19032.5212,19582.6015,0
3331,45887.9905,11155.2045,20625.6897,20008.9263,0
3332,45541.7644,10646.0585,21458.459,19044.9017,0
3333,44641.1845,9543.5582,22389.4594,18423.3918,0
3334,43738.6301,8308.7037,23318.1696,18207.8644,0
3335,41366.8431,6903.3338,23411.0833,17702.0162,0
3336,37852.8645,5796.4951,22586.4705,17333.5217,0
3337,36291.321,3736.6593,21011.1792,17660.0666,0
3338,33825.9207,3462.8011,20335.1687,17449.8588,0
3339,32340.8833,3526.9553,19907.0575,16965.5354,0
3340,31671.4079,3297.019,19474.312,17102.4942,0
3341,32013.8071,3299.9263,19034.0117,17492.7566,0
3342,33611.6781,3936.1685,19093.5932,18025.9255,0
3343,36620.1693,5745.3737,19948.8465,16730.3125,0
3344,39712.574,7874.3049,22351.4962,13282.4912,0
3345,41628.3483,9241.8128,24725.2005,11463.4036,0
3346,42993.7244,10214.2975,23948.4685,10757.021,0
3347,44893.8919,11467.2712,22827.1912,10254.7962,0
3348,46476.5213,11144.837,22375.8381,10459.9737,0
3349,46494.9947,9299.5507,20940.4437,11127.1941,0
3350,46749.571,10170.5758,19514.627,13344.6247,0
3351,46492.9784,11351.637,17615.3615,16689.3232,0
3352,46082.5046,11758.1475,16345.0067,19703.1692,0
3353,45890.009,11799.9552,14894.5907,22150.2424,0
3354,47115.6851,11155.5312,14063.632,22061.9905,0
3355,48329.1765,11036.7015,16326.8325,21902.166,0
3356,46567.5551,9961.2579,18321.5648,21399.0909,0
3357,45173.04,8953.3686,19352.6487,20738.6036,0
3358,44203.5781,7835.6157,20122.3099,20709.2204,0
3359,41629.7541,6545.8811,19953.2223,20505.2419,0
3360,38271.1219,5601.6488,19223.1347,19932.5071,0
3361,36939.1649,3959.8713,19331.2064,17884.7284,0
3362,34574.848,3870.0596,19293.3543,16291.2244,0
3363,33104.8729,3973.662,18653.6152,15868.8772,0
3364,32338.0563,4104.177,18479.3026,15608.6975,0
3365,32604.5951,4322.4775,17790.806,16184.7213,0
3366,33978.4709,4786.0956,17792.9147,17616.0677,0
3367,36058.2651,5949.8032,19539.1779,17552.3084,0
3368,38261.8533,8026.1533,22460.9704,14316.5418,0
3369,40526.1065,9626.7919,24692.3259,11729.0877,0
3370,40782.3757,10935.5862,25632.9194,10871.7037,0
3371,42514.01,11892.7105,24397.835,11062.3271,0
3372,43756.7471,11902.1584,23202.674,11269.2525,0
3373,43669.1519,10835.2057,21341.9008,11372.4336,0
3374,45818.3583,10373.7282,20689.0497,12112.2606,0
3375,47134.7602,10501.9134,19944.8524,13780.6911,0
3376,47450.6208,10148.116,18298.8498,17159.3301,0
3377,46223.3585,10267.3692,17094.5302,21188.6488,0
3378,45637.9979,10214.6396,17570.9886,21869.5818,0
3379,46360.0995,10811.273,21517.2991,19562.7696,0
3380,46210.725,9475.2141,23360.7385,17424.979,0
3381,45772.5378,7784.0895,23517.472,17351.9412,0
3382,44563.6873,7302.1014,23642.2549,17404.4893,0
3383,41194.3125,6536.4233,23528.1134,17238.9481,0
3384,38500.9757,4555.6313,22835.9362,17173.3595,0
3385,35312.6466,3408.0838,22165.1232,16814.8541,0
3386,33601.1742,3275.7582,21778.5689,15070.3586,0
3387,32689.9496,3329.9189,21669.8999,13656.8916,0
3388,32231.6489,3320.8549,22167.5971,12724.6834,0
3389,32518.2286,3275.2555,22498.1669,12472.9792,0
3390,34414.8486,3757.0038,22252.3587,13157.2903,0
3391,36782.5205,5338.2175,22798.974,13489.5552,0
3392,38931.8666,7112.2139,25027.9194,11648.1156,0
3393,41499.2611,8339.0274,25975.6552,10366.4968,0
3394,42567.7538,9583.486,25511.6235,9617.1636,0
3395,45079.6313,10613.691,24569.6275,9567.9683,0
3396,45867.3952,11046.3639,24271.2976,9688.4447,0
3397,45863.0216,9945.5169,22621.896,9891.4178,0
3398,45745.4525,10103.1271,21513.998,12329.3577,0
3399,46246.0933,10105.8309,20727.7246,14221.6855,0
3400,45621.6563,10108.0628,20081.2843,16304.7456,0
3401,45011.1695,10582.2772,17957.9917,19986.4632,0
3402,45161.9245,10772.6993,16854.3188,21348.5195,0
3403,46746.4877,9940.9761,20296.6181,20453.4297,0
3404,45542.7808,9351.1319,22145.3584,18549.0063,0
3405,44780.6403,7923.795,22832.9101,17843.9756,0
3406,43691.6117,7057.1622,23608.3034,17585.6901,0
3407,40523.1145,6117.3398,23988.3864,17612.5653,0
3408,37979.9178,4432.9153,23204.7486,17085.1527,0
3409,35029.9807,3245.4807,23067.033,16580.6872,0
3410,32997.5921,3288.1288,22681.8009,15198.1203,0
3411,32577.8167,3223.4015,22206.5503,13704.2213,0
3412,32481.6283,3208.4239,22155.9085,12583.0804,0
3413,33304.9981,3234.5005,22083.2128,12187.4797,0
3414,36049.1483,3319.5789,21396.9426,13002.2486,0
3415,38260.6103,5834.8389,21719.6793,12840.3275,0
3416,40600.4951,7200.7595,23365.6467,11620.169,0
3417,41363.9743,8705.5584,25485.2048,11129.0608,0
3418,41644.1762,10203.633,25212.0825,11141.1003,0
3419,43820.4019,11053.0123,23602.7495,11365.0317,0
3420,45062.0302,10519.7796,22656.81,11554.8191,0
3421,45830.6662,8412.8902,21565.6309,11613.8011,0
3422,46605.3126,8649.7246,21373.319,12225.6497,0
3423,46529.2586,9244.2735,19877.5885,14547.0149,0
3424,44580.0861,9341.8138,18295.2143,18289.0235,0
3425,44207.1608,9831.6911,16601.5905,20322.7497,0
3426,45902.5512,10035.0503,16047.8615,20575.1953,0
3427,44780.1904,10957.353,20023.5761,20332.6112,0
3428,44310.3001,8718.1127,23219.7328,18106.4169,0
3429,43956.8503,6615.5452,23993.7456,17140.3111,0
3430,42648.012,6094.3806,24152.2204,17240.2868,0
3431,40351.2032,5220.787,24627.0387,16829.1563,0
3432,37805.2807,4077.3777,24038.3539,16629.4711,0
3433,34204.3944,4025.3675,24052.3305,15219.3954,0
3434,32323.7794,3697.4938,23443.3012,14300.4609,0
3435,31350.5291,3664.7886,23448.4118,12789.8045,0
3436,30918.7516,3692.007,23287.6105,11891.099,0
3437,30554.7319,3751.2805,23294.843,11849.0746,0
3438,30745.1386,3757.9982,23114.9369,12029.9146,0
3439,32261.5788,3877.3559,24102.2265,10457.9431,0
3440,33793.0901,4831.3023,26125.9988,8408.8719,0
3441,36513.9236,5629.4062,25463.9583,8463.7949,0
3442,38867.2482,5941.7512,24368.0866,8833.6886,0
3443,41368.9881,6659.2482,22007.7154,9153.8854,0
3444,42465.6661,6770.4406,21277.7587,9264.7698,0
3445,42744.0926,6631.0651,19663.0698,9823.143,0
3446,42618.1404,6466.9385,19084.2993,9817.2888,0
3447,42679.8724,5823.5661,19191.3898,9762.2899,0
3448,41420.6496,5182.9316,20354.0854,10676.1787,0
3449,40211.4295,5297.3866,19962.9342,14409.3598,0
3450,42362.6291,6848.5318,18739.3635,17719.8549,0
3451,44041.6559,7972.6603,20975.5205,17995.1596,0
3452,41183.2047,6292.7887,23280.1492,17935.115,0
3453,39720.9725,4934.1523,24535.2162,16460.5595,0
3454,38291.7238,3579.1789,24355.6544,16439.0314,0
3455,36060.8644,3619.4136,24452.3367,14735.4273,0
3456,34217.8969,3587.9844,23861.8369,13524.1678,0
3457,33042.2642,3512.5321,23399.8028,11616.8052,0
3458,31620.5538,3605.9463,23430.0803,10155.5146,0
3459,30193.9495,3744.5485,23094.2052,9598.8398,0
3460,28795.239,3773.4213,23377.9491,9338.3169,0
3461,28241.1393,3633.7829,23127.1293,9197.9107,0
3462,28237.9559,3673.1387,22694.65,8871.0435,0
3463,28252.3681,3559.3921,22866.9551,7798.2509,0
3464,29686.0355,3810.6079,22991.2221,6914.2348,0
3465,33050.3338,4649.2754,19876.8537,7248.6513,0
3466,35992.5324,5488.8097,16417.9158,7730.8528,0
3467,37756.1745,6014.7384,14941.6047,8168.9553,0
3468,38616.7474,6244.0895,15015.4323,8298.4275,0
3469,38814.4284,6232.556,14864.2967,8233.9356,0
3470,38303.573,5821.0295,15123.9242,8042.0857,0
3471,37736.1677,5576.8306,15389.5423,8077.773,0
3472,37181.9998,5297.1809,16041.4034,9535.6459,0
3473,36703.6494,4670.006,18587.8352,12470.535,0
3474,38898.7951,5552.0619,20145.2856,15053.7893,0
3475,39952.0528,6825.6991,23637.4677,16296.9851,0
3476,39900.553,5011.402,23992.7435,16359.2198,0
3477,39070.438,4185.2987,23710.5913,16577.5632,0
3478,38322.3137,3683.097,23442.1935,16148.3553,0
3479,36233.9714,3634.0733,24004.0394,14589.5508,0
3480,33611.0654,3645.2251,24150.1535,12621.3505,0
3481,31495.7687,3399.7293,24410.3948,10530.1185,0
3482,30745.0803,3293.0502,24195.3833,9146.3119,0
3483,30408.719,3279.4498,23660.0397,8571.0427,0
3484,29907.5095,3357.4376,23705.5731,8170.0421,0
3485,30114.304,3527.5724,24240.4415,7948.6231,0
3486,31470.2971,3761.4863,24232.8955,9678.7482,0
3487,33152.713,5355.7878,24533.7686,11420.2121,0
3488,36995.8237,6068.2281,25767.0358,9976.6799,0
3489,40969.1172,7340.1196,25760.5095,8704.2769,0
3490,41908.2686,7991.5088,26206.6332,8898.7921,0
3491,43251.7756,9197.1638,24826.3961,9081.6572,0
3492,44078.2276,10062.9265,23265.1342,9435.9749,0
3493,43853.8551,8929.4711,22352.6578,9470.1948,0
3494,44093.4021,8972.227,23446.3185,9898.1377,0
3495,42266.719,9655.2709,24704.438,11766.1863,0
3496,41457.1355,9728.8785,23800.6307,14743.2978,0
3497,42085.2861,9722.5326,21005.886,18321.4691,0
3498,42648.4872,9347.0663,20565.0797,18931.5049,0
3499,43697.2415,9451.2649,22993.7565,18531.9673,0
3500,43575.631,9050.9045,22811.0234,18008.5642,0
3501,42201.1293,8071.9914,23460.3435,17769.8917,0
3502,41262.7787,7408.918,24037.2022,17222.9959,0
3503,37603.0391,6274.5122,24311.5191,17483.6651,0
3504,34809.0732,4108.8179,23783.6764,17326.9492,0
3505,32415.9077,3416.1292,22964.876,15923.6572,0
3506,30397.7509,3328.4911,23150.7529,13880.1091,0
3507,29274.1933,3403.0403,23841.4286,11985.5538,0
3508,28386.1875,3650.1806,24584.4247,11257.8323,0
3509,29275.345,3835.3447,24212.4729,10994.6595,0
3510,31841.3865,3815.6338,24095.9499,11569.954,0
3511,34886.8762,4560.6825,24930.0271,12154.9912,0
3512,37608.9901,6521.5568,27131.4626,9905.2525,0
3513,40402.4313,7807.6625,27708.5314,9108.1133,0
3514,41383.8469,9084.9099,26203.9679,9400.8739,0
3515,43199.2187,9672.4672,25936.3192,9415.0694,0
3516,43972.401,10216.5382,25807.1682,9397.4903,0
3517,42904.0095,9658.3421,25053.831,9380.5393,0
3518,43854.9045,10025.0524,25652.8965,9992.3043,0
3519,44007.59,10547.8549,25316.1392,11572.1617,0
3520,43499.9081,10497.1988,24537.524,13122.4566,0
3521,41282.9296,10396.1264,23633.071,16480.673,0
3522,43073.2137,9461.9998,20839.3581,19145.7387,0
3523,45374.5204,9110.3298,22959.8754,18330.059,0
3524,43735.1948,8835.6158,25199.273,16634.8292,0
3525,43368.1875,7851.0432,24689.2261,16361.3923,0
3526,41841.6977,7312.0201,25295.5879,16092.2366,0
3527,39461.9258,5922.9236,24987.8816,16227.7302,0
3528,35644.1701,4833.2823,24287.3499,16039.4861,0
3529,32679.053,4651.8241,23832.6979,14676.904,0
3530,31173.8944,4584.9749,23078.4125,13326.8278,0
3531,29477.3215,4549.3096,23064.8099,12662.485,0
3532,28262.6069,4480.4837,24078.0903,11703.8801,0
3533,28575.6064,4448.0986,24377.1165,11328.834,0
3534,30235.2468,4624.6486,24047.1748,12756.7671,0
3535,34091.1802,5168.1487,24358.7355,12985.3295,0
3536,37191.0121,6838.6868,25587.9503,11291.7915,0
3537,39151.5531,8868.2275,26649.3326,11024.3903,0
3538,40056.0006,9353.0833,26540.9969,11992.596,0
3539,41735.4938,9687.0092,26711.8203,12032.3412,0
3540,42282.0772,10067.5663,26407.8628,12100.2706,0
3541,41408.8345,8544.1411,26271.7246,11983.0084,0
3542,42210.9655,8634.2971,25019.1348,13465.3101,0
3543,41837.5672,9119.5984,24044.5755,15513.4892,0
3544,41599.8451,9563.7696,22401.6793,16879.6199,0
3545,41703.6565,9764.5801,19705.9049,19426.3817,0
3546,44502.6945,9785.765,17312.405,20165.8743,0
3547,44650.606,9455.7353,21125.6243,19988.0912,0
3548,42883.8839,8587.8463,23720.5529,18305.54,0
3549,43200.4837,7589.7338,24719.937,15814.9992,0
3550,41656.4236,6809.6072,25267.8008,15681.006,0
3551,37973.2375,5935.4009,25301.8458,15677.6081,0
3552,33675.2713,5347.3387,24012.8141,15972.1375,0
3553,31009.4532,4808.3101,23238.8937,15475.4908,0
3554,30158.5108,4954.7223,23123.5455,13134.1364,0
3555,29293.9614,4989.3602,22384.8372,12371.7121,0
3556,29029.8294,4869.4987,21768.6293,12448.1731,0
3557,29319.0854,4911.9829,21166.134,13026.2715,0
3558,31551.6872,5007.0614,20213.3228,13962.0888,0
3559,34076.471,5647.1294,20728.4572,14973.926,0
3560,36813.0158,6296.2856,23378.2747,13511.6113,0
3561,39714.477,7190.095,26161.1779,12052.3359,0
3562,40365.919,7544.5623,26156.4259,12497.7424,0
3563,41449.6082,9114.1567,24760.0903,12202.6795,0
3564,41932.9999,9379.788,23876.0148,12023.8437,0
3565,41290.3392,8179.2381,23215.4164,11764.7365,0
3566,42500.1676,8136.0235,22627.1573,11939.8752,0
3567,42784.1788,8418.7059,21527.4543,13982.4311,0
3568,43216.8165,9021.6973,19940.0256,15025.6788,0
3569,43337.0058,9996.3985,16930.1539,18028.791,0
3570,44491.1786,9536.5831,15722.2846,20699.2588,0
3571,45878.1466,9242.7984,19358.9924,20829.446,0
3572,44449.9671,8766.6106,20782.9666,19647.8117,0
3573,42904.2273,8071.151,21899.999,18387.864,0
3574,40574.3833,7319.1536,23196.2379,18108.0207,0
3575,37090.4952,5752.901,24171.7399,17704.7629,0
3576,34002.9602,4368.1231,23559.9826,16427.7806,0
3577,34357.9412,4381.2142,22392.7781,13933.7374,0
3578,32747.0264,4469.5893,21723.9484,12576.0921,0
3579,31788.889,4516.8497,20961.1688,11607.2297,0
3580,31386.0932,4511.6742,20224.8871,11664.6717,0
3581,32537.0628,4366.5589,19595.7234,11572.1749,0
3582,34747.009,4304.0602,18945.3462,12883.3111,0
3583,37984.7138,4729.8031,20105.1169,13437.4075,0
3584,40311.8177,6255.0763,23490.1865,11041.0861,0
3585,41805.1986,8005.1356,25637.2622,9902.2341,0
3586,42032.8359,8022.6212,26081.6358,10399.1448,0
3587,44325.2029,8422.9288,23439.0101,11060.9895,0
3588,45394.1334,8626.2759,22089.3915,11083.8464,0
3589,43546.7769,8188.0711,20592.2079,11381.9354,0
3590,45053.5976,7791.6971,19703.1912,11807.4594,0
3591,44836.1826,7292.208,20574.3417,12730.0151,0
3592,44795.7686,6910.0911,20219.5334,14513.1624,0
3593,43214.5978,7626.465,18173.7743,18868.6135,0
3594,43882.5992,7856.2176,18088.3494,21339.5853,0
3595,45397.6666,8909.1354,21704.9921,19951.4216,0
3596,43657.0409,8566.0751,23290.4881,18423.4534,0
3597,42291.513,8064.5455,24352.2081,16273.5826,0
3598,41413.2059,7050.1486,25362.1863,14933.1424,0
3599,39947.7628,5393.08,24480.2767,15161.5431,0
3600,37145.0123,4202.9625,23264.8636,15349.6134,0
3601,34598.1119,3660.6405,21987.8131,14817.1452,0
3602,32490.0125,3684.989,21248.3843,13791.1543,0
3603,30484.0547,3646.8278,21410.2075,13182.5419,0
3604,29536.0483,3677.8951,21541.9413,12946.4852,0
3605,29264.2042,3682.9683,21614.8053,12596.1616,0
3606,29268.6328,3706.6238,21253.8854,13011.3522,0
3607,29464.8695,3840.5785,22453.7104,12718.4101,0
3608,31374.7214,4840.7887,23095.7793,12170.4176,0
3609,33643.5803,6363.1392,23653.1779,10979.0582,0
3610,35735.7627,7459.8436,22362.9241,10678.2599,0
3611,37405.3526,8128.3532,20857.7765,10875.4734,0
3612,38432.5788,8319.0723,19578.8417,11204.4196,0
3613,38629.2478,8001.9841,18691.8017,11104.3691,0
3614,37816.4006,7703.8632,18803.0117,11132.3245,0
3615,36698.7148,6972.0101,19914.1085,11395.3378,0
3616,35909.5352,5896.1782,21129.4303,12286.2993,0
3617,36895.4795,5534.7908,21442.0679,14426.7057,0
3618,39933.7433,6325.7535,20727.3583,17306.7829,0
3619,41236.6713,8001.8114,24203.8489,17330.5154,0
3620,39266.7594,7266.3008,24731.388,16874.176,0
3621,39083.726,5215.8733,24825.3786,15871.218,0
3622,37754.0108,4346.0802,25662.4544,14118.8861,0
3623,34861.3298,3937.5457,25828.9515,13499.4695,0
3624,32002.058,3851.6104,25351.3348,13093.0844,0
3625,29963.9186,3901.931,25117.6882,11884.2449,0
3626,27414.2462,4021.6352,24879.1081,11020.3049,0
3627,26607.2081,3969.7889,24574.3795,9945.2529,0
3628,26129.6222,3989.3051,24094.2229,9116.4766,0
3629,25870.8967,3977.8596,23806.0207,8978.2825,0
3630,25810.9357,3875.3363,23985.0402,8686.0037,0
3631,25811.269,3854.3043,24020.9959,8513.7239,0
3632,27892.3909,4157.4346,23686.2571,7749.6518,0
3633,30526.5136,5214.7139,21007.4271,8072.7295,0
3634,33356.8565,6041.5179,17714.0953,8606.8147,0
3635,35154.6019,6800.6642,15793.272,8813.1263,0
3636,36532.7072,7285.5233,14425.9698,9393.0166,0
3637,36482.3052,7365.4779,14107.0732,9464.0711,0
3638,35617.3488,7167.2447,13937.7194,9591.5864,0
3639,33936.0714,6505.8631,15579.5167,9446.6482,0
3640,33128.5999,5588.3355,17502.1902,10651.4364,0
3641,34727.5819,5832.3188,16878.4044,13601.203,0
3642,37945.38,6121.6683,18353.731,17058.4414,0
3643,39535.8172,8820.3401,21056.1472,17648.0128,0
3644,37540.2775,7857.4639,22555.2393,17004.977,0
3645,36311.9185,7068.7529,24241.0069,15345.297,0
3646,35819.0536,6340.2713,25580.2162,13644.0777,0
3647,34466.5552,5781.0082,25130.4823,12720.2889,0
3648,31840.2964,5444.5116,24542.1264,11942.2996,0
3649,30387.6254,4614.7717,23419.3003,11318.4665,0
3650,29058.6505,3651.3466,22985.3382,11371.9375,0
3651,27541.0465,3753.8842,23402.2195,10749.9898,0
3652,26906.4873,3820.2626,23483.3005,10649.9316,0
3653,27369.6005,3870.3786,23472.3159,10631.0512,0
3654,29643.9726,3969.9957,22980.9393,11839.0206,0
3655,32659.5643,5040.3595,23695.6159,12378.9721,0
3656,35620.9931,7028.7404,25240.71,10589.8991,0
3657,38483.7035,8470.0176,25945.7506,9750.0535,0
3658,40080.0983,9032.628,25671.613,9599.568,0
3659,41193.6492,10077.1429,25530.9659,9796.0456,0
3660,42020.2585,11260.711,23836.1398,9746.6765,0
3661,42556.7505,8193.0706,24328.4547,9650.4452,0
3662,42115.6219,8831.3665,25182.7059,10121.4641,0
3663,40584.5638,10984.9201,25569.7244,10594.4388,0
3664,40225.6833,11264.7007,24682.1047,12450.5524,0
3665,40428.2054,10985.612,23698.1382,14843.169,0
3666,41346.2258,9739.3604,23307.3027,16471.7344,0
3667,43313.5395,10152.9725,24213.8886,16618.6416,0
3668,41997.9736,10269.6671,24287.5688,16437.8346,0
3669,41466.3821,9924.6873,23714.7163,15968.7132,0
3670,40507.3174,9064.6182,24374.3016,15430.7032,0
3671,36674.4675,8239.6633,24380.8873,15734.8499,0
3672,35435.8224,5878.2834,24101.7986,14632.7698,0
3673,32966.3279,4669.5088,24235.3804,13093.9523,0
3674,30781.6685,4444.3872,24405.6626,11903.4828,0
3675,29926.0643,4009.5968,24176.6965,11240.3038,0
3676,29780.7928,3841.5047,23711.5582,11065.4258,0
3677,29766.8569,3749.7614,24235.3309,11062.6857,0
3678,31485.1086,4279.5731,24114.783,12044.769,0
3679,34058.2759,5949.6349,24332.1276,13057.6061,0
3680,36982.2013,7872.2798,24829.9832,12460.9661,0
3681,39926.6439,9227.7218,26200.438,11013.9469,0
3682,40022.9071,11298.0571,25995.4794,10521.4329,0
3683,40142.3825,12565.5079,26360.2361,10191.5803,0
3684,40761.8992,12561.8262,26069.6898,10131.3971,0
3685,41378.1852,10392.3094,24369.2306,10127.8716,0
3686,40771.6694,10602.8384,25342.5447,10845.637,0
3687,39989.1437,11146.1075,26161.8115,11494.4786,0
3688,40734.5092,11126.797,25129.7684,12438.1719,0
3689,41516.8171,11263.3114,23364.7194,15319.9134,0
3690,42620.0038,11368.6925,21749.2836,17602.8831,0
3691,44440.4323,11392.6582,23655.3372,17891.786,0
3692,43453.1856,11104.3251,23704.5215,17930.6204,0
3693,42755.3148,10402.3612,23309.1782,17813.8653,0
3694,41829.843,9646.3961,24299.1815,16407.6363,0
3695,38837.1038,8441.2548,24583.2642,15753.6566,0
3696,35852.9545,6148.9747,24608.2221,14823.6572,0
3697,33893.871,4783.7922,25227.8609,12180.6641,0
3698,31692.2375,4632.5686,25126.2033,11098.725,0
3699,29984.9429,4631.0165,24671.2653,10966.1079,0
3700,29173.5224,4682.1555,24305.6253,10813.5929,0
3701,29546.4356,4696.0991,24002.8415,11092.4099,0
3702,30665.5844,5484.2986,23307.933,13025.5653,0
3703,34317.5591,6636.9974,24021.657,13060.9226,0
3704,36183.1162,8940.8935,25699.4672,11252.9626,0
3705,39539.7926,9821.9396,26274.1798,9772.9654,0
3706,40516.6575,10635.0497,24689.0105,10338.9374,0
3707,42043.2155,11872.8302,23142.3005,10518.8886,0
3708,43266.9017,12415.711,21641.895,10493.1486,0
3709,42727.9776,10490.6593,21184.768,10438.4126,0
3710,44531.1977,9440.5047,21997.0707,10795.2988,0
3711,45451.7327,10177.8842,22899.2159,10700.1323,0
3712,45458.1116,10771.9788,22670.0441,11750.0097,0
3713,43737.6951,11473.7579,21704.3464,15717.5689,0
3714,44268.0832,11153.7371,19668.3036,19480.8284,0
3715,45467.2977,11830.9653,21704.7457,19562.2878,0
3716,44631.8268,11182.1666,22403.4723,18692.0382,0
3717,44264.451,9831.8913,23600.0677,16911.8422,0
3718,43314.271,9037.4515,24890.8814,15565.1518,0
3719,39400.0926,8714.4002,25076.4932,15228.9016,0
3720,37242.3469,6309.0357,24084.0259,14968.4557,0
3721,34432.6268,5015.5028,23007.4625,14643.3826,0
3722,32088.8887,4620.3938,22717.3859,13700.0204,0
3723,30746.4135,4688.0647,22324.5803,13161.7827,0
3724,30503.2057,4944.6815,22189.4255,12104.4418,0
3725,30557.2828,5099.4647,22151.0465,12197.7581,0
3726,32596.4749,5189.1983,21770.1946,13306.5823,0
3727,35225.9171,6881.3987,22314.5142,13311.8128,0
3728,37666.1945,8058.875,25515.182,11194.0026,0
3729,40765.2278,9290.8882,25920.3956,10380.5306,0
3730,40879.2758,11324.214,25061.5695,10577.2106,0
3731,42590.6239,11507.7512,24328.0895,10791.9889,0
3732,42875.2962,11428.0397,24206.4251,11019.305,0
3733,42451.7731,10089.6059,23562.0055,11096.6724,0
3734,43926.388,10277.4804,23644.9345,10864.4019,0
3735,46134.4114,10280.8299,23519.0549,10966.6909,0
3736,46740.848,10186.6358,22622.0874,12709.9203,0
3737,46162.2535,10500.3349,20438.4026,16409.723,0
3738,45368.2713,10761.047,19376.8872,18526.3331,0
3739,45973.6761,9998.0111,22264.4202,19033.9105,0
3740,44962.4516,10007.5162,23240.5646,17640.5427,0
3741,43036.1514,9552.1151,23631.9369,16511.0242,0
3742,42760.8654,9206.0078,23608.2473,15721.6345,0
3743,38901.4252,9102.3504,23971.1802,15531.164,0
3744,35224.4398,8115.1884,23408.671,15024.7603,0
3745,33582.2509,6887.1671,22546.8969,14261.6254,0
3746,32270.7044,5608.4292,22529.6434,13174.1599,0
3747,31489.5383,5096.7862,22617.9338,11892.8997,0
3748,31319.5091,5017.8997,22338.9672,11377.6278,0
3749,31480.1751,4952.4354,22630.4672,11246.1074,0
3750,33294.5008,5136.3796,22169.6772,12729.3232,0
3751,35413.0117,6105.4873,23328.2412,13650.7129,0
3752,38730.109,8348.5985,23470.2006,12252.273,0
3753,40308.9918,10137.8178,25276.4061,10626.0902,0
3754,40434.5634,11254.4773,25992.5094,9961.7254,0
3755,40550.191,11967.6546,26399.725,9955.9438,0
3756,40836.7762,12002.6247,26172.0569,10251.6106,0
3757,40733.143,11422.5122,24602.9542,10290.2888,0
3758,43297.7666,11206.8462,23728.2683,10981.355,0
3759,44816.4266,10751.0051,22911.9088,12291.697,0
3760,44472.0166,10689.5217,21922.0771,13641.9745,0
3761,43591.9143,10376.3847,19921.495,18046.5406,0
3762,44911.2928,10525.5359,18641.502,20338.5589,0
3763,45653.6839,10750.4661,22061.2095,19168.732,0
3764,44330.6094,10796.9675,23813.9704,16683.9959,0
3765,44385.5445,9751.0215,24472.0949,14383.6473,0
3766,43712.7438,8924.4364,24515.3601,14053.1226,0
3767,41381.8658,7920.6666,24720.432,13889.3095,0
3768,38676.924,6670.2449,23917.4298,14129.3086,0
3769,35567.7047,5465.4446,23294.6527,14377.8525,0
3770,33929.8993,4998.8697,22588.7211,13202.618,0
3771,33309.2463,4721.2165,22308.3168,11595.1726,0
3772,33150.7594,4633.5267,22197.1431,10643.1798,0
3773,32810.6768,4564.6843,21768.4445,10919.9585,0
3774,33223.4958,4614.2701,21684.2604,10937.1251,0
3775,33819.5891,5002.4832,22463.3552,10590.9177,0
3776,36269.8666,6077.9246,23453.1154,8646.1837,0
3777,39816.9937,7149.3554,24014.0813,7144.7431,0
3778,40722.3102,7953.2376,24329.5822,6941.9625,0
3779,41536.2805,8068.2635,23994.1427,7322.2017,0
3780,41945.4486,8512.5667,23198.4115,7585.4471,0
3781,41576.6175,8615.1197,22489.8828,7635.1605,0
3782,41374.2054,7900.6004,22361.5304,7906.3633,0
3783,41364.6794,6894.7505,22118.6262,8346.1059,0
3784,42421.4967,5974.2749,21199.2495,9393.0694,0
3785,43358.6604,6723.0383,20801.7579,10651.1295,0
3786,45353.836,7916.2314,19852.2522,14665.0174,0
3787,44039.9333,9252.408,23258.8917,16938.1949,0
3788,40540.6221,8789.9658,24838.3564,16489.3839,0
3789,39343.3953,7180.8979,25130.4779,15461.2997,0
3790,38328.4583,5660.7551,25530.7547,14957.2709,0
3791,35989.5481,5126.3399,25598.9668,14341.2654,0
3792,34314.4824,4885.8656,24254.9571,13797.806,0
3793,32076.5555,4683.6097,23878.481,12701.3084,0
3794,30717.8982,4588.408,23867.2819,10565.379,0
3795,29838.4801,4536.8037,23941.9983,8830.2709,0
3796,29702.2957,4503.1943,23607.0318,7830.6393,0
3797,29403.7964,4514.2207,23269.0656,7511.3192,0
3798,29697.6812,4475.4292,22385.6875,7822.6643,0
3799,29701.0186,4557.8753,22152.053,7706.2689,0
3800,30472.046,4716.6284,21353.1912,7904.0522,0
3801,32218.4753,4748.7506,20840.0709,8220.3506,0
3802,35621.8698,5377.3214,19344.7177,7558.815,0
3803,38025.108,5844.6476,18460.4959,7896.9341,0
3804,39309.4845,6281.825,18488.624,8234.7683,0
3805,40465.9662,6178.5856,17160.1441,8218.3189,0
3806,39365.4855,6084.5246,16645.8666,8017.2367,0
3807,37877.5672,5771.1137,16757.0326,8341.1075,0
3808,37964.1218,5633.3717,16513.0031,9605.2132,0
3809,38970.6724,6734.189,15749.019,11651.937,0
3810,41809.4215,6681.8356,17722.8271,14878.1611,0
3811,42682.2231,7465.5262,21362.5115,15714.1281,0
3812,40802.0756,6942.9877,23627.802,15209.513,0
3813,38645.7236,6460.9908,25120.5592,14439.7957,0
3814,36759.6669,6330.3603,25283.4065,14582.4558,0
3815,34099.9131,5771.6461,25342.7108,14645.4407,0
3816,31737.4838,5459.7158,23902.9626,14603.2689,0
3817,31536.0298,5267.361,22059.6816,12894.7291,0
3818,31577.2578,4978.5945,20766.4941,11636.2653,0
3819,31612.4314,4946.37,19829.5064,10981.322,0
3820,32324.1578,4928.0495,18451.6552,11049.0512,0
3821,34710.6276,4900.9994,17040.7292,10468.8804,0
3822,38558.0096,4902.7649,15647.335,11402.4097,0
3823,40964.2904,6367.1366,15827.966,13268.6917,0
3824,41884.1126,8578.2675,18050.6183,12959.7776,0
3825,43848.8292,10586.7388,21263.7161,10293.2489,0
3826,45352.0529,11004.3813,21733.5129,9933.1705,0
3827,45661.0616,13211.7139,20845.0594,10338.2301,0
3828,46759.6844,13547.8607,20063.3983,10705.3793,0
3829,45520.0163,12126.719,20142.5829,10384.5137,0
3830,45305.2204,12206.9959,20179.1689,11279.477,0
3831,44903.7248,12194.2304,19697.9112,13107.9421,0
3832,45107.5009,11815.6401,18372.3584,14788.6101,0
3833,45575.7973,12026.5035,15592.0688,18219.3825,0
3834,46480.192,12201.0273,14387.0727,20180.3041,0
3835,46949.2518,12615.7559,17260.3255,20139.5315,0
3836,45724.448,11594.6666,19079.8487,19987.6336,0
3837,43683.0746,11368.9213,19649.1262,19802.6136,0
3838,42617.3209,10625.7954,19979.7444,19136.9794,0
3839,41617.6849,8766.6997,20127.5393,17087.4198,0
3840,39136.9869,6051.7358,19811.7513,16709.9955,0
3841,37118.7014,5264.8992,17834.7048,16029.5443,0
3842,36023.7152,4849.801,17320.7474,14173.5759,0
3843,36093.5773,4717.955,16397.9508,12888.5515,0
3844,36225.1615,4699.7577,15601.1471,12684.661,0
3845,37359.9149,4779.2888,15005.3728,12543.8093,0
3846,39356.8494,5187.4273,14444.2694,14005.827,0
3847,40103.1587,6769.7817,15701.1888,15649.2237,0
3848,40276.6045,9558.1706,19609.1412,13092.7863,0
3849,42649.0757,11454.0536,22476.5607,10336.7539,0
3850,42520.9246,12910.5394,22843.392,10371.438,0
3851,42529.5211,15204.5476,20954.4951,10532.6705,0
3852,43236.9806,14751.5632,20193.5063,10722.4843,0
3853,43906.2448,11748.4444,19668.7161,10754.414,0
3854,45466.1922,10875.9211,19430.7454,10805.1812,0
3855,47330.7802,10243.3221,19375.5375,10664.3889,0
3856,46815.5809,10618.322,19320.3252,11525.5195,0
3857,44308.2398,11771.3805,18451.158,14913.6548,0
3858,43323.4945,11832.0576,18651.4031,17661.4834,0
3859,43507.6543,12782.7392,20820.5613,19390.8825,0
3860,41510.7913,12929.1184,22025.6773,18996.0276,0
3861,40428.9116,12296.0387,22496.727,18323.6757,0
3862,39208.5661,11727.3442,23112.8865,17482.8533,0
3863,37486.5491,10447.1675,23009.3479,16154.2645,0
3864,36310.4192,7760.8729,22699.3723,15102.868,0
3865,35145.3245,6099.6551,21894.4132,13165.6327,0
3866,34640.7402,5288.6009,20875.5602,11214.4626,0
3867,34690.3051,5358.3651,19911.221,9687.5999,0
3868,34205.5593,5547.6212,19044.5805,9356.622,0
3869,34965.2193,5468.4366,18649.2988,9372.4312,0
3870,38704.0577,5587.8295,18446.3785,9202.7606,0
3871,40711.4598,7411.3941,19843.9736,9271.3687,0
3872,40141.8105,9055.4112,23638.6898,9224.6517,0
3873,40597.2633,10784.7971,25862.5675,8297.3649,0
3874,41602.1232,10879.7524,25259.4232,8359.9351,0
3875,42609.3789,11545.3822,24099.3148,8801.3189,0
3876,43104.3701,12448.0653,21703.0946,9308.9909,0
3877,43080.29,10073.1785,20582.166,9479.8836,0
3878,43968.4333,9598.413,21012.1153,9476.4186,0
3879,45529.6809,9743.7219,20258.5416,10524.4865,0
3880,45369.3658,10353.068,18528.378,12988.0817,0
3881,43106.5041,11811.0058,17168.6086,16633.3134,0
3882,43374.8227,12460.3754,17090.0994,18377.3865,0
3883,43685.6739,13149.9918,20366.445,19034.1943,0
3884,41534.7295,13091.3112,23198.3774,17622.5632,0
3885,41175.9766,12425.1578,25192.2737,14211.6491,0
3886,39873.768,11820.1424,25674.8877,13661.3378,0
3887,37419.8968,10446.2501,25129.368,12994.0877,0
3888,35285.0828,7244.2601,25185.7386,12810.171,0
3889,33287.1704,5433.3477,24575.0615,11302.3328,0
3890,31862.4075,4851.341,23894.0922,10168.6574,0
3891,30202.3865,4453.0882,23510.5211,10319.6445,0
3892,29445.4677,4413.8314,23194.0159,10171.3337,0
3893,29954.2221,4390.1363,23062.4119,9952.6339,0
3894,31463.8786,5239.4859,23509.5113,9809.1059,0
3895,32844.7493,7662.1798,23799.8849,10995.5505,0
3896,36038.6653,9470.9076,24984.7576,10171.0983,0
3897,38372.1899,10900.6931,25457.5255,8919.3995,0
3898,39822.354,10689.5162,23852.4616,9320.8588,0
3899,41417.4255,10438.9736,22950.3659,9816.1239,0
3900,43377.4561,10374.4696,21218.5402,10111.101,0
3901,42911.0297,10181.0951,19574.863,9727.0415,0
3902,43827.6938,10001.6191,18773.5317,10465.6211,0
3903,44292.0368,9515.4191,20345.1457,10450.6314,0
3904,44090.3903,9707.3251,20984.5658,11040.0279,0
3905,43268.1139,11310.7962,20134.3956,13036.8249,0
3906,42110.4915,12758.1938,21522.6781,14299.1431,0
3907,42551.5123,13495.8186,24693.4292,15534.0669,0
3908,41325.1663,13472.8803,25536.2756,14236.8468,0
3909,39885.2828,12797.8345,26130.4219,12322.6455,0
3910,37882.471,12080.6829,26371.268,12131.2653,0
3911,35575.2166,10530.4067,25946.9903,11839.0943,0
3912,33812.7471,7648.2296,25787.9875,11804.2727,0
3913,30614.3365,6916.8836,25335.7599,10496.9326,0
3914,28390.3213,6048.2213,25442.2806,10329.5368,0
3915,27060.4268,5636.7025,25294.5924,10033.3882,0
3916,26445.0329,5623.1582,25065.1841,9863.1071,0
3917,26786.7974,5774.0606,25064.5846,9886.008,0
3918,27778.1669,6586.4744,24542.7369,10722.5162,0
3919,29079.38,9476.1403,25135.957,10960.8246,0
3920,33528.2849,10158.137,26668.6365,9203.2336,0
3921,36434.8435,10925.5487,26691.929,8600.3049,0
3922,37751.1431,10799.822,25944.6627,8324.1763,0
3923,39669.5816,10639.8622,24578.0502,8650.7707,0
3924,40153.2505,10633.4382,23841.3505,8926.6056,0
3925,39603.3506,10148.82,22585.9227,8778.5269,0
3926,39714.5276,9921.5215,23767.0774,8710.1399,0
3927,39079.1907,9903.4122,25969.7295,8685.149,0
3928,39221.6253,9861.0963,26047.6854,9682.4585,0
3929,38837.2039,11429.1419,25852.4695,10945.1804,0
3930,38299.4227,13867.5295,25826.0717,12297.8064,0
3931,39743.2288,15505.6759,26323.858,12821.8134,0
3932,37985.53,15040.7081,26610.4828,12551.2805,0
3933,36099.0938,14115.3716,26102.6029,12650.396,0
3934,34957.67,14031.9982,26062.2681,12026.4397,0
3935,33245.6619,12127.7816,26413.1483,11691.5854,0
3936,31780.6709,9339.7557,26325.8842,11236.0149,0
3937,30292.119,7639.7871,25202.6038,10609.2371,0
3938,29382.3695,6243.7881,25613.8091,8923.3045,0
3939,28167.6659,5874.4444,25210.5502,8575.6583,0
3940,27203.9779,5754.5972,25326.8862,8071.7714,0
3941,27091.0728,5745.9644,25070.5587,8054.9645,0
3942,28554.8725,5730.9604,24135.1407,7977.3936,0
3943,29077.5375,6664.1575,24101.6831,7745.4718,0
3944,31722.6987,7086.3694,24061.1008,7639.7607,0
3945,35437.0654,7832.8173,22861.3264,7961.0201,0
3946,36693.2566,8620.5185,21850.8433,8477.1401,0
3947,38476.7163,9344.1711,19897.4248,8528.6993,0
3948,39054.7124,9623.5502,19082.2753,8571.5432,0
3949,38819.1551,9587.4438,19000.6553,8445.6185,0
3950,38752.8702,9017.393,19644.8461,8231.5827,0
3951,37901.809,8362.7027,21500.5901,8009.0824,0
3952,37950.176,8331.9247,22443.0866,7761.4801,0
3953,37385.9827,8669.1605,23429.9109,9582.8458,0
3954,38037.6469,9551.0635,24451.5238,13650.9241,0
3955,39203.0826,12769.625,25249.1503,14030.3559,0
3956,38162.2725,11488.0634,25296.9343,12754.3504,0
3957,37985.0603,9055.8952,25652.935,11020.6019,0
3958,36019.2701,7827.9883,25868.6527,10579.2005,0
3959,34122.6534,7148.9825,25427.1072,9993.4241,0
3960,32326.4216,6171.0891,24580.82,9724.5346,0
3961,29563.149,5872.4666,24420.7381,9093.0356,0
3962,28595.5813,5311.5084,24185.4437,7556.3576,0
3963,27946.5252,4814.359,23150.8035,6961.7658,0
3964,27509.4699,4739.7614,22532.4946,6908.1144,0
3965,27038.0704,4736.4867,22554.4154,6751.5866,0
3966,27178.6405,4597.3323,22436.0081,6771.7232,0
3967,27021.2063,4442.471,22460.5392,6259.2585,0
3968,28061.11,4135.7745,21958.3276,6449.4782,0
3969,30057.8905,4527.2788,20209.959,7038.4237,0
3970,32902.3178,5425.5256,17541.2864,7534.0837,0
3971,35016.4331,6306.1471,16080.8307,7791.2769,0
3972,35974.3912,7032.9138,16378.9725,8026.0422,0
3973,36044.5833,7385.9929,16159.2673,8039.9077,0
3974,35404.0731,7320.1678,16068.1873,7783.3844,0
3975,34302.092,6873.3852,16999.796,7496.7178,0
3976,35219.0509,6588.5347,17084.8722,7593.5541,0
3977,37341.5911,6079.1753,17449.1196,9392.5282,0
3978,40090.0841,7143.8389,17377.1026,13793.0958,0
3979,40679.2408,9825.3518,20404.8713,14883.2464,0
3980,38601.3199,9175.5169,22363.363,13915.9922,0
3981,37788.8236,7878.5476,23285.4259,13124.3156,0
3982,37694.2104,7767.4366,23424.9851,11733.9937,0
3983,36718.7788,7025.9783,22742.4175,10234.1613,0
3984,35214.8148,5454.746,21420.4947,10163.8075,0
3985,32510.8355,5027.2464,20948.8026,9707.7838,0
3986,31355.9895,4724.6386,20756.9527,8592.6973,0
3987,31232.2065,4817.714,19919.4446,7961.9364,0
3988,31116.7274,4714.9729,19715.2186,7787.846,0
3989,31573.6157,4645.3759,19980.5782,7677.8427,0
3990,34059.9512,4603.0842,19969.0436,8376.28,0
3991,36023.4864,5740.6921,21514.7526,9526.792,0
3992,36572.9683,7973.1388,24648.8352,9094.2214,0
3993,37067.6097,10614.4247,26454.5743,8556.0772,0
3994,38515.048,11423.0226,25061.663,8463.4803,0
3995,39489.2322,11534.0324,24985.7971,8835.3276,0
3996,39935.6408,11203.2866,25633.4573,9132.3232,0
3997,39280.1607,9904.0238,24344.5807,9216.6151,0
3998,40133.5297,9463.1647,24301.5399,9746.3003,0
3999,40914.0721,10270.0686,24178.3146,10099.4333,0
4000,40768.2693,11396.748,23219.5898,12069.2407,0
4001,40228.5048,12448.9123,21482.2817,15030.4517,0
4002,40679.4553,12283.0928,21469.9529,16487.7823,0
4003,42048.6693,12785.1229,24426.5648,16183.871,0
4004,42087.936,12948.9822,24953.5352,14292.2208,0
4005,42120.2881,12765.3163,25237.4232,12171.3548,0
4006,41216.0958,11534.0874,25988.4438,11614.0233,0
4007,39341.8993,9709.1621,25082.8402,11233.6323,0
4008,35958.9131,8332.6309,24302.2285,10366.1074,0
4009,32605.5884,6950.8076,25179.8008,9252.2837,0
4010,30722.6546,6385.4186,24672.3565,8227.9263,0
4011,29422.9914,6293.3695,24209.878,7859.1447,0
4012,28358.5962,5768.8125,24539.2939,8093.0168,0
4013,29122.5792,5441.2479,24367.442,8276.4198,0
4014,31738.2846,5778.7279,24425.0875,8511.1741,0
4015,33530.4992,7671.1668,25694.9979,8577.734,0
4016,35109.041,10993.5771,25641.4455,8739.9037,0
4017,36477.012,12320.7359,26808.5576,8731.6284,0
4018,36821.4517,12221.3762,26921.2449,9053.8426,0
4019,38992.8583,12569.8804,25692.4558,9144.6091,0
4020,39807.1509,13120.6174,24513.1656,9492.8097,0
4021,39145.6912,11584.5345,23786.7861,9305.813,0
4022,40106.5962,11263.3114,23981.9657,9615.1088,0
4023,39547.7544,11987.3017,24949.4256,10274.8052,0
4024,40957.0623,12332.4619,23716.2453,11148.4901,0
4025,43734.1135,12443.7522,21353.0779,12876.8233,0
4026,43471.5996,12470.7759,19802.2044,15687.8799,0
4027,44600.7771,13284.4327,20672.8687,17095.5983,0
4028,43379.6484,13617.989,21509.3065,16104.1914,0
4029,42895.0522,12411.0899,22666.0764,14768.248,0
4030,41556.6734,11394.1333,24284.37,13282.0952,0
4031,38551.7286,10420.0822,24220.8351,12612.49,0
4032,36308.6801,7455.7835,23640.1935,12081.7367,0
4033,33365.7159,6858.8729,23798.4989,9892.1339,0
4034,31412.8496,6382.9942,23621.2977,8880.256,0
4035,30131.3936,6172.3387,22981.2286,8510.92,0
4036,29138.5523,5894.5095,23617.1122,8100.9357,0
4037,29437.9679,5724.4143,24686.9469,7871.8079,0
4038,31680.4378,5953.7159,25125.386,7983.2687,0
4039,34043.1718,7870.918,25421.4675,8295.0307,0
4040,35590.72,10211.6036,26557.2967,8516.2704,0
4041,37539.436,10887.4403,27076.8861,8856.9096,0
4042,38462.7364,11771.6511,25842.905,8970.3867,0
4043,39549.4583,12586.5157,25137.0075,9262.3443,0
4044,39806.844,12731.1184,24951.8984,9321.7465,0
4045,39741.8703,11063.4876,24295.3766,9290.479,0
4046,39695.6252,11753.929,25342.3126,9195.4621,0
4047,38522.1496,12655.8751,27555.6534,9440.6279,0
4048,39086.7862,12703.2026,26526.6408,10609.7101,0
4049,40476.6032,12608.0713,25691.7287,11896.0589,0
4050,41034.2229,12346.1866,24370.2173,14467.5982,0
4051,42652.0105,13176.6459,25673.9681,14663.517,0
4052,42014.1689,13066.5007,26197.7056,12822.898,0
4053,40600.2553,12821.2612,27203.8602,11085.7054,0
4054,39613.0746,12055.3884,27306.8312,10704.6962,0
4055,37927.4049,10334.9048,27464.4062,10686.3955,0
4056,35894.0571,7908.2454,26543.6303,11147.2273,0
4057,33469.9508,6803.368,25813.7858,10620.1942,0
4058,31844.9692,6308.1392,25492.1403,9263.5213,0
4059,30861.6572,5873.89,24941.7916,8613.8074,0
4060,30464.9114,5530.9331,24192.6575,8594.5299,0
4061,30753.8165,5208.1931,24160.6431,8524.5457,0
4062,31231.7335,5506.446,23834.4227,8451.0745,0
4063,31248.1279,6462.5275,23312.4573,8678.1915,0
4064,32558.394,7150.9262,24110.3841,7880.0359,0
4065,35513.9708,7425.2838,23443.9436,7852.0662,0
4066,37795.6216,7962.5128,21015.6408,8787.7559,0
4067,39450.8158,8482.2045,19731.2489,9141.6787,0
4068,40423.416,8857.0625,19815.7553,9265.7246,0
4069,40246.767,8671.5409,20152.2057,9371.9725,0
4070,40462.9698,8776.5524,20828.7596,9021.8942,0
4071,40282.1595,8792.8258,21880.1341,9045.0195,0
4072,39397.3976,9115.7847,22680.5986,9871.5023,0
4073,39282.485,9512.3589,23187.8713,11192.0886,0
4074,40357.0849,10421.7113,23129.1511,13788.8718,0
4075,41854.9197,11992.6158,23906.2296,15712.1349,0
4076,40078.94,11570.8472,24752.6312,14988.5593,0
4077,39752.6569,11185.0772,25307.5119,12365.3277,0
4078,38845.8961,10731.1776,25605.1653,11020.8186,0
4079,36573.8516,9600.3083,25895.2837,10979.4641,0
4080,34346.8048,8246.8111,25629.9197,10891.2573,0
4081,32722.6284,7520.8199,25060.2836,10288.5695,0
4082,31279.8816,7378.4161,24299.946,9175.8887,0
4083,30757.8447,7256.5152,23008.9673,8887.9571,0
4084,30256.0533,7444.2731,22293.48,8592.243,0
4085,29917.4502,7687.2675,22415.0476,8362.4926,0
4086,29983.7208,7688.4533,23822.7099,8527.2825,0
4087,31893.1448,7666.1167,24499.6763,8952.9429,0
4088,35093.0404,8858.7246,24415.2568,9003.687,0
4089,38020.1866,9985.7802,25046.923,8609.1236,0
4090,39180.2576,10329.4576,25742.8347,8503.9372,0
4091,40003.502,10715.76,25945.8496,8691.2056,0
4092,40118.2155,11027.9598,25141.82,8820.8791,0
4093,39425.6126,10487.7267,24224.3166,8801.9591,0
4094,40807.8352,10240.8526,23631.5673,9513.5909,0
4095,41251.2815,10243.0823,24092.2242,10129.4391,0
4096,40501.3213,10805.4199,23063.832,11944.8593,0
4097,40141.97,12065.9583,21193.3073,14454.1914,0
4098,40686.3864,12897.9444,20527.5202,16700.5135,0
4099,41820.6294,13394.7627,22695.0185,16660.7408,0
4100,38756.8236,14037.3629,24460.8001,15176.6054,0
4101,37160.1703,14473.7505,25171.0492,12535.5571,0
4102,36374.9672,14482.7111,25135.6765,11278.7576,0
4103,34600.8806,13737.5535,24732.1866,10711.4139,0
4104,32373.5654,12258.5969,24373.0091,9814.8611,0
4105,29698.8934,11451.7557,24078.8702,8789.9834,0
4106,28143.3075,10287.2902,23477.9941,8210.7399,0
4107,26957.5889,9987.3939,23245.9304,7509.6692,0
4108,26463.0608,9875.7175,22662.3342,7260.6248,0
4109,26616.8232,9380.0564,22660.8811,7174.8963,0
4110,26548.2525,9329.496,22744.2248,7485.3053,0
4111,26509.8339,9274.3299,23894.2869,7524.0517,0
4112,28243.6517,9708.7298,23631.6674,8023.7267,0
4113,31036.7211,10414.3875,23620.509,7653.3688,0
4114,32930.3909,10916.9324,23352.9868,7585.039,0
4115,34601.6814,11025.7653,22339.7691,7920.1562,0
4116,35376.0165,10877.2928,21508.3638,8575.9652,0
4117,35744.1524,10618.4166,21228.306,8226.3082,0
4118,36135.1408,10473.8854,20565.3063,7793.4362,0
4119,36189.1354,9615.3717,20771.3682,8176.1493,0
4120,36864.6355,10295.8592,19471.9767,9088.1593,0
4121,36262.9905,12000.0892,18674.2578,11634.4008,0
4122,37468.0999,14803.9628,19029.8955,13439.2357,0
4123,40165.0887,15412.3167,21085.6151,14577.684,0
4124,38356.8801,15502.4441,22085.9507,12055.5413,0
4125,35404.1644,14890.6604,24286.0574,9871.312,0
4126,34501.9675,13669.4239,24525.2535,9306.7601,0
4127,33462.5698,12748.0639,23005.1899,9069.1733,0
4128,31670.2353,12514.4723,21764.6363,8503.5764,0
4129,28829.8439,12619.8072,20477.2535,7890.7741,0
4130,26415.653,11758.7679,20341.5938,7499.503,0
4131,24610.5563,11255.1252,20351.6467,7556.6953,0
4132,23924.7382,10761.5618,20118.5787,7560.8192,0
4133,23765.8267,10177.5894,20474.19,7315.0099,0
4134,23889.1004,10242.5961,20197.8942,7116.7151,0
4135,23807.652,10553.2493,19851.3172,6903.0808,0
4136,26147.7227,8677.5656,20442.7586,6040.2243,0
4137,30255.8058,8319.5376,17788.0582,6189.4558,0
4138,33008.6867,9031.4367,15291.9811,6600.7095,0
4139,35307.1939,9643.2171,14505.3359,7025.3271,0
4140,36726.9947,9863.6351,14667.2097,7269.2015,0
4141,36562.867,10033.0714,14701.4087,7420.5472,0
4142,35823.0389,9654.5823,14869.9815,7739.1831,0
4143,34616.6689,9484.849,15949.4654,7644.7404,0
4144,32990.1088,9448.6183,18843.2244,8165.9072,0
4145,33232.4861,10342.1604,18200.0357,10674.5375,0
4146,35090.033,13222.8162,17897.0407,13685.1121,0
4147,36467.2044,14738.2466,21462.7831,14387.9956,0
4148,33865.2886,14660.1499,23712.1918,13412.5772,0
4149,32086.0848,14931.9269,24931.2921,11374.2343,0
4150,31482.6292,15007.5167,25422.6236,9259.7725,0
4151,30485.8664,14074.6562,25083.9006,7926.2953,0
4152,29146.1302,13122.2432,24133.6744,6997.3728,0
4153,27729.4369,10251.2707,24139.2459,6991.6011,0
4154,26805.2114,8733.4401,23899.3337,6942.8623,0
4155,26621.7292,8119.0065,23585.6797,6505.1657,0
4156,26368.122,8251.0285,23258.6805,6406.3417,0
4157,26242.414,9531.5066,22795.685,6308.7849,0
4158,27081.0903,10570.8218,22981.5718,7159.757,0
4159,28937.6527,11608.1119,24814.1971,8082.8693,0
4160,32576.3482,12913.6799,25993.7623,7829.9892,0
4161,34959.9437,13957.1179,27237.1704,7607.7936,0
4162,36943.9697,14551.6723,27374.5571,7395.1273,0
4163,39214.4159,15332.2763,26509.4819,7849.7155,0
4164,40116.7393,15512.6125,26175.6264,7882.1479,0
4165,40028.8064,14392.6673,24814.5282,7946.6167,0
4166,41088.3572,14087.0851,23982.7324,9047.0732,0
4167,41463.5265,13813.0267,23743.6056,9876.5953,0
4168,41760.6882,14578.575,22255.2154,10493.1783,0
4169,42369.8231,16163.0722,20657.9241,11715.4345,0
4170,43555.9982,17435.6787,19480.4632,12360.8518,0
4171,44395.0859,18091.678,22314.1754,12855.2776,0
4172,42586.1744,17396.5561,24416.3436,12506.1035,0
4173,39421.3578,17934.5067,25362.4338,11906.6992,0
4174,36778.8388,17823.6828,25925.196,11756.635,0
4175,34428.4501,16599.7062,25335.9546,11221.2826,0
4176,31896.6582,15173.202,24578.2262,10645.1554,0
4177,30539.4331,14014.275,23762.1593,8777.0826,0
4178,29627.0964,13404.2205,22769.8856,7529.126,0
4179,29681.2505,12907.7333,21513.8319,7190.4052,0
4180,29338.3145,13694.8306,20326.4941,7050.0628,0
4181,29689.7832,14840.0219,18811.9734,7351.6399,0
4182,30432.1699,16565.8658,17765.8393,8308.3913,0
4183,32552.1581,17762.5371,18276.3922,8478.2984,0
4184,35141.8936,17998.4299,20181.7033,8352.7092,0
4185,38094.4641,18277.7771,21348.0905,9040.5095,0
4186,39902.6804,18292.6106,21358.436,8753.8616,0
4187,42109.8326,16865.5663,21070.8047,9006.2181,0
4188,42257.0599,16807.7536,20547.3466,9126.37,0
4189,40748.5529,15156.185,20603.1804,8768.3079,0
4190,40888.5675,15218.8839,20633.3358,8927.1248,0
4191,40825.378,15938.2344,20109.1088,9379.0455,0
4192,39599.1761,17310.1423,19450.508,10642.4703,0
4193,39416.8555,18797.0706,17568.5059,13488.0999,0
4194,41475.1051,18384.1647,16680.0546,15223.6513,0
4195,44158.4528,18630.7165,19066.9226,15531.4808,0
4196,42228.3664,17795.5679,21437.8758,14929.5938,0
4197,39780.1723,17797.3719,22659.1387,13772.022,0
4198,36655.0151,17588.0265,24129.1017,13093.8665,0
4199,33571.7602,17021.8972,24763.1736,10840.8696,0
4200,31209.6235,15429.9992,24991.9538,8438.4201,0
4201,29014.0444,13599.7609,24159.0008,7983.0916,0
4202,26783.5161,13014.3981,23398.4256,7909.5995,0
4203,25819.8424,12124.6708,23678.4372,7464.9267,0
4204,25684.1706,11510.1415,23460.5954,7429.6541,0
4205,25632.6081,11504.3467,23589.5495,7599.5172,0
4206,26015.0077,13755.7706,23147.0965,7931.2563,0
4207,26851.3817,16493.8675,24508.374,7865.5841,0
4208,30565.9013,15637.2579,26720.9536,7929.8285,0
4209,34835.8098,15320.0498,26465.1387,8214.327,0
4210,36621.1406,15010.2854,25429.0432,8271.6227,0
4211,38368.8657,14268.6379,24677.796,8575.2887,0
4212,39201.6515,14345.3145,23067.2497,8694.5903,0
4213,39267.7648,13459.083,20604.2386,8755.6304,0
4214,39323.7746,14050.2626,20161.9374,9240.0121,0
4215,39313.4324,14797.9623,20649.64,9224.1512,0
4216,38659.7475,16209.1776,21203.732,9509.2514,0
4217,38916.8395,17810.3409,20892.4672,11102.3,0
4218,38452.4679,18090.446,21348.5173,13356.7775,0
4219,39824.6959,18350.8842,24899.4922,14037.9734,0
4220,37892.3567,18455.3512,26106.0349,13837.4214,0
4221,35633.7993,18405.31,26875.9579,12898.1732,0
4222,33531.4122,17822.596,27763.7899,12091.8633,0
4223,30838.8234,17510.7229,27824.6562,10533.2183,0
4224,29936.0259,15375.6108,26279.7645,8359.4698,0
4225,27712.7862,12668.5735,26121.7528,7412.8956,0
4226,26140.5639,10597.7817,26181.8744,7197.6322,0
4227,25797.5773,9414.8582,25305.7981,7074.7699,0
4228,25505.7726,9230.9536,24946.4886,7042.046,0
4229,25572.7362,9096.7228,25434.486,7121.3142,0
4230,26208.6649,11180.7487,25288.8394,7604.6025,0
4231,27811.7774,13831.9687,25987.0886,8000.1515,0
4232,32335.0467,13665.5552,26815.5294,8192.1598,0
4233,35779.359,13525.1963,27514.4881,8394.1418,0
4234,38102.0552,12900.2214,27469.5971,8570.364,0
4235,39695.5955,13800.5725,27199.3227,8533.7934,0
4236,40042.8578,15556.3034,25286.1059,8514.1144,0
4237,39952.0143,14853.2626,23169.0437,8705.0953,0
4238,39609.1146,15706.2917,23991.1199,8915.7607,0
4239,38653.5215,16122.5548,25159.5784,9506.8182,0
4240,38375.062,16367.1629,25718.9449,10484.2705,0
4241,38797.2508,17126.2014,24237.9742,12858.2542,0
4242,38087.2173,17830.3807,24174.1522,14403.3406,0
4243,40003.1269,18106.6655,26016.9151,14583.1928,0
4244,38981.0663,18089.2646,26510.4972,13813.5987,0
4245,37606.0278,18402.8922,26625.2954,12446.2415,0
4246,35949.0824,18576.7021,26509.6337,11975.0983,0
4247,33089.5191,17874.8625,26698.9547,10792.1781,0
4248,31841.392,15931.8071,25442.0793,8594.8544,0
4249,30471.0296,13190.3563,25093.7929,7761.1193,0
4250,29775.9352,11329.076,23843.8453,7708.5987,0
4251,28589.0341,11306.6679,22837.8832,7712.8095,0
4252,28407.522,11418.0913,21852.4548,7649.2713,0
4253,28318.4649,12819.5617,20603.9515,7780.9292,0
4254,28469.3772,15442.2917,20393.9791,7957.235,0
4255,30454.8321,17037.8439,21488.0501,7980.2206,0
4256,33485.1935,16680.9588,24204.3769,7992.8145,0
4257,38118.1922,15652.4082,26053.4373,8407.036,0
4258,39666.209,14721.5332,26804.1609,8737.6003,0
4259,40352.609,15363.2303,26383.2602,9136.4988,0
4260,40238.2222,15256.5985,25985.1636,9924.3133,0
4261,40095.5962,13380.9335,25322.4202,9822.2531,0
4262,40419.6749,14261.093,24147.3595,10817.4638,0
4263,40522.2565,15470.5254,22320.0681,12232.0154,0
4264,40783.5923,16558.8148,20339.4675,13212.3266,0
4265,41384.3166,18052.1132,18119.1923,14869.6306,0
4266,42586.9004,19027.3721,16865.7225,15547.0722,0
4267,42791.749,19003.0621,19500.0487,16379.044,0
4268,40564.9299,19151.572,22670.9285,14173.8927,0
4269,37383.4582,19018.4709,25174.3085,12290.2142,0
4270,36275.9947,18931.319,26335.8722,10316.6635,0
4271,34967.5645,18343.6165,25688.9171,9085.2971,0
4272,33207.1553,16749.6725,24129.1853,8499.1137,0
4273,30413.6822,16476.2015,22672.0494,7894.9794,0
4274,28317.0019,15676.5246,21968.1231,7650.5726,0
4275,27794.1774,14234.5632,21161.6801,7624.485,0
4276,27848.3238,12495.5908,21405.2344,7557.5027,0
4277,27678.8457,12766.0016,21165.9294,7417.6894,0
4278,27550.9883,13654.9578,20741.7496,7533.9297,0
4279,27445.2585,13431.1694,22684.0735,7600.6568,0
4280,29762.095,12172.5934,24622.4561,7525.5169,0
4281,32264.6192,12979.2344,24033.4897,7834.9469,0
4282,35915.0374,12809.4428,22127.4493,8030.4609,0
4283,38685.4754,11825.0759,21056.6818,8756.9218,0
4284,39620.4732,10779.6755,20340.0967,9649.1648,0
4285,39284.8918,10168.4847,19888.2013,10510.3812,0
4286,38310.0278,10275.3211,19487.7199,11360.1521,0
4287,36606.9737,11431.4046,19087.4926,11495.0627,0
4288,34160.4648,13008.4097,19667.4357,11925.1077,0
4289,33060.2877,14430.8285,20799.3148,13440.6162,0
4290,33655.2799,17229.7147,21205.6405,14714.26,0
4291,36538.7451,18436.0209,23016.455,15171.3254,0
4292,34109.6624,18771.5264,23331.2959,14576.0813,0
4293,31610.4019,18468.1981,23470.8914,13078.3191,0
4294,29644.7877,18185.5608,25021.0092,10517.7072,0
4295,29082.5601,17442.568,24537.9277,8611.3555,0
4296,28781.7387,15482.4626,23984.2779,7617.0468,0
4297,26807.594,14176.0267,23171.2756,7345.0718,0
4298,25686.8755,13708.5993,21986.2423,6776.5016,0
4299,24792.6514,12392.3129,21851.4351,6579.078,0
4300,24880.416,10632.3338,21822.2961,6468.055,0
4301,24962.0085,10548.0474,20866.4896,6063.2902,0
4302,25431.6777,10197.1562,19996.2191,5861.6426,0
4303,24935.2994,10235.1535,19704.5695,6010.1635,0
4304,26657.0744,9249.4314,18900.3155,6391.0253,0
4305,29386.4208,9105.69,16373.9917,6904.9409,0
4306,31983.0335,9050.5712,15287.3138,7211.6748,0
4307,34440.7151,9370.2884,14011.7494,7601.0154,0
4308,36700.2812,9767.6095,12994.3605,7771.489,0
4309,37268.2508,9751.8817,12838.1528,7710.3026,0
4310,36643.2704,9514.5864,12802.2092,7505.9303,0
4311,35109.8594,10800.0563,13078.7558,7149.8724,0
4312,32765.1489,12771.6622,15283.9104,6894.316,0
4313,31628.8148,15817.4951,16641.1938,8028.8857,0
4314,34812.503,17023.0929,16320.2633,11049.6166,0
4315,36117.1063,17561.071,20245.665,12214.3692,0
4316,35061.6937,16496.3975,22864.7265,11177.7105,0
4317,33432.773,16681.2921,24097.7121,9560.815,0
4318,32129.6734,16487.6811,24282.3955,8750.8454,0
4319,30356.3887,16222.3798,24428.3688,8039.5227,0
4320,29352.5573,14760.6602,23552.4443,7152.5443,0
4321,27699.0989,13988.5911,22753.7475,6435.6655,0
4322,26248.9601,13089.7679,22351.6359,6186.8323,0
4323,25314.7422,12464.2727,22112.0823,5998.4793,0
4324,25032.5636,12184.2589,21794.3044,6043.7289,0
4325,24977.403,13130.1577,21389.6265,6111.3448,0
4326,26293.9963,15365.9319,21232.0526,6081.2004,0
4327,28954.1978,16591.1768,22324.6408,6406.488,0
4328,31784.0798,16119.037,25349.3768,6847.4868,0
4329,35435.8862,15512.1703,26773.5171,7373.2219,0
4330,37094.5234,15663.3334,27123.1191,7485.0699,0
4331,39219.4484,15814.9959,26608.4753,7885.5909,0
4332,40159.2983,15618.2312,26195.3571,8154.2516,0
4333,40261.3024,14046.9406,25047.5918,8067.0095,0
4334,40283.1649,14979.6603,24187.5051,8354.3977,0
4335,40902.4264,16289.8835,22955.6646,9034.6773,0
4336,41389.1973,16478.0451,21682.529,10874.3943,0
4337,40923.6465,17647.564,20554.039,12315.2007,0
4338,41068.1898,18504.4882,19662.0897,13587.1252,0
4339,42010.7094,18714.6377,22619.9358,13527.3369,0
4340,40683.665,18024.82,24913.7526,12674.7775,0
4341,40010.3,18242.0953,25155.2939,11258.2195,0
4342,39176.8179,18288.9201,25148.8292,9652.423,0
4343,37478.6951,18152.2385,24409.1353,7586.1269,0
4344,33704.0715,17992.6219,22637.2971,6644.7458,0
4345,31012.8511,16369.1528,22053.8791,6339.3594,0
4346,29587.5206,15252.556,20948.2174,6274.3054,0
4347,29207.2253,14060.9227,20089.9193,6283.3694,0
4348,28879.3846,13975.5814,19406.8237,6243.8189,0
4349,29169.8583,14631.8821,18686.8286,6220.1293,0
4350,30669.0417,15993.5149,18709.6514,6099.929,0
4351,31727.5596,18328.0317,20031.2024,6187.8432,0
4352,35015.8204,17894.9815,22681.6128,6557.2232,0
4353,38687.4466,16373.5759,25203.0977,7109.6014,0
4354,39561.8718,15605.9838,26014.1508,7437.7083,0
4355,40896.8274,15557.7257,25726.8121,7726.7597,0
4356,41051.0408,16494.1876,24181.6696,7956.0074,0
4357,40686.4293,14991.3984,22757.2455,7983.9749,0
4358,41698.7989,15020.3933,22711.425,7944.2649,0
4359,41766.1123,16040.0504,22771.1341,7789.2408,0
4360,42708.6022,17102.6449,20390.1478,8734.1892,0
4361,41639.7531,18390.6503,19663.8816,10922.813,0
4362,42178.2515,18604.6289,18813.927,12288.98,0
4363,43118.0299,18763.0432,21820.6076,13565.4827,0
4364,40512.5688,18656.3003,24295.0796,13099.7988,0
4365,38836.6352,18649.2482,25667.4726,11260.3876,0
4366,38368.4752,18956.6223,24968.3401,9776.1829,0
4367,37402.8875,18895.6812,24396.79,7127.2289,0
4368,33374.0704,17921.585,24298.4049,6010.7256,0
4369,30249.0969,14371.0633,24599.674,5934.2162,0
4370,29454.7616,11797.4846,24669.7693,5955.6607,0
4371,28303.9141,10689.5525,24855.2337,5815.8969,0
4372,27721.0483,10781.386,24470.0753,5759.3569,0
4373,27828.8098,10833.2224,24885.3187,5696.658,0
4374,28884.3236,12534.9136,24819.0899,5812.4627,0
4375,30334.7825,15120.7507,25446.4265,6237.8624,0
4376,34710.5814,14841.6488,27037.2663,6717.9057,0
4377,39429.2074,14831.2824,26527.204,6961.6261,0
4378,40713.7709,14121.7417,26399.3444,7152.2396,0
4379,41294.0627,14903.4402,25717.3532,7373.2219,0
4380,40384.8632,15541.8714,25363.965,7530.9718,0
4381,39574.6571,14440.6515,24509.6819,7287.9279,0
4382,39331.7496,15034.2533,24784.8986,7315.0979,0
4383,37920.8423,16420.5052,25467.2121,7304.9823,0
4384,38078.6901,17764.5875,23948.9844,7963.8009,0
4385,39104.3719,18231.4539,23514.9398,9447.6305,0
4386,39118.7698,18549.333,24303.0733,10818.3086,0
4387,41320.8532,18791.2879,26252.006,12105.0589,0
4388,40654.031,18456.0123,27517.0269,11050.6209,0
4389,40567.2124,18332.0258,27687.9526,8906.3865,0
4390,38144.4085,18854.3322,28481.3947,7500.6624,0
4391,35707.0329,18371.7941,27919.4168,6254.0742,0
4392,32368.4592,17335.0738,26008.0722,6012.2843,0
4393,29921.2012,14518.295,25272.8168,5849.1785,0
4394,29199.9345,12134.6071,24649.0244,5900.7663,0
4395,28873.5942,11426.9232,23480.8068,5874.4158,0
4396,28514.7302,10757.5446,23512.0996,5881.8639,0
4397,28446.2717,11250.4535,23336.7134,5797.7161,0
4398,29217.4025,12677.8795,23382.2677,6041.9293,0
4399,29632.6822,15269.2606,24969.901,6314.616,0
4400,32635.8164,15524.0063,27189.7087,6308.6914,0
4401,36116.8093,15770.7462,27097.3164,6516.4836,0
4402,38260.9183,14320.438,26794.9616,6835.7498,0
4403,39096.0504,13871.3861,26699.1901,7256.2611,0
4404,39458.2386,13540.1838,26464.5095,7429.9885,0
4405,39072.9812,11473.924,25710.6179,7716.3724,0
4406,39644.1617,12595.5467,25305.3933,7598.9012,0
4407,40004.8539,13790.964,25261.2624,7533.4347,0
4408,40304.0627,13699.6354,25611.1361,7652.37,0
4409,39469.6137,16883.2829,24479.246,8716.5408,0
4410,39890.6904,18759.1547,22993.1977,10414.4865,0
4411,41541.643,19528.5222,25662.9824,11534.215,0
4412,40354.1083,19641.1919,26535.1174,10551.0097,0
4413,39090.3953,19557.3081,27014.0035,8830.9133,0
4414,37873.9075,19729.9168,26756.8147,7829.888,0
4415,35529.6986,19605.3055,26011.6593,6313.8779,0
4416,31766.5029,18801.3496,24651.7084,6257.339,0
4417,28436.0549,16796.3268,24076.5712,6293.2111,0
4418,28022.2701,14277.6711,23337.589,6244.095,0
4419,27943.223,12412.0051,23027.2779,6370.3453,0
4420,27984.6941,11602.1697,22805.6246,6347.9075,0
4421,28277.7979,11873.9797,22692.373,6460.5343,0
4422,28435.5852,14750.8427,22244.4112,6377.272,0
4423,29367.7516,17579.7523,23603.9914,6185.2384,0
4424,32771.9205,16626.8267,26430.1301,6303.0627,0
4425,36670.0367,15756.4319,26527.6429,6800.3067,0
4426,38158.5787,14658.9982,26716.2874,7021.5618,0
4427,39495.7255,14422.1737,25680.3954,7404.4696,0
4428,40523.505,13155.8724,25456.3386,7494.9072,0
4429,40969.3856,11974.6638,23556.7222,7453.9839,0
4430,41356.0862,12744.4251,22919.0984,8083.3016,0
4431,40532.9716,13829.4794,22447.0532,9255.1008,0
4432,40436.3894,13728.7326,22154.9537,10146.1118,0
4433,39493.674,15455.9702,22209.0814,11307.571,0
4434,39755.9382,18039.0419,21458.4117,12115.873,0
4435,40844.0494,19505.1923,23935.0023,12847.6392,0
4436,38757.5969,18944.2264,25438.5406,12867.6592,0
4437,36677.113,17956.5903,25853.4298,12515.1235,0
4438,34800.6714,18959.3261,25788.2757,11039.0236,0
4439,33323.0722,20075.3553,25156.9736,8444.667,0
4440,31598.2051,18959.1193,23339.5822,7450.0525,0
4441,30664.3436,16371.0734,22270.1248,6911.7862,0
4442,29611.2366,14504.0896,21671.1308,5928.1277,0
4443,29390.5348,12437.9255,21405.9934,5648.8245,0
4444,28639.9498,11333.1317,21710.788,5820.6445,0
4445,28017.528,11245.4661,21918.9729,5979.1974,0
4446,28153.8708,11568.018,22066.2332,5968.1468,0
4447,28185.2813,12396.2564,22893.0823,5456.671,0
4448,30592.3167,11214.5286,24607.462,5771.1566,0
4449,33995.9213,11539.8041,23047.4948,6187.4582,0
4450,36412.552,11886.6781,20184.3543,6611.0044,0
4451,38520.1553,12243.4543,17841.6953,6924.5077,0
4452,39368.7261,12896.1063,16063.3242,7085.6434,0
4453,39178.5867,13127.6024,15302.7105,7005.8527,0
4454,38823.829,13088.581,15262.302,6875.5632,0
4455,37512.3463,12857.0728,16587.5644,6554.768,0
4456,35673.7656,13844.5252,17617.0071,7400.9089,0
4457,35349.9795,14376.9252,18275.4561,9251.9064,0
4458,37711.0646,16578.8172,18340.0415,11105.6913,0
4459,38564.9671,18403.3608,20280.6802,13004.6873,0
4460,36336.971,17736.5529,21637.6622,12290.0019,0
4461,33791.9857,17041.8457,22763.8136,10617.3001,0
4462,31368.8903,17216.5642,23638.593,8410.8486,0
4463,28469.9074,17793.8563,23476.0339,7239.9448,0
4464,27074.1625,17593.9797,21991.5388,6492.244,0
4465,26334.2068,16511.4752,20888.7118,5833.5937,0
4466,26110.3304,13624.8585,20600.646,5892.5691,0
4467,25737.4084,12137.9005,20363.9733,5652.0563,0
4468,25319.5173,11574.915,19982.5714,5589.111,0
4469,25098.1687,11816.5575,19408.125,5492.5849,0
4470,25034.1289,12333.4717,18767.0879,5466.2762,0
4471,25098.1258,10984.8937,19532.9508,5428.4307,0
4472,28492.4552,8671.9556,17586.5481,5455.6953,0
4473,32128.6229,8210.1426,15823.995,5710.4817,0
4474,34495.8944,8970.896,12859.55,6416.1845,0
4475,36665.4178,10127.5636,11346.6188,6875.1155,0
4476,37604.0346,11005.7904,10769.9174,7034.4175,0
4477,37712.8103,11141.2499,10012.3045,7030.5829,0
4478,37088.2886,10482.0903,9799.9286,7054.9809,0
4479,35230.3083,10678.668,9676.9178,8106.2069,0
4480,34445.2768,10024.0085,11141.4226,8928.9178,0
4481,34821.2667,9926.1613,14721.5684,10164.6699,0
4482,37306.9697,13592.7055,16290.4005,11006.6088,0
4483,39004.9099,17049.0837,19464.7057,10917.6375,0
4484,36146.4466,17420.9574,21804.8842,9594.8149,0
4485,34103.2824,18539.9478,22670.3708,7768.7841,0
4486,33222.5289,18248.3136,22604.6579,6733.9822,0
4487,31119.9284,17557.7655,23149.4153,6161.9547,0
4488,28599.879,16704.1138,22279.2713,5867.8092,0
4489,27632.2849,13255.5731,23006.3889,5601.1637,0
4490,27120.742,11132.0781,23127.2096,5496.909,0
4491,26145.9077,10443.0843,23205.1534,5484.2612,0
4492,25812.8442,10251.0793,22926.8534,5619.5535,0
4493,26112.0211,10722.6988,22684.2297,5699.4421,0
4494,27484.0819,11975.9288,22957.0099,5723.9578,0
4495,27818.1024,15373.4339,24286.1982,5664.912,0
4496,31104.3348,14314.2538,27071.3806,5846.2272,0
4497,34926.6335,13024.9471,27799.1252,6089.4438,0
4498,38071.4565,13802.4249,24205.5,6554.4831,0
4499,39888.8336,14195.1788,23089.8767,6950.2037,0
4500,41110.8324,14126.6323,21830.4779,7312.7538,0
4501,41238.8097,13829.3672,19620.271,7612.1782,0
4502,41585.8784,14191.0923,19034.4319,8265.9907,0
4503,41058.7991,13643.5497,19919.24,9169.2678,0
4504,39873.526,14070.7215,20700.5238,10263.2365,0
4505,40262.288,14934.0796,20591.6062,11069.6366,0
4506,40924.6321,15529.4843,21768.5512,12227.699,0
4507,41663.1226,18351.7917,23987.3931,12282.523,0
4508,41095.307,18698.7658,25073.0161,10737.5576,0
4509,39346.6172,18723.4179,25364.0112,10126.798,0
4510,37805.042,18416.9953,25411.3948,9327.538,0
4511,34766.2557,18270.9758,25145.681,8004.9662,0
4512,31700.3632,18052.0285,24201.9129,6876.9844,0
4513,29176.7388,16028.8205,23514.018,5870.4734,0
4514,28326.4509,13132.5623,23703.4006,5629.6526,0
4515,28053.9039,11398.3419,23786.9665,5457.4278,0
4516,27746.1602,11119.3137,23488.9941,5330.9421,0
4517,27808.7194,11805.4684,23210.1122,5278.6151,0
4518,28076.7586,14047.9174,23515.3622,5218.5782,0
4519,29234.7748,16047.944,24846.4799,5499.8394,0
4520,32559.9153,15535.0833,27250.5288,5899.8137,0
4521,34927.849,15407.8485,27243.9871,6350.0206,0
4522,37058.7206,14594.7494,24952.6893,6984.3202,0
4523,39715.4725,14919.1845,21878.1893,7387.4086,0
4524,41122.4132,14929.9964,19902.5233,7466.2401,0
4525,41371.6259,14434.4398,17592.9523,7485.1007,0
4526,41874.448,14549.3909,18563.7276,7339.8941,0
4527,42984.6318,14224.1429,20101.8125,6963.2728,0
4528,41930.4325,15465.263,20917.9696,7534.4918,0
4529,40812.8248,17780.7905,19019.2684,10595.0372,0
4530,41634.6722,18970.8838,17836.6265,12546.2161,0
4531,43675.3592,18803.455,20617.6586,14503.5198,0
4532,42270.1224,18450.6553,21874.5725,13726.1014,0
4533,39537.6476,18134.8783,23411.5981,12819.026,0
4534,37490.2649,18060.8725,23883.7225,12309.4103,0
4535,35059.7302,17454.6746,23303.4439,11059.5254,0
4536,31782.2032,16506.8893,22464.5784,9570.8481,0
4537,29561.2988,14952.8489,22132.7106,7922.7951,0
4538,29139.968,13343.8118,22008.8077,6428.4946,0
4539,28613.3529,12489.565,21935.5444,5970.6251,0
4540,28410.1455,12099.6535,21826.6796,5911.0106,0
4541,28395.2933,12236.9027,21838.5871,5917.593,0
4542,28758.136,13212.5411,22050.4416,6126.0188,0
4543,28857.6563,15036.5083,23792.5501,6174.2846,0
4544,31579.702,14194.0095,25692.6175,6641.9331,0
4545,35088.163,13857.844,25494.4745,6983.1091,0
4546,37636.5429,13852.9501,23675.6124,7345.8902,0
4547,40346.9616,14566.1824,21052.8362,7553.5273,0
4548,41865.0661,14897.5695,19826.9434,7794.1193,0
4549,41714.7434,15154.6417,17398.5119,7912.0866,0
4550,42200.0645,15352.0422,17626.3912,7738.9708,0
4551,43192.8376,14886.817,18026.0927,8094.5612,0
4552,42028.3358,15408.2984,19055.685,8786.2643,0
4553,39933.4155,17767.4178,18606.445,11051.2732,0
4554,40539.2878,18293.3102,18449.9755,12566.9907,0
4555,42850.049,18705.5902,22386.463,11750.0922,0
4556,40571.1713,18800.661,24194.0622,10431.2703,0
4557,38099.2293,18880.6288,24182.8983,10143.0164,0
4558,36713.2425,18836.488,25029.8719,9344.1172,0
4559,34089.8624,18189.9234,25574.8977,7997.9471,0
4560,31330.5894,15726.942,25446.5838,7646.5829,0
4561,28542.1257,14122.2312,24565.1791,7445.4072,0
4562,27513.0944,12587.8533,24330.2543,6910.5795,0
4563,26575.0826,11702.2906,24311.2914,6485.2403,0
4564,26275.106,11141.097,24123.11,6482.1372,0
4565,26333.4819,11218.1663,24165.6338,6458.8117,0
4566,26797.9998,13373.2302,24375.8658,6432.4447,0
4567,28192.4093,16389.0595,24983.1329,6624.6829,0
4568,32725.6138,15930.717,25926.4632,7127.6403,0
4569,37647.7717,15689.3913,24220.2994,7844.3123,0
4570,40770.0216,13810.7442,23879.845,7823.3485,0
4571,41238.5369,14097.3195,23735.8704,7925.9917,0
4572,41428.1406,14489.3144,22144.6687,7913.5507,0
4573,41524.3741,13870.0474,20363.596,8173.1661,0
4574,41894.3492,14704.7769,20742.117,8033.2241,0
4575,41192.8583,15099.2952,22598.8961,8218.7941,0
4576,40894.4349,15788.047,22400.7707,9508.7476,0
4577,38962.1199,16253.9707,22836.7172,11443.9457,0
4578,39987.8138,16471.5749,22570.1146,12369.4912,0
4579,44265.342,16792.7386,24240.0752,11527.7096,0
4580,43601.1345,16795.5689,25681.271,9642.8376,0
4581,41014.6946,17833.0218,26034.5778,8088.707,0
4582,38542.9429,18037.7604,26107.6585,7933.937,0
4583,35550.9121,17800.6125,25383.6143,8098.651,0
4584,31692.1605,16502.5245,24626.1928,8298.9346,0
4585,29143.477,14805.5226,24127.2009,7063.7743,0
4586,28135.2159,12030.6296,24277.0385,6936.8937,0
4587,27819.6017,10522.8981,24275.1124,6731.0122,0
4588,27635.6619,9403.823,24757.5713,6695.7341,0
4589,27890.2327,9653.5186,24396.0926,6726.929,0
4590,28377.2841,11935.0924,24111.6172,6744.8876,0
4591,28995.9395,16194.1846,23919.9103,6916.217,0
4592,33564.8005,16660.5472,24780.8209,6987.3903,0
4593,37679.8719,16094.0945,24724.3491,7517.0887,0
4594,38536.3231,15730.4741,25085.6375,7905.4228,0
4595,39947.8321,16082.5093,24052.1556,7910.8194,0
4596,41473.4089,15796.869,22499.9599,7881.3174,0
4597,41592.034,12948.4641,21997.0366,7848.8806,0
4598,40455.2181,12583.307,24255.4961,7721.3433,0
4599,38331.5933,14877.555,24717.9823,7890.0976,0
4600,38199.4844,15088.7913,25265.5469,8660.6377,0
4601,37675.1023,16258.5126,25168.7414,9420.3846,0
4602,38645.0713,16364.9277,24934.239,10526.8482,0
4603,41404.0836,16771.9541,26376.9649,11629.9634,0
4604,37643.1781,18674.5031,26358.3045,11620.6024,0
4605,35442.4796,18540.1799,26701.0326,10923.7513,0
4606,33989.5083,18098.3737,27514.6344,9970.2339,0
4607,32059.1733,17367.3643,27873.5996,8403.6909,0
4608,30506.1394,16081.1596,26772.8428,7150.7876,0
4609,28509.0564,13378.5971,25583.5327,6618.7594,0
4610,26420.4985,12950.6421,24813.1367,5925.0444,0
4611,25408.7669,13218.5185,23864.5297,5094.4278,0
4612,25038.9139,11970.2715,24107.7815,5135.6195,0
4613,25117.6904,11412.0347,24278.2012,5032.2239,0
4614,25280.7434,11924.2904,24092.3947,4946.6329,0
4615,25605.4612,13007.6375,23730.993,5029.2165,0
4616,28523.4466,12026.9039,24569.7199,5475.7263,0
4617,32500.9553,11620.9467,24817.5279,6032.7938,0
4618,35124.6907,11058.2373,24428.338,6545.902,0
4619,37264.1687,11174.4919,22843.8155,6938.3842,0
4620,38188.7506,11621.1227,20734.4874,7157.8254,0
4621,37727.7989,11531.2604,19311.82,7145.1457,0
4622,36660.1367,11771.0461,19386.2504,6864.4554,0
4623,35388.8568,11225.2074,21653.8619,6760.9047,0
4624,33757.152,11992.321,22173.3721,7874.4391,0
4625,33756.1268,13395.4491,21153.3795,9543.6132,0
4626,36051.7399,16086.7641,19930.834,11403.8155,0
4627,39084.1748,16695.6207,22355.8148,11351.6667,0
4628,35191.1098,16960.0596,24444.2737,10083.2798,0
4629,31615.7314,17821.1869,24206.7892,8995.1807,0
4630,29760.6166,17493.0008,24418.4699,7772.2051,0
4631,27657.5629,17413.0297,23770.3125,7006.7437,0
4632,26349.3978,16918.0748,22963.8035,6075.5827,0
4633,25405.4438,15085.0766,22560.4698,5425.0361,0
4634,25270.96,12270.5968,22414.5372,5265.469,0
4635,25340.5526,9923.0736,22667.9101,4868.3888,0
4636,25134.5644,8986.5941,22603.7163,4828.9109,0
4637,25149.6916,9031.6479,21566.5747,4810.0833,0
4638,25294.3383,9312.8145,21067.0977,4788.806,0
4639,25563.9747,8284.7226,22043.5842,4850.3774,0
4640,28236.571,7001.6408,21399.1206,5192.3905,0
4641,31423.0796,8025.0379,18205.7403,5944.279,0
4642,34135.0086,9859.1625,14598.5433,6484.0644,0
4643,36120.4745,11103.0568,12425.006,6809.2035,0
4644,36903.7207,11806.9974,11507.8238,7037.2104,0
4645,36561.0102,11986.2325,10576.5396,7097.9689,0
4646,35539.2367,11592.3302,10337.4788,6906.1861,0
4647,34345.3264,10999.9175,11811.4469,6586.624,0
4648,32326.7692,10492.196,16181.968,6604.5991,0
4649,30596.1183,11827.2451,18975.4411,8028.9077,0
4650,33801.1377,13897.3274,19191.6747,10505.8855,0
4651,36552.6821,16633.0483,21276.0768,11607.5718,0
4652,33834.9363,17436.4289,22495.3256,10666.3964,0
4653,32307.9427,17618.9948,23044.5677,9623.889,0
4654,31197.9514,17752.2884,23554.3693,7956.2593,0
4655,29272.3079,17483.2867,23624.1456,6916.4546,0
4656,28175.2988,15401.2639,22943.184,6106.4212,0
4657,27583.083,12011.5908,22779.0816,5459.7356,0
4658,27282.5179,9997.5535,22469.6219,5265.2897,0
4659,27338.8764,8569.9097,22087.5215,5256.8142,0
4660,27075.0447,8820.4897,21575.8169,5264.7617,0
4661,27000.5934,9790.2541,21250.6899,5313.5797,0
4662,27303.7424,12351.5073,21229.1398,5355.6866,0
4663,28175.4649,15134.3258,22959.673,5508.0685,0
4664,31472.7105,14496.1399,26432.1431,6081.7361,0
4665,36381.8334,14411.3849,26453.0497,6602.7555,0
4666,40112.3085,14515.8079,24370.9521,6968.1601,0
4667,42582.2507,14011.6317,22926.4706,7307.9798,0
4668,43394.9758,13800.611,21308.8095,7482.2946,0
4669,42602.1805,13711.4505,19240.2551,7488.5866,0
4670,41332.1722,14992.7591,20019.2817,7554.9089,0
4671,40303.9791,14823.7441,21379.4867,8529.4154,0
4672,39224.1839,14984.3716,22155.9547,10240.9274,0
4673,39301.6569,16631.0122,22474.1781,10657.2884,0
4674,39612.4597,17543.2224,21779.1134,11679.6702,0
4675,41838.7046,17992.293,23442.5873,12831.148,0
4676,39761.3546,18073.6446,25016.2803,12731.5562,0
4677,38383.9214,18093.4644,25212.22,11512.4163,0
4678,37018.3077,18078.4758,25297.3149,10580.7988,0
4679,34251.5415,18110.1217,25306.5758,8733.1189,0
4680,30857.6345,17462.1359,24536.2821,7366.8221,0
4681,29993.3282,14214.4387,23687.1976,6791.0535,0
4682,29787.6942,11723.998,23174.9177,6818.0651,0
4683,29438.8006,10128.9606,22993.3044,6843.0835,0
4684,29105.2344,9716.5761,22859.7281,6857.4396,0
4685,29027.4116,10429.1308,22406.7514,6814.9488,0
4686,29194.4466,11887.2831,23473.5996,6761.3227,0
4687,29668.9393,14436.4506,24774.0834,6883.3666,0
4688,33219.9747,16073.761,24839.881,7376.5285,0
4689,36045.0101,16547.8302,24389.5971,7331.9004,0
4690,40072.0089,13739.4752,24193.5232,7529.3009,0
4691,43033.0318,12645.9421,23128.6572,7892.9719,0
4692,43055.1781,12241.8714,22330.2783,8049.5602,0
4693,42491.8824,12009.5899,21264.5653,8024.4659,0
4694,41552.8553,12815.9548,21796.3933,8721.8296,0
4695,39816.4118,14575.396,22486.4684,8911.0791,0
4696,38317.4715,15548.2899,23323.6179,9868.6808,0
4697,40867.0922,16215.5059,21156.6223,11048.9841,0
4698,41734.2981,17614.0173,19918.3644,12138.5836,0
4699,42613.6535,18377.6791,22827.0592,13440.1069,0
4700,41321.511,18538.4232,24463.9483,11690.4282,0
4701,39416.6267,18678.9438,24745.2524,10378.5924,0
4702,37386.8616,18780.7037,25545.0437,9210.4276,0
4703,34811.799,18399.7814,25023.6437,7888.8777,0
4704,31742.2963,17877.5454,23500.6277,6911.6729,0
4705,29877.3541,14579.1921,23270.7937,6751.5382,0
4706,28851.031,11234.3176,23593.6767,6685.0047,0
4707,28667.232,9512.4205,23393.2358,6719.7064,0
4708,28354.7616,9056.3253,23150.7727,6575.4282,0
4709,28739.524,8974.4446,22847.0561,6666.9911,0
4710,29117.9185,11180.0766,22749.4146,6530.1808,0
4711,29754.8911,14181.1791,24137.9589,6768.3264,0
4712,33029.2336,15791.2887,25162.577,7125.3446,0
4713,36347.7268,16196.422,24581.6945,7148.394,0
4714,40561.0205,14993.6017,22132.3938,7440.9896,0
4715,42511.5383,14702.71,22051.8529,7866.8524,0
4716,42638.3254,14585.3367,21892.9084,7899.6984,0
4717,42903.7224,12663.981,20634.7966,7799.3795,0
4718,42244.2306,13032.437,22526.5711,7722.858,0
4719,42129.7195,13596.9262,23079.5213,7696.1731,0
4720,41508.5011,15748.4811,22193.1215,8435.4325,0
4721,42376.2878,17650.0236,20058.6771,9713.9163,0
4722,42883.1502,18273.3903,19659.9876,10633.2776,0
4723,44052.8198,18629.5901,22872.7587,12040.0786,0
4724,41813.3496,17702.9171,24538.2236,11892.6346,0
4725,39626.9115,18280.7339,25035.2223,10101.9666,0
4726,38744.0075,18598.3061,25156.2135,8618.4351,0
4727,36165.7461,18393.5202,25018.4451,7321.5241,0
4728,32181.8552,17695.9596,24309.8339,6911.7356,0
4729,30493.4487,14607.9428,24091.0406,6924.6705,0
4730,29701.4377,11686.554,24196.8672,6951.7602,0
4731,29084.9416,9631.0324,24467.9083,6914.4702,0
4732,27580.388,9903.5728,24241.1367,7157.645,0
4733,26907.5818,10725.1199,24142.2896,7347.3257,0
4734,27001.9409,13594.5601,23899.3403,6993.7813,0
4735,27603.2042,17011.8641,24090.0968,7192.4732,0
4736,31898.5766,16885.7733,24144.494,7752.3105,0
4737,37172.6773,15551.404,23434.6453,8154.0756,0
4738,39187.7409,14164.3656,23428.6404,8486.6067,0
4739,41141.9965,12725.4193,23864.1898,8723.5203,0
4740,41966.2947,13260.5682,23287.9427,8600.8296,0
4741,42616.5377,12386.9383,22206.4634,8527.9612,0
4742,42090.6882,14368.2726,21829.8674,9132.4398,0
4743,41788.7756,15860.8109,22076.8614,9042.0616,0
4744,43277.9127,15982.4357,21459.02,8958.6541,0
4745,44322.2549,17439.1305,19869.6366,10442.3748,0
4746,44719.5001,18920.0924,18204.087,11894.1504,0
4747,45979.2916,19775.4359,19999.2881,13350.2083,0
4748,43398.6344,19423.9551,21774.6408,13426.5483,0
4749,40944.1164,18714.9512,23805.2144,11869.1331,0
4750,38978.071,18392.7898,25299.9934,10276.2231,0
4751,36400.8876,18577.1498,25480.7311,9006.6372,0
4752,33644.6594,17550.06,24508.8008,8037.249,0
4753,30415.4202,15997.2351,24091.133,7083.9747,0
4754,29947.4758,12680.9375,24356.3364,7085.7281,0
4755,28971.4689,11362.8856,24518.8845,7105.0595,0
4756,28016.7459,11022.9097,24488.8743,7086.4838,0
4757,28292.6149,11411.2779,23837.4741,7064.4222,0
4758,29351.5156,13282.7354,23300.1406,7023.5044,0
4759,29793.896,16109.5704,24624.5384,7153.8841,0
4760,33624.1246,15953.0635,25487.4917,7652.568,0
4761,38074.9622,15463.8825,24587.8655,8137.6801,0
4762,40951.1619,14679.8377,22874.0248,8380.1729,0
4763,42998.1651,14532.1924,22064.5986,8701.7469,0
4764,44030.822,14019.6584,20757.748,8869.1581,0
4765,44198.1804,13037.5861,19598.6835,8831.9935,0
4766,43585.9611,14075.6517,20171.3479,8639.7025,0
4767,43520.6266,13771.8207,21449.5325,8603.9294,0
4768,42650.2384,14084.3637,21860.234,9664.2392,0
4769,42544.8276,15828.4797,20191.3041,10406.9768,0
4770,42064.3685,17601.6225,18799.4587,13503.259,0
4771,43275.2958,18256.5658,21967.902,14381.9742,0
4772,40832.5049,17846.1371,24019.6781,13456.2758,0
4773,38581.1844,17716.4592,25588.3496,11222.2363,0
4774,37647.4736,18067.2679,25979.0036,9512.0366,0
4775,35827.4345,18228.2463,25022.6746,8492.0759,0
4776,34026.5387,17615.0007,23645.2491,7353.6991,0
4777,31924.563,15413.8116,22927.674,7202.3501,0
4778,30967.1879,13018.4395,22561.2079,7242.2713,0
4779,30120.4673,11980.1902,21878.5556,7223.4228,0
4780,29240.8732,11936.3277,21416.1035,7128.3685,0
4781,28606.0489,11648.7151,21944.5457,7045.0963,0
4782,27576.2597,12135.3474,22392.2512,7844.0824,0
4783,27434.0253,12901.8362,23159.4044,8078.1129,0
4784,30227.6007,12573.3344,23485.8701,8629.7277,0
4785,34049.8554,12600.4142,21835.1551,8651.9026,0
4786,36123.9164,12753.7894,20912.7677,8542.3173,0
4787,38206.0679,13227.9004,18182.7921,8783.6001,0
4788,39157.3303,13558.688,16131.7343,8805.1403,0
4789,39205.7721,13743.0623,14902.9122,8300.6473,0
4790,38323.8339,13474.2487,15202.5148,8124.2722,0
4791,36920.7388,13097.6384,16688.1418,7861.1258,0
4792,36479.2758,12605.0595,18282.2618,7913.9511,0
4793,35420.308,13526.6604,19367.4272,9672.7004,0
4794,36744.0447,15458.5354,20707.4582,11486.6642,0
4795,39734.7148,16884.5919,24418.4501,11866.6988,0
4796,38158.5424,16888.9798,24565.706,10645.8176,0
4797,36015.3948,16913.4361,24766.6001,8464.368,0
4798,34181.6695,17052.3045,24946.7394,6441.7155,0
4799,31645.8703,16410.889,25066.4843,6204.6479,0
4800,30161.2201,15169.2244,24009.7913,6272.6081,0
4801,28531.8088,12908.7486,23541.7006,6361.3737,0
4802,27587.9714,10305.8175,24242.0992,6249.4421,0
4803,26335.2254,8945.112,24550.3676,6258.7074,0
4804,25482.38,8803.5695,24146.3739,6161.1495,0
4805,25206.0204,8887.7448,23424.2833,6057.3315,0
4806,24581.7891,9347.2269,23176.8361,6105.0781,0
4807,24850.3607,9152.6908,23442.4465,5960.6349,0
4808,27817.3841,8393.4246,22494.703,5704.9674,0
4809,32286.0626,9058.7035,17855.8017,5964.2143,0
4810,35103.2044,9841.403,15010.38,6375.7243,0
4811,37317.1909,10228.6679,13555.7631,6754.9614,0
4812,38273.5738,10823.7602,13010.6273,6947.9025,0
4813,37858.3755,10900.3422,12778.9981,6967.3362,0
4814,36726.6064,10336.6395,12676.6992,6753.3829,0
4815,35290.1087,9589.2324,13873.6356,6439.103,0
4816,34257.6333,8877.8437,16587.5567,6277.876,0
4817,33519.4453,10285.8437,17963.6798,8359.5743,0
4818,35403.1139,13562.2454,18714.1339,10272.2543,0
4819,37693.9827,16822.1416,21564.18,10245.9489,0
4820,35255.6787,17093.0925,23538.1476,9703.8029,0
4821,33636.5546,17413.3234,24039.3923,8604.7522,0
4822,32306.7173,17394.0921,24978.2456,6905.844,0
4823,31098.6456,17216.4641,24154.0497,6010.1745,0
4824,28622.5687,15607.031,23937.9833,6160.8338,0
4825,27872.438,12340.9242,24109.5547,6220.0182,0
4826,26750.9121,10825.0681,24174.2985,6174.168,0
4827,25903.5414,10532.5495,23937.1176,5702.8653,0
4828,25434.5839,10400.973,23832.2029,5634.9777,0
4829,26125.1078,10303.6296,23642.4023,5783.7758,0
4830,27225.2376,11805.0207,23317.0927,6075.1251,0
4831,27956.8432,15405.764,23728.9855,6076.015,0
4832,32758.2849,15427.0435,24157.3585,6486.1841,0
4833,36627.4502,15391.8072,24383.7748,6837.3382,0
4834,38954.0767,14105.5596,24410.9932,6943.4717,0
4835,40957.6838,14204.9996,23299.1132,7311.6263,0
4836,42315.5425,13598.299,22479.0456,7494.0074,0
4837,42158.8662,13117.016,20779.4422,7568.5797,0
4838,41890.9414,14100.2202,21038.8541,7702.1494,0
4839,41348.1783,14230.7011,21875.2809,8547.3058,0
4840,40181.4325,14377.2827,21421.5386,11314.5505,0
4841,39981.4272,17115.2861,18860.5571,12901.0431,0
4842,39995.736,19053.8106,17322.1345,15052.4902,0
4843,41568.7877,19077.4705,21306.8064,15414.4727,0
4844,40302.6063,19066.1834,23379.0777,14118.3273,0
4845,38428.1909,19012.6013,24786.2824,11720.6562,0
4846,36997.3857,18973.2939,25441.6283,10420.1482,0
4847,33863.7255,18897.3059,25153.3535,9690.824,0
4848,30705.0755,17632.406,24730.9205,8508.0842,0
4849,29276.4923,15964.1845,24500.4012,7077.8906,0
4850,29098.575,12954.172,24352.9638,6933.0932,0
4851,29083.1519,10896.9311,24063.314,6980.3272,0
4852,29197.2098,10497.0932,23550.8823,6966.6036,0
4853,29446.7459,10544.4768,23493.2918,6960.3303,0
4854,29366.2435,12596.4454,23684.1979,6945.5914,0
4855,29323.8528,15420.7834,25292.9127,7024.3184,0
4856,33212.5255,15638.656,26524.652,7276.8476,0
4857,38171.7721,14783.7943,24577.1218,7835.8929,0
4858,40597.5515,13457.1657,23379.6519,8256.9685,0
4859,41955.4751,14286.3787,22906.4242,8392.1552,0
4860,43129.9341,13881.142,21840.5858,8508.4186,0
4861,42914.7059,14210.2554,19199.2878,8603.2133,0
4862,43735.8537,14567.7664,19409.3152,9362.3134,0
4863,43220.1627,14829.738,20767.45,10365.7158,0
4864,42512.8341,15305.9445,21145.5629,11413.4493,0
4865,41503.2849,18363.5276,18953,13364.3818,0
4866,41712.1331,19356.0686,17942.2826,14325.6883,0
4867,43017.5515,19337.7624,21899.7636,14839.616,0
4868,41605.8412,19243.6794,24528.2697,13263.3259,0
4869,39186.3978,19502.824,25694.1597,11934.4676,0
4870,37676.7501,19529.6398,26421.8361,10874.0434,0
4871,35314.2328,19443.5626,25929.1175,9769.1099,0
4872,32405.4214,19020.5235,24643.5343,8296.4068,0
4873,31103.743,14954.8861,24127.6805,8234.7045,0
4874,30497.324,12336.5429,24100.6612,7555.5645,0
4875,29898.6248,11991.6786,23256.2572,7163.2649,0
4876,29846.1801,11708.224,22476.1757,7147.8913,0
4877,29866.8238,12456.0711,21903.75,7129.0725,0
4878,30487.1237,14021.4789,21986.7923,7160.5413,0
4879,31651.8862,16103.4236,23150.9971,7296.0151,0
4880,35795.7017,14841.0031,25397.658,7808.7141,0
4881,39118.5806,13280.0844,25301.4597,8370.9868,0
4882,41211.874,12810.2975,24335.0954,8127.4314,0
4883,42524.3324,13685.2848,23484.384,7991.9444,0
4884,43576.8652,13998.8222,22160.3019,8134.3471,0
4885,43510.4098,13964.786,20396.0119,8249.186,0
4886,44362.7965,14159.3122,21008.6426,8858.938,0
4887,44051.3744,14870.4325,21040.2126,9100.9732,0
4888,44570.8461,14817.7898,21567.4811,9359.5865,0
4889,43870.5278,17948.0884,19825.6047,11004.5595,0
4890,42404.5974,18991.1436,17713.5519,14291.123,0
4891,42371.3268,19412.3919,21402.4976,15470.9632,0
4892,41948.1062,19383.8843,22942.2611,13531.2056,0
4893,41638.2626,19296.7698,24017.2735,10469.316,0
4894,40437.8601,19314.4424,24704.6536,9163.0473,0
4895,37039.739,18961.2324,25125.3068,8930.702,0
4896,33188.2265,17755.3068,24791.1301,8496.6618,0
4897,31142.0208,15074.3186,24311.177,8073.1178,0
4898,30302.6031,12427.0575,24454.8997,7445.1333,0
4899,29787.3928,11681.7184,23833.9948,7105.0573,0
4900,29447.2398,11444.8103,23301.5475,7091.4712,0
4901,28970.4877,12122.2849,23409.4971,6989.4902,0
4902,29345.2698,14171.1889,23645.6187,7092.8814,0
4903,30453.0974,16408.9541,24391.2141,7172.4774,0
4904,35060.2252,15865.586,25306.7276,7589.8284,0
4905,39409.6582,15175.4416,25304.3285,7932.8392,0
4906,41258.9936,15006.2451,24658.2193,7754.8889,0
4907,42572.0152,15833.1316,24141.4602,7933.8897,0
4908,42497.1646,17154.4153,22962.676,8267.4614,0
4909,42287.4298,16400.0221,21822.922,8384.9678,0
4910,42917.0313,16233.1752,22474.3387,8415.0143,0
4911,43523.8155,16684.9727,22751.6707,8502.3059,0
4912,43527.1364,16823.2867,23301.0734,9283.4775,0
4913,41166.4165,18870.7904,22531.3869,10622.4118,0
4914,39594.0996,19961.0587,20803.1604,13863.9831,0
4915,40358.4016,20177.0954,23158.6531,15416.1766,0
4916,38970.063,19837.6541,25578.355,13730.0669,0
4917,38192.0022,19813.4948,26410.3675,11032.0045,0
4918,36550.5173,20505.1352,26704.9002,9586.6474,0
4919,33631.6255,20623.5601,26172.2846,9204.4172,0
4920,31632.1709,18977.1725,24872.8326,8311.0533,0
4921,31177.3583,13423.0877,25012.878,8518.5815,0
4922,30695.3394,10605.7336,25140.9257,8056.7476,0
4923,30026.8177,10070.7123,24739.6666,7326.3025,0
4924,29026.0718,9898.0134,24878.3073,7280.7966,0
4925,29108.7863,9700.2598,25131.3062,7172.3421,0
4926,30063.2519,11488.4649,25111.8901,6983.0376,0
4927,32257.2778,13082.674,25098.1038,7167.8937,0
4928,36728.3565,13934.4172,24677.5375,7412.5986,0
4929,39998.7863,13762.1121,24573.4775,7958.5088,0
4930,40792.1503,13658.5702,24029.8135,8665.008,0
4931,41407.0514,14765.85,23366.0009,8721.9011,0
4932,41957.1988,14978.293,23167.2001,8518.741,0
4933,41603.7864,14889.2579,22191.8818,8374.4353,0
4934,41317.0362,15127.6356,23104.3989,8396.8456,0
4935,40874.5128,15723.3098,24190.3948,8427.6093,0
4936,41489.3479,15265.7274,24022.0541,8747.0009,0
4937,41476.8827,16678.4277,21427.8427,10047.0271,0
4938,40303.637,19576.59,18769.949,12577.2845,0
4939,41258.4601,19710.0706,20372.055,14303.4639,0
4940,39082.8658,19612.8229,24435.8884,12126.136,0
4941,37444.1771,19598.6846,25876.3032,9160.6955,0
4942,36704.7472,19545.7053,26327.9203,7446.4159,0
4943,34645.369,19218.7446,25638.5987,7410.2831,0
4944,31574.4858,18626.234,24279.2198,7610.416,0
4945,29396.7608,16524.915,24253.0299,7269.2147,0
4946,28142.8433,14905.7282,23953.2524,7091.1786,0
4947,27687.9966,12730.4716,23688.9576,7185.5124,0
4948,27020.7773,12143.3631,23253.6854,7339.8908,0
4949,26613.3791,12218.8583,22867.3863,7793.7354,0
4950,26666.7544,12564.64,22416.8692,8503.8877,0
4951,26645.608,14493.7199,21399.653,8524.065,0
4952,28581.1317,13984.234,22655.281,8365.8256,0
4953,31158.4845,14128.6035,22627.2002,8425.2377,0
4954,33859.7094,13355.0846,22119.0299,8750.9543,0
4955,35607.4884,13086.1863,21265.4486,8831.449,0
4956,36539.5129,13815.9593,19517.4089,8888.8195,0
4957,36502.8466,13580.6638,19399.0687,8350.386,0
4958,35762.4729,12843.413,19692.31,8754.1751,0
4959,34656.7617,13382.0753,20236.4712,8157.4691,0
4960,34084.996,13987.9146,20234.0215,8263.7324,0
4961,33497.9183,15642.2959,20167.7619,9792.4101,0
4962,36167.7184,18004.3996,18836.0293,11445.4241,0
4963,38870.9112,18910.6027,21107.5282,13337.8509,0
4964,36951.5674,19412.3017,23524.5285,10862.5418,0
4965,35080.9657,19219.1175,25056.5502,7589.4049,0
4966,33791.7514,18127.5094,25923.0488,5859.3172,0
4967,31360.2058,17096.8193,26203.7292,5648.7409,0
4968,28984.3829,16482.2295,25289.187,5805.833,0
4969,27353.9431,14010.8958,25337.3439,5635.9336,0
4970,26774.5874,11658.7537,25397.6822,5575.4765,0
4971,26275.5735,10575.422,25205.565,5476.2345,0
4972,25425.6772,9870.0635,25353.1278,5282.5454,0
4973,25213.4806,9511.5218,25203.4783,5230.9675,0
4974,25116.608,9798.5085,24653.849,5223.2741,0
4975,25344.4741,10234.2119,23557.3855,5282.9491,0
4976,27407.6066,10505.792,21422.2272,5537.2009,0
4977,30474.686,10315.2874,18774.7527,6019.1054,0
4978,34168.6675,9955.858,16444.56,6453.711,0
4979,36945.6219,10081.3526,15392.0393,6748.3977,0
4980,37825.4943,10698.4625,15724.0138,6874.4786,0
4981,38027.0913,10822.6547,15554.9779,6911.5618,0
4982,37308.2479,10404.0893,16075.3637,6788.2342,0
4983,35699.367,10987.3797,16213.2773,6711.6984,0
4984,34187.0133,11121.5401,17828.6427,6573.3217,0
4985,32804.6576,13938.9437,18985.7316,7342.6804,0
4986,34037.1383,18287.5627,18238.4609,9642.9245,0
4987,36525.5957,20218.5148,20772.5221,10685.9555,0
4988,34223.9722,19962.2038,23634.4834,9562.0415,0
4989,33236.368,20006.5338,24852.3671,7540.3229,0
4990,32578.4393,19865.7657,25337.7861,5926.9496,0
4991,30511.5822,19635.1903,24967.1598,5822.256,0
4992,28271.2507,18733.7084,24218.5207,5790.2537,0
4993,27678.7016,15843.9402,23527.6701,5670.5627,0
4994,28484.7112,12273.2808,23405.2819,5614.5276,0
4995,28456.2564,10584.904,23286.2905,5488.1849,0
4996,28241.3494,9859.245,23552.6731,5430.5119,0
4997,28405.7235,10619.2361,22877.8,5550.2436,0
4998,29737.3637,12493.811,22116.0852,5926.6603,0
4999,30991.8862,14887.1954,22514.2665,6299.5867,0
5000,34056.7711,14544.0889,24302.1119,6813.0337,0
5001,36899.7992,15294.9896,24247.4265,7493.6818,0
5002,39557.9921,15017.3144,22960.7818,8131.805,0
5003,42627.3892,14877.7156,21752.6771,8437.6193,0
5004,44599.6419,14794.7646,21174.252,8545.3357,0
5005,44722.4426,13844.3954,20571.4014,8474.7069,0
5006,45558.6593,14702.1732,19258.305,8790.6203,0
5007,46117.8674,15594.4294,17436.276,9366.951,0
5008,46383.5812,16379.8525,16610.5324,9838.1459,0
5009,45696.9909,18816.0291,14413.553,11749.2804,0
5010,43497.872,20099.9546,13767.2788,13892.67,0
5011,44643.1755,20824.0252,15829.6523,14824.48,0
5012,43688.2325,20706.7718,17018.9822,14463.5557,0
5013,42131.573,20688.7142,17857.2196,13544.3319,0
5014,41479.7504,20721.2027,18142.8522,12710.4505,0
5015,39607.1841,20369.9639,17641.2632,11054.9978,0
5016,36732.0195,18271.1562,17558.4816,10374.5257,0
5017,34677.236,18249.6919,16680.9038,8315.9582,0
5018,31988.8723,18049.3522,16293.4706,7793.1348,0
5019,30460.4949,17759.8718,16500.7271,7122.0512,0
5020,29826.6056,17298.1985,16348.3683,7193.1618,0
5021,29492.2507,18599.8417,15616.3062,7332.3503,0
5022,32267.246,19452.3384,14685.638,7246.5756,0
5023,36115.6015,19454.2337,14938.2596,7405.8941,0
5024,37826.6438,18965.7765,17661.3679,7832.6622,0
5025,41275.2934,16389.1178,19566.6526,8243.4605,0
5026,42904.2449,14294.7365,20254.9358,8005.6383,0
5027,43489.9718,14327.6023,20119.5357,8133.059,0
5028,44388.0569,13493.491,19821.3917,8246.8507,0
5029,44103.8378,12271.7958,19230.2407,8315.5072,0
5030,44096.9144,13619.4322,18287.7915,8408.0315,0
5031,44340.7712,13568.6727,18199.0732,8851.0477,0
5032,44938.0679,13681.6801,17787.8899,9243.6256,0
5033,45415.6241,16598.4434,14956.4503,10628.0416,0
5034,45022.4401,18643.4908,13541.4961,12592.0025,0
5035,44775.6331,19835.3023,16396.8662,15670.0456,0
5036,43615.6358,19816.4527,17732.5401,15013.867,0
5037,42824.9217,19584.0854,18477.5525,13202.3045,0
5038,41086.9525,19571.5597,18999.6312,12680.206,0
5039,39404.1901,19188.2009,17241.7146,11945.3521,0
5040,35964.753,18350.3199,16730.4643,10488.3548,0
5041,33522.9796,17083.7271,16709.8855,8432.0038,0
5042,31578.5052,16880.9575,16294.1669,7305.2991,0
5043,30198.3583,17164.367,15439.4845,7009.3881,0
5044,29559.6356,17151.4178,15305.0139,6806.5503,0
5045,29644.417,17407.4219,15297.1907,6695.4426,0
5046,30959.3614,17881.9443,15690.3395,6585.1995,0
5047,32814.0549,18218.3551,17282.8645,7312.9639,0
5048,34498.2715,17393.3958,20835.5378,7407.5342,0
5049,37952.2539,14412.2242,23032.4424,7624.1451,0
5050,39708.6008,12548.0916,22964.4745,7941.2993,0
5051,41296.4849,12668.5218,21536.3148,8344.699,0
5052,42357.9739,12725.1828,20104.8595,8524.5314,0
5053,42380.2709,11946.0572,18394.4783,8448.077,0
5054,42293.3797,12427.4194,18977.002,8585.4285,0
5055,42639.0327,12713.03,19730.579,8404.8107,0
5056,42724.2167,13484.8923,19405.9173,8739.4439,0
5057,41686.502,16789.0195,18785.7087,9787.1048,0
5058,41323.1071,19105.5425,19348.4643,10439.7942,0
5059,41418.2967,19769.1879,23341.0936,12883.8028,0
5060,39602.9007,20022.5432,25650.9572,11689.9915,0
5061,37373.3668,20217.5039,27116.7391,9915.5507,0
5062,35807.3606,20337.6723,27317.9401,8857.9898,0
5063,33570.6415,19922.5081,26599.1605,7783.4449,0
5064,31492.494,17799.0461,25219.0851,7517.3252,0
5065,29047.7693,15449.3647,24466.398,7089.0138,0
5066,27967.7629,12825.0463,24650.8031,6877.4464,0
5067,27226.3739,11115.0303,24927.3552,6853.5731,0
5068,26718.0826,10251.8636,25159.2132,7006.7789,0
5069,26446.1615,11294.6922,24839.8161,6883.9265,0
5070,26837.6966,13286.0255,24595.2498,7059.1631,0
5071,27493.1052,15796.4345,25911.8156,6967.6937,0
5072,31134.7212,16067.3744,26940.1011,7323.6526,0
5073,35285.2819,14245.3619,26740.0628,7733.7227,0
5074,38024.3347,12535.204,25127.0536,7908.6667,0
5075,40148.2323,12510.7664,23348.0874,8246.7451,0
5076,40958.8179,12581.591,22692.8108,8252.6081,0
5077,40318.5827,12404.4954,20559.8712,8069.9267,0
5078,40150.1265,12358.7717,21755.3127,8287.092,0
5079,39334.7394,11837.9646,25160.289,8212.8233,0
5080,38521.505,13926.0385,25323.7743,7874.3643,0
5081,37786.8161,15085.3813,26747.3514,8282.0628,0
5082,38193.9525,17727.2568,25555.7093,9274.2936,0
5083,40667.7909,19153.1538,27182.0043,10034.8556,0
5084,41068.456,20616.772,25337.7267,9264.1934,0
5085,38441.9519,20579.6569,26194.8093,8523.2521,0
5086,37408.8484,20153.925,26387.8626,7896.3907,0
5087,33832.8991,20162.8416,25765.9787,7940.2235,0
5088,30175.5278,19042.8458,25174.4801,7514.6885,0
5089,27745.1273,16748.0577,24656.9092,7046.4581,0
5090,27099.6451,13933.3843,24429.9891,7020.6851,0
5091,27021.0501,11857.4995,24087.9199,6998.1703,0
5092,26781.5966,11143.9141,24026.0933,6993.8484,0
5093,26636.1546,11933.1597,23604.6492,6982.4744,0
5094,26815.8627,14336.8533,23511.0293,6955.366,0
5095,27643.1353,17267.5041,24149.8389,7044.7564,0
5096,33138.9454,15342.1367,25417.59,7590.7546,0
5097,37055.4679,14757.0522,24752.0218,7954.408,0
5098,39285.6057,13040.9499,24462.9374,8082.0179,0
5099,40777.7491,13307.3908,23696.7456,8510.1203,0
5100,41450.7038,13110.5337,23050.8091,8494.5278,0
5101,41641.4295,12644.1975,20286.3804,8434.7461,0
5102,40872.8045,13137.8082,21990.6005,8442.0754,0
5103,39949.2324,13273.7814,24400.211,8360.0495,0
5104,39603.0349,15035.8175,24018.6771,8022.1163,0
5105,39031.0151,17083.5698,23459.7704,7898.9361,0
5106,38257.3059,18772.5868,22816.2165,9920.0156,0
5107,39321.0543,19989.4387,25267.1397,11892.0593,0
5108,38400.4665,20336.4843,26192.9096,10586.8015,0
5109,36788.0788,20453.6959,26489.2001,8137.1367,0
5110,35929.7499,20428.2914,26331.8363,6941.0561,0
5111,33265.0934,20005.953,25869.9936,6954.3804,0
5112,30724.3244,17956.9456,25213.2595,6962.3257,0
5113,27958.8672,15658.0688,24574.4356,6941.6336,0
5114,26744.806,12974.1865,24631.706,6760.6308,0
5115,25574.7503,11466.5716,24717.6688,6618.6461,0
5116,24983.2121,11083.6022,24412.652,6526.2593,0
5117,24907.4265,11321.5718,23928.5277,6331.1611,0
5118,25192.8072,11521.521,23804.4037,6311.4007,0
5119,25772.3312,11403.4228,24513.5979,6452.182,0
5120,29385.1635,8981.7838,25577.8457,6928.0585,0
5121,33414.5669,9453.4341,22947.8447,7166.4956,0
5122,36724.5626,10058.6629,19145.5099,7436.4631,0
5123,39028.2893,10746.3631,16632.7326,7633.3664,0
5124,39644.7645,11368.8674,15535.542,7713.486,0
5125,39742.0133,11160.8002,14734.1645,7714.9787,0
5126,38945.9092,11067.0912,15036.5193,7640.3877,0
5127,37346.3519,11237.0258,16543.5325,7534.2883,0
5128,36516.9926,10498.0117,19325.6778,7450.2527,0
5129,35175.6856,12407.7635,21776.8331,7504.2187,0
5130,35139.2679,14846.029,24018.6914,8487.8024,0
5131,38726.0577,17045.2436,25125.3937,9448.3026,0
5132,37894.1299,16431.0366,25648.8903,8353.8664,0
5133,34719.4562,16678.1362,25701.2987,7052.4674,0
5134,31953.2785,17182.4928,25733.9544,6673.3282,0
5135,29493.145,16288.8825,25321.054,6494.334,0
5136,27704.2799,14766.8213,25262.9344,6506.4142,0
5137,25542.3179,12600.2305,25531.6798,6475.5097,0
5138,24692.5305,10682.6698,24916.9074,6322.4887,0
5139,24355.5576,9310.5276,24796.8028,6115.2982,0
5140,24099.7779,8828.1336,24323.8776,6110.7244,0
5141,24163.3282,9058.9301,22966.9528,6310.7198,0
5142,24004.6422,8841.4865,23214.3516,6158.8021,0
5143,24155.8185,8297.0217,23196.745,6232.8343,0
5144,27553.0475,8401.3248,19701.198,5913.7639,0
5145,30871.2074,8558.2255,16542.944,6418.3064,0
5146,34047.5817,8702.7336,13936.8966,6931.6335,0
5147,35880.0629,9181.9827,12547.4888,7341.9115,0
5148,36950.8601,9614.9405,12620.7851,7519.9135,0
5149,37264.5702,8959.5528,13083.1074,7506.0436,0
5150,36641.5786,8692.4915,12911.4293,7479.5391,0
5151,36653.4762,8537.2397,12956.0189,7036.3315,0
5152,34856.4909,8903.686,16136.2069,6648.8224,0
5153,32905.0766,10497.3044,20074.5094,6812.4298,0
5154,32634.8253,15749.7263,20014.764,8394.2452,0
5155,36905.0253,17193.8855,20598.5054,10726.2881,0
5156,36275.0619,16185.5056,22494.1937,9645.7834,0
5157,34288.5268,15963.1967,24378.8688,7983.9408,0
5158,32013.663,16413.7468,25267.3366,6637.1767,0
5159,28743.2046,16139.3573,25771.0398,6517.9906,0
5160,26776.8028,15114.8272,24144.1046,6635.5586,0
5161,26088.2094,12008.9167,23404.4679,6707.2764,0
5162,25446.7356,9486.554,24496.1068,6373.1041,0
5163,25375.7174,8865.5182,23440.9637,6475.3018,0
5164,25022.8583,8241.0636,23712.0653,6465.6284,0
5165,25065.5812,8650.1932,23621.2416,6598.1344,0
5166,26001.0135,11050.7155,23625.3193,6557.6808,0
5167,27686.8141,13265.3191,25557.6651,6498.1587,0
5168,31660.9788,12902.0309,26325.0086,6620.4083,0
5169,35525.5175,12800.3865,26293.4012,7083.2938,0
5170,38119.9522,13042.4096,25425.3197,7329.872,0
5171,40154.0953,13336.8334,25337.0029,7702.0504,0
5172,41271.0155,13422.9733,24070.167,7971.3667,0
5173,41352.4562,11359.5977,22661.6038,8580.9867,0
5174,41799.9461,12338.2688,22461.3697,8637.7621,0
5175,42630.9499,13172.7266,22576.9665,8370.9395,0
5176,41781.0437,14244.4247,22893.6708,8481.8437,0
5177,40793.1007,14722.0447,23731.4792,9488.1182,0
5178,39787.649,15375.9331,22710.2029,11559.8659,0
5179,39868.3912,17085.0636,24741.486,13066.9803,0
5180,39756.3408,17324.1156,25620.4135,12019.2215,0
5181,39680.6245,17418.0908,25634.8675,9787.0289,0
5182,37824.6198,17415.9007,27194.1868,8153.3221,0
5183,35164.4887,16708.0595,27030.2252,7590.2937,0
5184,31389.3591,15677.7819,25711.7773,7187.8994,0
5185,29315.4301,13920.7981,24406.2709,6937.4316,0
5186,27561.9355,13126.861,23485.4301,6772.4437,0
5187,26837.9342,12177.5984,23094.1799,6827.6142,0
5188,26774.0572,11775.4076,22656.5537,6949.855,0
5189,27290.1101,11883.9622,22423.0292,7022.1987,0
5190,28778.6631,13244.5467,22769.7932,7074.1968,0
5191,30656.0232,15388.2938,24510.5872,7216.8481,0
5192,33758.2564,15667.7576,25272.1073,7604.6707,0
5193,37732.8886,16086.4473,23969.3322,8109.6818,0
5194,40557.7073,14734.0919,23200.3222,8663.5604,0
5195,41707.7606,14990.6966,22925.1,9046.7542,0
5196,41945.2132,14537.1853,23066.1794,9154.5036,0
5197,41100.5925,12974.8729,22396.6171,8851.535,0
5198,41655.46,14029.8169,22266.2924,8721.515,0
5199,41746.6225,14791.7451,23169.7323,8643.8462,0
5200,40759.8939,16033.831,23051.1215,9033.8391,0
5201,41256.6,16606.7121,21428.8514,10461.5753,0
5202,40583.2064,16385.8266,20953.6723,12278.5751,0
5203,40583.0403,17691.6278,24647.5724,12963.3834,0
5204,39316.3441,18271.4312,26444.935,11700.4965,0
5205,38552.8473,17651.3887,28677.3817,9175.5169,0
5206,37945.1303,18061.164,27442.7395,8582.7203,0
5207,35035.5456,17604.3439,26586.1981,8036.9047,0
5208,30755.7976,16363.7012,26728.0475,7355.7242,0
5209,27980.7407,13681.3556,27092.4918,6989.6156,0
5210,27134.3996,11838.6477,26354.7427,6846.9401,0
5211,26764.0802,10642.0589,25690.2085,6836.8641,0
5212,26293.3517,10027.1589,25591.0116,6925.7034,0
5213,26524.5299,10254.9821,25671.4469,6983.9935,0
5214,26870.9584,12630.2539,25917.6687,6975.9547,0
5215,29262.4662,16040.9623,24968.3577,7158.8154,0
5216,31520.9158,15611.7302,27625.6266,7496.9246,0
5217,35612.9543,14492.0589,26277.7251,8013.0787,0
5218,38933.224,12635.9112,25225.9282,8166.3593,0
5219,40627.422,13069.1924,24087.8231,8339.7765,0
5220,41558.4037,12981.5224,23548.9331,8552.6903,0
5221,41567.2103,11483.1398,22512.5659,8512.3434,0
5222,41578.35,12343.4443,22858.7205,8244.4714,0
5223,40890.0349,13618.2695,23654.7586,8326.7217,0
5224,39527.6959,16254.5416,22937.3903,8549.9744,0
5225,39303.9218,17713.0778,22352.1584,9072.8495,0
5226,38453.7923,18164.2461,21974.1269,10974.909,0
5227,39358.2035,18931.3454,24653.706,12519.6588,0
5228,37896.9844,18707.447,27219.9741,11237.9619,0
5229,37754.6895,18099.0964,28402.2123,9405.891,0
5230,36660.0729,18121.642,29192.3753,7976.3651,0
5231,34230.5227,17152.2032,28473.4571,7993.9277,0
5232,30274.8347,16489.9724,27964.7687,7069.3051,0
5233,27887.9414,13670.5151,27438.3923,7068.985,0
5234,27087.7222,11254.54,26635.9621,6987.9876,0
5235,26552.5557,9705.6311,26552.8043,6916.954,0
5236,26260.2131,9358.3534,26273.7189,6913.7827,0
5237,26413.4244,10112.8808,25729.9086,6871.0246,0
5238,27112.8462,11909.9959,26120.314,6988.1405,0
5239,28630.2335,15127.4233,26604.0533,7108.8908,0
5240,32302.2964,14612.5518,27298.5174,7437.7688,0
5241,37046.5447,13483.107,25438.006,7989.0371,0
5242,39062.0725,12633.456,24887.9994,8253.0096,0
5243,40425.7546,13353.5501,23749.6171,8567.7152,0
5244,41643.3336,13320.2993,23409.7303,8591.8503,0
5245,41266.7772,12535.4064,21571.055,8479.0739,0
5246,41104.9474,13766.4043,21509.6981,8271.0573,0
5247,41941.3093,14132.1279,21959.9809,8674.9454,0
5248,40647.662,15724.6221,22217.6361,9296.7204,0
5249,40875.8746,16944.3714,22243.8436,9731.2292,0
5250,39139.3684,17390.692,22902.0484,11644.4966,0
5251,40239.4047,17926.2622,26149.1406,13087.8803,0
5252,40380.4731,17548.7752,27731.8525,11415.965,0
5253,39179.9441,17787.5984,28459.0185,9382.571,0
5254,37036.3191,18557.1551,29014.6835,8302.1037,0
5255,34445.7784,17636.0041,28844.6906,7776.6447,0
5256,30970.1293,17058.2555,27554.1035,7272.0351,0
5257,27747.4362,15476.5908,26626.1259,7151.6709,0
5258,26879.6198,13105.0315,26008.7135,7017.7635,0
5259,26204.816,12146.0867,25259.4089,7011.6739,0
5260,26171.7082,11946.4114,24376.7931,7068.1985,0
5261,26506.5284,12007.1072,24385.0288,6985.4576,0
5262,27631.8493,14039.2791,24229.4404,7031.2319,0
5263,28969.9212,17091.5536,24517.7185,7476.9013,0
5264,33776.193,17081.2752,23565.7752,7708.6174,0
5265,38279.5226,15383.5286,24154.0167,7997.077,0
5266,40567.2157,14507.7438,24453.5544,8299.5022,0
5267,40584.3548,16415.1834,24216.9642,8563.8553,0
5268,41223.1215,16943.124,23006.247,8480.4819,0
5269,41044.0569,15532.6655,21413.0499,8425.2069,0
5270,42010.9063,16156.6537,20802.2056,8593.4508,0
5271,41115.4711,17232.5483,21580.405,8652.0313,0
5272,39618.3821,18582.3935,21076.6567,8763.4855,0
5273,39951.8053,19625.8964,18432.348,9549.1847,0
5274,40465.6648,19385.3385,16397.2171,13179.925,0
5275,41239.8745,19433.6714,19891.1823,14733.2196,0
5276,39908.0759,19299.8157,21592.4181,13589.9027,0
5277,38792.314,18465.0224,22731.7409,11565.983,0
5278,37569.6288,18494.6454,23831.368,10168.9005,0
5279,35350.8683,18174.5861,23687.6453,9728.059,0
5280,32599.3536,17367.8142,22409.0625,9298.9479,0
5281,29475.3129,16410.5326,22022.7018,7802.7356,0
5282,27181.1188,15616.9156,21351.1529,7129.5895,0
5283,26156.8659,14742.9656,20905.9664,7031.2935,0
5284,25911.424,14281.1702,20042.7392,7023.9818,0
5285,26046.9979,14579.2339,19081.6527,6984.0562,0
5286,26966.4637,15365.196,17788.925,6895.8747,0
5287,27425.5058,14684.7041,19428.6125,6942.4751,0
5288,29147.0586,12104.048,22758.1365,7211.0918,0
5289,33825.9152,10509.5474,22245.9611,7289.6131,0
5290,37311.6117,10326.2621,19799.6271,7170.0409,0
5291,39383.1834,9889.0495,18509.4734,7174.4409,0
5292,40736.9721,9545.8946,17420.6329,7466.8902,0
5293,40515.2583,9250.8471,16804.491,7555.5139,0
5294,40113.1225,8887.6689,16557.7236,7184.4883,0
5295,39378.2818,8562.3626,16842.5873,7201.6725,0
5296,38064.2812,8871.4252,17587.5546,7747.2318,0
5297,39081.0453,11345.4506,15900.5517,8379.9793,0
5298,40038.2642,15891.5911,14163.6077,10841.3063,0
5299,41734.6468,17682.3757,16364.3513,13242.0101,0
5300,39858.3449,17715.8531,17504.9875,13139.4131,0
5301,37277.8593,17918.3092,18401.0805,11124.2208,0
5302,35506.0233,17573.8849,19286.2252,9208.7435,0
5303,33260.1654,17244.5834,18673.4295,8934.4288,0
5304,30200.753,16733.3309,18558.6511,8403.8702,0
5305,28014.7483,15051.7345,18261.8007,7532.2016,0
5306,26750.1498,13578.6882,18430.2118,6679.6961,0
5307,26265.3963,12092.2945,18062.1507,6585.0499,0
5308,26210.6647,11249.5317,17437.8424,6546.595,0
5309,26274.7023,11447.1368,16328.5089,6539.8234,0
5310,25975.7058,11546.8122,15978.1908,6516.8928,0
5311,25976.9554,10105.4569,17263.1074,6647.0547,0
5312,28228.0911,9447.4215,16490.0054,6505.2955,0
5313,31962.7407,9908.9452,13063.2216,6744.6808,0
5314,34294.7451,9869.3441,11306.6712,7228.485,0
5315,36093.6345,10355.5353,10544.0973,7444.349,0
5316,36997.3527,10786.5956,10073.3391,7605.202,0
5317,36841.1901,10247.3613,9260.5579,7394.0042,0
5318,35949.7842,9391.5657,8378.1423,7217.3948,0
5319,34560.097,9442.7465,8015.6835,7003.3568,0
5320,34369.9675,8836.0063,10131.4213,6672.1237,0
5321,34892.0341,9120.8612,13252.9749,7259.2773,0
5322,35115.5035,14176.1664,15796.6655,8538.7346,0
5323,37555.3695,16698.7601,18107.0934,10726.1099,0
5324,36786.7995,16327.5233,18926.4867,11160.9608,0
5325,35562.9428,16518.1808,19323.9563,9934.9294,0
5326,35484.4457,16732.3805,19254.3846,8173.2145,0
5327,32937.8181,16500.9075,19339.2089,7298.4098,0
5328,28952.1342,14827.1849,20929.5284,6712.6103,0
5329,27034.7319,14100.2433,19582.6873,6607.8584,0
5330,26421.2311,12528.912,18939.481,6569.9062,0
5331,25964.5177,10924.7006,19508.4835,6555.9263,0
5332,25834.0599,10738.8721,19309.4891,6518.1809,0
5333,26341.4976,10915.9578,19157.7243,6438.7037,0
5334,27349.9512,13245.6577,19009.6874,6416.861,0
5335,29137.526,14736.3458,21145.8632,6598.647,0
5336,32390.7122,13503.0665,23205.3118,6938.811,0
5337,36694.5612,11326.7275,24117.3581,7279.0784,0
5338,39542.2126,11296.5215,22049.0424,7823.7863,0
5339,41504.0978,12077.956,20261.351,8189.2492,0
5340,42390.0829,12975.4548,18381.8899,8710.3247,0
5341,41818.8672,12627.3136,14991.9374,9787.7329,0
5342,41030.6875,12720.9654,14405.5736,11143.2794,0
5343,39734.0196,12754.3548,16945.6265,11037.3197,0
5344,39551.446,12588.741,18211.27,11209.33,0
5345,41032.5531,13789.3404,17342.8783,11496.3024,0
5346,40839.8815,17095.2969,16810.6037,12162.5394,0
5347,41651.5869,17434.1387,20579.3027,14284.9905,0
5348,40614.5476,17570.2648,22823.2301,13621.4683,0
5349,38809.397,17841.0639,23960.3837,11756.844,0
5350,37332.8945,17871.4844,24362.0542,10469.844,0
5351,35250.8816,17709.7404,24198.3665,8234.3316,0
5352,31187.8644,16761.7791,24038.1625,6652.0608,0
5353,28689.32,15404.235,22448.3578,6571.6695,0
5354,27510.5468,14001.0112,21602.3907,6378.2807,0
5355,26945.5131,13179.4003,21158.1458,6106.5004,0
5356,26699.1032,12810.7903,20715.4244,6133.9333,0
5357,27093.0726,12864.7376,20472.551,6099.4813,0
5358,27780.1458,14980.2268,20734.2883,6155.7133,0
5359,29732.3367,16706.9892,22151.8704,6372.6927,0
5360,34714.7427,13361.6076,25431.9912,6605.8135,0
5361,38662.9815,11973.148,24780.5195,7108.6906,0
5362,40088.6156,11759.4752,23406.8384,7462.6178,0
5363,42101.6618,11952.7694,22173.2929,7735.5894,0
5364,42550.7456,12543.5904,21722.0641,7682.488,0
5365,42186.7435,11696.8687,20091.1436,7471.4673,0
5366,42354.8928,11798.2238,20453.411,7229.0867,0
5367,41338.3091,11640.7599,21863.5406,8088.0921,0
5368,40390.7229,12909.6121,21653.6221,8357.4788,0
5369,41485.9082,14880.0828,20571.6555,8361.1715,0
5370,41011.3374,16682.3349,20112.5199,9766.7746,0
5371,41520.2282,18133.2899,23780.8032,11796.0018,0
5372,41396.1097,17796.273,25287.3896,11320.2947,0
5373,40887.0649,17759.9719,25862.8634,9109.4839,0
5374,39137.1552,17422.801,27211.8858,7391.5347,0
5375,34781.7305,17909.6742,27286.49,6400.5469,0
5376,30998.1991,15933.7013,26678.1999,6308.6012,0
5377,28697.4325,13135.4311,25800.7893,6344.9331,0
5378,27583.3833,10652.4869,25961.2023,6342.2073,0
5379,26961.8184,9402.5382,25980.1157,6279.0651,0
5380,26555.6214,9766.1234,25294.7662,6157.6735,0
5381,27025.5711,10052.0541,24867.4602,6132.7937,0
5382,28255.2677,11583.0319,25084.2416,6166.3085,0
5383,30623.1057,13382.3558,26048.0792,6370.8392,0
5384,33921.5426,13986.5044,26169.1177,6881.2381,0
5385,37227.1922,13837.8867,25375.394,7245.4591,0
5386,39436.5312,13131.6757,23628.6908,7379.6899,0
5387,42112.0018,13478.0987,21682.5477,7321.3844,0
5388,43896.116,13367.684,20396.4618,7471.9612,0
5389,43900.142,13065.206,17549.1789,7496.4747,0
5390,43952.194,12488.2318,18650.5418,7601.8624,0
5391,43056.7698,12779.0201,20534.1488,7660.6178,0
5392,42500.2105,13198.7075,22373.3532,7462.4737,0
5393,41707.0566,15827.218,22170.8828,8384.893,0
5394,41319.7631,16632.2519,22013.7764,9961.3459,0
5395,42805.1437,17409.6901,24319.6228,12566.8499,0
5396,42294.417,17374.7299,25605.3182,11688.7045,0
5397,41185.0307,17353.9168,26905.8922,9483.6951,0
5398,39987.6477,17287.9014,27538.0358,7862.2401,0
5399,36907.827,16521.692,27263.1007,7057.3349,0
5400,34259.4472,15053.4571,25464.1167,6670.8257,0
5401,31220.0383,12797.1008,24531.3024,6627.5935,0
5402,29725.5266,10729.1998,24506.152,6683.2271,0
5403,29057.9311,9956.4366,24343.7645,6605.0941,0
5404,28916.4436,9184.4929,24224.0735,6627.5792,0
5405,28785.2279,9868.1506,23926.8931,6617.7089,0
5406,28858.9785,12923.7669,23855.3546,6399.0377,0
5407,31093.1456,14808.2869,25309.5018,6484.4098,0
5408,34790.0641,14472.4338,25893.3818,6884.0398,0
5409,38239.2142,13764.6366,25036.7249,7331.2943,0
5410,39412.0661,12769.7867,25289.2002,7460.6015,0
5411,41035.6012,12854.0247,24982.8612,7834.5311,0
5412,43832.5272,13223.3728,22409.4013,7924.653,0
5413,44415.0663,11600.1699,20312.2106,7741.8737,0
5414,44669.6921,11858.2167,20677.6999,7907.8131,0
5415,44094.886,12230.5183,22158.2823,7980.8124,0
5416,44440.4631,12683.7216,21521.1271,8272.2695,0
5417,44568.1511,15283.125,20510.0005,8699.4996,0
5418,42853.9584,18065.5431,19062.3246,11182.6869,0
5419,43144.7049,18322.0158,22297.5742,14004.3541,0
5420,43102.1789,18278.5603,24442.4312,12238.2623,0
5421,42447.7845,18546.044,24270.5936,10147.9411,0
5422,41252.2418,18463.3592,24402.9764,9177.63,0
5423,36421.0253,17838.9255,26304.421,8693.5728,0
5424,33059.1085,16404.432,25138.9985,8149.3247,0
5425,32147.6254,12639.2761,24310.4752,7229.1923,0
5426,30929.525,10934.2761,24284.9706,6629.172,0
5427,30272.0594,9816.3901,23996.6859,6613.574,0
5428,30084.4302,9168.3328,23828.4629,6492.7049,0
5429,30673.0457,8962.6317,23924.0089,6354.3788,0
5430,31217.2795,11477.1415,23625.1279,6424.1012,0
5431,32404.7735,14052.3152,24607.2365,6774.2598,0
5432,35788.5077,14435.0833,24823.4437,7017.1585,0
5433,38709.9559,15535.0921,23753.9665,7329.2494,0
5434,40092.9562,13844.7914,24127.8257,7826.0589,0
5435,42018.5469,13143.0596,23415.8496,8465.2975,0
5436,43036.4748,13014.9547,21880.7435,9218.8899,0
5437,43537.7635,12165.483,19040.0881,9454.8388,0
5438,43331.9392,12023.5203,18576.0025,10679.8835,0
5439,42617.0613,12247.2768,19944.7325,11120.329,0
5440,42539.8996,13418.4754,19875.4831,10873.8916,0
5441,42944.638,14579.9918,19659.4233,10543.1216,0
5442,41094.2312,17035.8056,20806.5825,11694.6258,0
5443,41315.0023,18711.8404,23289.4255,13452.7536,0
5444,41165.7697,18950.2269,25104.5366,11309.7479,0
5445,40228.3706,18657.661,25371.0435,9039.2291,0
5446,38681.2404,18382.7193,26535.6366,7695.0599,0
5447,36745.3207,18300.3326,25818.7908,7198.1096,0
5448,34864.8245,15733.5607,24745.6495,7236.7889,0
5449,31251.1782,14138.146,24268.9458,6994.4127,0
5450,28881.2095,13951.3066,23758.7108,6535.4311,0
5451,27730.8141,12916.9337,23713.8704,6391.5973,0
5452,26918.0197,12575.3155,23071.1921,6222.1434,0
5453,26653.0187,13125.3716,22503.2984,6162.6389,0
5454,26567.4926,13878.6549,22150.1005,6202.2268,0
5455,27601.9568,13356.7995,22719.2757,6337.6599,0
5456,32208.5148,10106.8979,23950.0525,6842.0022,0
5457,35443.0571,10137.7111,23098.0882,6980.8398,0
5458,38058.4633,10289.2119,20715.0394,7148.9,0
5459,40236.8285,10915.4034,17893.4613,7553.7737,0
5460,41354.1018,10994.6969,16770.9421,8007.9186,0
5461,41591.1793,10695.3363,15877.2922,8016.5074,0
5462,41139.4665,10391.9068,15469.278,8067.1635,0
5463,40893.6957,9894.8773,16125.956,7662.9278,0
5464,40639.4747,10148.2821,17571.5837,7474.7574,0
5465,40058.2831,11548.0706,18834.4233,7733.132,0
5466,38487.7713,14541.9769,23101.5323,8551.8334,0
5467,40210.5253,16254.8133,26046.7526,10432.5001,0
5468,39848.7166,16497.6295,26416.3185,8815.4836,0
5469,37635.7465,15665.6434,26870.9386,7608.8584,0
5470,35232.197,14911.8068,26999.3922,7093.4853,0
5471,32347.7814,14115.8842,26863.1539,6986.3629,0
5472,29967.6091,13457.3978,26104.8832,6763.46,0
5473,27266.9727,13123.4774,25036.7964,6670.8961,0
5474,25751.7315,11474.9283,25009.3624,6444.7493,0
5475,25043.6879,9908.4711,24971.6929,6464.2435,0
5476,24937.5544,9117.7218,24485.9428,6464.1808,0
5477,24928.882,8963.0398,23984.3681,6523.4444,0
5478,24826.6722,9745.7162,22932.9628,6499.416,0
5479,25349.5407,9673.2042,21866.1509,6495.9961,0
5480,28110.2459,9399.4934,19949.8299,6507.3382,0
5481,31073.8087,9152.2618,17305.882,6817.1246,0
5482,33953.3975,9681.5697,14029.8785,7045.0116,0
5483,36454.0935,10574.2846,11346.9015,7418.1063,0
5484,37652.7107,11511.5924,10846.4961,7795.0697,0
5485,37729.7019,11388.8566,10561.4784,7901.2197,0
5486,36981.7503,11170.027,10438.5633,7812.9282,0
5487,35446.4638,10346.6957,11930.8992,7352.5232,0
5488,34084.1226,9961.0192,15038.8095,7180.3017,0
5489,32750.3924,10861.3879,20363.3804,7068.0676,0
5490,32002.1889,14049.3584,23907.8532,8493.3607,0
5491,35877.765,15525.3241,25777.8653,10460.0826,0
5492,36211.7426,15850.8856,26188.6064,8948.9301,0
5493,34768.5327,16282.6422,26424.1021,7614.9172,0
5494,33005.6749,16349.2318,26586.5809,7209.8697,0
5495,29868.8951,16136.2245,26612.2131,7186.3814,0
5496,27977.8697,14099.9452,26079.8439,7152.0867,0
5497,27538.1238,11173.2016,25315.0216,7034.9279,0
5498,27049.0759,9666.1587,24882.6215,6922.6784,0
5499,26614.6298,9298.1064,24149.9577,6885.9747,0
5500,26479.2847,9103.6055,23747.3896,6783.8771,0
5501,26555.9613,9378.1127,23983.8346,6725.1613,0
5502,26975.1163,11627.8283,24474.0331,6970.6076,0
5503,29381.187,14308.3732,24924.4171,7106.8448,0
5504,34156.0208,13869.0101,24088.2422,7711.6083,0
5505,38869.5956,13575.7204,22484.5698,8055.5948,0
5506,40803.4781,13088.5403,22023.3167,8415.4477,0
5507,43298.3166,12368.1635,21561.3134,8646.7568,0
5508,44254.0197,12486.0219,21111.4761,8786.9177,0
5509,43628.0328,11892.8755,20225.8496,8728.1579,0
5510,43633.6109,12777.3888,21118.5084,8578.2829,0
5511,44844.6845,12971.1703,22075.064,8023.95,0
5512,45421.8556,13680.6615,22032.0221,7805.7188,0
5513,45153.2477,15824.853,21143.1132,7721.9109,0
5514,41231.5321,17319.6243,22024.1395,9946.7236,0
5515,40938.9827,18574.2612,24457.4572,12622.9543,0
5516,40122.4241,19853.3049,26199.6086,10647.9219,0
5517,39715.0798,19952.3093,26702.2602,8427.2034,0
5518,38676.7777,19809.757,26590.4694,7624.2639,0
5519,35742.6223,19289.1083,26313.6973,7005.8296,0
5520,32156.8258,17027.725,25884.7138,7013.6297,0
5521,31928.9531,11601.4844,25438.4097,6722.8777,0
5522,32604.7821,7959.3426,25412.4024,6616.214,0
5523,31800.5248,6855.5058,25334.4058,6590.5411,0
5524,31348.1388,6782.2447,24914.4412,6747.3296,0
5525,31558.2784,6901.6398,24842.0612,6756.8127,0
5526,33056.3673,8046.1854,24861.1121,6929.2487,0
5527,34269.9786,11558.4392,25367.5059,6849.1742,0
5528,36756.9675,12161.7056,26010.2414,7154.9698,0
5529,38881.3601,13151.5153,25366.462,7361.3694,0
5530,41427.9679,12767.5108,23666.8157,7898.7854,0
5531,43895.6166,12642.1218,23101.65,8177.345,0
5532,44548.5205,14577.9634,21597.0689,8063.9416,0
5533,44363.9372,13462.8681,19701.2684,8062.362,0
5534,44193.6902,13002.6809,21419.8369,8292.1267,0
5535,44386.9613,13509.8799,23434.851,7740.3898,0
5536,44795.2483,13581.8133,24746.1709,7261.8304,0
5537,45436.9179,15308.612,24087.1367,7057.1127,0
5538,42139.944,17129.7852,23840.8544,8902.1812,0
5539,41900.9206,17873.5337,26531.6139,11010.1541,0
5540,41628.2922,17915.5097,28488.5865,9175.4135,0
5541,41195.2783,18167.1204,28607.8122,7547.9327,0
5542,40035.985,18314.263,28619.7582,6596.4129,0
5543,37652.6194,17023.6473,27431.6911,6621.1772,0
5544,36032.9332,13934.0234,26223.802,6625.0525,0
5545,34983.8984,10387.8555,25580.1216,6583.8575,0
5546,33864.446,8016.404,25129.6012,6603.9061,0
5547,32080.6211,7749.2481,25045.1982,6602.178,0
5548,30864.6987,7595.8432,25119.8519,6589.9119,0
5549,31177.2956,7698.8615,24849.2717,6585.7022,0
5550,33242.4378,8674.49,24720.6212,6583.1733,0
5551,33984.4428,11350.2818,26205.4507,6702.5981,0
5552,36620.2705,12125.4034,26950.6215,7157.6725,0
5553,39975.4806,12893.1088,25325.3902,7617.6419,0
5554,43721.8265,12416.2346,22193.2403,7987.8634,0
5555,44473.9317,12652.8182,21871.0349,8493.0252,0
5556,44284.9935,13158.7698,22042.1036,8690.9515,0
5557,43532.6628,12149.1436,21543.8454,8602.0462,0
5558,44543.8477,12650.7898,22020.4622,8499.3447,0
5559,44767.8308,13235.7896,22403.7473,9263.9503,0
5560,44856.8912,13770.1839,22728.904,9356.05,0
5561,45307.9836,14838.5083,22068.057,9240.9064,0
5562,42160.4601,17131.4825,20363.8666,12011.3543,0
5563,42301.0478,17789.5674,22139.6186,14794.1992,0
5564,41635.4675,18200.6836,24970.6061,11937.706,0
5565,41459.2431,18371.6533,26904.537,8439.4915,0
5566,39674.602,18031.8006,27470.7037,8354.0655,0
5567,37136.6446,16976.0954,27047.6085,8283.8569,0
5568,35454.1462,13996.9478,26219.9124,8089.3758,0
5569,34849.6445,10670.2134,25148.8732,7494.0151,0
5570,33886.8695,8212.952,24904.7799,7315.297,0
5571,33103.4429,7243.852,25183.1195,6843.7831,0
5572,32360.3302,7209.7905,25009.9289,6822.1153,0
5573,32361.9263,7502.1936,24732.9258,6842.8294,0
5574,33836.0473,9142.4245,24394.1874,6881.7408,0
5575,34557.8717,11906.7256,25765.971,7038.0343,0
5576,38692.7618,11730.6376,25637.6813,7549.4573,0
5577,41677.8802,11950.4143,24464.7205,7850.8067,0
5578,43764.3987,11579.4503,23359.8849,8149.6822,0
5579,45447.4669,12339.4513,21743.3931,8461.8028,0
5580,45773.5487,13202.7742,21043.5918,8603.7281,0
5581,45643.5144,11907.5077,20229.6138,8551.1536,0
5582,46044.1817,12703.24,21891.1968,8422.7682,0
5583,46719.9711,13135.1792,23910.1049,8166.0249,0
5584,47972.2958,13435.048,23861.0801,7911.2429,0
5585,48804.9947,14442.8757,23144.2849,7548.1032,0
5586,45249.0863,15883.0056,23340.6052,9825.4057,0
5587,44658.8659,16935.4845,25351.7011,11946.3355,0
5588,43649.6324,17843.2485,27476.8373,9566.436,0
5589,42520.0127,18096.4608,28000.1832,7684.0137,0
5590,41073.6469,18149.5545,28674.0641,6879.1657,0
5591,39393.5201,16794.2665,27989.1161,6896.2322,0
5592,37024.1938,14247.8303,27304.1967,6994.7108,0
5593,35249.3196,10272.0222,26382.0161,7024.2612,0
5594,33641.8852,7871.1358,26909.3748,7048.8132,0
5595,32502.2544,7393.3772,26781.8188,6810.6896,0
5596,31996.5239,7261.2111,26431.8802,6639.171,0
5597,31897.9628,8025.8365,25994.188,6643.2861,0
5598,33068.1846,9721.9595,25699.0635,6602.4541,0
5599,34601.545,11687.1469,26064.6661,6849.3887,0
5600,38946.4427,12130.2753,25680.9124,7320.6331,0
5601,41042.7006,12581.5283,25811.0468,7786.5997,0
5602,42483.0175,12667.4493,25020.864,8159.074,0
5603,44770.4719,13079.0539,23879.614,8398.4098,0
5604,46248.7806,12532.4408,23805.6665,8302.3457,0
5605,45451.6062,12136.3605,22776.3415,8286.9886,0
5606,45424.8223,12643.1624,24005.8808,8174.738,0
5607,45616.3367,14204.1526,24406.5954,7745.7985,0
5608,45828.1428,14692.6142,24917.7159,7397.4626,0
5609,46077.636,15299.4094,24847.8219,6930.2673,0
5610,43345.9081,17712.8886,23587.6047,8559.9723,0
5611,43965.7669,17941.8899,26069.7503,10061.8243,0
5612,44097.6096,17782.2469,27182.65,8263.6389,0
5613,42973.9024,16929.3311,27532.5809,7113.6692,0
5614,41147.3755,17472.0051,27778.8863,6474.4218,0
5615,38498.7097,16148.6468,28731.1673,6473.2921,0
5616,35780.3974,15086.1975,27762.0112,6541.4679,0
5617,34944.5624,11663.4265,27622.0153,6544.6667,0
5618,34280.2757,8631.5416,27371.1152,6540.4471,0
5619,33561.9548,7491.4653,26897.1923,6534.1716,0
5620,32464.96,7072.824,26835.2788,6536.5531,0
5621,32201.1151,7041.3816,26287.2126,6449.4529,0
5622,32720.7782,7486.1006,25387.857,6494.4396,0
5623,33443.6289,7527.8225,24900.2072,6630.6515,0
5624,36189.8174,7553.0037,24733.0281,6957.7651,0
5625,38898.7852,7491.088,24251.8496,7346.273,0
5626,40507.8432,7464.7606,23902.7525,7460.7698,0
5627,42172.4017,7729.4052,23378.8929,7878.9887,0
5628,42957.8061,8239.0308,22975.0411,8059.5306,0
5629,43618.916,8250.7403,21512.9398,7909.0363,0
5630,44007.3348,8103.2171,20960.0512,7704.6387,0
5631,43782.211,7745.1231,21633.3821,7541.0137,0
5632,42585.9269,8098.0295,23722.5901,7404.0175,0
5633,40780.3561,11877.3831,23840.6608,7221.1821,0
5634,40520.6274,14525.5132,23530.2562,8750.1535,0
5635,43797.0566,14080.2805,25120.7682,10934.187,0
5636,43754.4415,13967.877,26451.018,8911.1671,0
5637,41605.9226,14069.484,27440.281,6902.2811,0
5638,39550.2503,13726.119,27339.7817,6538.7003,0
5639,37992.8626,13925.1783,25389.2562,6542.0421,0
5640,35802.5448,12313.2064,24916.1704,6523.7788,0
5641,33871.2561,10606.607,24361.0741,6514.0207,0
5642,32472.2321,9091.0919,23825.7228,6465.9738,0
5643,31070.0467,7911.8787,23889.041,6435.6919,0
5644,29908.4676,7158.3853,24012.9989,6374.0446,0
5645,28948.4448,6877.2451,24055.8021,6394.0602,0
5646,28718.5943,7052.0219,23497.1253,6381.8414,0
5647,28700.441,6038.6766,24137.5596,6411.9913,0
5648,30858.2516,4415.9203,24128.1722,6662.2248,0
5649,33691.5172,4492.3065,21662.5761,6930.8415,0
5650,36756.7783,4937.889,19088.4452,7214.6327,0
5651,38829.67,6526.2967,16723.8137,7553.6021,0
5652,40013.8464,7212.5823,16393.795,8103.2787,0
5653,40112.8354,7036.337,15897.5982,8109.7104,0
5654,39337.2661,6609.4655,15549.8431,8116.1531,0
5655,38633.1429,6237.055,16088.1831,7637.927,0
5656,37875.2407,6849.2457,17474.5879,7263.2296,0
5657,38123.9529,8433.2567,18812.6851,7210.6419,0
5658,35901.1576,15088.513,20429.4431,7863.2862,0
5659,37956.0511,16371.0877,23717.8095,9884.4273,0
5660,37798.904,15250.8103,26382.246,8537.5004,0
5661,35873.1142,14809.0492,28036.8517,7559.9942,0
5662,34881.6325,14158.4795,27853.5136,6877.4607,0
5663,33533.8256,13539.2477,26203.9107,6875.2475,0
5664,31475.466,11621.0875,25766.9885,6885.5402,0
5665,29443.5482,10255.212,25262.3404,6809.4895,0
5666,29449.6477,7795.2655,25039.5354,6623.2584,0
5667,29115.9506,6525.4574,24938.5763,6772.3128,0
5668,28941.7887,6249.4036,24788.0479,6674.1114,0
5669,29506.8576,6412.4401,24671.8615,6606.4735,0
5670,29901.1383,7585.0434,26207.0182,6747.0392,0
5671,31892.3561,9826.1196,27323.0342,6921.5608,0
5672,36322.5984,11028.93,24883.8733,7420.3118,0
5673,39774.6954,12129.0158,23701.2589,7867.8941,0
5674,43107.0981,10679.2642,23171.2833,8189.4956,0
5675,45816.3398,10358.7286,22634.1082,8521.7726,0
5676,45382.3755,11836.0528,21860.7477,8648.0438,0
5677,45014.8952,11053.7515,20526.4235,8590.2432,0
5678,46257.3287,11264.3982,20496.0063,8729.5593,0
5679,46984.63,11386.6071,21855.251,8438.5158,0
5680,47136.6907,11340.439,23158.3803,8010.2891,0
5681,47496.3401,12346.1712,23955.4909,7643.1575,0
5682,44630.2241,14323.7391,24670.2071,8340.5509,0
5683,45345.6047,14434.2748,27201.5645,10150.316,0
5684,45150.347,14044.6823,29212.0675,8771.0106,0
5685,44485.8975,13629.9218,29756.2584,7374.4979,0
5686,43361.0606,14076.9365,28725.3615,7185.7236,0
5687,40170.427,14780.8419,26846.4229,6940.1695,0
5688,36451.2797,13170.3319,25852.2374,6912.2108,0
5689,32922.3752,11296.6777,25633.8599,6921.7313,0
5690,30338.0132,10470.6173,25666.9105,6906.6283,0
5691,28716.1193,9773.4406,25618.7657,6906.7537,0
5692,28029.287,9603.6743,25368.7808,6896.604,0
5693,27986.0757,10208.6567,25349.8344,6890.1437,0
5694,29867.5894,11671.0583,25151.3339,6901.0436,0
5695,33070.3285,12447.116,26163.1755,7039.8735,0
5696,39217.8435,10749.4772,26069.7041,7409.446,0
5697,41194.2751,11378.9082,25901.0213,7939.3017,0
5698,42241.3233,11702.8285,25513.6057,8349.2211,0
5699,43564.3285,12684.0252,24922.8562,8603.2243,0
5700,44340.1343,14055.9672,23829.6806,8682.9468,0
5701,43600.7561,12377.3045,23039.9675,8719.2754,0
5702,43760.5146,12145.7446,24438.0972,8605.2285,0
5703,43559.5644,12801.8594,25594.954,8318.5036,0
5704,43421.0832,13805.8261,25636.2678,7935.5353,0
5705,45862.9743,14368.6752,23214.8851,7453.4592,0
5706,44697.7762,15299.5755,22743.182,8285.5344,0
5707,43848.893,17776.6721,25049.3056,10084.8814,0
5708,44685.5904,16754.342,26874.2617,8928.8045,0
5709,43572.6984,16135.3687,28073.9668,7365.1644,0
5710,42237.6955,15567.4409,28699.4246,6953.2958,0
5711,39772.8408,15570.0908,26785.3267,6879.2856,0
5712,36092.5235,13324.5849,26267.2014,6810.6929,0
5713,32221.0207,12176.0067,25516.3271,6804.4097,0
5714,29559.1109,11226.6297,25258.5179,6804.5439,0
5715,28483.2207,10074.6294,25255.5402,6815.1644,0
5716,28345.691,9328.2992,25044.7725,6846.0678,0
5717,28533.0276,9119.9372,25499.2573,6858.0974,0
5718,30091.6286,10224.3449,25647.3206,6866.8666,0
5719,32254.6543,12644.1491,26136.6809,7010.8203,0
5720,36491.5188,12203.147,25851.5884,7419.4296,0
5721,38792.6341,12380.8476,25738.7779,7817.2985,0
5722,42116.9364,11407.6204,23798.2074,8130.6533,0
5723,43638.5906,12438.6361,22791.1728,8295.9954,0
5724,44233.211,13458.1722,21892.9491,8414.9703,0
5725,43167.9578,12208.6063,20801.2706,8388.0863,0
5726,43791.8591,12594.2993,21168.3549,8408.3219,0
5727,44364.815,12534.5616,21941.9948,8376.1238,0
5728,45735.2104,11991.782,22364.3233,7858.2636,0
5729,49430.8265,12335.3109,21536.977,7286.0601,0
5730,46587.1923,14487.8635,22030.228,8189.3625,0
5731,46355.5037,15452.965,25795.1837,9897.7615,0
5732,46114.8369,16137.0594,26062.1262,8780.3606,0
5733,44064.735,17376.0136,26310.6294,7080.7539,0
5734,41670.002,17243.105,27011.7386,6935.1513,0
5735,38820.342,16169.0958,27302.5907,6878.4287,0
5736,35429.1762,13632.8555,27267.5931,6813.3131,0
5737,32231.2199,12153.7823,26431.5073,6807.7086,0
5738,29633.1882,11192.7849,26254.0421,6767.4222,0
5739,28302.3686,9981.7311,26409.6063,6779.4683,0
5740,27765.6555,9434.7693,26452.7428,6747.5133,0
5741,27881.8859,9748.2506,26138.1813,6716.2491,0
5742,28551.1314,12128.3294,25909.015,6679.2165,0
5743,30809.2224,14104.7489,26484.271,6878.6652,0
5744,35171.7982,13516.8341,25368.695,7372.0207,0
5745,38475.668,13291.3627,24062.8454,7817.3601,0
5746,40870.4945,11468.1479,23723.128,8417.9282,0
5747,43010.4466,11435.2623,23458.2491,8547.2123,0
5748,43719.5671,11778.8539,23363.7096,8547.1441,0
5749,42809.0674,11536.2225,21806.2581,8303.1289,0
5750,42997.8725,12177.1749,22605.6259,8345.5768,0
5751,43525.4831,13140.7012,23216.193,8197.6367,0
5752,44342.4927,13658.6549,24018.6364,7610.427,0
5753,46186.8055,14703.3788,23352.2916,7283.1044,0
5754,43803.1847,16811.7928,23533.3065,8051.3719,0
5755,43964.1235,17012.7969,26403.4485,9841.8012,0
5756,43776.5526,16843.1527,28076.4308,8534.8494,0
5757,42418.4662,16618.2192,28611.6644,7428.7345,0
5758,40901.4122,16917.4335,29192.8186,6870.171,0
5759,38377.9638,16727.898,28037.2257,6852.2355,0
5760,34981.826,16198.2183,25917.3772,6780.7718,0
5761,32850.4594,13609.552,25297.5349,6743.2464,0
5762,30511.3578,12388.4343,24955.8045,6709.5215,0
5763,29224.0333,12623.5626,23618.5609,6717.4987,0
5764,28779.8225,11791.1398,23567.2701,6750.7044,0
5765,29169.0047,11623.3711,23533.7938,6723.9238,0
5766,30282.0716,13259.8158,23530.507,6607.5515,0
5767,31260.5733,14300.5907,26115.5213,6676.8086,0
5768,34648.7735,14309.0387,26191.4664,7177.7145,0
5769,37815.8957,14733.3527,25365.0001,7667.4455,0
5770,40607.9795,13499.4662,25056.053,8121.8225,0
5771,42868.98,13684.2838,23997.3085,8370.4786,0
5772,43772.0162,13896.8093,23584.3927,8348.3994,0
5773,43261.9737,13190.034,21606.5278,8222.0501,0
5774,43045.255,13666.3747,22583.7788,8082.4612,0
5775,43261.4886,13519.0363,23532.2098,7860.4977,0
5776,42663.6177,13811.9245,24640.3311,7532.7362,0
5777,42737.6301,15019.8862,23998.9035,7076.5519,0
5778,41745.0176,17554.2103,23208.3302,7999.5124,0
5779,42246.6671,17431.0059,26386.5657,10059.2932,0
5780,41337.9604,18210.9092,28078.6649,8165.9754,0
5781,39739.8419,17883.4601,28313.9505,7372.53,0
5782,37482.9576,17690.5685,29755.3399,6709.2916,0
5783,35277.1232,16845.8114,29644.0012,6701.6136,0
5784,33092.7773,14896.5036,28672.259,6705.1996,0
5785,31163.2497,12062.2656,28104.6722,6741.9033,0
5786,30130.9899,10234.2482,27098.1161,6648.1382,0
5787,29104.2521,9385.475,26899.5419,6509.1697,0
5788,28177.2018,8942.758,27127.3145,6444.9517,0
5789,28093.0276,9086.8822,26852.4509,6386.3118,0
5790,28587.4039,9592.0649,26147.9493,6313.2564,0
5791,29262.2891,10632.1655,24618.1606,6475.557,0
5792,31823.8074,10750.3792,24077.3368,6506.687,0
5793,33656.2061,11005.2184,23887.7991,6417.1899,0
5794,35439.9694,11086.9396,22412.5198,6575.6746,0
5795,37805.4314,12010.2257,19882.5935,6913.2415,0
5796,39544.9483,12227.2293,18217.2265,7197.9512,0
5797,39312.4424,12224.036,17381.3475,7083.5985,0
5798,38583.7892,12184.1841,17317.8071,6914.9905,0
5799,37965.6673,11985.3041,17695.1203,6728.3535,0
5800,35893.5654,12594.5776,18562.9609,6456.2685,0
5801,36441.0189,13394.0752,19435.9066,6147.4292,0
5802,38281.9349,15404.9016,20246.358,7985.1409,0
5803,40834.1494,16499.1145,23659.9,10014.378,0
5804,39900.5508,16999.5727,25980.5458,7395.9897,0
5805,36230.7968,17095.4322,27330.6715,6049.197,0
5806,33652.6179,15884.2475,28176.3504,5661.5196,0
5807,31971.4065,14618.1046,27928.9186,5560.5418,0
5808,30363.454,13868.3974,26743.4486,5480.8721,0
5809,27973.7942,12295.3314,26766.2032,5546.9183,0
5810,27157.0816,10002.784,26660.8738,5558.9094,0
5811,26609.9955,9388.3735,26107.2108,5490.3244,0
5812,26271.729,9272.0287,25466.5851,5198.9916,0
5813,26038.8953,9407.1329,24807.9656,5144.9629,0
5814,25611.531,9640.2878,24535.5583,5089.964,0
5815,26064.1425,7946.3769,24685.2584,5194.7423,0
5816,28177.1347,7385.2229,22406.2685,5458.5344,0
5817,30973.0025,8447.131,17282.661,6301.2037,0
5818,34484.7041,9013.3472,13540.736,6526.4331,0
5819,36224.6621,9943.3851,12236.235,6803.082,0
5820,37247.947,10543.3141,12196.5932,7024.0225,0
5821,37423.7149,10708.775,12040.7485,6859.6209,0
5822,36756.0963,10285.2321,12343.3277,6744.2848,0
5823,36017.1966,9839.06,13308.5238,6478.6788,0
5824,34768.3094,10052.4545,15842.0174,6087.7729,0
5825,34317.9111,11220.9581,18985.3664,5719.0518,0
5826,34602.755,14363.3149,20977.2057,7069.9497,0
5827,36902.3127,16559.6838,24077.8153,8607.291,0
5828,36343.2267,17010.2449,25780.3139,7103.888,0
5829,34610.5056,16614.9027,27218.1734,5773.0552,0
5830,32995.6484,15331.9232,28794.953,5426.982,0
5831,30815.2526,14976.94,28263.785,5414.2209,0
5832,28248.847,14353.6415,26970.812,5371.7829,0
5833,25806.3993,13604.2159,26492.7399,5015.6128,0
5834,24446.7795,12248.5022,26449.4956,5021.335,0
5835,24047.5532,11380.8596,26202.0638,5010.1667,0
5836,23674.211,11009.4875,26308.106,5011.809,0
5837,23895.6025,11225.0842,26317.2349,5004.9098,0
5838,25443.8503,12990.9351,25948.3631,5001.9068,0
5839,27558.6729,14197.6758,27130.9027,5175.7222,0
5840,31643.0576,13518.7998,26879.3646,5714.0655,0
5841,33913.022,14206.1623,27150.717,6238.7017,0
5842,34612.0599,14483.8331,28021.4704,6754.8107,0
5843,36659.8782,14701.4791,28693.6155,7157.348,0
5844,38510.5743,14888.5044,27883.4259,7395.0239,0
5845,38325.6467,13258.4991,26906.0979,7441.3163,0
5846,38813.4857,14140.522,27391.716,7392.671,0
5847,39914.9421,14845.6583,26725.578,7625.992,0
5848,41545.4028,14482.4471,25858.7813,7317.5487,0
5849,43709.1226,14006.0723,25190.2475,7155.0303,0
5850,40622.0474,15857.0764,25924.9771,8096.2805,0
5851,41814.5629,15749.7483,28170.131,9549.0736,0
5852,42827.7003,15994.9966,28674.3864,8243.8433,0
5853,42177.0657,16083.54,28728.2831,7440.7718,0
5854,40015.2885,16939.9857,28881.3404,6960.6438,0
5855,38048.1464,15922.6342,28625.861,6543.625,0
5856,35924.5084,12674.4662,27765.0241,6603.4012,0
5857,33790.6437,10854.8396,26288.5931,6554.383,0
5858,30919.2114,10415.9275,26263.5758,6536.7555,0
5859,28117.6522,10228.8054,26939.2387,6582.0315,0
5860,28065.84,9443.9972,27016.6567,6370.0252,0
5861,27966.9698,10185.6799,26698.364,6308.1755,0
5862,28763.6052,11751.2384,26904.6646,6287.1644,0
5863,30317.6489,13796.8127,27617.0235,6457.0781,0
5864,34312.7829,13872.1792,26715.6648,6993.9463,0
5865,36281.8566,15137.3024,26069.0485,7439.4727,0
5866,38697.4808,15125.308,25500.0119,7453.9168,0
5867,41216.7679,14483.502,24715.2136,7812.6125,0
5868,41727.6123,14570.325,24512.609,7899.2947,0
5869,41000.2098,14477.6335,23075.987,7822.2463,0
5870,40872.9706,14413.2065,25638.4766,7742.5304,0
5871,40349.1451,14800.8256,27709.2574,7646.6159,0
5872,40450.7928,14881.9308,28694.3382,7109.7961,0
5873,42082.7044,14543.1792,28828.8165,6698.4082,0
5874,40798.4929,15790.346,28254.1809,7614.6169,0
5875,41711.8108,16900.3296,29789.6907,9222.2207,0
5876,42393.1519,17354.8441,29847.3857,8013.9433,0
5877,41435.6745,17887.3783,29593.6025,6954.9117,0
5878,40107.4465,17375.2755,30088.2076,6399.3754,0
5879,38939.8977,15435.7082,28973.7954,6268.812,0
5880,36837.7284,12706.0736,27906.1563,6213.5524,0
5881,33266.024,10706.5189,27779.136,6423.7107,0
5882,31178.5771,9797.5647,26873.3839,6526.08,0
5883,29232.6386,9798.4843,26959.1476,6380.4554,0
5884,28539.6661,9786.4525,26610.9547,6352.7431,0
5885,28070.6833,10420.4386,26595.4051,6320.4647,0
5886,28275.6881,12600.2107,26732.7555,6354.9024,0
5887,29943.1,14696.0418,27335.9295,6231.8124,0
5888,34347.3218,13332.5599,27538.6683,6572.302,0
5889,37163.1579,13287.0881,26787.6664,7357.9836,0
5890,38696.339,12833.9871,26985.9722,7409.9355,0
5891,40163.1725,13502.3966,26601.1449,7643.5535,0
5892,40870.5858,14546.4748,25032.656,7748.1349,0
5893,40236.7878,14201.6952,23117.9685,7768.0636,0
5894,40817.8958,14452.8945,24092.8237,7823.5201,0
5895,39290.6272,15230.2689,27487.1146,7825.1877,0
5896,38851.9802,16091.647,28436.4707,7558.7314,0
5897,40488.8748,17071.7085,27747.3856,7041.353,0
5898,40784.5636,16056.9266,28553.2478,7866.0318,0
5899,42312.424,17088.7893,29740.8012,9515.011,0
5900,43091.3351,18122.4769,29209.0612,8360.2904,0
5901,42391.7835,17826.2898,29666.8273,6847.6441,0
5902,41719.1522,17062.0087,29860.9245,6396.8234,0
5903,38661.8496,16196.0194,29217.4179,6466.493,0
5904,35949.694,13807.1417,28120.5507,6406.6167,0
5905,33645.315,11197.9472,28019.9183,6314.264,0
5906,31295.4015,10581.1673,27741.5457,6261.475,0
5907,29891.5573,10181.4889,27382.1911,6244.4888,0
5908,28573.3877,10239.0387,27491.1043,6381.9503,0
5909,28576.0167,11010.3213,26947.2709,6230.9192,0
5910,29083.6315,13390.8588,26703.1754,6273.0877,0
5911,31058.5242,15404.8785,27033.9025,6216.8194,0
5912,37112.9198,14117.8466,24410.2056,6597.2566,0
5913,39189.1665,13643.5387,24796.2264,7193.8977,0
5914,39947.0984,13159.8038,25588.3804,7565.5866,0
5915,40808.4039,13946.1773,26134.3764,7852.3181,0
5916,41522.5943,14242.6218,25895.0824,8049.7868,0
5917,40453.9883,13515.7253,25391.2967,8100.8356,0
5918,41987.0088,14081.7875,25720.8105,7927.2853,0
5919,43351.8096,15315.4232,25370.8983,7577.7966,0
5920,43065.0704,16019.2153,25574.1585,7266.0005,0
5921,44097.6569,16320.6186,25581.3173,6790.0096,0
5922,42718.5077,16630.9165,26600.9337,7572.6607,0
5923,43589.3029,17042.2153,29175.0789,9407.6257,0
5924,43737.3739,17995.054,29218.7379,8022.8313,0
5925,42854.8505,17945.5485,29891.5804,6704.3229,0
5926,42032.8755,17569.1593,29688.6447,6368.3873,0
5927,38846.9686,17708.1432,28960.2522,6274.6596,0
5928,37083.5619,14791.3634,27867.1668,6250.8226,0
5929,34042.3985,12556.2041,27229.2064,6233.8463,0
5930,31309.7928,11663.5838,26798.3122,6263.2141,0
5931,28866.3353,11741.7971,26895.0374,6285.719,0
5932,27444.4555,12072.4087,26681.5153,6296.9368,0
5933,27251.994,12770.0078,26179.362,6288.1643,0
5934,27283.9952,15037.9075,26693.557,6236.318,0
5935,29772.237,15814.0906,27625.1492,6174.3561,0
5936,36035.3697,13562.3972,27181.8217,6336.4829,0
5937,40856.3353,12509.2528,25289.6061,6882.5801,0
5938,42367.105,12385.1662,24798.191,7490.3895,0
5939,44022.1683,13122.0155,24774.6609,7966.2418,0
5940,43759.6907,14326.5485,24906.86,8307.7676,0
5941,43064.9098,14478.8501,23283.5086,8463.6629,0
5942,43834.1321,14788.9731,24177.6117,8332.9455,0
5943,44991.2045,15382.686,23814.2707,8232.2889,0
5944,45332.21,15582.2656,23625.261,7722.2772,0
5945,45997.116,16926.3072,22453.717,6998.4739,0
5946,44752.9588,17259.4015,22554.6805,8025.6913,0
5947,44601.6054,17698.23,25335.7313,9722.8373,0
5948,44033.0517,17438.0855,26676.9349,8568.1002,0
5949,43337.6559,17423.6458,26598.0055,7022.4033,0
5950,41550.707,17005.1475,27134.2742,6980.9971,0
5951,39338.827,16381.9458,26396.2127,7607.017,0
5952,37135.7679,14887.576,25193.5211,7698.6734,0
5953,33434.2613,13233.286,24498.8139,7784.8254,0
5954,30367.6923,12984.7432,23898.5461,7799.0044,0
5955,28110.4373,12266.8194,23995.719,7805.6693,0
5956,27588.924,11364.7589,23778.9464,7792.884,0
5957,27297.3404,11344.3781,23486.4179,7770.862,0
5958,27466.1233,11536.0762,23227.2997,7698.9,0
5959,28224.8736,11817.3,23127.4967,7100.5792,0
5960,31630.3108,11109.5325,22628.177,6980.0225,0
5961,34208.4413,11055.9537,22096.2093,6989.0172,0
5962,36803.7483,10988.1255,20258.4173,7344.6175,0
5963,38524.3298,11129.7362,19340.453,7755.0055,0
5964,39511.3213,11387.4541,18794.413,7802.6608,0
5965,39064.157,11435.0093,17863.8449,7749.9829,0
5966,38516.6991,10822.746,17952.7348,7567.0606,0
5967,37057.735,10743.7748,19151.5643,7348.8459,0
5968,35606.3972,10347.0939,21560.0803,7752.0267,0
5969,36999.8332,12832.6297,20013.8851,7286.9841,0
5970,38388.5084,15327.1118,20578.8913,8152.3167,0
5971,40006.1849,16061.7204,24222.803,10153.792,0
5972,40490.67,16170.3509,25035.153,8540.9984,0
5973,37997.3473,16034.1544,25918.5454,7024.16,0
5974,35717.5929,15678.3506,26638.5471,6579.9932,0
5975,33294.173,15099.8144,26270.0394,6536.8347,0
5976,30962.8869,13695.341,26133.1103,6557.8337,0
5977,28116.8998,12869.7943,25264.5195,6557.7237,0
5978,25772.296,12017.0237,25151.1623,6500.2278,0
5979,24464.3377,10777.5008,25189.2388,6491.749,0
5980,23249.0632,10892.0284,24679.1226,6419.9124,0
5981,22900.1476,10594.4157,24407.889,6342.501,0
5982,22950.202,10054.1859,24391.2845,6223.2401,0
5983,23847.9439,8946.0294,23480.9927,6432.3875,0
5984,26814.2655,8166.29,21767.7592,6455.5183,0
5985,29453.5142,8256.3382,18800.4784,6612.4355,0
5986,32466.4472,9375.3979,14540.9517,7026.4007,0
5987,34909.3151,10046.0162,12712.6736,7537.1626,0
5988,36470.9994,10111.2902,13494.0575,7595.5066,0
5989,36778.0798,9939.7958,13656.6111,7520.2611,0
5990,36351.9046,9553.6386,13549.6669,7263.7697,0
5991,34968.7459,9274.1539,14824.3249,6997.4036,0
5992,32991.5905,10762.6497,16885.7062,6668.3485,0
5993,30817.8937,11693.2629,21616.1759,6670.0117,0
5994,29950.2984,15064.5561,24352.6745,7772.9201,0
5995,33432.2197,16162.9215,25571.8793,9854.2829,0
5996,33958.2155,17023.8288,25987.2481,8496.6453,0
5997,33330.8613,17392.9547,26287.4315,6689.0439,0
5998,32656.9254,16509.4468,26297.1478,6606.9267,0
5999,30870.4462,15677.6752,25785.8799,6527.6805,0
6000,29541.9641,13480.3735,25487.8833,6569.8875,0
6001,26631.1925,12793.2365,25536.1997,6593.3109,0
6002,25225.8347,12390.5826,25011.338,6469.8997,0
6003,24296.3182,12429.7294,24319.8648,6406.1492,0
6004,24039.6904,12033.9263,24015.2044,6393.5487,0
6005,24656.4252,11820.5692,24089.8768,6405.5123,0
6006,27330.7595,11823.8868,24456.1031,6363.5792,0
6007,30880.3682,11523.2051,26199.1994,6245.1444,0
6008,33852.7068,12326.1622,25917.1055,6586.25,0
6009,35760.9527,13429.7856,25992.3455,7170.6701,0
6010,37743.5223,13379.0877,25414.5045,7499.4865,0
6011,39854.177,13078.0089,25253.1631,7867.9601,0
6012,40843.9812,13665.4243,25199.6162,8049.2775,0
6013,40164.5046,12608.6741,24776.5166,8154.4793,0
6014,40487.1181,13808.4639,25246.738,8263.3826,0
6015,41621.0069,14998.1557,25785.8876,8095.0199,0
6016,42667.4204,15447.4914,26226.9645,7653.8099,0
6017,44194.6527,15641.9285,26350.6111,7567.1101,0
6018,41143.1075,15703.8222,27288.7648,9028.6053,0
6019,41533.5107,17490.5753,28057.0356,11133.3596,0
6020,41962.1576,18432.0499,29050.9956,9544.7418,0
6021,42065.0494,17919.4741,29537.5564,7911.684,0
6022,41452.0975,17571.1679,29978.9325,6805.15,0
6023,38612.5421,16716.37,29842.6821,6736.4671,0
6024,34606.1177,15754.0834,28880.7046,6700.3277,0
6025,30382.7029,15461.2843,27801.125,6723.4541,0
6026,28414.3156,14291.4189,27194.7368,6731.7965,0
6027,26846.8684,13672.6205,26814.1511,6777.6698,0
6028,26469.8577,13596.5258,25883.4763,6832.0505,0
6029,26719.0913,13796.6741,25603.4482,6822.7643,0
6030,27685.3489,14792.5536,26080.0991,6832.5664,0
6031,30020.8095,14979.2577,27470.2571,7054.0096,0
6032,33034.9294,15265.9727,27958.3733,7558.5818,0
6033,36264.3875,14910.731,28504.63,8131.6345,0
6034,39763.548,15121.0224,26101.9935,8397.466,0
6035,41319.1922,15562.1158,25992.7184,8661.3153,0
6036,43061.1027,15729.4049,24118.9861,8716.8477,0
6037,42270.8473,15038.4729,23379.3142,8631.3535,0
6038,43393.2411,14710.2824,23803.3389,8883.7254,0
6039,44748.9944,13709.6817,24250.4185,8672.4286,0
6040,45817.3683,13961.64,22766.7198,8336.6195,0
6041,46724.8001,15381.3902,21493.032,8785.4206,0
6042,42955.3421,17355.7769,20238.7647,11179.3363,0
6043,43211.9358,18030.3475,22823.5304,12995.4869,0
6044,43183.4216,18450.4001,25872.7931,11124.2131,0
6045,43023.3782,18487.2072,27920.0185,8221.7839,0
6046,41960.1028,18529.3647,28821.4795,7093.4677,0
6047,38554.6491,18056.3185,28537.7114,6823.7312,0
6048,35369.1767,15585.8703,28294.7016,6752.8824,0
6049,31428.4333,14233.5237,27746.103,6459.4156,0
6050,28202.8307,14359.7894,26882.5205,6482.7895,0
6051,26243.8,14740.4631,25651.4643,6475.0081,0
6052,25641.4708,14897.773,24704.933,6472.4781,0
6053,25870.0442,15043.4218,24473.4501,6478.032,0
6054,27616.8838,16208.7871,24012.5842,6449.3594,0
6055,30111.5793,15698.9404,25922.5802,6628.897,0
6056,32916.9423,14787.8478,27587.8482,7225.4237,0
6057,36534.9336,14190.1386,25712.0963,7770.8829,0
6058,39525.5377,14501.7697,22597.3539,8000.4331,0
6059,41270.6745,14959.5985,21787.9002,8327.0077,0
6060,42451.6785,15504.3658,21203.7606,8532.7979,0
6061,42178.9291,14232.3401,20460.6314,8235.92,0
6062,42900.1518,13832.7838,22043.8262,8304.472,0
6063,43306.8163,13674.5906,24125.9062,8367.9354,0
6064,42840.4515,14198.5085,24848.3807,8882.6298,0
6065,44492.0575,16340.5099,22563.5223,9125.578,0
6066,42378.5769,17349.211,21893.4969,11195.2621,0
6067,41634.2322,16974.7545,25610.8424,13692.6614,0
6068,41964.8801,17142.3736,27923.6166,11723.1642,0
6069,41905.2788,16885.1529,29191.7483,9048.3921,0
6070,41198.8533,17320.083,29493.4497,7736.6993,0
6071,37848.2368,17694.0599,28578.6358,7687.0937,0
6072,34678.7958,17110.874,27539.875,6666.2805,0
6073,30900.3497,15923.2744,26406.4592,6905.6658,0
6074,27854.2319,15505.3635,26016.8029,6900.0899,0
6075,26065.3371,14478.2099,26253.2842,6877.3826,0
6076,25574.4786,13394.6703,26532.1738,6864.2497,0
6077,25519.6766,13630.3068,26532.1925,6855.453,0
6078,26246.8569,15588.6643,26547.4803,6872.9276,0
6079,28518.6649,16343.5866,27171.8623,7027.9165,0
6080,34029.3283,15001.5206,27014.7504,7283.6324,0
6081,37744.3682,12616.6414,27814.5175,7753.6041,0
6082,40872.392,11050.4053,26481.2251,8242.8456,0
6083,43332.1328,11438.3467,24820.6629,8602.704,0
6084,44669.7801,11904.2264,23512.1436,8785.0884,0
6085,44569.9078,11175.9714,21651.9501,8950.4932,0
6086,45441.2981,12014.3078,22036.5233,8795.6066,0
6087,44975.304,13125.9249,24109.2379,8570.4388,0
6088,44113.2846,14317.7001,25787.8203,8050.4204,0
6089,44609.1954,16750.2214,25109.5955,7858.8565,0
6090,42811.2729,17612.9789,24092.2022,9373.2023,0
6091,43349.1102,18644.6381,25665.4816,11066.2596,0
6092,43285.3949,18595.775,28241.8818,8941.9528,0
6093,42175.6555,18331.2404,29754.3422,7322.623,0
6094,41076.5102,18267.4965,29844.6016,7090.6682,0
6095,38802.8465,17940.3015,29043.6102,6969.028,0
6096,34862.1372,17141.6905,27942.0669,6879.6332,0
6097,30504.8469,16591.9963,27176.897,6741.9099,0
6098,27535.0911,15068.6679,28061.5324,6691.0415,0
6099,26377.1915,13410.276,27712.6542,6850.4304,0
6100,26206.0788,12761.3717,27202.7789,6857.8147,0
6101,26102.2113,13646.1039,26541.8527,6825.1436,0
6102,26871.3929,14718.836,26963.5784,6851.889,0
6103,28687.2003,15734.1415,27607.4227,6988.2175,0
6104,33109.0056,14659.8903,27714.3152,7239.7809,0
6105,36730.0901,13916.3486,27371.1603,7682.0436,0
6106,39508.975,13185.6648,25995.2506,8111.4858,0
6107,42267.6199,13592.1379,24315.1744,8393.4675,0
6108,43701.2576,13859.0463,23005.2724,8536.8943,0
6109,43493.6997,13214.4254,20891.6444,8495.0723,0
6110,43486.0569,12877.9178,22828.2428,8357.6306,0
6111,42564.8036,13558.8123,25246.2936,8073.9109,0
6112,41713.9899,14946.5272,26175.3822,7718.9596,0
6113,43220.8975,16640.6273,24369.1327,7486.1853,0
6114,42460.0594,16915.0212,24527.4348,9303.3721,0
6115,42800.9153,16417.1524,28071.5589,10874.05,0
6116,42987.7943,16902.6858,29595.2173,8786.3347,0
6117,41356.5669,17476.6878,29979.1217,7055.7212,0
6118,40352.1118,17579.0956,29507.456,6747.2515,0
6119,37776.8127,17235.009,29469.5533,6741.9616,0
6120,33743.4713,16568.5773,29360.8634,6640.7583,0
6121,32254.7786,14317.4878,28748.6738,6673.7044,0
6122,30957.3033,12945.7086,27790.0513,6654.4577,0
6123,29068.5692,12387.6665,27401.2277,6655.3641,0
6124,27509.1157,12776.5132,27079.91,6635.0691,0
6125,27119.3549,13052.6671,26388.1332,6614.2494,0
6126,27200.206,13294.5065,26253.7561,6545.2717,0
6127,27727.2743,12785.399,26279.3784,6580.0889,0
6128,28348.4586,13520.2837,26946.0796,6416.7554,0
6129,30712.4015,14115.3397,25644.08,6204.8734,0
6130,33825.6171,13483.4359,23230.8736,6543.0343,0
6131,36735.1435,14441.9055,20240.7909,6652.7307,0
6132,38299.0619,14870.8714,19097.8975,6784.2071,0
6133,38527.0897,14690.2294,18088.5958,6868.3758,0
6134,37518.8561,14482.4625,18135.0818,6700.8293,0
6135,36166.4193,13590.6969,19917.1335,6474.4746,0
6136,35571.4524,12799.7804,22149.9311,6380.0308,0
6137,37220.2127,14290.5433,21657.2873,6303.8635,0
6138,39054.3813,15582.0071,22392.0147,7835.1163,0
6139,40343.1457,15310.9825,26353.0729,10403.778,0
6140,40015.5866,15701.6387,28534.0264,8262.2804,0
6141,38897.4707,15838.2686,28875.451,5545.8744,0
6142,35537.6021,15365.5227,29742.7625,5443.8967,0
6143,31652.2448,15911.9147,30001.664,5436.0295,0
6144,30542.3525,14486.0298,29006.6392,5349.2461,0
6145,27482.4044,13812.3656,28723.3452,5348.3925,0
6146,26047.1277,12572.9241,28313.1321,5422.3147,0
6147,24096.5351,12115.8378,28485.4614,5467.6677,0
6148,23228.4613,11556.5703,28299.4976,5466.5754,0
6149,23452.4752,10134.8511,28558.7016,5492.1339,0
6150,23970.5972,9559.8965,28001.9784,5449.7102,0
6151,24623.2932,9609.1314,26162.4352,5236.7513,0
6152,26804.6581,9776.7263,22998.536,5549.0677,0
6153,30046.9576,10576.0358,18703.19,5930.1352,0
6154,32507.1043,11031.6481,15992.3434,6378.8802,0
6155,34678.2964,11528.5665,14409.1761,6850.9397,0
6156,36173.4274,11919.7254,14737.0344,7114.5184,0
6157,35801.9915,12201.3705,14703.5383,7103.4249,0
6158,35016.3902,11888.5261,14578.0382,6876.8161,0
6159,34099.3246,11275.0066,15666.6631,6427.0206,0
6160,32795.5782,11232.5829,18350.4101,6006.2167,0
6161,33124.4089,12796.9204,20638.5432,5723.5145,0
6162,32123.1812,15144.8154,25876.9786,6886.858,0
6163,34108.8253,16908.0824,29027.8219,8334.3898,0
6164,35306.5823,17400.1564,29786.1597,6897.6853,0
6165,35124.7369,17061.3058,30198.4859,5466.5314,0
6166,34512.7486,16429.5593,29969.4186,5228.1119,0
6167,31960.7563,15951.3684,29952.9791,5294.1955,0
6168,29768.2374,14611.4716,29206.5488,5256.7625,0
6169,28558.1164,12265.5324,28180.2906,5158.5358,0
6170,27430.6879,10906.3702,28278.5613,5146.8043,0
6171,26219.413,10392.206,28122.2293,5152.4385,0
6172,26071.6808,10135.686,27692.709,5137.8679,0
6173,26535.8742,10245.0007,27503.7939,5128.6994,0
6174,27238.9172,12127.1832,27727.3403,5110.2106,0
6175,29482.3639,12792.9835,28622.7722,5361.3417,0
6176,34301.8984,11865.0488,27988.6926,5931.5399,0
6177,38064.8356,11788.7286,27415.6036,6590.8832,0
6178,41380.0783,12235.1768,25144.7867,6870.7023,0
6179,43040.2258,13368.773,24688.1173,7176.4165,0
6180,43564.1668,13546.9169,25302.7643,7447.1067,0
6181,43411.7332,12918.5804,23621.1767,7576.547,0
6182,43675.4714,14193.4199,23671.9802,8035.4373,0
6183,43200.8291,15450.0753,25917.639,7855.9657,0
6184,42237.9276,17362.7509,26999.1007,7446.2674,0
6185,41746.4322,18632.7757,27942.4211,7296.3902,0
6186,39496.2161,19099.1284,27857.3977,8354.3757,0
6187,40729.2633,18916.3964,29034.0512,10068.3374,0
6188,42292.1026,18934.3957,29955.7676,8011.6652,0
6189,42354.4726,18862.8924,29489.8043,7025.8617,0
6190,41236.338,18647.8116,29939.426,6462.5715,0
6191,38013.371,18456.2664,30065.6466,6309.9322,0
6192,35188.8702,16196.2163,29366.7022,6330.4549,0
6193,31684.9126,14730.0373,27976.9545,6296.1679,0
6194,31083.6185,12867.8176,26872.5765,6319.0259,0
6195,30327.8602,11575.6366,26748.7836,6321.9233,0
6196,29164.9611,11362.747,26641.0397,6325.5104,0
6197,29108.0691,11846.5897,26461.4075,6298.1699,0
6198,29781.8642,13108.6307,26344.5204,6298.3272,0
6199,31990.6598,13640.2882,27148.0858,6532.119,0
6200,36621.9216,12399.7082,27304.992,7035.7199,0
6201,39411.0255,13095.7563,27539.6539,7573.0248,0
6202,40956.8467,13684.7359,26965.4099,8016.7175,0
6203,43378.7893,13708.9931,26201.2311,8643.6284,0
6204,44141.9682,14249.0524,25318.8837,8760.5749,0
6205,43197.9614,14145.3961,23573.3168,8210.0876,0
6206,43775.0797,14803.0168,24132.1377,8120.6125,0
6207,44959.5509,15888.5221,24561.1256,7409.4779,0
6208,45264.8889,15996.9546,24098.9353,8086.903,0
6209,45908.8267,17276.622,22550.5632,8409.1392,0
6210,44068.8578,18219.2285,21332.2054,9862.7133,0
6211,43388.0722,18606.5583,24085.6165,11614.141,0
6212,43768.5413,18819.4292,26116.7104,9857.9041,0
6213,42399.3779,18997.1364,27158.4324,8454.9201,0
6214,41105.2565,18941.9098,27851.8251,7710.3323,0
6215,38429.5813,18636.948,28134.0334,7125.7901,0
6216,35133.5424,17272.9645,27302.5258,6812.8874,0
6217,31813.9668,16901.2107,26150.2659,6299.4437,0
6218,30192.1708,14543.6423,26171.70215,6319.0149,0
6219,29674.1951,12677.4747,26048.9031,6317.0503,0
6220,29376.7111,12041.7671,25860.3345,6319.8487,0
6221,29715.1052,12103.0613,25650.39895,6332.6538,0
6222,29877.5378,14291.0097,25466.77925,6365.4844,0
6223,31463.641,14779.9366,27240.8136,6582.1756,0
6224,35450.6295,14384.2611,27464.06245,7056.3823,0
6225,38219.3944,14490.2505,27128.2297,7582.8159,0
6226,39256.3149,14160.6443,26716.21865,8008.2794,0
6227,41350.7303,14761.1563,25336.46115,8226.6019,0
6228,42957.0185,14797.6598,23910.85785,8397.1723,0
6229,42520.9521,14384.4756,21319.59775,8387.6254,0
6230,44000.2178,16220.7991,20441.9171,8250.209,0
6231,44887.2325,17018.2386,20702.5731,8209.1449,0
6232,43898.5437,17504.8566,22047.77355,8721.3115,0
6233,44749.3178,19575.9377,20589.8165,8630.7463,0
6234,42209.387,19885.2324,20669.0154,10568.8352,0
6235,41354.6848,19725.2022,25138.09265,11717.0449,0
6236,41421.5131,19951.8044,27276.6417,10210.9832,0
6237,41423.1026,19949.4977,28118.2814,7843.429,0
6238,40822.1385,19790.9932,28424.9515,6771.5043,0
6239,38881.5097,19573.1558,27165.5186,6658.4144,0
6240,35825.1355,18157.7275,26186.41025,6396.0688,0
6241,33330.1045,15667.0668,25354.3587,6401.8317,0
6242,30922.7523,14684.9934,24532.5685,6403.6159,0
6243,30697.843,12390.6838,24328.8639,6401.1519,0
6244,30381.164,11423.2393,24339.2908,6376.5966,0
6245,31173.2586,10760.7643,24307.0014,6373.1074,0
6246,32380.5405,11917.2207,24515.6725,6405.19,0
6247,33131.2443,12596.012,26818.495,6574.4118,0
6248,35669.9035,12499.6157,27499.6964,7168.26,0
6249,38196.6607,12536.1841,27034.9057,7815.6419,0
6250,39522.5468,12197.6525,26725.2535,8196.5411,0
6251,41305.1661,13083.004,25644.3649,8559.0868,0
6252,43169.7398,13425.1876,24322.6467,8796.0752,0
6253,43418.3178,13558.6594,22630.366,8248.8285,0
6254,42855.4687,13893.0495,25428.2655,8182.3918,0
6255,43564.6343,13728.6204,27511.8965,8028.5612,0
6256,44430.9305,15360.0975,26096.3868,7714.9512,0
6257,44431.1494,17491.6984,24533.4727,7564.6538,0
6258,41253.3363,18080.8804,24607.8151,9763.259,0
6259,42529.0096,18101.5428,26579.1548,11424.1281,0
6260,43490.3821,18275.8191,28186.3945,9724.0319,0
6261,42855.4049,18117.2024,29135.9673,7641.2787,0
6262,42130.715,17993.4106,29515.464,7085.2023,0
6263,39372.9347,17767.574,27655.3761,7617.7519,0
6264,37323.3696,14991.5535,26838.7229,7808.0167,0
6265,34141.1114,13501.0579,26786.3541,7611.1145,0
6266,32941.7451,11259.0093,26673.5766,7576.2137,0
6267,32583.1847,9187.8787,26803.2512,7571.0514,0
6268,32451.331,7829.3237,27780.9004,6887.9382,0
6269,32847.1066,8006.9605,27651.965,6555.6777,0
6270,33509.2274,9341.5168,27687.8668,6666.8547,0
6271,34372.8781,12075.0916,27587.0771,6674.1125,0
6272,36203.3298,12996.0754,28681.0414,7098.2725,0
6273,39692.004,14472.9277,26936.1774,7688.802,0
6274,41069.985,14613.9389,26813.0841,8090.3086,0
6275,42529.465,15457.9315,26632.9734,8309.8301,0
6276,42829.6759,16287.6351,26286.7946,8229.8315,0
6277,43019.7537,15374.8287,24725.2654,8194.6205,0
6278,43954.3511,15494.5043,25799.6706,8650.5045,0
6279,45757.6724,16118.1174,25427.3107,8479.9913,0
6280,46396.6437,16065.1095,25469.6244,8096.6765,0
6281,45335.719,16362.0369,25936.8098,8036.4053,0
6282,44049.3383,16340.5638,24770.3555,10058.323,0
6283,43133.8776,16775.2508,27393.3385,12349.4272,0
6284,42407.2451,18139.8866,29272.9085,9740.6914,0
6285,41504.826,17933.4683,29540.5451,7711.9757,0
6286,41375.7993,16765.4069,29464.0368,7442.5351,0
6287,40203.3797,15356.8547,29554.3996,6940.6106,0
6288,38176.38,14260.8114,29081.3611,6682.8982,0
6289,34704.4599,13747.9529,28747.3945,6667.1264,0
6290,32270.0884,12907.0326,28323.9121,6673.8969,0
6291,30697.0818,12102.2165,28021.6607,6692.9687,0
6292,29975.4411,11658.2048,27665.8745,6693.082,0
6293,29930.6832,11119.4116,27581.1118,6694.9289,0
6294,30097.6808,10522.0907,27839.6954,6690.9436,0
6295,31233.8246,9520.0853,27813.4252,6652.0245,0
6296,31926.0997,11522.3218,27223.1806,7035.5549,0
6297,34364.8558,12037.498,25801.0951,7358.7558,0
6298,37248.7863,12914.8085,22879.626,7728.2656,0
6299,39367.1168,13988.5163,20984.5966,7946.3967,0
6300,40792.1448,14077.1433,20576.6385,8193.3368,0
6301,40989.0239,14173.7673,19691.8612,7908.5127,0
6302,40485.247,13263.1587,20287.3209,7797.4215,0
6303,39932.8853,12610.1173,20879.0186,7930.9857,0
6304,40173.2232,11979.671,22298.3816,7695.6286,0
6305,40189.7914,14917.0648,21710.48,7712.3827,0
6306,38730.2311,17774.4941,22643.6892,8870.3571,0
6307,40577.4424,18074.0769,26194.6465,10378.148,0
6308,38907.4389,18491.1309,28343.1885,9547.1706,0
6309,37951.584,18068.6132,29449.8996,7183.9944,0
6310,35718.6731,17499.6811,30207.8458,6787.7205,0
6311,34081.3077,16277.932,30338.3751,6812.1262,0
6312,32382.4952,15982.5435,29233.6209,6619.3622,0
6313,29065.6696,15454.5732,29079.0599,6760.7925,0
6314,27361.664,14976.4087,28606.9036,6689.3365,0
6315,26741.3817,13738.2586,28119.2472,6704.302,0
6316,26377.7085,13020.4481,27492.0173,6683.2876,0
6317,26422.3278,12333.277,27036.4688,6631.9,0
6318,26113.3829,12210.3817,26311.4291,6599.0078,0
6319,26448.0788,12075.6999,24629.2805,6696.5602,0
6320,29187.8323,9356.9146,24977.5812,6495.4791,0
6321,33116.9784,9003.2415,20844.054,6808.329,0
6322,37219.9894,9412.5097,17029.3211,7278.0037,0
6323,39503.3056,9522.6186,15973.0241,7579.4983,0
6324,40423.5931,10464.4716,16116.8447,7730.8055,0
6325,40471.9667,11092.4946,15871.2829,7738.3207,0
6326,39408.611,11167.9491,15950.1705,7548.893,0
6327,37541.4809,10907.6022,18867.8699,7364.764,0
6328,36079.5655,11863.4967,20454.3856,7599.1047,0
6329,34960.8413,16343.4282,20042.4851,7233.1743,0
6330,36022.1796,17537.828,21037.6419,8814.6047,0
6331,38431.998,17079.7308,24875.3362,11041.4821,0
6332,38925.9541,17265.7353,27679.1735,8666.9286,0
6333,38145.0476,18388.2446,28061.462,7240.255,0
6334,36767.6683,18633.4137,28227.2782,7109.7499,0
6335,35670.0839,17984.9252,28153.0854,7001.9697,0
6336,32552.6311,17244.9112,28315.023,6787.3784,0
6337,29832.5456,16361.092,27945.0336,6737.4945,0
6338,29744.1639,13689.8905,27567.0945,6710.3663,0
6339,29309.3581,12478.8037,27196.147,6719.0266,0
6340,28841.7844,12058.0438,26812.016,6722.5147,0
6341,29322.843,11930.6638,26460.1821,6717.3326,0
6342,31043.1352,12224.7961,26420.7383,6703.9599,0
6343,33826.6258,13373.0696,25879.4943,6885.2311,0
6344,37049.4553,14417.854,26095.5101,7307.0305,0
6345,40950.525,14721.6443,27098.1458,7795.8683,0
6346,43909.1917,15533.5818,26248.0933,8277.1711,0
6347,45072.0622,16183.1758,26540.6889,8664.4371,0
6348,45743.852,16079.5239,25645.0953,8889.2804,0
6349,44624.1939,16147.395,24577.9897,8939.7011,0
6350,44933.8637,16399.9671,24456.9545,8884.2743,0
6351,43414.8935,16738.0048,24009.7583,8923.0394,0
6352,43681.8723,18042.3793,22447.2633,9380.7615,0
6353,44206.7989,18725.4782,20504.9647,9794.5749,0
6354,41681.321,17926.4272,21063.3423,10754.051,0
6355,41034.7641,17233.6747,24535.159,11593.8009,0
6356,40756.8403,17338.3771,26473.029,11306.9803,0
6357,40312.1532,17763.8142,27243.6901,9404.6227,0
6358,40162.0626,18080.0477,27623.9513,7916.821,0
6359,38833.179,17717.4987,27035.5239,7002.9729,0
6360,35805.8217,17197.5166,26173.2141,6805.4085,0
6361,33280.0314,15773.648,24941.6112,6668.3287,0
6362,32500.039,14368.7401,23640.441,6646.6323,0
6363,31686.8761,13321.506,23545.4351,6647.9171,0
6364,31733.0244,12131.2741,23427.36,6658.2461,0
6365,31856.4697,11930.864,23650.6974,6658.553,0
6366,31786.7231,13400.1934,24327.6253,6665.3675,0
6367,32459.2928,14590.9588,26019.0843,6808.5171,0
6368,35330.0541,15958.8528,25649.536,7173.5697,0
6369,37477.9636,15838.8307,26210.4876,7705.6551,0
6370,39608.4007,15555.4652,24573.9351,8080.6033,0
6371,41133.3395,16217.2087,22995.1788,8423.536,0
6372,42280.9189,16505.28,22207.2554,8629.7783,0
6373,41723.3894,15744.091,20792.9414,8489.0575,0
6374,41704.8566,15832.8632,21364.2748,8429.4639,0
6375,41293.4599,16557.9326,22318.9791,8022.2373,0
6376,40587.0212,16926.1455,23730.5365,7497.4988,0
6377,41073.197,16981.1532,25988.8255,7043.8907,0
6378,40167.7672,16260.7808,27470.8995,7900.057,0
6379,40526.9403,16526.3615,29530.0005,10125.3361,0
6380,42736.6302,16987.9039,29580.9074,8848.7146,0
6381,42936.443,16601.5663,29621.8879,7098.4232,0
6382,40920.6776,16559.6695,30523.3269,6806.1477,0
6383,36959.9373,16878.4099,30590.9505,6517.6496,0
6384,34017.7354,14407.6724,29815.2899,6515.9611,0
6385,31756.7305,11875.4548,29398.1809,6499.7988,0
6386,30322.4218,10519.5673,28653.3984,6493.8478,0
6387,28857.4737,10090.9215,28351.9511,6505.7124,0
6388,28270.946,10272.8186,27508.9661,6501.242,0
6389,28412.7745,11044.0275,26824.479,6497.9486,0
6390,30522.5514,11423.1986,26967.5505,6539.8949,0
6391,32242.8535,12824.8538,28056.3085,6572.9796,0
6392,34796.388,13543.6422,28307.2746,7043.8214,0
6393,37449.8311,13951.7653,28026.8835,7361.475,0
6394,39505.6585,13793.0353,26711.7455,7458.8525,0
6395,40813.7664,14143.7208,25876.9753,8005.0036,0
6396,41425.5666,14751.0484,25086.0115,8201.9366,0
6397,40768.0647,14459.9521,23099.0254,8018.9197,0
6398,40754.8295,15615.655,23780.856,8111.5056,0
6399,40514.3871,15908.9766,24819.2296,8224.799,0
6400,40569.617,14671.9859,26945.9982,7742.8373,0
6401,41140.0979,15051.1537,28082.8504,7462.213,0
6402,40735.1538,14475.3642,28330.0754,8238.8229,0
6403,41409.4637,15229.5231,30409.1469,10048.7915,0
6404,42315.614,15541.2642,30947.2966,8838.8025,0
6405,41776.1102,15517.4657,30708.5295,7448.331,0
6406,40432.2479,15751.8306,30599.1334,6774.6349,0
6407,37571.875,14945.1588,30538.1274,6651.7275,0
6408,35284.1368,12389.6861,29973.9286,6552.8782,0
6409,33305.1818,10296.1991,28312.6349,6487.1059,0
6410,30681.6719,9486.4187,28055.3405,6387.8298,0
6411,28481.2231,9951.3414,27627.5714,6383.267,0
6412,28018.1198,10345.5077,26596.064,6359.9459,0
6413,28354.546,10508.3484,26459.565,6331.6748,0
6414,30795.9157,9966.1529,26937.4127,6351.1118,0
6415,32386.8215,10869.9547,28378.2268,6419.7023,0
6416,32807.7398,13151.6506,28620.3742,6661.1611,0
6417,34284.2863,13950.4112,28688.4862,6851.7449,0
6418,35748.0849,13453.7854,27747.3922,7452.9004,0
6419,37391.3474,14290.0252,26638.4734,7839.9574,0
6420,38025.0277,14329.5768,26170.8887,7973.1245,0
6421,37724.7805,14109.9365,23970.2067,7895.0267,0
6422,39267.3732,14043.9849,24160.7784,7761.5494,0
6423,39945.8202,14177.5095,24798.1206,7718.3238,0
6424,41162.0682,13818.0647,25490.0998,7283.3233,0
6425,41424.1322,14520.1529,25780.3436,6953.5785,0
6426,40187.8312,16656.4563,25719.5224,7746.1384,0
6427,40852.4787,17494.3659,26622.3188,10627.5653,0
6428,41056.7784,18672.1634,27756.7103,9316.5182,0
6429,40081.6361,18834.2847,28114.7757,7477.3204,0
6430,39126.7371,18978.102,28387.4778,6359.3959,0
6431,36221.6019,18601.1848,27699.7655,6215.1221,0
6432,34323.6344,15008.3582,27450.0721,6033.489,0
6433,32795.7916,11980.9151,26903.7747,5927.9495,0
6434,30837.8741,11135.0877,25865.8675,5688.9305,0
6435,29279.6537,10635.0442,25751.3168,5526.9676,0
6436,28196.2769,10501.5328,25815.1773,5697.8559,0
6437,28236.6447,10437.2763,26277.5865,5556.485,0
6438,29144.3449,10933.3092,26882.724,5795.0849,0
6439,31310.1316,11080.9292,28562.523,5928.8471,0
6440,33030.0267,12381.4867,28601.9481,6399.448,0
6441,35832.1018,12793.1353,26582.5824,6813.6354,0
6442,38889.7861,13572.6547,22596.4255,7248.5831,0
6443,41112.8113,14445.4277,21121.2045,7592.6411,0
6444,41450.2044,15035.1355,20525.0474,7637.5024,0
6445,40071.1355,14927.6039,19120.2264,7565.4447,0
6446,40593.0525,14691.3338,20053.3234,7314.2003,0
6447,40446.5149,13814.8692,22177.5554,7414.847,0
6448,40641.8331,13440.2785,23303.8905,7308.7652,0
6449,40529.3636,16078.0136,22772.6389,6758.6211,0
6450,38177.3876,18535.8888,25196.4834,7775.7878,0
6451,39132.5341,18852.6481,27740.5546,9335.4382,0
6452,39242.6991,20093.7132,29086.882,7693.6145,0
6453,38441.3491,19312.2952,29264.8334,6298.0588,0
6454,37327.686,18371.0967,29329.4705,6140.5762,0
6455,35690.1094,16288.3413,29292.0947,6106.9195,0
6456,34982.7709,13196.6758,28398.7352,5986.332,0
6457,31788.7174,11707.8929,27863.9009,5919.6786,0
6458,28422.8835,11136.4176,28051.2089,5914.1005,0
6459,27221.9948,10476.7388,27670.7816,5393.4155,0
6460,26553.8317,10412.0775,27299.5129,5018.8248,0
6461,26764.7259,10359.0586,26664.4136,5070.0705,0
6462,27495.6616,10641.8939,25357.6796,5074.9677,0
6463,28468.0924,10105.2116,25231.3006,5114.362,0
6464,31442.8598,9670.3893,24031.0587,5549.9422,0
6465,34991.8789,10262.0727,19681.0438,5885.2112,0
6466,37598.1056,11099.418,16598.9714,6309.0192,0
6467,39259.143,11546.1676,15715.3733,6663.3523,0
6468,40416.5883,11823.6206,15181.199,6876.0065,0
6469,39697.6833,11916.6058,15264.6417,6838.1401,0
6470,39113.9584,11239.6449,15466.7876,6608.195,0
6471,37911.5341,10809.6208,16663.3896,6263.114,0
6472,34650.6083,11521.9632,20625.3938,5900.136,0
6473,35274.8759,12540.3421,23675.8819,5572.2271,0
6474,35258.8511,16860.8968,24236.3308,6696.1565,0
6475,38027.5302,17296.5375,26414.2098,9600.0322,0
6476,38320.7099,17977.531,26583.4657,8459.9702,0
6477,36978.2919,17432.0201,27179.6074,6171.2167,0
6478,35229.8848,16806.5887,27382.7873,5334.9868,0
6479,33913.0154,14753.1131,27091.3302,5248.2925,0
6480,32184.5733,13142.5855,26617.2599,5145.1686,0
6481,28972.9671,12570.3402,26272.7586,5121.7694,0
6482,26116.0999,12391.0094,25877.6485,5136.5083,0
6483,24780.0003,11368.016,25746.6814,5133.2094,0
6484,23956.0101,10668.1091,25650.218,5052.4144,0
6485,23770.6381,10339.0683,25298.911,5023.5856,0
6486,24008.0137,10054.3883,24631.519,5017.4366,0
6487,25735.809,8443.3382,23668.9926,5071.3377,0
6488,28417.0667,8496.5188,19893.8179,5391.0879,0
6489,32664.4659,8657.033,15895.7315,5746.4077,0
6490,35744.2756,8307.6983,13811.6308,6295.4661,0
6491,37918.6797,8419.0755,13110.7504,6824.3417,0
6492,38964.9491,9095.7669,13686.2385,6979.1942,0
6493,39174.3473,9515.5335,12763.2978,6911.9281,0
6494,38119.3461,9653.4174,12858.2674,6687.8867,0
6495,36764.6466,10516.0099,12759.9945,6236.4049,0
6496,34647.7351,11615.3961,15205.091,5921.0811,0
6497,33707.6905,12790.008,19087.86,5684.3105,0
6498,33662.673,14922.0456,23583.5754,5894.9484,0
6499,35980.4412,16088.9773,25720.8171,8654.0388,0
6500,36061.9952,16608.5128,26260.9622,8363.2813,0
6501,35926.2783,16991.5955,26388.1816,6448.9337,0
6502,34966.3721,17111.7518,26315.5057,5451.4713,0
6503,33572.847,16789.2296,25528.5063,5364.2677,0
6504,31125.5296,15557.8082,25253.0454,5184.795,0
6505,29327.0164,13258.3957,24885.7334,5138.9481,0
6506,27303.5554,11811.3655,25330.5679,5143.2689,0
6507,26431.2037,10826.1945,25429.2456,5153.3009,0
6508,26168.0804,10101.8951,25529.669,5184.5893,0
6509,27068.9749,9999.3036,25327.1953,5131.9906,0
6510,28839.7593,10640.6465,25514.4406,5140.7741,0
6511,31997.4754,11372.3687,25321.9956,5769.2855,0
6512,35311.98,11226.0324,25220.0982,6368.1134,0
6513,38911.0359,10106.6977,25552.0067,7118.9734,0
6514,41586.8024,10894.0106,23996.6155,7103.0619,0
6515,44010.2916,11671.4015,22920.2655,7493.9128,0
6516,46412.6971,12205.4229,21608.6442,7495.8037,0
6517,46834.1951,11678.9772,19633.6448,7364.6738,0
6518,47102.0594,11520.872,20882.2009,7745.7732,0
6519,46355.6951,12842.874,23154.5732,7429.5749,0
6520,45336.4934,14933.3239,24047.3288,6898.3398,0
6521,45198.2465,18033.6299,22978.8548,7099.5606,0
6522,43124.6783,18463.9411,22435.1787,9092.314,0
6523,41107.9988,18311.6714,25418.9914,11969.0428,0
6524,42336.6801,19327.8261,26378.4488,9981.6849,0
6525,41606.6024,19313.4876,27482.8224,8555.5767,0
6526,41080.4537,19234.4064,27872.8219,7781.4825,0
6527,39402.5786,18879.4947,27513.0405,6572.0204,0
6528,38006.8183,15416.0413,26567.2286,6119.5794,0
6529,35618.3113,13430.8515,25770.5382,6005.8581,0
6530,32495.6621,11847.7469,26667.4287,5995.5808,0
6531,31051.383,11088.3652,26433.9009,6055.7321,0
6532,30332.709,10473.3651,26242.9706,6085.0449,0
6533,29981.633,10654.8849,26379.8304,6083.297,0
6534,30554.7264,12065.7559,26416.4461,6099.1865,0
6535,34820.4307,12747.6074,24828.2859,6324.9175,0
6536,40773.04,11735.779,22242.7623,6827.9783,0
6537,43865.9595,11524.612,22626.1145,7404.6588,0
6538,44760.0296,12222.6808,23571.1949,7864.2179,0
6539,46659.3127,12954.0202,23769.5491,8037.5669,0
6540,47678.9896,13322.5026,23964.3272,8151.7546,0
6541,47508.9956,12866.5328,22392.3667,8244.1656,0
6542,48299.8637,13725.0179,23161.5934,8195.6072,0
6543,49087.6078,14687.1978,23328.5701,7859.8465,0
6544,49366.3511,15164.0357,23879.1575,7741.6922,0
6545,47506.3897,17406.4759,24309.692,7996.9791,0
6546,43796.2305,18228.4146,25304.7245,8481.5731,0
6547,42633.9793,17878.19,27045.3799,11124.1845,0
6548,42289.6716,18388.6505,27835.5693,10431.0734,0
6549,42336.1169,18521.0465,28363.6914,8143.5222,0
6550,41884.755,18466.4755,29219.2813,6629.2446,0
6551,40230.3902,18055.7553,29297.1448,6410.9529,0
6552,37921.6673,15762.1816,27665.7117,6332.843,0
6553,35086.1962,13668.897,26890.4493,6155.3217,0
6554,32014.6717,12222.6181,27417.687,6057.5295,0
6555,30653.4635,10678.2533,27518.667,6059.5216,0
6556,30371.9966,9617.8764,27522.0275,6066.1084,0
6557,30751.9157,9413.4909,27055.8816,6076.9346,0
6558,31291.7352,11234.0723,26693.8507,6176.2998,0
6559,36216.895,11974.8596,24534.5771,6350.0965,0
6560,41272.7909,10579.0289,23735.3798,6936.2722,0
6561,42694.3594,11824.9978,24315.2261,7562.6518,0
6562,43913.529,12573.7634,23621.4902,7952.7965,0
6563,45908.2041,13139.4318,23357.0271,7934.9479,0
6564,46766.6991,13345.0229,23180.465,7955.2572,0
6565,45758.1289,13674.3695,21550.111,7835.4738,0
6566,45201.4497,14409.89,23493.9958,7959.8035,0
6567,44795.1691,15904.0244,25126.9271,7585.3646,0
6568,46287.5017,15582.9201,24077.8879,7419.4362,0
6569,47079.1343,16305.1427,22684.6587,8083.4446,0
6570,42602.8119,18727.533,22826.2595,9037.4053,0
6571,41351.1395,18572.9973,25645.9687,11001.089,0
6572,42025.4593,17193.8316,26824.8387,11094.4515,0
6573,42288.9819,16583.1567,28091.5811,8961.2974,0
6574,41761.775,16431.9122,28496.9135,8523.867,0
6575,40177.2272,16194.9634,28398.4844,7728.1886,0
6576,37653.0605,14824.6439,27241.742,6902.2228,0
6577,33882.6796,14484.5811,26695.4468,6276.2117,0
6578,31510.1215,12785.0811,26906.6457,6153.2438,0
6579,30864.2356,10770.5554,27005.2882,6133.2788,0
6580,30802.6829,9671.4508,26945.6143,6110.9917,0
6581,30812.7666,9659.6005,27118.1284,6102.5811,0
6582,32927.5034,11313.269,25435.4133,6128.6038,0
6583,37148.8755,11944.7449,24172.8014,6231.313,0
6584,42593.5686,10467.9465,22936.3794,6866.7071,0
6585,44854.3568,11263.7195,22909.8166,7338.7072,0
6586,45466.0481,11686.3923,22696.8852,7792.0271,0
6587,46730.0053,12333.8523,22527.9758,8093.4546,0
6588,46784.1451,12242.1761,23070.4463,8213.1555,0
6589,45319.0408,10888.1058,23014.0251,8185.6742,0
6590,45701.9959,12355.3155,23734.546,7941.1332,0
6591,47101.395,12914.5654,24260.2272,7620.9771,0
6592,48455.2541,13593.1961,23693.9186,7295.0174,0
6593,48341.0246,16624.0745,22072.4966,7637.8643,0
6594,45290.4111,18598.1114,21736.2827,8516.7544,0
6595,44045.199,17608.0817,24923.8682,11499.7212,0
6596,44058.1636,17734.7621,27202.4764,9867.9174,0
6597,43383.8592,18073.6369,27696.4193,7985.0925,0
6598,42300.94,18570.7456,28120.4726,6798.8437,0
6599,39966.3363,18392.5423,28101.0081,6604.7531,0
6600,36979.5624,16725.5385,27459.806,6346.1915,0
6601,34772.1077,14501.2483,26928.2618,5999.5133,0
6602,33043.2344,11968.198,26894.4918,5990.6671,0
6603,31552.2196,11331.1264,26887.0008,6145.7891,0
6604,30456.646,11760.4047,26455.792,6105.1958,0
6605,30107.3905,12013.4696,26744.344,6135.3875,0
6606,31707.7266,12481.2061,26579.7554,6242.687,0
6607,35249.1898,12934.449,25604.2479,6458.7105,0
6608,41146.4405,11685.2098,23644.8102,7054.6399,0
6609,43156.575,12897.1953,23790.4491,7655.417,0
6610,44303.743,13349.0577,24003.5191,7836.1547,0
6611,46082.5882,14277.4929,23726.153,8164.4508,0
6612,46871.154,14488.5367,23834.7857,8332.9235,0
6613,45123.8535,13942.7222,23296.6525,8481.9229,0
6614,46058.2496,14367.2177,23612.1534,8428.024,0
6615,47193.7499,15243.7472,23219.9231,7969.9697,0
6616,46495.8164,15402.5014,24676.8148,7344.9948,0
6617,45513.3976,16281.1253,25319.14,7082.9231,0
6618,42076.1011,17714.862,27448.5695,7365.8222,0
6619,42540.7213,16671.4911,28599.4049,10117.9287,0
6620,42181.6054,17492.068,28587.8604,9975.7108,0
6621,41395.4717,17824.9555,28878.9061,8272.8195,0
6622,40617.5572,18120.3066,29111.9092,7262.629,0
6623,38993.5777,17731.4434,28626.2944,7018.4433,0
6624,35939.607,16050.8755,29986.1144,6278.5129,0
6625,32786.9322,14821.4,29288.8354,6050.869,0
6626,30050.867,13947.9021,29014.8177,5898.5575,0
6627,29091.733,12211.2859,28784.184,5882.1037,0
6628,28895.5161,11078.672,28550.3141,6015.8054,0
6629,28241.8906,11768.7328,28017.2343,5784.6008,0
6630,27716.7374,12284.6174,27582.7332,5704.4163,0
6631,30021.4629,11643.5176,25659.4701,5365.9276,0
6632,33254.4399,10799.4128,24796.1428,5780.2811,0
6633,35663.3937,11781.5027,23406.1201,6349.5652,0
6634,37252.6484,12445.6002,21302.0412,6669.8819,0
6635,38491.5036,13396.6855,19916.3514,7031.0933,0
6636,39201.4392,14205.8774,19563.0875,7209.9379,0
6637,38472.973,14831.6355,19345.6131,7200.1787,0
6638,36895.2672,14210.9055,21158.6991,7095.99,0
6639,35736.0432,13710.1096,22732.1006,6846.6904,0
6640,34983.0877,14484.7967,23631.9457,6648.7135,0
6641,36056.6404,14831.1493,25629.1849,6232.8827,0
6642,37939.3993,15946.0741,26996.5355,6181.8933,0
6643,39063.6653,17048.7394,29497.8288,8426.1254,0
6644,38223.3962,17842.1133,30041.8657,8517.9105,0
6645,38081.0353,17245.7967,29606.9851,6617.4933,0
6646,36653.8172,16748.4922,29771.5143,5902.9993,0
6647,34013.9932,16580.8643,29735.5619,5814.7089,0
6648,31208.2188,15794.691,29742.7702,5717.9947,0
6649,28403.4806,15036.5094,29159.8252,5737.5714,0
6650,26988.2932,13820.1272,28820.1232,5656.2836,0
6651,25826.3137,12623.7254,28458.5235,5632.1958,0
6652,25267.3454,12295.0674,27553.7779,5496.9673,0
6653,25250.8949,11839.2505,27089.9893,5475.3732,0
6654,25015.0945,10727.3837,27114.0914,5511.3267,0
6655,25934.4657,10318.0462,25102.6017,5580.5695,0
6656,28936.7617,10824.4015,20350.2915,5583.5109,0
6657,32000.0582,11609.7652,16707.2158,5890.6364,0
6658,34496.0726,12129.8595,14022.9166,6379.4654,0
6659,36267.7304,13248.7718,12611.2327,6793.8926,0
6660,37036.5853,13823.238,13179.1759,7093.7988,0
6661,36880.1103,13772.8701,13375.9175,7081.1389,0
6662,35974.4275,13400.4244,13866.2865,6914.0258,0
6663,34738.0495,12571.4215,15957.2512,6659.3208,0
6664,33452.1506,12696.8006,19114.5515,6436.9591,0
6665,34028.7134,12745.1621,23726.6711,6163.3561,0
6666,33165.2596,16084.5641,27872.0299,6389.1421,0
6667,36204.2329,18086.9029,28259.7293,8716.7432,0
6668,37344.571,18804.2129,28315.2716,8772.577,0
6669,37564.7393,19036.5604,28699.8701,6781.9125,0
6670,37494.3899,18935.5133,28743.033,5996.7567,0
6671,35762.0131,18409.5263,28909.0835,5975.0812,0
6672,32966.1134,17009.0998,29600.8405,5938.9539,0
6673,30306.2309,15776.6235,28846.9654,5892.2182,0
6674,29724.9051,13943.8134,28401.6689,5837.0389,0
6675,28280.8878,13348.0226,28325.0946,5853.2122,0
6676,27335.2717,13198.9572,28128.8293,5878.7718,0
6677,27183.1164,13467.8995,27987.9435,5849.0817,0
6678,28721.22,13639.153,27954.2186,5869.5406,0
6679,32824.5907,13167.8008,26932.2878,6328.883,0
6680,38294.4782,12070.6542,25915.8009,7053.9018,0
6681,41475.0523,13671.317,25829.7534,7737.1107,0
6682,44197.6458,14093.0537,25894.5632,8048.8364,0
6683,46186.1279,15873.3311,24961.607,8342.2449,0
6684,47319.3919,16773.4171,24130.5581,8583.5695,0
6685,47546.675,15941.5289,23166.693,8428.486,0
6686,48526.8982,16420.6724,23653.0844,8619.6572,0
6687,49037.9054,15989.0016,24894.4971,8610.2269,0
6688,48774.033,16683.6659,25523.3924,8394.7292,0
6689,48520.0881,17975.7259,24876.4054,8358.5205,0
6690,44682.8866,18764.625,24945.8704,9852.3095,0
6691,42786.8331,18397.8586,27389.9857,11617.2287,0
6692,44129.9452,18238.6303,29019.1264,9556.129,0
6693,45142.9297,18409.6715,29335.9132,7691.7137,0
6694,45439.108,18913.1943,29103.3798,6837.4702,0
6695,43542.8554,18574.424,28256.2005,7047.5218,0
6696,41095.8922,17154.687,27389.0892,7062.6798,0
6697,37384.4042,16836.7375,25985.8742,6620.3973,0
6698,32151.9022,16611.1275,27320.7396,6372.0624,0
6699,29838.3327,14374.1642,29084.5896,6214.9516,0
6700,29575.9266,13325.5155,29108.7731,6125.0365,0
6701,29661.6067,13410.5862,28575.8352,6051.9569,0
6702,31211.3538,14648.5878,27261.7026,6008.8908,0
6703,36497.9736,14445.7643,25512.9138,6178.7022,0
6704,42870.113,14207.3536,22677.0181,6784.2753,0
6705,45378.9413,14661.7405,23722.7254,7435.8251,0
6706,46482.073,14484.7164,24033.5997,7936.6881,0
6707,47376.3697,14015.0549,24688.9071,8295.3211,0
6708,47405.0511,14729.3399,23722.3338,8427.8073,0
6709,45916.3023,14301.9338,23085.0455,8428.0537,0
6710,47335.0207,14821.0414,22877.3182,8318.0955,0
6711,48560.8255,14680.0863,23104.1184,8412.7648,0
6712,47658.0445,15357.1583,23859.902,8148.0278,0
6713,45962.0436,18713.5069,22754.6968,8257.3029,0
6714,42029.3665,18839.4602,24319.7504,8877.583,0
6715,40833.9184,17440.8047,27620.0771,10938.697,0
6716,40963.1629,17489.0287,29333.3194,10258.2667,0
6717,41042.177,17540.0709,29366.5768,8949.6913,0
6718,40138.8834,17522.4093,30129.5269,8056.6651,0
6719,39383.8852,16757.5958,30399.5076,6665.2036,0
6720,35695.1683,15010.5868,30359.5457,6423.6095,0
6721,32781.5664,13381.2019,29981.5582,6367.3544,0
6722,30794.0787,11935.715,29705.1667,6345.2059,0
6723,29019.4278,11569.2984,29416.7357,6358.0935,0
6724,28396.2129,11151.2192,29306.7445,6352.8388,0
6725,28344.6306,11538.4709,28925.4724,6350.2912,0
6726,29502.1463,12713.4095,28225.4445,6377.2478,0
6727,33591.5635,13710.8576,25904.2487,6753.3059,0
6728,37280.8018,14022.2643,24721.8851,7231.4979,0
6729,39855.5476,13855.0313,25491.8202,7651.424,0
6730,41922.1748,13131.1422,25341.5525,8020.5389,0
6731,43122.2429,13387.5742,25235.254,8313.9815,0
6732,43540.6994,13791.2093,25233.494,8453.9543,0
6733,42786.5383,13501.1327,24351.9507,8271.8438,0
6734,43683.5509,13992.6556,24626.833,8091.3063,0
6735,45639.8855,14051.1965,24270.4495,7629.9014,0
6736,46678.6298,14149.1119,24893.4554,7283.0395,0
6737,45221.5489,15048.0165,25821.3769,7970.8607,0
6738,41398.0413,15538.7562,26009.3724,9163.8349,0
6739,41433.3887,15439.5593,28763.658,10303.9277,0
6740,42289.6507,15921.6442,29674.2204,9140.571,0
6741,41407.6685,16582.885,30336.1619,7118.3618,0
6742,39576.6437,17157.9441,30827.4912,6762.2522,0
6743,37341.0587,16294.2208,30622.5381,6738.9289,0
6744,34023.9955,15427.2404,30336.8131,6675.8967,0
6745,32116.9332,13040.7915,29485.9939,6568.1451,0
6746,29751.0708,11650.925,29489.4688,6500.1805,0
6747,28318.9346,11096.9155,29204.406,6413.5005,0
6748,27526.1833,10992.1042,28880.159,6440.4142,0
6749,27434.3861,11318.4104,28445.7382,6453.1753,0
6750,28088.698,12687.235,28570.1933,6490.3718,0
6751,32332.2989,14379.6411,26884.5731,6711.265,0
6752,38673.0542,13324.4936,25626.2083,7299.4185,0
6753,42057.3637,13635.2172,25230.9772,7910.2859,0
6754,44890.9098,11797.6837,25528.7461,8275.7367,0
6755,46156.6545,11712.4612,25459.137,8436.3796,0
6756,46424.7949,11836.0341,25063.9202,8606.6618,0
6757,44550.2167,11608.5156,23829.3253,8597.6308,0
6758,44128.3568,11102.8181,25399.5907,8838.5077,0
6759,45779.393,11414.6824,25572.8627,8456.3545,0
6760,46558.7584,12140.6923,26068.2037,7904.0797,0
6761,44888.5382,14477.4784,27565.7327,7517.1756,0
6762,41247.2049,16172.7709,28746.9435,8128.2223,0
6763,41182.9264,17466.0354,29605.4979,9547.7954,0
6764,42310.1316,18339.5454,28865.7501,9148.5702,0
6765,41735.0769,18465.7132,29182.0232,7573.2778,0
6766,41098.3375,17387.6604,29601.3685,7723.6874,0
6767,38637.2228,16365.4678,29493.2275,7745.9327,0
6768,35316.0236,15525.7201,28600.2651,7160.9626,0
6769,33153.5237,13743.026,27603.6002,6658.6894,0
6770,30773.8728,12053.7615,27769.1986,6560.6816,0
6771,29302.0464,11284.1091,27605.5956,6496.0434,0
6772,28725.081,10932.5557,27432.3973,6502.7237,0
6773,28793.9267,10811.7933,27495.5395,6471.4793,0
6774,29499.3314,12038.1393,27446.5433,6486.744,0
6775,33743.1567,12386.1595,26605.1357,6716.1655,0
6776,38067.2655,12193.5264,26272.3934,7517.433,0
6777,40646.1407,13173.7947,26614.9961,7691.0955,0
6778,40832.0825,14113.2464,27045.9266,8091.1303,0
6779,41875.4655,15168.4324,26981.9682,8405.1561,0
6780,41616.5794,15357.5785,26997.5695,8403.3158,0
6781,42120.4454,14539.6152,24250.2898,8317.9811,0
6782,42258.0873,15655.794,24867.5174,8291.6515,0
6783,43348.7681,16277.6284,24906.4552,8028.0662,0
6784,43637.6171,15758.3987,25204.839,7659.102,0
6785,45866.8496,16216.3738,22900.845,7509.9013,0
6786,43635.1278,17289.6482,23542.1791,8636.7787,0
6787,42737.0053,17440.2074,25515.193,11055.0429,0
6788,40787.9153,18733.0682,27587.3334,10384.8767,0
6789,40143.9599,18451.8675,28706.359,7886.9538,0
6790,39539.291,17959.7979,29362.5156,6873.8175,0
6791,36985.7906,17560.4583,29445.8043,6915.0895,0
6792,35594.9572,15631.8987,28463.7122,6828.261,0
6793,33187.6204,14122.427,27636.3384,6595.1468,0
6794,29911.9656,13776.4242,27520.4963,6454.8352,0
6795,28685.5943,12441.3388,27312.0386,6423.0265,0
6796,28405.9974,10892.0702,27613.443,6420.3898,0
6797,28156.4613,10477.9983,27706.0289,6381.7556,0
6798,28088.1689,11272.338,26573.4953,6385.7266,0
6799,28819.7107,11507.111,25964.3549,6438.8236,0
6800,31578.7109,11611.0093,25877.4736,6649.5209,0
6801,34511.1646,12387.8788,23679.1126,6945.6882,0
6802,36915.0408,13296.1939,21357.9366,7427.3111,0
6803,38433.8581,14080.8316,19574.0347,7777.9163,0
6804,39113.4546,14405.4933,19026.4558,8080.7738,0
6805,38618.624,14026.21,18907.0046,7948.0973,0
6806,37632.8865,13561.614,19952.8021,7631.305,0
6807,36098.9816,13220.2202,22243.9932,7260.3872,0
6808,35192.8984,13458.7453,23769.8901,7122.9884,0
6809,35727.2333,15507.4975,22100.0373,7342.8102,0
6810,36592.2051,17682.5979,22307.2575,7919.9813,0
6811,36890.6835,19496.0755,24908.9093,10015.159,0
6812,36898.741,19640.4516,26219.2623,9702.7678,0
6813,35438.4536,19211.1744,26731.4894,8518.7454,0
6814,34125.5189,18593.4705,27132.5032,7497.2414,0
6815,31868.5378,17823.8632,27067.5999,7573.6804,0
6816,30875.8186,16058.2774,27164.3812,7180.7109,0
6817,28957.6452,15597.7932,26404.2834,6833.9161,0
6818,25942.1371,15412.6984,26239.1998,6535.4553,0
6819,24083.8829,15163.5154,26302.7688,6074.5861,0
6820,22946.7634,14487.4444,26363.8287,6020.3935,0
6821,22668.9562,14023.1718,26093.9745,5960.5887,0
6822,22696.7158,13272.0544,25661.1069,5998.1999,0
6823,25754.1856,10122.0966,24514.3184,5893.998,0
6824,29625.9117,8280.932,23007.5472,6385.6001,0
6825,33231.1221,8262.6313,20731.0994,6718.3831,0
6826,36042.1952,8251.5609,19200.3075,7059.7637,0
6827,37534.2275,8679.1705,18685.5493,7164.9688,0
6828,38246.186,9434.2171,19194.4302,7266.1424,0
6829,37586.6755,9730.303,19175.4299,7277.5208,0
6830,36474.0244,9839.6892,18673.0676,7083.7261,0
6831,34645.501,9968.8281,19860.4186,6795.6977,0
6832,32635.559,10586.6849,22125.1151,6600.5676,0
6833,32580.2818,12997.5989,22852.2811,6483.4792,0
6834,32508.2879,16711.7973,22918.8839,6887.9646,0
6835,33579.6824,18058.7209,24533.5002,9251.6237,0
6836,32931.3534,18749.2976,25844.2118,9503.4335,0
6837,32893.5145,18800.0747,26482.0314,7915.6583,0
6838,32304.5184,17933.7191,27901.1535,6916.9573,0
6839,30987.8723,17307.3912,28234.4249,6706.6582,0
6840,29227.6534,16256.6921,27499.2531,6544.5215,0
6841,28590.463,14701.0787,26342.3413,5998.6432,0
6842,27700.2011,12600.599,26497.2345,5929.275,0
6843,26790.874,11563.068,26655.7456,5926.3897,0
6844,26412.4641,10885.7892,26830.298,5920.9128,0
6845,26333.637,11398.1175,26871.7779,5907.7502,0
6846,26682.4481,13181.2989,27041.6223,5955.7861,0
6847,28411.1641,15490.343,27821.2407,6189.2479,0
6848,32878.6293,17237.1441,26730.4488,6764.9978,0
6849,36441.7614,18340.1218,27730.9703,7310.3107,0
6850,39724.4969,18185.5674,27508.1103,7856.9491,0
6851,42791.826,18095.0066,27094.9085,8201.6033,0
6852,43997.4909,18301.5129,25851.0714,8722.1266,0
6853,43555.2502,17115.8372,25057.6755,9138.2401,0
6854,44851.4484,16743.6368,25494.8518,8837.2405,0
6855,46087.1015,16953.8545,26004.5852,8305.0594,0
6856,46082.1108,17196.0228,25394.2304,8255.3317,0
6857,44570.3181,19629.1062,23606.9999,8125.5801,0
6858,43314.6142,19487.0379,22584.5323,8517.1856,0
6859,43181.5142,18245.1797,24755.2954,10721.8364,0
6860,41862.4954,19366.9355,27217.4749,10772.4606,0
6861,41396.5981,19426.3828,28494.136,9137.2171,0
6862,41401.6669,19349.1342,28506.2712,7858.2559,0
6863,38634.6246,19368.7153,28057.513,7114.8297,0
6864,35676.2043,18150.3124,27259.8106,6211.9926,0
6865,32699.8122,13543.7489,26611.6125,5977.4033,0
6866,35820.8631,8385.5662,24822.3921,6462.8476,0
6867,34030.9409,9496.4672,24635.3602,6458.2848,0
6868,32276.1582,10801.7624,24532.3485,5910.5497,0
6869,32231.7798,11042.8219,24086.9728,6174.9072,0
6870,32738.8578,11352.2926,25123.9626,6698.582,0
6871,35334.5982,11915.3089,26435.3364,6964.0527,0
6872,38764.5555,13245.0736,26631.8943,7636.3441,0
6873,41369.4182,14803.437,26701.4924,7496.3262,0
6874,42347.0135,14846.9376,26706.1245,7879.0294,0
6875,42935.7709,15625.9411,27195.7004,8106.6634,0
6876,43506.7842,16173.9523,26688.9546,8145.9851,0
6877,42292.0817,15827.6448,24773.4597,8085.2079,0
6878,42331.7763,17421.7252,24463.6447,7861.3997,0
6879,43308.8678,18628.6441,24123.8261,7548.5916,0
6880,43757.0111,19090.5858,23651.3816,7535.2068,0
6881,44619.7653,19083.5799,21855.9099,9068.6948,0
6882,43981.2648,18441.3284,20805.9071,10642.6408,0
6883,42428.1671,17873.9506,23571.9132,13119.4855,0
6884,41842.4391,17880.9653,26173.4352,12943.6769,0
6885,42189.8422,17595.8387,26838.7196,10597.0062,0
6886,42514.6678,16987.8302,27157.8879,9050.0938,0
6887,39626.6838,16472.1238,27378.9868,9006.2236,0
6888,35649.878,16188.8331,27429.0841,7979.8235,0
6889,32413.271,16253.1831,26326.2857,6652.6394,0
6890,29809.8647,15628.3292,26496.1675,6097.2582,0
6891,28633.8536,14115.0988,26557.025,6056.9135,0
6892,26759.7231,14653.0505,26634.8181,6049.1596,0
6893,26871.6316,14354.1695,26804.8121,6047.0091,0
6894,28016.4984,13770.1245,27347.0868,6079.2897,0
6895,30168.7353,14589.3451,27178.4381,6360.145,0
6896,35357.3715,15686.9394,24797.0008,6892.2909,0
6897,38335.5049,15245.1266,24791.5965,7485.0545,0
6898,39851.8505,15385.3249,24296.5877,7742.713,0
6899,41838.7992,16701.0822,23395.5887,7952.67,0
6900,42529.4276,17345.3841,23165.5996,8043.0273,0
6901,41588.4546,17295.1361,22252.5743,7869.9841,0
6902,41165.487,16800.41,24876.2074,7904.6924,0
6903,42783.2064,16526.6827,25588.9392,7683.2448,0
6904,43120.1705,17995.3708,24827.7744,7481.0219,0
6905,43531.1371,19244.9378,23614.9936,7710.6865,0
6906,42507.949,19834.5642,23023.1155,8624.7117,0
6907,41638.9369,19258.0938,25113.6347,11466.2592,0
6908,40580.1297,19272.8459,27878.807,11859.6555,0
6909,40136.6328,19411.6197,28553.2885,9918.6494,0
6910,39626.081,19182.4116,29425.3938,8528.5376,0
6911,36809.1713,18913.2955,29565.4029,8179.1622,0
6912,34172.7892,17806.0696,28382.7819,7612.3201,0
6913,31573.6927,16520.5403,27323.9472,6926.3172,0
6914,29516.5211,15220.1412,27409.558,6085.233,0
6915,28631.9077,13909.8982,27312.3906,6012.7749,0
6916,27889.8708,13290.8116,27424.8161,6003.9881,0
6917,27378.3268,13543.3463,27629.0377,6012.9861,0
6918,27720.0341,14415.0963,27849.338,6048.053,0
6919,30649.1581,14602.5088,27856.8972,6337.4091,0
6920,36545.4782,14679.4505,25662.8724,6908.9812,0
6921,40903.6067,14175.0928,25014.099,7432.4382,0
6922,43252.8679,13748.7955,24473.7537,7961.2709,0
6923,44486.2891,14592.7276,24712.2931,8286.4419,0
6924,44422.6805,15390.0758,25591.6056,8254.0832,0
6925,43640.8698,15280.6588,25259.6982,8099.1944,0
6926,43819.5285,17164.7553,25809.9963,8224.8661,0
6927,46160.6332,16806.9055,26344.2938,7794.4834,0
6928,46838.3663,16705.9255,26375.0927,8026.9035,0
6929,45633.1722,18852.4446,25026.1495,8923.2572,0
6930,42197.9415,18360.2617,25573.0156,10660.7083,0
6931,42023.3297,17943.5509,26836.5009,12918.3483,0
6932,43269.2755,17820.3487,27166.5339,12478.8136,0
6933,42589.6999,17909.2661,28399.5085,10153.7711,0
6934,41506.4155,17914.3525,29286.9962,9517.0713,0
6935,38359.3661,18014.0807,29881.2107,8944.6731,0
6936,35461.8946,17828.712,28949.6064,8027.4271,0
6937,31741.5076,17131.5782,28299.2644,7777.5665,0
6938,29474.9257,17006.3201,27846.137,6805.1357,0
6939,28166.5758,16670.6276,27364.9156,6122.6055,0
6940,26963.7797,16549.9818,27173.0657,6101.7429,0
6941,27031.2438,16470.8929,26696.2443,6025.6757,0
6942,27562.9233,16347.7996,27550.8552,6062.2254,0
6943,31108.2662,15618.8362,27723.5277,6427.0404,0
6944,37863.7457,15397.8649,25214.4794,6844.4904,0
6945,42169.5945,15667.8423,24900.9376,7456.5689,0
6946,45169.9611,15526.6408,24414.0622,7804.1491,0
6947,47306.4966,15902.3348,24453.5533,8100.3681,0
6948,46909.1953,15820.3727,25662.0012,8201.0423,0
6949,47202.3882,15427.0468,24472.3776,8254.1426,0
6950,48044.6241,17492.3166,24706.6523,8297.5123,0
6951,47893.8537,17820.8877,25511.0042,8494.9722,0
6952,47244.8691,19030.3432,25228.9752,8414.5061,0
6953,47163.5439,19424.647,23889.3171,9655.4095,0
6954,44112.8204,19343.2987,23339.5536,11573.9118,0
6955,42470.219,19022.7202,26028.6521,13507.4203,0
6956,41540.5188,18834.1956,27980.1643,12716.9812,0
6957,40937.809,18730.1334,28927.1994,10559.2542,0
6958,39918.1244,18931.8294,29511.966,9158.5087,0
6959,37996.244,18496.1227,29522.8395,8682.0404,0
6960,36486.6194,17653.02,28924.3856,8664.1764,0
6961,33662.596,16286.8464,29178.1512,8214.3061,0
6962,30437.6908,16252.5836,29044.9346,7570.2429,0
6963,28713.7664,16154.6407,28828.0597,6969.3019,0
6964,27948.1598,15953.7114,28636.2626,6405.3891,0
6965,26837.9397,16721.5532,28557.7842,6216.0571,0
6966,26715.3425,16397.5262,27989.6353,6071.384,0
6967,29885.7438,13233.6578,27597.5634,6132.6738,0
6968,33404.305,12853.3031,26033.2864,6934.7388,0
6969,36967.3458,12918.433,26386.0003,7683.4208,0
6970,38514.7851,14366.121,26008.6662,8005.4227,0
6971,39221.2018,15961.5005,24801.9937,8288.797,0
6972,38608.3412,17097.113,24330.2378,8379.2412,0
6973,37332.8351,17469.6599,23243.5709,8326.7096,0
6974,36312.6247,17099.3977,23502.0555,7933.0823,0
6975,36478.3628,16622.0153,22899.921,7638.0953,0
6976,35865.8157,16951.2057,22367.4,7852.8978,0
6977,36250.2756,18281.0188,20314.7516,9113.8872,0
6978,37446.6774,19310.4604,19154.4683,10529.0383,0
6979,38028.5961,19464.2822,22081.7201,12284.1367,0
6980,37694.9584,19308.014,24433.5872,11331.8711,0
6981,35924.3731,19242.1999,25397.515,9868.5609,0
6982,34625.5096,19243.4803,26263.6781,8426.3795,0
6983,33864.0016,18703.6421,25902.8363,7058.9783,0
6984,33784.0635,15559.3185,25708.7248,6741.5293,0
6985,29918.0178,16278.8714,24239.413,6232.2337,0
6986,26606.3853,16228.9292,24025.6071,6382.7181,0
6987,25650.0981,14874.233,24006.9269,6310.9123,0
6988,25410.5313,14624.9862,23361.7648,5930.8337,0
6989,25297.8638,14439.3491,22560.4907,5971.1487,0
6990,24910.5714,14419.8384,21681.1914,5758.9433,0
6991,26501.4101,12509.8226,21098.9416,5777.7588,0
6992,29620.7087,11873.5606,18608.9761,5853.1847,0
6993,31928.6231,11287.969,16362.7541,6353.8288,0
6994,32717.4221,11726.1309,15090.6789,6792.6056,0
6995,34407.395,12507.7392,14191.9899,7146.8056,0
6996,35740.2408,13068.2178,14070.4828,7358.1519,0
6997,35772.6655,13235.8171,13864.2185,7290.9947,0
6998,34934.0673,12585.0956,14304.1382,7075.7511,0
6999,33777.1962,12790.5217,15287.1301,6790.0855,0
7000,32043.2013,13355.5653,16606.7275,6416.7477,0
7001,33549.8669,13015.6807,17693.2195,6538.8664,0
7002,34745.5174,14290.6841,19529.455,7734.287,0
7003,35793.7426,14657.687,21702.0683,11463.0406,0
7004,36454.2541,16641.1542,21115.3646,11586.3176,0
7005,35548.6703,18673.8266,19965.8888,10198.2551,0
7006,34091.3012,18996.3191,20258.7913,9214.9244,0
7007,32595.1329,19041.5929,19658.6687,8587.0763,0
7008,31146.0336,17594.2602,19364.3648,7593.63,0
7009,29830.5007,17808.274,17123.3887,7050.3048,0
7010,29019.4124,17724.8676,16354.8297,6160.0231,0
7011,28870.7793,17728.6252,15455.1617,5994.6018,0
7012,29090.6,17820.2387,14409.8691,5973.4169,0
7013,30139.527,17168.2478,14273.9311,5979.8442,0
7014,30486.7585,16984.7843,15845.6815,6039.6391,0
7015,30983.6461,16490.9723,20151.6381,6049.6612,0
7016,32277.938,15407.7671,23256.354,6273.9534,0
7017,35235.0724,14164.8738,24701.6176,6615.5342,0
7018,38278.1795,15148.4487,21596.1317,7324.9891,0
7019,40081.8385,15713.346,21519.4716,7631.1565,0
7020,40780.9908,16143.1127,21875.5295,7805.8068,0
7021,40217.8744,15325.8457,20696.7695,7786.7053,0
7022,41142.8534,15201.8768,20521.2942,7757.7038,0
7023,40596.5186,15221.8594,21588.1963,7468.8075,0
7024,40709.6052,15488.8822,22595.5774,7189.0511,0
7025,40647.4233,16901.6606,23288.9932,6692.8719,0
7026,39376.0191,16496.2259,24215.0051,6997.4135,0
7027,38905.9957,17324.5512,25821.3681,9403.6536,0
7028,39808.6931,17592.8797,27677.1308,9773.9279,0
7029,39342.5912,17303.6919,28077.0864,8053.441,0
7030,38532.5512,16448.4309,28979.247,7126.5634,0
7031,36303.6465,14655.9435,28897.0022,6945.6068,0
7032,33555.39,12515.4315,27601.497,6357.2465,0
7033,28420.2908,13522.4452,27563.4029,5581.7982,0
7034,25883.8448,13869.9099,26789.048,5021.6705,0
7035,25266.7019,12732.2019,26489.3255,4924.5603,0
7036,24923.3754,13418.273,25208.6142,4908.8204,0
7037,25206.126,14182.8214,24340.1257,4945.9234,0
7038,25395.1478,15642.3608,24837.3862,4921.3164,0
7039,28391.6083,14419.4798,27143.6792,5122.6791,0
7040,32955.0287,13416.3128,26820.7973,5337.9953,0
7041,37163.6485,13866.2106,23485.0088,5895.802,0
7042,39892.1952,14387.6029,21015.6056,6266.2897,0
7043,41374.234,15224.5324,21048.2646,6583.6661,0
7044,41702.914,15465.5369,21085.3434,6665.9835,0
7045,40675.7659,15366.2795,19564.7848,6601.6082,0
7046,40034.0534,16451.7155,20277.334,6572.4989,0
7047,38034.4294,16465.6041,23818.179,6128.7215,0
7048,38086.6409,14965.4219,26754.3782,5970.0432,0
7049,39844.0702,15695.4875,25752.749,5986.5993,0
7050,38199.5009,16163.1327,27144.4151,6169.2543,0
7051,37888.3274,17248.7942,29493.2869,7974.3785,0
7052,38467.3476,18215.8493,29688.6689,8631.7792,0
7053,37729.6689,18520.3975,30063.7788,6812.8423,0
7054,36507.1454,18504.3496,29742.6228,5962.033,0
7055,34553.1087,16984.627,29209.3142,5479.5543,0
7056,32656.2863,13826.4016,28233.5449,5123.6097,0
7057,29579.1331,12370.4416,27640.0212,5006.8722,0
7058,26552.1102,12076.2972,27309.3051,4992.174,0
7059,24906.4442,11202.1822,27804.9002,4977.7068,0
7060,24377.2232,10710.2347,28205.5411,4897.3353,0
7061,24602.1864,11021.5446,28027.4544,4812.0809,0
7062,25545.949,11784.3847,28246.8956,5018.519,0
7063,29842.5083,14069.7678,25106.6893,5304.3969,0
7064,34886.0105,13365.2112,22979.8184,5631.1343,0
7065,37019.5474,14054.304,21646.0937,5911.2658,0
7066,39331.5648,14894.9856,19792.6839,6306.1416,0
7067,41283.2552,15509.5512,19473.3935,6850.5426,0
7068,41615.3353,15952.5322,20165.7456,7059.6295,0
7069,40912.0041,15852.1627,18477.7164,6688.2431,0
7070,40691.6807,15766.872,19297.4089,6925.4438,0
7071,40664.3237,15817.8218,20887.4842,6981.612,0
7072,40750.2293,16771.4041,21928.2943,6441.3228,0
7073,43095.3336,16308.9817,22386.2584,6210.4603,0
7074,39849.3887,16155.238,26431.8472,6360.2814,0
7075,39057.6285,16334.4445,29591.0791,8658.0835,0
7076,38766.673,18150.6853,29661.7981,8983.8188,0
7077,38485.15,18282.7117,30073.2982,7049.7911,0
7078,37282.4716,18479.5996,29683.1843,6448.6818,0
7079,35361.9827,17308.8542,29045.7013,5719.3455,0
7080,33736.01,14401.2385,28327.1736,5356.7569,0
7081,31451.7137,11104.0809,28227.6874,5199.6901,0
7082,28804.5802,10057.1317,28412.8999,5102.9363,0
7083,26696.692,9950.9531,28339.0514,5118.1009,0
7084,25103.8117,10694.772,28085.3144,5118.278,0
7085,25051.0667,11420.6631,27824.4769,4987.9027,0
7086,26297.5856,12089.5764,27904.3127,4933.7123,0
7087,30588.206,12577.6057,26942.6531,5275.578,0
7088,34721.2734,12512.4252,24584.6997,5653.7734,0
7089,37621.3431,13583.405,21803.2067,6002.0191,0
7090,39992.5306,14493.6715,19588.7505,6455.8846,0
7091,41888.8481,15321.6767,19379.25,6750.3975,0
7092,42656.3412,15767.4858,19626.2528,6830.648,0
7093,41942.7217,15457.7027,18471.2418,6814.7376,0
7094,41577.789,16013.3292,19739.6507,6880.3735,0
7095,40308.1932,15490.6906,23361.6306,6675.581,0
7096,40810.3509,14268.9745,26400.8283,6170.8757,0
7097,41417.0449,15619.0419,26888.6552,5929.9812,0
7098,40398.8849,15878.9488,27840.4049,6226.1408,0
7099,39693.8311,16633.1121,29657.2287,8440.7246,0
7100,39888.8204,18197.0129,29767.9492,8510.3799,0
7101,39641.1257,18160.1354,30031.6643,6579.9965,0
7102,38965.014,18782.8465,29647.8589,5653.1948,0
7103,36936.3291,16908.65,29653.6636,5601.5707,0
7104,35271.2393,13399.7677,29422.6394,5465.8384,0
7105,33345.6739,11012.573,28703.818,5179.5007,0
7106,30028.7196,10541.4089,28778.4068,5192.6853,0
7107,27113.3786,10901.2981,28890.6233,5215.2793,0
7108,26271.7708,11119.4281,28811.8072,5079.7989,0
7109,25840.2727,11951.0875,28703.0073,5108.9302,0
7110,27415.8742,12921.5372,27943.4298,5093.8745,0
7111,31371.9725,13454.6753,27390.3278,5380.6291,0
7112,34926.6786,13835.5679,25548.5373,5904.7087,0
7113,38282.8897,14187.5393,23794.353,6260.0879,0
7114,41003.6814,14967.0499,21305.7614,6585.1852,0
7115,42949.2415,16074.619,20425.658,6884.834,0
7116,43652.9159,16976.7785,20139.2895,7063.9085,0
7117,43053.8097,16119.3692,19342.6981,6981.7737,0
7118,42577.8529,17706.7715,20179.1293,6823.399,0
7119,42433.9542,16946.875,22803.2497,6490.4939,0
7120,41758.7918,15961.143,25169.3728,6320.3976,0
7121,42464.6277,15901.3668,25593.0532,6185.8676,0
7122,40950.2665,17953.4465,24982.0461,6547.6356,0
7123,39332.1005,18234.601,27349.2406,9856.0715,0
7124,39813.7927,18931.3465,29225.1102,9507.9842,0
7125,39263.8213,18960.7363,29820.6777,7007.2376,0
7126,38522.3619,18947.8619,30342.0997,5868.4637,0
7127,35832.9939,18424.1398,30431.8993,5786.2783,0
7128,34625.14,16043.6463,29535.1188,5582.5451,0
7129,32023.4145,14363.5525,29005.9605,5313.3366,0
7130,28345.3302,13783.9328,29249.1089,5263.0776,0
7131,26397.7296,13413.4011,28960.5382,5268.6711,0
7132,25655.608,12993.4717,28573.9487,5290.4126,0
7133,25374.9815,13212.0791,28032.1162,5296.6067,0
7134,25297.8286,13073.269,27470.8511,5253.3789,0
7135,28751.7923,11727.5202,25361.0621,5772.5316,0
7136,32252.8679,11958.0747,23211.0769,6026.2543,0
7137,35941.3637,12092.8104,21306.4005,6483.8906,0
7138,38556.0582,12711.6583,19598.8078,6943.7412,0
7139,40359.8778,13219.6669,19571.9315,6906.251,0
7140,40418.2449,13953.5022,19984.1345,7169.7439,0
7141,39495.6243,13850.3101,19866.5291,7479.1915,0
7142,38253.787,13445.3264,20689.6349,7403.7205,0
7143,36607.6084,13376.6611,22663.7334,7135.4283,0
7144,35770.4028,13775.8302,24620.5212,6863.1002,0
7145,36657.8828,14915.3774,25043.8782,6481.5179,0
7146,37408.6845,16035.9727,25855.0721,7277.71,0
7147,37203.2386,17893.3194,27679.498,10677.1258,0
7148,37660.909,18315.5379,28778.8391,10194.4876,0
7149,36871.857,18113.6483,29882.7749,7316.0736,0
7150,35398.825,17905.0806,30148.327,6041.9645,0
7151,33559.8934,17113.2104,29773.9299,5848.48,0
7152,31817.1535,16117.7225,28737.5363,5834.6783,0
7153,28929.1761,15269.9635,28249.2408,5820.9206,0
7154,25837.7856,14637.1434,28434.1035,5859.986,0
7155,24748.2851,13493.6604,28027.9538,5901.6034,0
7156,24058.0098,12658.6988,27961.0056,5894.9957,0
7157,23726.1299,12183.0445,27754.1308,5852.6897,0
7158,23880.5006,11080.2637,27112.8759,5721.0714,0
7159,25896.4431,9576.0764,26522.4564,5537.8059,0
7160,30461.6389,9929.5713,20384.4355,6141.4903,0
7161,34040.3503,10412.9696,16655.43,6585.3315,0
7162,36391.0448,10773.5001,15195.2284,7102.9354,0
7163,37685.4148,10758.3443,15187.7572,7485.1051,0
7164,37941.6642,11335.2723,16058.2928,7569.6621,0
7165,37629.1267,10871.091,17255.5911,7483.3627,0
7166,36945.1148,10480.7494,17607.9123,7279.2192,0
7167,35421.3871,9980.7125,19602.7722,7009.2473,0
7168,33544.0094,10960.8224,22300.5827,6680.4485,0
7169,32962.0632,12711.6484,25033.1037,6167.4151,0
7170,33011.2244,15393.675,27474.6417,6406.1844,0
7171,34118.0279,17111.4581,28819.7976,9084.8714,0
7172,35105.3802,17849.6274,29253.224,9171.2247,0
7173,34979.9692,17972.8648,29320.6892,7220.0194,0
7174,34548.1972,18107.9327,29239.1924,6005.01,0
7175,33133.0428,17969.0918,29083.4786,5820.8348,0
7176,31248.1202,17080.4227,28486.0521,5888.1185,0
7177,29307.2538,15139.0008,28598.9011,5758.4054,0
7178,27441.1973,14426.2437,28313.6271,5627.886,0
7179,26617.0234,13465.2485,28158.8901,5649.7408,0
7180,25787.6377,13208.8561,27834.8686,5850.0541,0
7181,26614.588,12878.3765,27285.7079,5890.7057,0
7182,28402.0187,12638.2113,26962.6379,5893.6251,0
7183,33276.2595,12275.7349,26240.467,6162.8457,0
7184,37355.2564,13943.0104,25189.5842,6700.6357,0
7185,39509.3402,16031.2317,25225.4167,7237.6821,0
7186,41034.6387,16229.6959,25138.6113,7754.1838,0
7187,42959.0964,16455.7294,24826.7151,8239.7942,0
7188,44506.2915,16989.6485,22912.9175,8569.4708,0
7189,43559.0947,16217.2472,21701.724,8603.5796,0
7190,43581.2278,17229.971,21988.8966,9112.5914,0
7191,43385.1385,18141.3089,23302.147,9039.8385,0
7192,42401.5768,18389.7549,24900.1973,8725.8237,0
7193,43580.405,18446.0804,24073.555,8939.194,0
7194,40937.4108,18045.225,24505.6856,10204.0631,0
7195,39879.1371,17033.0941,26818.6897,11930.8706,0
7196,40459.3937,17910.5014,28879.1756,10358.0015,0
7197,40693.4506,18658.7951,29473.2152,7140.683,0
7198,39792.401,18992.5109,29709.3258,6421.5745,0
7199,37104.7215,18898.9394,29526.3221,6219.2009,0
7200,33811.2313,17607.6604,29355.9849,6219.3142,0
7201,31110.2616,15670.4163,29034.0853,6210.8211,0
7202,28485.5494,15088.2996,28851.7823,6073.0241,0
7203,27849.2214,13467.4353,28748.456,6014.063,0
7204,27547.3473,12875.8014,28441.3602,6095.9107,0
7205,28026.5711,12810.7485,28283.9271,5930.0934,0
7206,28563.0851,13959.7293,28233.8892,5824.709,0
7207,33156.2396,14571.6494,26477.2079,6032.026,0
7208,36112.9208,16661.5438,25989.2061,6898.6181,0
7209,39622.3113,16805.9991,26911.3493,7801.9755,0
7210,41218.6214,16660.0995,27471.697,8213.8826,0
7211,43427.0892,16717.8176,27471.0689,8798.9627,0
7212,43799.7098,17048.1399,27198.1127,9018.5469,0
7213,42825.8578,15771.4854,26051.8896,8744.857,0
7214,43943.625,17035.1434,25422.4014,9153.8458,0
7215,44510.9269,18390.1718,25117.9709,9157.8971,0
7216,44361.7207,19058.9894,24940.2791,8978.4156,0
7217,42831.2632,19482.0857,25238.5683,9503.2168,0
7218,39428.8213,19023.4264,25172.4242,9703.4498,0
7219,40382.2672,18150.8987,26033.9695,11391.3536,0
7220,41471.9459,19268.5856,27368.3388,9594.3166,0
7221,41250.8624,19208.8666,26765.8028,8894.1677,0
7222,39511.0749,19098.9612,27810.4134,8908.2246,0
7223,36396.1763,18845.3298,29017.0221,8490.5403,0
7224,33655.4867,17031.6938,28867.6795,7981.5428,0
7225,32121.628,13819.7301,28726.8839,7499.7494,0
7226,30698.2951,12254.6314,28726.2184,6629.6725,0
7227,29782.7662,11353.1396,28566.5039,6177.5307,0
7228,28936.5153,11111.4168,28236.0881,6160.2211,0
7229,28713.8049,11916.1988,27861.6998,6058.3138,0
7230,29393.9734,12917.2219,27819.7755,6072.0913,0
7231,32687.0973,13697.9029,27034.5812,6210.7826,0
7232,36021.2985,14838.7723,27474.568,6678.298,0
7233,40219.9952,15694.9782,27560.0655,7016.7449,0
7234,44162.2236,15303.2429,26772.8252,7725.1284,0
7235,45619.0647,15511.9184,27257.8515,8267.5296,0
7236,46552.5907,15951.8799,25461.7033,8448.8437,0
7237,45699.9708,14669.633,25328.2458,8222.8762,0
7238,44175.593,17029.1165,24865.3977,8802.288,0
7239,44966.1421,17646.7291,25018.2163,8803.7202,0
7240,44958.0208,17207.1977,26395.0995,8354.401,0
7241,45530.1473,17403.6346,24626.6174,9300.9807,0
7242,42925.2582,17620.0321,24143.1553,9574.6013,0
7243,42696.4032,15999.0237,27073.8688,11024.6191,0
7244,42075.7183,18423.6767,28580.4321,9266.1811,0
7245,42368.1973,18052.3948,27844.5508,8477.2556,0
7246,41506.8214,16787.7182,28798.5775,8628.3175,0
7247,37604.1644,16970.9243,29229.2242,8749.4308,0
7248,35471.4855,14695.978,29361.3386,7982.6571,0
7249,33530.4585,12816.4245,29187.9731,7095.8569,0
7250,31555.997,11710.7221,29084.2871,6335.9538,0
7251,31039.0234,10680.8306,28554.6789,5980.3205,0
7252,30615.6136,10445.0478,28088.5737,5901.5253,0
7253,30139.8625,11238.8859,28040.9041,5883.7196,0
7254,30985.2092,12306.7428,27906.0485,5886.4872,0
7255,34536.5625,13203.3,27340.4802,6037.2433,0
7256,38152.7619,15019.3384,26791.4603,6581.8621,0
7257,40689.9735,16287.4151,27009.3868,7191.2071,0
7258,41912.013,16895.0045,26669.0413,7711.2596,0
7259,43769.4389,17665.4269,25443.451,8092.0543,0
7260,44276.2474,18649.1646,24636.7517,8178.2129,0
7261,43070.3152,17578.5841,24549.0377,8016.943,0
7262,42420.6167,17757.1119,25446.0613,8330.4342,0
7263,41463.7916,18031.1384,26443.923,8581.0538,0
7264,41175.6092,18277.8365,25846.007,9039.2643,0
7265,41393.3597,19774.9475,23504.7439,9497.1591,0
7266,42109.8293,17221.8684,22712.7065,9731.8309,0
7267,41340.7786,16154.0599,26572.4668,10568.3941,0
7268,40582.4892,16613.1933,29147.338,10860.1988,0
7269,39131.5595,16217.6751,29772.5175,10068.2912,0
7270,38334.12,16202.2718,30547.0781,8745.4818,0
7271,35813.5129,16636.4693,30188.6409,8037.9926,0
7272,34578.6496,13861.8634,29293.4576,7506.9236,0
7273,31543.3404,13184.1105,28825.1359,6540.182,0
7274,28988.1009,12137.774,28970.2116,6421.3699,0
7275,27055.2469,11798.7309,28868.3978,6383.7312,0
7276,26411.2662,10936.0647,29169.184,6315.8744,0
7277,26371.9071,11373.1959,29022.4165,6243.9718,0
7278,27217.6971,12521.311,28842.7711,6260.2023,0
7279,30180.8771,14017.5332,28700.8095,6185.8401,0
7280,35141.9607,14838.2212,27913.4207,6558.7742,0
7281,38138.0197,15468.2583,28254.8277,7037.6922,0
7282,40342.2701,15213.2959,27320.4778,7560.9369,0
7283,43023.1483,16012.6846,24814.7999,7991.0941,0
7284,43423.0874,16558.2648,24040.1348,8168.5934,0
7285,42740.5352,16302.1705,23084.8497,8027.7791,0
7286,42208.2518,17139.3343,23137.1833,7835.4815,0
7287,41228.7755,16594.5692,25137.0713,7755.2057,0
7288,41193.0684,16288.3391,25401.1252,7999.3892,0
7289,41655.2829,17377.3534,23715.329,8244.2569,0
7290,40767.6291,16791.2745,24086.2006,8903.1965,0
7291,39842.1463,15974.585,27426.0613,10680.4973,0
7292,39520.1367,15845.357,30052.4367,10442.8764,0
7293,38697.5094,15953.9512,30578.3027,8289.6308,0
7294,37604.7155,16190.0079,30875.4303,7253.0128,0
7295,36106.3065,15358.7357,30925.5848,6877.2352,0
7296,34372.9122,14017.2307,30026.8408,6577.3664,0
7297,31818.6781,13744.9543,28314.2211,6229.3737,0
7298,29488.0696,12847.3873,27676.1628,6225.5314,0
7299,28774.9924,11592.2235,26744.8225,6202.3797,0
7300,28256.9452,11547.7692,25638.0751,6180.2774,0
7301,28293.4751,11393.745,25272.3768,6121.0182,0
7302,27507.6439,11519.0878,24999.535,6104.4049,0
7303,29268.5327,10937.6674,24666.4649,6050.4378,0
7304,33912.2146,11649.1111,22856.2609,6191.0816,0
7305,36903.8835,12732.2943,20256.379,6857.7333,0
7306,39253.6452,13334.3177,18144.1183,7279.6625,0
7307,40294.8238,13991.5336,17336.1672,7460.5036,0
7308,40436.4928,14620.1077,17391.4521,7524.0693,0
7309,40228.7391,14240.7562,17321.6461,7420.0016,0
7310,39637.5584,13925.9659,17749.9531,7312.3094,0
7311,37607.7251,12828.9909,21312.2371,7174.431,0
7312,36481.588,13376.9746,23574.177,7027.5997,0
7313,37360.9192,14796.6797,23760.2167,6949.2423,0
7314,39119.1713,14543.0835,24316.0665,7637.4859,0
7315,39598.6404,15690.037,27107.2802,9483.2221,0
7316,39071.9857,16347.5136,28440.2613,8985.3346,0
7317,37864.5465,15348.1317,29250.6984,7803.9368,0
7318,36697.5125,14961.8315,29457.9901,6648.9324,0
7319,35304.2833,14073.1723,29136.36,6034.2271,0
7320,34308.5468,13271.7013,27748.7441,5727.5559,0
7321,31633.4876,13027.9578,27177.9772,5706.019,0
7322,29507.1403,11624.0399,27061.1847,5986.2605,0
7323,28209.7134,10864.1588,26671.5504,5846.6144,0
7324,27674.0508,10352.7886,25722.0689,5757.6134,0
7325,27138.7842,11012.4157,24466.3771,5746.5705,0
7326,25954.8509,10636.626,24329.8781,5692.4373,0
7327,27981.4689,9522.7297,23373.9968,5672.1038,0
7328,30832.5974,9502.317,21027.1732,5801.9632,0
7329,33948.5003,10349.735,18140.4047,6180.0211,0
7330,35412.6652,11461.1288,16588.1749,6564.9045,0
7331,36316.7948,12163.9903,16396.7441,6941.9504,0
7332,37596.4292,12917.8324,16353.8859,7035.9685,0
7333,37695.5997,12947.979,16719.1222,6987.0361,0
7334,36738.834,12767.6274,16924.2095,6958.1743,0
7335,35002.4477,12262.4931,18512.8218,6902.7002,0
7336,33451.7942,12581.1675,21194.4139,6566.3983,0
7337,34922.9199,14528.1224,20081.3184,6522.9054,0
7338,34537.4513,16316.1933,21224.3031,7108.1571,0
7339,35674.9074,16433.4863,24702.0125,8748.1856,0
7340,35881.3312,15953.4606,27707.2961,8252.013,0
7341,35593.7527,15782.7186,28398.8848,7038.3148,0
7342,34445.0623,15937.9583,28158.9209,6682.6353,0
7343,33154.2882,15944.6859,27325.2705,6137.1563,0
7344,32376.487,14275.58,25804.251,6142.5936,0
7345,31472.518,12838.8491,24447.5924,6071.8383,0
7346,30376.9169,11920.5988,23967.1828,6022.4186,0
7347,30030.5324,11310.6642,23359.1655,5983.7712,0
7348,29920.8921,11330.4268,22571.8724,6051.2892,0
7349,30037.1357,11836.6061,22277.8985,6120.2658,0
7350,31359.6855,12186.3214,22361.7933,6286.3823,0
7351,32564.2306,13370.4219,24728.6457,6582.477,0
7352,34693.7492,14788.6002,26593.7375,7107.3013,0
7353,37468.0372,17725.84,25398.0408,7591.9118,0
7354,39980.5692,18042.7819,25378.3805,7726.7267,0
7355,43412.9619,17230.8719,24773.0065,8104.0575,0
7356,44602.2269,17113.4293,24417.8671,8204.4622,0
7357,43593.022,15746.7365,24199.8636,8218.4146,0
7358,44355.773,16550.2238,23140.3876,8351.6686,0
7359,44556.3987,17913.0963,21705.4277,9006.844,0
7360,44505.23,19602.6116,20180.5879,8829.579,0
7361,45795.7093,19912.6851,18937.0346,9478.271,0
7362,46611.2152,18436.5192,18092.7329,10258.6,0
7363,46000.02,17641.4733,20202.2524,12185.5448,0
7364,47305.3988,18372.1659,21191.0457,12589.8234,0
7365,47374.448,17910.1417,21062.9276,12000.6645,0
7366,46710.1646,18237.3906,21390.7067,10455.6738,0
7367,43401.1941,17320.6396,21421.5716,10394.3026,0
7368,39315.8711,16341.7595,21589.5229,9693.4585,0
7369,37446.4365,13342.9373,20580.8526,9648.0384,0
7370,36628.9913,11335.1942,20608.9301,8764.3072,0
7371,36516.4613,9619.6254,20866.0012,7709.8736,0
7372,35910.6979,9376.0909,20877.1607,7319.2009,0
7373,35317.8243,10225.1468,20585.0843,7552.9443,0
7374,34946.9835,12030.2578,20289.5484,7580.7611,0
7375,34994.2593,13108.1929,23295.3886,7855.276,0
7376,37199.4315,14417.3084,23820.3416,8397.4561,0
7377,39862.1553,14196.7815,24106.7948,8849.775,0
7378,42210.2054,14564.7051,22581.4424,9340.9899,0
7379,43964.2082,16091.1344,22054.6161,9734.945,0
7380,44682.1661,16480.7962,22068.0273,9841.2996,0
7381,43080.8884,16436.6851,21529.9722,9753.3513,0
7382,43692.9702,16914.2413,22956.5237,9789.9307,0
7383,44841.5451,18900.9018,23605.8911,9358.4304,0
7384,45129.8529,20096.4929,23464.0318,9130.4675,0
7385,45824.4127,21067.8545,22010.1849,10451.925,0
7386,44297.3927,19578.8879,22056.0736,10630.9951,0
7387,44158.8653,18392.0902,23821.1435,11972.4055,0
7388,44808.8839,18693.5738,25377.0242,12330.6799,0
7389,44624.1169,18449.816,26283.2108,10862.566,0
7390,44371.8066,18089.0886,27303.2716,9235.8167,0
7391,41710.1124,17163.4408,27903.4558,8171.8813,0
7392,38490.7193,15829.0935,26768.9895,7820.6953,0
7393,37137.1792,12897.4131,26814.2127,7654.4435,0
7394,35659.5932,11107.3677,26099.1082,7618.7331,0
7395,34837.2035,9413.5525,25768.0632,7671.158,0
7396,34355.354,9243.8192,24633.3945,7827.7848,0
7397,34305.8309,9643.9585,23981.6192,7802.9105,0
7398,33789.0531,11233.8248,24453.0561,7536.716,0
7399,35123.0957,12017.1018,26268.297,7919.3532,0
7400,37980.3677,13671.0739,26403.8544,8366.8519,0
7401,41013.1711,16180.725,25168.5918,8972.359,0
7402,44191.1646,16798.6379,23947.0088,9474.6729,0
7403,45974.7321,18704.5012,22701.0839,9819.4569,0
7404,46564.7248,19023.1899,22722.7748,9881.3924,0
7405,45835.0596,18301.6295,22430.4916,9768.715,0
7406,47327.1227,18299.4911,23430.176,9763.6187,0
7407,47466.1066,18876.1001,25604.6703,9700.1366,0
7408,46734.49,19670.5476,25778.5693,9643.4184,0
7409,45806.189,20068.5694,25428.3161,9719.1468,0
7410,43320.8391,18999.2297,25329.9849,9187.8765,0
7411,43731.8585,17873.8967,26045.9452,11313.5286,0
7412,44734.7582,18004.3105,26783.7218,11914.3882,0
7413,44865.8815,18226.6997,26426.3791,11142.5182,0
7414,45072.4142,18578.7899,25801.787,9990.2154,0
7415,44289.9589,17785.0761,24206.6605,9647.6083,0
7416,42402.239,17605.8223,21784.2966,8750.0446,0
7417,40291.5271,17668.6334,18554.3094,8117.4181,0
7418,39971.4238,16234.592,16483.3284,8384.8523,0
7419,39283.7027,15277.9495,14955.9773,8773.2117,0
7420,38052.2065,15109.1589,14316.7706,9369.9144,0
7421,38018.2473,16059.8559,12702.0168,10069.4814,0
7422,39287.0247,16381.7071,11654.1799,10641.6541,0
7423,39724.9369,16205.9095,15182.0141,10098.4059,0
7424,42657.4577,15226.0845,18907.5623,8425.4324,0
7425,45405.6944,14584.4721,19956.5971,8681.9887,0
7426,46309.0628,14995.53,19258.1191,9123.9236,0
7427,46581.2688,16145.2731,19961.2259,9500.7176,0
7428,46975.951,16641.1069,19988.6324,9450.3662,0
7429,45403.193,16398.1477,19054.8105,9336.987,0
7430,46886.8378,16280.2475,19521.1203,9157.9125,0
7431,48343.4523,16551.8089,19634.1827,8712.0528,0
7432,48068.9165,17902.698,18231.3175,8726.7884,0
7433,48171.4123,19812.4179,15031.3614,10444.6991,0
7434,48361.7849,18669.376,14893.9978,11094.8398,0
7435,48769.4548,17331.6,16581.8686,12530.0945,0
7436,49754.507,16900.1767,17071.9362,14445.1615,0
7437,49971.8417,17912.9137,16411.1112,12978.0926,0
7438,50886.1265,18179.2567,15628.6229,11637.6392,0
7439,48943.0634,17444.0849,15088.1071,11379.3614,0
7440,45915.0791,17538.3714,14167.0342,11229.8307,0
7441,42950.8629,17643.4071,11648.9406,10908.9288,0
7442,39857.4726,17144.6198,11415.2071,10188.0449,0
7443,38197.3482,16858.6352,10691.4467,10216.8506,0
7444,37738.5756,16298.9882,10019.6195,10552.0767,0
7445,37768.2833,16970.2731,9465.0908,10566.9465,0
7446,38173.3484,16689.9326,10532.3108,10591.6239,0
7447,39270.913,15730.7854,15289.3521,9125.3085,0
7448,41992.6694,14212.2332,19200.1062,8203.9364,0
7449,44453.1967,13656.1216,21614.5116,8690.1991,0
7450,46483.8011,13166.8064,22172.4855,9308.167,0
7451,47979.4975,13868.646,22343.6653,9624.0155,0
7452,49062.8545,14114.375,22339.8175,9681.9921,0
7453,48140.1283,12682.2322,22166.0538,9649.7379,0
7454,49235.5083,13288.5302,22037.6893,9564.8432,0
7455,50396.9433,14195.7563,21406.913,9200.334,0
7456,48716.7571,16703.9972,20633.7065,9280.7198,0
7457,48053.5088,17925.1985,19102.0467,9094.7428,0
7458,46627.3335,19265.6563,18074.1242,9480.064,0
7459,46326.9213,19393.0583,18636.4002,11738.5411,0
7460,47190.429,19141.0681,19178.247,12314.8102,0
7461,45438.1312,19122.9005,19308.8016,11801.6536,0
7462,44311.7829,19002.0732,19288.093,11820.5604,0
7463,42576.5637,18375.0831,18771.8773,11603.0827,0
7464,40760.1458,16926.074,18397.3383,10729.1448,0
7465,39066.2481,15330.3315,17211.2039,10635.1718,0
7466,36939.001,14569.247,16693.4284,10195.1388,0
7467,34268.278,14326.6211,16837.8683,10063.1157,0
7468,33568.2985,14108.3382,16417.6661,9178.2977,0
7469,33093.2734,14261.7948,16516.9686,8575.4493,0
7470,32670.2211,13786.7477,17769.2438,7975.4158,0
7471,31558.2124,12526.3578,21872.5287,7423.3731,0
7472,31683.2747,13615.5789,23904.6423,7334.976,0
7473,34112.2045,13746.2182,24476.4432,7917.9309,0
7474,36602.9906,13322.6863,24223.5059,8369.6184,0
7475,38520.8285,12947.5731,23755.4735,8720.7153,0
7476,39713.0272,12170.2713,23116.3394,8848.2592,0
7477,40189.7221,11619.3858,21994.5968,8834.8436,0
7478,39576.3929,11691.4402,21289.2779,8637.376,0
7479,37789.6904,12011.9329,21996.7,8449.0989,0
7480,38293.7951,12927.9601,20646.1541,8154.0041,0
7481,39662.447,13832.3768,18418.9126,9154.8688,0
7482,40538.223,15188.1136,17397.1908,10203.3701,0
7483,42153.8601,15959.7889,18259.8493,12236.5837,0
7484,42986.8351,16470.8698,18765.3917,12259.1227,0
7485,41928.9288,16029.5729,18623.7612,11425.2578,0
7486,41076.2561,15891.2424,17642.5337,10980.684,0
7487,39137.1167,15641.4511,17419.8013,10408.9326,0
7488,37281.5542,15153.6792,16278.1311,10325.3843,0
7489,35012.1134,14570.589,15756.1129,9789.8801,0
7490,33331.6995,14023.2455,15070.2585,9307.4476,0
7491,31761.3725,14083.3088,14486.4016,9103.1798,0
7492,30507.1239,13359.8267,15429.4415,8293.3279,0
7493,29321.7232,13434.1064,16079.833,7823.0867,0
7494,27859.3667,12683.649,16694.3403,7397.4439,0
7495,28169.8406,11632.7123,18422.9419,6540.9872,0
7496,31667.5579,11146.3451,16480.0064,6763.5997,0
7497,33798.1501,11745.4755,14047.7865,7278.095,0
7498,35429.3467,12832.446,12545.2162,7624.9987,0
7499,36949.7656,13715.4072,12099.7767,7920.5412,0
7500,37923.2667,13845.3161,12225.6156,8035.2921,0
7501,38193.1253,13314.8884,12253.8317,7880.6123,0
7502,37127.519,12776.9851,12479.6914,7748.7927,0
7503,35291.0008,12230.1553,14086.6187,7458.7128,0
7504,33431.2165,11525.4986,17588.3587,7356.2335,0
7505,35660.119,12175.8197,17400.8571,7449.8479,0
7506,38131.8102,12862.8434,16987.6036,8629.7332,0
7507,37404.6365,14638.5943,19505.4079,11529.5873,0
7508,37897.0625,15439.5725,20814.7885,12247.5683,0
7509,38220.0841,15879.3151,21117.3303,10756.5931,0
7510,38630.2345,14740.5808,21100.2033,10342.1175,0
7511,37297.9937,14133.3511,20784.3658,9997.4941,0
7512,35698.2714,13644.8576,19034.3483,9505.7534,0
7513,33692.417,13446.5947,18525.3486,8473.5035,0
7514,31627.849,12953.8266,18667.9834,7797.3148,0
7515,30256.4174,12526.7263,18738.6969,7704.2339,0
7516,30398.2976,10856.6403,19498.3602,7521.9551,0
7517,30541.7992,10258.732,20174.8129,7570.6851,0
7518,31303.1191,9755.3423,21138.0092,7730.0696,0
7519,32045.7335,11723.2511,24040.4681,7677.9648,0
7520,34823.9859,12554.1229,24736.3182,7810.2475,0
7521,37106.4122,13976.798,23972.3627,8137.7263,0
7522,39258.6029,14858.9969,22314.9278,8534.6239,0
7523,41339.8843,15980.7175,21579.58,8844.4785,0
7524,42023.6267,16597.3621,21964.9056,8945.3353,0
7525,41775.6053,15840.1144,21042.2872,8824.4057,0
7526,40935.2526,16242.2876,22208.3147,8739.4241,0
7527,41480.2487,15015.2068,23429.7492,8528.5376,0
7528,41585.7508,14068.6777,25155.4545,8124.2975,0
7529,44197.4775,13272.2788,25026.1792,7961.9265,0
7530,43350.6535,12315.7738,26012.0465,8044.8709,0
7531,42463.982,12281.5781,28693.1326,9522.9618,0
7532,43557.6152,13359.6892,30754.6503,9374.8127,0
7533,43558.3247,13645.7607,30508.3284,8113.6242,0
7534,42773.5,13261.5747,31049.2292,7455.7186,0
7535,40371.6357,12164.1289,30728.5979,7261.903,0
7536,36137.75,10562.5674,30032.6906,7292.747,0
7537,31635.8207,10384.8294,29191.5899,7178.2007,0
7538,29257.6427,10283.2532,28340.3461,6787.0748,0
7539,27412.4939,10568.5404,27757.3351,6665.1629,0
7540,26840.275,10388.3417,27477.5105,6620.3038,0
7541,27093.7535,10696.9522,27070.5512,6605.8432,0
7542,27838.7956,11137.566,27038.6677,6691.6091,0
7543,32334.313,11880.6138,26262.676,6944.52,0
7544,36188.1674,13557.5352,24741.6862,7272.4564,0
7545,38749.0026,13897.9907,25206.5374,7569.1176,0
7546,41317.8942,14100.1663,23949.9854,8027.8517,0
7547,43765.7803,15353.3116,22400.1063,8348.4665,0
7548,44370.1874,16275.5373,21765.4668,8517.498,0
7549,43727.8446,15759.4888,20800.3587,8438.9382,0
7550,44492.5514,15737.6945,21560.4103,8451.4441,0
7551,43998.5436,15325.2561,23967.8296,8547.2596,0
7552,43594.4938,15403.7334,25324.0361,8172.7954,0
7553,44168.3517,15311.0243,26374.9541,7722.9955,0
7554,41517.4771,15229.0534,27687.1034,7549.4573,0
7555,39791.9489,15526.1227,29362.3242,9351.1781,0
7556,40953.935,17751.5327,30128.8086,8916.3129,0
7557,40433.03,17800.4112,30274.4981,8382.7634,0
7558,40381.6358,17803.2239,30243.9489,7755.4752,0
7559,38630.0123,16169.516,30016.8319,7073.0594,0
7560,37338.6948,12481.4844,28804.1303,7071.207,0
7561,32685.9632,11324.9092,29484.1998,7099.257,0
7562,29600.3521,10927.5694,29528.466,7057.7177,0
7563,27824.1964,10766.8902,28896.9516,6988.5915,0
7564,27165.0148,10548.6128,28036.9298,7079.2898,0
7565,27121.314,10681.0704,28090.502,7197.8478,0
7566,28314.1793,11896.5253,27350.499,7054.4078,0
7567,34119.5723,11964.7517,26092.6809,7249.8074,0
7568,38487.0519,12957.087,24910.5208,7647.2803,0
7569,41797.8352,13220.7163,25028.9886,7804.9961,0
7570,44525.5844,13760.4918,23774.8885,8135.9927,0
7571,46519.5797,15084.2109,23337.1787,8473.7488,0
7572,47241.5999,15673.1564,23245.5322,8763.975,0
7573,46607.5643,14739.7811,22070.8246,8861.6418,0
7574,46215.9599,15906.2222,23821.5164,8793.8851,0
7575,44909.7396,17322.4821,26030.0634,8529.2801,0
7576,44907.2536,17746.0525,27002.5393,8321.8905,0
7577,45832.5956,18097.3375,26557.1372,8263.0174,0
7578,42405.2167,17857.5694,27005.2904,8357.5415,0
7579,41283.9097,16787.2452,29195.7501,10442.6509,0
7580,43252.0374,18054.6168,29274.9666,9954.7129,0
7581,42882.686,17647.4782,29974.8779,8943.4862,0
7582,42720.4151,18006.7085,29904.2777,7872.2545,0
7583,40310.545,16941.2089,29390.6998,7756.4355,0
7584,38098.8949,13680.7055,29120.6234,7597.3051,0
7585,35662.1507,10877.7559,29196.7357,7562.0292,0
7586,32410.697,10202.225,29367.9023,7488.7109,0
7587,30679.1023,10202.3163,28963.0462,7465.2952,0
7588,29277.4361,10116.4481,28985.1958,7439.4518,0
7589,28812.9424,10480.5734,28890.7872,7347.1761,0
7590,30658.7039,10924.4641,27467.231,7341.1547,0
7591,36820.8555,11873.6728,24341.6866,7630.1951,0
7592,41539.5453,13959.9834,21690.6888,8325.0519,0
7593,43513.4623,15364.3787,22443.5211,8954.0539,0
7594,44874.7453,16175.8047,22224.9434,9322.962,0
7595,45811.876,16724.686,23039.1095,9635.0001,0
7596,47100.1707,17494.7344,22519.0427,9778.956,0
7597,46762.8546,16739.4293,21438.0309,9637.584,0
7598,47372.7958,16498.8516,22843.3337,9605.1527,0
7599,47447.8543,16721.474,23472.7086,10127.9882,0
7600,46488.3914,16298.8991,26117.9875,8714.1615,0
7601,47551.9583,15936.1884,25816.6865,8162.9009,0
7602,44148.3515,16625.5782,26058.2685,8176.1999,0
7603,43055.3222,16590.2308,27281.0835,10165.3761,0
7604,43769.0407,16726.6495,28624.3782,10757.3433,0
7605,43340.6754,16372.8928,29909.0011,9372.6798,0
7606,42876.7053,17208.1921,30685.6286,8047.5472,0
7607,41142.1461,15992.0948,30001.1426,7765.4709,0
7608,38505.0589,13440.0959,29445.0662,7609.5866,0
7609,36150.5595,11173.591,28830.3719,7564.4855,0
7610,32195.8571,11458.7165,28566.7965,7577.3016,0
7611,30004.5438,11716.837,28047.2423,7576.1851,0
7612,29098.6927,11632.8047,27627.6913,7470.6192,0
7613,28770.4571,12238.7947,27293.7302,7406.2428,0
7614,30068.2943,12882.7974,26377.659,7406.069,0
7615,35839.8304,12552.0879,24505.4062,7565.7109,0
7616,40341.6376,13545.6728,22804.5136,8128.582,0
7617,43694.1263,14290.4454,22993.355,8712.8173,0
7618,45593.5359,14591.0809,23232.7568,9169.9652,0
7619,46968.0255,15630.923,23708.2824,9445.3887,0
7620,48058.3939,16058.6349,22986.9728,9672.6773,0
7621,46966.5471,15117.6366,22193.9883,9547.1024,0
7622,47597.2607,15024.6371,22326.7616,9474.2032,0
7623,48070.7128,15478.1572,22789.8902,9107.9527,0
7624,48137.7985,16002.6625,23693.5391,8587.4437,0
7625,48011.7693,16409.8836,23809.8773,8036.1655,0
7626,45888.0884,17387.645,23822.7748,8060.4513,0
7627,44132.924,17262.6102,25836.9826,10158.5286,0
7628,44061.5483,16739.6669,28041.9392,10741.4516,0
7629,43119.7602,16111.4756,29624.4553,8903.4022,0
7630,42987.9736,16361.6541,29696.4877,7634.0737,0
7631,40507.5495,16373.7992,29847.5606,7617.1623,0
7632,36524.0953,15797.6467,30013.0897,7582.7246,0
7633,33850.5992,14664.87,29249.3586,7471.1494,0
7634,31856.5005,12735.1103,29151.1121,7384.7422,0
7635,29165.8477,12837.4345,28704.4505,7337.4719,0
7636,27908.6808,12645.3184,28350.1845,7330.1492,0
7637,27589.0747,12253.0518,27878.0755,7329.7917,0
7638,27618.976,10524.7219,27652.8219,7321.1083,0
7639,30453.3977,10134.3913,24452.5974,7838.2788,0
7640,33922.515,11338.9518,20289.2756,8235.7583,0
7641,38097.2372,11587.8675,16797.3751,8594.7807,0
7642,40601.2475,11902.4873,15308.9706,9105.2082,0
7643,42209.4783,12852.0865,14887.8565,9000.8028,0
7644,42711.5601,13456.1163,15028.761,9078.883,0
7645,42621.6362,13434.3385,15404.5562,9042.3531,0
7646,42777.1982,12900.5701,16164.6617,8935.4529,0
7647,42121.8369,13292.6893,16969.3524,8621.6944,0
7648,40679.3112,14624.2041,17558.2319,8278.9366,0
7649,40787.5941,14192.0416,19876.2113,7825.5848,0
7650,39882.3304,14984.8325,23220.6975,7969.6925,0
7651,40830.2422,15089.0443,25302.7566,9929.2534,0
7652,41326.5325,14599.9755,27464.6713,10132.6951,0
7653,39277.8276,14844.1898,28378.5249,9063.4489,0
7654,38458.794,14957.7626,28625.7246,7845.805,0
7655,36497.6931,14945.8155,28534.9614,7473.3241,0
7656,35488.222,13002.3322,28254.7419,7471.4772,0
7657,32050.4569,12998.117,28059.3621,7374.9126,0
7658,28709.9109,13052.9784,27929.1782,7287.0248,0
7659,26351.3877,12897.3603,27748.0841,7180.6009,0
7660,25099.9441,12365.6951,27407.6352,7467.0101,0
7661,24690.8244,12350.0124,26908.0152,7287.0171,0
7662,24725.1972,12219.0013,26162.4275,6965.167,0
7663,28355.1752,11967.0034,23252.0992,6973.5776,0
7664,30963.8307,12117.6517,20378.1556,7338.1,0
7665,34129.7869,13049.9545,17125.0134,7905.0257,0
7666,36133.4963,13454.5323,15874.9866,8354.4153,0
7667,37699.6895,13551.4467,15766.4705,8609.4646,0
7668,38576.3565,13960.188,16397.0444,8750.4527,0
7669,38557.3045,13764.0789,16340.0215,8759.3495,0
7670,37700.5156,13601.0479,16648.1018,8781.6619,0
7671,37484.0785,14393.6914,17259.0682,8312.733,0
7672,38133.788,13906.1967,19065.4772,7934.4639,0
7673,36065.0367,14917.9789,21171.9046,7810.1155,0
7674,36008.3493,16892.4998,22738.1154,8016.5745,0
7675,34926.6698,18478.284,25016.7984,10451.705,0
7676,35812.9827,17612.5092,27991.7627,10508.5915,0
7677,35783.1573,18029.5379,28580.3177,9256.6089,0
7678,35498.2584,18549.3781,28536.9293,8065.7632,0
7679,33853.4295,18911.7588,28499.8516,7571.9798,0
7680,32935.8524,16096.7323,28461.2823,7528.3021,0
7681,30672.7036,14129.0842,28822.9568,7410.8287,0
7682,28760.1798,13947.6117,28002.4569,7350.7027,0
7683,27567.2628,13364.4467,27740.6074,7284.6114,0
7684,27320.5317,12703.7944,27639.5218,7267.689,0
7685,27442.6603,12852.1679,27618.2335,7257.7417,0
7686,28572.0358,13529.8449,27388.9506,7271.0176,0
7687,33015.1624,14207.3162,26580.0425,7406.1328,0
7688,39130.8544,14959.4621,25152.1853,8002.7563,0
7689,43894.3098,16603.0645,23696.6048,8619.9454,0
7690,47364.5535,16965.1504,22841.4505,9144.465,0
7691,49234.2301,18007.8294,22836.5148,9454.9708,0
7692,49817.6459,18626.5057,22694.199,9534.2665,0
7693,48958.7043,17513.6951,21492.2796,9478.7209,0
7694,49065.1106,17487.9045,22336.2282,9364.7125,0
7695,49018.2693,16700.1241,23692.8901,9264.1428,0
7696,49018.5454,17237.4796,23585.5103,8691.6533,0
7697,46370.5297,18857.5519,24536.4438,9057.8928,0
7698,44184.7747,17416.7092,23117.5571,10687.5142,0
7699,43768.5105,16195.6817,25671.4766,11604.6975,0
7700,44554.5199,16715.4779,27663.5755,11628.4993,0
7701,43829.8058,17795.1312,27843.9689,10112.4353,0
7702,43038.8519,17995.4203,28203.7646,9341.3892,0
7703,41943.4829,17364.2447,27748.9751,7844.5587,0
7704,40515.4321,14313.0878,26854.3748,7576.6537,0
7705,37492.8939,12601.4548,26854.1669,7390.6569,0
7706,35451.889,11284.1311,26857.9476,7275.4671,0
7707,34373.4182,9574.1679,26835.2381,7267.8672,0
7708,34294.9574,9565.2073,25484.3688,7306.0625,0
7709,34797.4154,9702.6072,24760.0771,7352.6805,0
7710,35068.693,10528.727,24895.3694,7450.7642,0
7711,35562.9219,12887.446,26114.517,7601.1969,0
7712,39000.8916,14524.8345,25505.3293,8120.9491,0
7713,43351.9801,15372.5561,24810.7233,8686.5647,0
7714,45635.9189,16678.2055,23230.7801,9195.0496,0
7715,47620.991,17672.1644,22846.285,9535.8604,0
7716,48407.2611,18270.6975,22015.356,9657.0771,0
7717,47222.406,17602.6037,21245.8477,9284.0033,0
7718,47669.468,17930.8525,22880.9152,9167.3417,0
7719,47474.3269,17787.0308,24301.0152,9398.3571,0
7720,47917.3992,17871.8958,23075.3633,8960.996,0
7721,48580.114,19504.0318,20382.5633,9196.8536,0
7722,46879.58,18932.6423,19054.4816,9963.3116,0
7723,45967.8362,16510.0375,21341.4586,12475.2133,0
7724,46830.1273,17983.1003,22776.5362,12805.584,0
7725,45705.0473,19584.1635,22662.2803,11564.2197,0
7726,46700.6793,19695.6221,21709.9234,10309.0438,0
7727,44892.1264,19635.4202,19819.6339,10366.4814,0
7728,43020.6315,17734.8655,17928.768,10419.53,0
7729,41605.5662,15657.4858,16070.8966,10195.9572,0
7730,39791.2713,14907.2935,15718.4599,8996.724,0
7731,38939.0782,14747.4492,15046.1751,8199.9368,0
7732,38618.3413,14502.8191,14189.2872,8217.4378,0
7733,39230.7641,14481.5506,13473.3522,8345.0301,0
7734,40254.6012,14933.8783,13276.1629,8439.7984,0
7735,41421.1699,15472.688,16085.0184,8143.9424,0
7736,42321.73,15286.1181,19506.828,8101.3405,0
7737,45551.7854,13739.3124,20932.78,8454.0753,0
7738,47386.0926,14440.0586,20271.1905,8782.521,0
7739,49101.8935,15259.2946,19786.1587,9122.6102,0
7740,49504.0645,15740.9417,19617.4979,9292.6889,0
7741,48224.2266,15573.8715,18407.7333,9270.5767,0
7742,48180.8921,16117.882,19136.282,9029.6558,0
7743,48944.2459,15795.9835,20849.8378,8510.271,0
7744,51020.1043,15509.8746,19843.2069,8159.69,0
7745,52659.3441,16669.8103,17684.6175,8068.0182,0
7746,51082.2147,15984.6236,17140.6708,8686.2325,0
7747,50467.9373,15578.3551,17961.3588,9906.7936,0
7748,50533.5435,17188.6154,17685.6471,11889.3511,0
7749,50627.2294,17673.9266,16147.2707,11964.9882,0
7750,50844.7434,17539.8685,14986.4858,12067.4422,0
7751,50222.2567,17751.6031,14467.8743,10671.6335,0
7752,46336.2922,18332.2469,13668.5109,10464.003,0
7753,44644.0115,17979.9037,11587.9511,10327.3709,0
7754,43198.9283,17876.5895,9115.5405,10297.8568,0
7755,40610.7669,17701.6939,8650.1998,10347.8716,0
7756,39247.8174,17516.7982,8140.7975,10576.5231,0
7757,38705.0906,17269.3664,8124.4427,10628.4002,0
7758,37132.9607,17183.4696,9143.1263,10120.517,0
7759,37961.55,14731.145,11674.971,9743.7307,0
7760,39814.0633,14026.8832,14084.5606,8598.403,0
7761,41364.3296,13818.112,14928.0252,8362.8292,0
7762,42665.2424,14117.4803,14329.8331,8615.1582,0
7763,44223.2307,14718.8162,13667.7024,9055.3089,0
7764,44936.2804,15381.7004,13583.3973,9185.7172,0
7765,44152.2477,15021.0654,13733.0765,9069.126,0
7766,43428.6908,15303.5245,14161.0513,9101.6717,0
7767,42163.9251,14630.099,16084.9865,9141.4422,0
7768,41977.4432,14531.2112,16656.0482,9323.2964,0
7769,42375.4958,15146.0507,16287.7715,9511.7594,0
7770,40369.0914,17922.4045,16478.1463,10769.9141,0
7771,40851.8099,19647.7831,17858.5649,12153.8131,0
7772,44873.6431,19677.2037,17421.657,12846.5986,0
7773,45195.9552,19814.3616,16380.2012,12138.0886,0
7774,45228.0785,19746.4663,16338.6179,10700.5536,0
7775,43822.097,19737.2263,15280.9998,10622.1962,0
7776,41164.9095,19376.9807,14247.1505,10477.1403,0
7777,38375.6538,19050.7229,13145.4477,10507.5003,0
7778,35221.0221,18174.0394,13473.4688,10553.0326,0
7779,32174.7745,17307.9577,14430.7735,10614.4709,0
7780,30961.3557,16955.5837,15133.5008,9892.289,0
7781,30568.1618,16826.8694,15464.0728,9693.8116,0
7782,29964.0286,16385.545,16282.2737,9573.5101,0
7783,31632.3953,16691.1844,18940.3324,8590.9637,0
7784,35193.1591,14612.2196,22890.1013,7981.1941,0
7785,39501.4851,15060.6918,21975.6988,8062.7965,0
7786,43600.524,15400.8085,19578.8197,8399.8508,0
7787,46362.0608,16286.1919,18398.7529,8512.988,0
7788,47593.0466,16878.7729,18099.2218,8777.6524,0
7789,46828.1946,17128.8414,17611.6457,8903.0293,0
7790,45253.3136,19088.5662,18692.7015,8907.3952,0
7791,44388.7532,19296.9766,21090.2274,8552.0996,0
7792,44523.4064,19081.5911,21580.7119,8459.022,0
7793,44579.7561,19509.0632,19547.0572,9710.1455,0
7794,44059.675,18894.9838,19533.239,10709.1358,0
7795,41885.8748,18762.0158,21826.3034,12200.4806,0
7796,43346.0148,18936.3647,23773.6092,12410.9007,0
7797,41904.2657,18997.0781,24618.0176,11498.8324,0
7798,41393.8778,18952.9032,25029.1118,10589.854,0
7799,40174.882,18949.744,23687.4044,10218.4082,0
7800,38144.2963,18769.7422,21705.4387,10215.7429,0
7801,35750.4972,18362.8071,21050.5856,9165.2957,0
7802,34818.2461,17417.6992,20454.9741,7827.3107,0
7803,33284.5359,17293.8161,19349.99,7919.2223,0
7804,32592.8526,16966.7696,18624.5125,7908.054,0
7805,31978.8755,16040.0449,19205.0342,7750.9773,0
7806,31389.7111,15294.4968,19211.0776,7671.4968,0
7807,32160.7275,14319.1389,21708.5979,7267.249,0
7808,35730.3089,12382.9167,23893.672,7070.9298,0
7809,39644.4906,11939.345,22659.9098,7450.4903,0
7810,42470.1376,12258.1206,20882.664,7867.9568,0
7811,43986.5921,13268.5256,19952.7757,8167.0963,0
7812,44536.1884,13693.8065,19812.8029,8262.7567,0
7813,44543.6431,13406.2544,19856.4883,8249.3862,0
7814,43490.5108,13379.4331,20171.4876,8114.2809,0
7815,40894.4536,14589.5222,20985.3325,8047.8365,0
7816,39398.9772,15028.8039,22134.3529,8005.1092,0
7817,41490.6987,15599.1891,20406.7149,7850.6351,0
7818,39908.3014,18067.6595,20187.1857,9401.8078,0
7819,40233.3569,17257.4248,23302.6123,11466.7036,0
7820,41573.4451,16828.7306,24423.2153,12057.5301,0
7821,40561.466,16242.4086,25147.3893,11075.1839,0
7822,39374.929,16146.8945,26110.953,9157.7332,0
7823,37813.2546,15525.4825,26029.949,8376.4868,0
7824,36205.411,15188.2621,25881.8571,7425.6061,0
7825,33416.1938,15207.0105,25100.1003,7192.669,0
7826,31728.9324,14395.6802,24575.0692,7113.5031,0
7827,29930.3906,13429.0959,24508.5533,7112.061,0
7828,28442.1335,13847.9132,23743.7673,7106.0297,0
7829,28156.4426,13721.1723,23273.6394,7104.8021,0
7830,27885.3388,12092.41,23317.173,7016.0332,0
7831,28642.647,11305.7307,23987.1049,6782.2755,0
7832,31232.4199,11584.793,22204.3206,7080.4547,0
7833,34499.3275,12119.5987,18361.9997,7494.8247,0
7834,37533.309,11961.7443,16245.8582,7777.231,0
7835,39171.0473,12099.0397,16089.9288,7969.8256,0
7836,40284.8457,12661.66,16622.5004,8051.3796,0
7837,39767.8589,12461.7812,16674.7768,8037.2468,0
7838,38751.0156,12166.8459,16708.9461,7919.9076,0
7839,36048.2001,12704.5842,18550.5716,7872.0444,0
7840,34400.5068,12761.8062,21358.9387,7771.7651,0
7841,34561.4742,14070.7446,22510.6684,7334.998,0
7842,34731.2482,16151.1009,23529.6116,7315.5775,0
7843,36026.8447,15650.5305,26071.023,9955.7645,0
7844,37511.5631,15985.7093,26985.5828,10134.3451,0
7845,37956.1721,16018.7269,26999.0578,9183.6844,0
7846,38455.9659,15727.1873,26669.6287,7841.9759,0
7847,37433.2497,14321.7866,26242.6098,7802.8445,0
7848,35795.5334,12538.4248,25788.1899,7834.046,0
7849,33965.1851,10326.8814,25919.7092,7768.7643,0
7850,32119.1662,9418.5366,26063.2625,7628.8883,0
7851,31096.7063,9382.4544,25608.3399,7552.7749,0
7852,30621.2863,9407.9887,25289.0693,7539.4935,0
7853,31190.7255,9434.9706,25051.3252,7585.2348,0
7854,33000.9273,9411.787,24353.4181,7701.7754,0
7855,34516.5172,12141.0993,25421.528,7933.3188,0
7856,37547.7333,14172.1041,24906.882,8316.8074,0
7857,41354.577,14732.6938,24285.6427,8621.4535,0
7858,43701.9242,14352.4887,23805.21,8954.66,0
7859,45667.9938,14722.6244,23927.475,9112.5617,0
7860,46663.1473,15701.0986,23797.7751,9325.217,0
7861,46302.8874,14548.3492,23405.7406,9258.6868,0
7862,47012.0728,14743.872,23470.8892,9280.4085,0
7863,47094.9743,15955.5506,23558.7264,9130.0539,0
7864,47438.2051,17379.8075,22375.1011,8772.9719,0
7865,48427.7057,18277.8145,20189.0832,9255.8466,0
7866,46076.3655,18155.7596,20313.5339,9447.2796,0
7867,44577.7871,15835.391,24510.3001,10745.1311,0
7868,45037.4397,16624.0349,25307.8078,11781.3201,0
7869,43895.3119,17974.264,25279.342,11253.6875,0
7870,42677.5272,17725.3714,25876.4055,10872.6255,0
7871,39847.1095,18835.8621,25120.9475,9884.9102,0
7872,37765.7104,17829.449,22878.229,9622.9441,0
7873,37248.9612,16025.0585,20589.6306,8800.2112,0
7874,36973.3067,13349.3536,20490.1653,8242.3231,0
7875,35487.7435,12467.6849,20463.2296,8007.3884,0
7876,34597.1373,11732.4636,21150.4942,7625.1439,0
7877,34696.0042,12210.7469,20761.7487,7636.1923,0
7878,36018.6464,10864.7946,21578.4635,8021.8512,0
7879,37702.4945,11538.6755,24352.4479,7835.6542,0
7880,39191.988,12512.555,25530.6381,8387.3988,0
7881,40767.1517,13984.6135,25782.1718,8653.9046,0
7882,43258.3855,14168.3674,24027.1174,8937.2877,0
7883,44925.0428,15480.5156,22906.719,9405.5467,0
7884,45903.7953,16068.2049,22510.7201,9519.3736,0
7885,45236.9434,15627.0906,21556.1071,9368.0279,0
7886,46650.9197,15863.8293,22189.5003,9347.3974,0
7887,48663.4181,15677.3925,22868.5545,9162.1959,0
7888,48852.7039,17079.3249,21784.7938,9197.2914,0
7889,49644.2067,18493.7291,19659.3012,9675.2249,0
7890,48323.4081,16783.2786,19036.391,10871.102,0
7891,46287.3169,16021.0864,21202.7706,12281.4142,0
7892,46393.0291,17577.2542,22472.1761,13112.3388,0
7893,45712.8133,18239.0923,22953.5141,12343.276,0
7894,44241.7338,18054.0239,23798.6452,11983.9016,0
7895,42314.3457,17981.3986,23763.1438,10364.3595,0
7896,40490.5127,16766.7258,22254.7358,10002.6784,0
7897,39433.7163,14333.1122,20844.4192,9183.4919,0
7898,38155.4778,11736.2608,21417.7315,8267.7474,0
7899,36627.954,10289.0667,22289.4705,7817.4525,0
7900,35613.8937,9740.9389,22454.5222,7719.7989,0
7901,35823.3645,9971.1711,21932.7493,7702.4739,0
7902,37198.6175,9680.0847,22376.3672,7563.116,0
7903,37500.7457,10820.7264,25220.1136,7718.2578,0
7904,39866.8897,12680.5855,24579.8377,8233.7321,0
7905,43078.4343,14018.7872,23984.9896,8519.2833,0
7906,46483.9001,14170.4365,22283.5437,8619.1358,0
7907,48334.8338,15365.2796,21771.5883,8876.6931,0
7908,49760.7374,14940.1516,22485.3222,8904.9983,0
7909,48300.8735,15263.1105,20818.7397,9035.8422,0
7910,49268.4423,15322.6887,21209.4355,9324.051,0
7911,49008.3517,15857.8706,22966.7504,9142.188,0
7912,48175.6374,17079.7748,23402.2294,8967.0427,0
7913,49356.7008,17903.0016,21632.4845,9261.2971,0
7914,46942.6045,18115.9638,20546.7317,10030.9418,0
7915,45256.5938,16713.5672,21822.1707,12430.0231,0
7916,46320.4676,16938.3093,23630.5157,13174.0653,0
7917,45716.9493,16810.8688,24636.7957,12273.833,0
7918,44838.761,17022.2107,25603.7881,11445.9477,0
7919,42301.204,17248.7766,25499.782,10339.7404,0
7920,38757.9566,16201.0761,24818.5542,9799.0662,0
7921,36833.3438,13869.2565,24029.7585,9177.7257,0
7922,36105.8214,11762.5838,24660.163,8027.1642,0
7923,34074.4239,11012.2815,25322.0231,7208.8753,0
7924,33453.2517,10547.9077,24874.7411,7155.0611,0
7925,33387.123,11041.6944,24432.9767,7159.8736,0
7926,34087.9539,10938.2185,24848.9659,7188.1194,0
7927,35140.2986,12766.1182,26654.9327,7440.3615,0
7928,38510.7657,13681.349,26648.3228,7873.9199,0
7929,41617.6299,13273.3238,27752.6711,8298.8741,0
7930,44503.7978,13147.7544,26586.4137,8619.3118,0
7931,47010.9409,13788.9367,25290.0725,8833.4829,0
7932,48865.7125,13399.4267,25479.4078,8960.3514,0
7933,48384.7881,13043.2962,24241.2302,8925.0821,0
7934,46241.8374,14408.3621,27457.2804,9192.3887,0
7935,45697.8951,16480.3408,28085.0955,9054.4652,0
7936,47777.4099,16616.2744,26935.0774,8687.3545,0
7937,47611.0514,17745.5091,27079.7593,8292.8978,0
7938,44844.2236,16849.6746,28108.3891,8523.8373,0
7939,43348.5602,16281.0384,29003.5482,9861.3845,0
7940,44437.8704,17015.2158,30029.4742,9949.5044,0
7941,44320.6258,17783.6703,29667.1177,8891.9226,0
7942,42603.3355,19246.1918,30120.1395,8172.098,0
7943,40794.8992,18504.4453,29765.3235,8127.6734,0
7944,38958.5207,15536.2383,30098.0064,7699.3345,0
7945,38119.3406,11246.0348,29939.9925,7661.0952,0
7946,36347.322,9796.6957,29025.6439,7656.4477,0
7947,34546.5362,9626.5103,28631.9341,7614.5036,0
7948,33253.627,9240.8217,28894.6152,7554.8858,0
7949,33110.7964,9979.8479,27646.7488,7453.1996,0
7950,33799.0543,10616.3189,27608.1069,7475.6726,0
7951,37129.4946,12750.1924,26443.0133,7523.7712,0
7952,39359.1099,15210.9694,26327.9973,7968.444,0
7953,42970.9874,15917.6886,26163.3064,8447.5061,0
7954,45690.2699,16532.9362,24385.5689,8829.7649,0
7955,47820.5739,18657.6302,22919.0313,9135.2668,0
7956,48723.5914,19299.8993,22742.6793,9241.9316,0
7957,48582.0159,17973.472,22380.0621,9147.7298,0
7958,48148.7292,18517.488,24869.7856,9123.9082,0
7959,49494.2393,17643.5853,26847.8628,8839.1479,0
7960,51406.575,16849.9375,26482.5484,8585.302,0
7961,50875.5291,18063.1143,24560.7494,8242.5629,0
7962,48118.6013,18247.5975,24049.729,8533.1763,0
7963,45641.9414,16470.5266,26084.2175,11920.4613,0
7964,45560.5359,17467.0155,27802.3757,12300.1648,0
7965,44728.4057,17795.734,28636.1097,10466.5979,0
7966,43164.8459,18634.1595,29174.0053,9635.2795,0
7967,42051.0079,18472.1889,28966.124,8697.3073,0
7968,40783.4218,16065.0226,29666.2993,7868.8918,0
7969,37235.9449,14561.8814,29215.9945,7829.217,0
7970,35695.3553,13473.1421,27487.2675,7652.9761,0
7971,34334.7345,11731.1678,27625.5298,7404.1198,0
7972,33080.3451,11560.3114,27125.3928,7356.1994,0
7973,31979.101,11849.0625,26670.3217,7364.8223,0
7974,31044.0284,10790.0595,27034.7836,7428.1988,0
7975,33745.9529,11204.8948,25537.2931,7632.9253,0
7976,39110.8619,12255.2177,21089.4475,7868.2802,0
7977,41121.0327,12218.2489,22086.3005,8076.222,0
7978,42803.8787,12801.415,21489.1358,8372.3882,0
7979,44262.3148,13817.2793,20219.6181,8730.1951,0
7980,45143.9637,14627.7208,19240.6753,8985.2433,0
7981,45036.717,14744.3637,18369.0188,8963.328,0
7982,44420.1747,14069.1001,18751.8837,8828.1259,0
7983,43027.3107,14109.8914,20309.4859,8729.842,0
7984,44284.2543,14058.7183,19792.2912,8549.6785,0
7985,45350.1257,14917.4234,19467.5107,8236.5624,0
7986,44345.037,15324.0274,20304.9088,10653.1238,0
7987,42582.0736,16343.5503,22992.211,12109.0299,0
7988,43494.1606,16293.4838,24426.2645,12765.9565,0
7989,42527.1121,15497.9682,24973.5541,12480.2557,0
7990,41566.3567,15256.8592,24969.7382,12516.9044,0
7991,40359.3531,15480.267,23628.022,12409.6423,0
7992,39205.5917,16133.3975,22056.4157,11332.4552,0
7993,37243.6317,16203.242,20532.6748,10794.8159,0
7994,34589.2481,15942.5871,19790.1385,10695.5684,0
7995,33405.735,15922.3075,18113.1742,10786.3525,0
7996,32771.8545,15348.0503,17212.1125,10752.4769,0
7997,32167.179,14942.3285,17082.7008,10430.1648,0
7998,31651.6651,13169.046,17554.9583,9700.6591,0
7999,33604.6293,11275.5819,18424.8119,8703.5685,0
8000,35477.486,12468.1634,16097.4572,8097.529,0
8001,36958.8098,13002.0924,14605.0047,7921.0032,0
8002,38716.0466,13423.7752,13476.5719,8155.0711,0
8003,40590.3817,13973.0085,13261.0819,8429.3594,0
8004,41635.7975,15000.8694,13791.9848,8557.8581,0
8005,41222.8575,14676.1395,15063.6343,8459.7931,0
8006,40278.0279,14031.1721,15886.5377,8226.6052,0
8007,39516.6629,13564.8601,16889.873,7948.5527,0
8008,39773.0366,13219.6119,18497.1259,8064.9448,0
8009,42111.8467,13752.8501,16849.6911,8986.406,0
8010,41048.7803,16336.8678,17502.6335,10122.9205,0
8011,40510.1026,17979.0644,19697.1951,11617.3948,0
8012,41107.0572,18650.6947,20718.302,13213.4497,0
8013,40827.1501,18864.0078,20953.2422,13243.868,0
8014,40778.9239,18886.6073,20321.9984,13328.7231,0
8015,40504.0086,18749.5594,20986.8241,11459.151,0
8016,39223.2676,18141.6642,20170.1126,10962.8321,0
8017,35972.5014,17751.7483,20010.6104,10773.4462,0
8018,33577.1095,17222.612,19994.6615,10473.8194,0
8019,31720.9354,16915.1268,20374.5355,10017.6516,0
8020,31155.9017,15926.8307,20470.5512,9961.3954,0
8021,30861.2271,15755.4573,20521.0852,9966.6039,0
8022,32081.0655,15170.5565,21124.0282,9644.811,0
8023,35638.4314,14751.6248,23314.9686,8523.5029,0
8024,39636.2351,16227.0691,24294.5637,8123.7761,0
8025,44458.128,16630.7856,24724.2787,8700.659,0
8026,47932.0523,16249.9436,24223.3497,9163.209,0
8027,50825.3317,16321.8264,24031.7352,9473.1428,0
8028,52147.4085,15925.4755,24543.8765,9653.5483,0
8029,51681.3495,14665.1076,24613.4119,9547.3873,0
8030,52695.2052,15795.1882,23682.0408,10542.2768,0
8031,50950.1861,18063.5488,23254.2354,11724.7152,0
8032,50914.6638,20024.0194,22677.556,11636.6536,0
8033,51386.1051,19602.8514,22384.054,11361.273,0
8034,47353.9715,19104.5437,22154.8976,11407.7942,0
8035,45958.077,18571.4826,22955.636,11430.672,0
8036,47523.5365,18491.0033,23696.123,12534.962,0
8037,46157.6797,18582.6377,24351.6801,13139.6837,0
8038,46108.9288,18243.742,24234.4894,13298.153,0
8039,45406.1487,17542.7604,23509.7093,12479.5198,0
8040,42382.8328,18036.8441,22622.347,11237.8288,0
8041,39810.1968,17552.8969,20881.5398,10933.5127,0
8042,38193.6984,16019.9721,20003.8201,10792.6357,0
8043,36243.0167,16186.8267,19404.4741,10482.8471,0
8044,35787.6827,16439.3548,18288.8387,10344.7179,0
8045,35655.0469,16456.8448,18227.6622,10331.2858,0
8046,35188.4049,16929.0352,19175.3144,10289.5221,0
8047,36903.3148,16708.0298,21930.4173,9439.078,0
8048,41645.7701,14608.3938,25805.9153,8713.1341,0
8049,45061.368,16466.6909,25839.0429,8806.138,0
8050,48891.4316,15706.5854,24165.4534,9199.894,0
8051,51964.3883,16308.8167,22555.1909,9496.157,0
8052,52922.6962,16588.8855,21357.9861,9539.1802,0
8053,51421.7209,16616.0401,20567.976,9459.8372,0
8054,49825.908,18144.8113,22817.344,9696.1579,0
8055,50108.4947,18324.7317,23830.521,9990.6367,0
8056,49618.2753,19772.9994,23829.2769,10582.44,0
8057,50078.4834,20136.7089,22751.2461,11111.1473,0
8058,47482.7903,19431.8454,22982.278,10523.1104,0
8059,47252.4745,18055.1756,23727.2486,10613.6525,0
8060,49430.073,16173.7411,25042.3151,11838.9513,0
8061,49535.5696,15873.2552,25514.0754,11570.4886,0
8062,49655.243,16437.1185,24628.9659,11365.4541,0
8063,48902.9981,16825.3074,22335.7739,10727.1076,0
8064,47166.4314,17328.9314,19142.1824,9829.8739,0
8065,44442.7599,17572.8971,17261.4145,9942.9033,0
8066,41408.1536,17724.8874,16551.4657,9777.1729,0
8067,39579.8007,17820.649,15481.1668,9470.274,0
8068,38088.8959,17882.9134,15440.326,9133.9919,0
8069,37196.4791,17895.7471,15720.1792,9225.9871,0
8070,36725.9398,17318.1536,17024.7682,9242.2077,0
8071,38109.4692,17104.1761,19945.6301,9065.3332,0
8072,41662.2503,15613.1283,23916.7874,8626.0845,0
8073,45321.8777,15484.6461,25218.1864,8912.7412,0
8074,48779.4307,14311.6303,24888.5362,9272.5017,0
8075,50151.6961,15604.9344,24746.7253,9556.6746,0
8076,49914.9288,15859.3688,24387.4378,9540.069,0
8077,48061.8424,14877.9246,23605.0078,9423.9079,0
8078,48814.9365,15238.685,24138.8433,9960.0798,0
8079,51820.8328,15875.3683,23641.8171,10137.3272,0
8080,51912.8599,17600.8349,22475.7258,10106.5998,0
8081,52529.5474,18201.2061,21899.0035,10226.2523,0
8082,49963.8282,18255.0566,21327.614,9858.0361,0
8083,49096.1416,18062.4114,22035.3683,10076.6292,0
8084,49072.3541,18071.515,22689.4789,11288.5168,0
8085,49057.8341,18160.7679,22539.2134,11119.5997,0
8086,49273.3483,18266.6539,21939.5825,10699.7924,0
8087,48743.2825,18245.722,20827.4594,9449.4279,0
8088,46476.2573,18208.1361,19601.0639,8519.83,0
8089,43117.5855,17881.9432,18372.0702,8473.6487,0
8090,40982.6087,16401.9493,17700.3871,8372.0747,0
8091,38950.2014,16300.526,17813.6651,7691.6543,0
8092,37601.9281,15634.3814,18462.4869,7493.3914,0
8093,37374.3293,14725.6736,19355.3503,7473.7597,0
8094,37219.2029,14536.6639,20237.2357,7460.3551,0
8095,36715.6999,15802.2414,23217.194,7655.9549,0
8096,37749.613,16179.1322,26023.7131,8064.9888,0
8097,40962.2411,16154.9102,26683.272,8615.5113,0
8098,42984.0895,15924.4789,25892.1102,9091.5385,0
8099,44777.3843,16844.674,24826.6667,9358.3391,0
8100,45117.3283,17827.7242,24174.0829,9510.523,0
8101,45567.9455,16802.9895,22781.5049,9377.6606,0
8102,47443.4499,17447.3266,23612.5593,9157.6034,0
8103,48457.8501,18075.1175,24421.3783,8817.1622,0
8104,48834.555,18586.6307,23842.4043,8355.2018,0
8105,49546.1945,20411.523,22055.5434,8239.7711,0
8106,48854.7422,18667.0462,21288.3902,8915.7981,0
8107,48876.2483,17719.845,22118.5261,9333.511,0
8108,49934.5572,17618.6802,22257.4902,10450.4532,0
8109,49368.0814,18852.8329,21276.3276,10213.2514,0
8110,49007.6521,19281.9176,20707.995,10044.573,0
8111,48517.0752,19554.0653,19234.7749,8614.2529,0
8112,46746.0378,19431.5682,16877.9523,8582.2187,0
8113,44270.3591,19164.6532,13983.0284,9286.6576,0
8114,42853.712,17631.5601,12598.8643,9608.434,0
8115,41146.8673,16420.5569,12943.3381,9162.483,0
8116,39606.1864,16551.6461,12938.134,9079.9258,0
8117,39036.9815,16587.4126,12806.4244,9428.8524,0
8118,38986.2627,16587.8042,12709.4649,10256.1074,0
8119,40359.8371,16910.0635,15722.0459,10198.0406,0
8120,41990.157,15524.0855,19784.886,9759.6015,0
8121,42839.0479,17484.3416,21287.2693,9660.6675,0
8122,44957.0484,16474.766,22669.0948,9720.1016,0
8123,45485.2992,17588.5666,23846.3874,9735.506,0
8124,46121.2499,17325.4587,24124.8073,9744.6272,0
8125,46065.8242,15879.9905,23743.1733,9444.6143,0
8126,45871.0692,19853.3599,22651.1428,9515.9691,0
8127,48947.0531,19630.0346,21453.8291,10386.508,0
8128,49379.7337,19347.6052,21674.7993,10675.5649,0
8129,49892.1456,19454.2491,20957.4332,10553.6299,0
8130,49333.6206,18666.4236,20473.4431,10347.8309,0
8131,50024.3051,17119.388,20587.7375,10658.1816,0
8132,50749.3591,16374.2293,21255.8236,12179.8985,0
8133,49002.569,16181.0121,21412.3184,12673.4124,0
8134,47418.6438,17159.725,20782.0217,12719.3176,0
8135,47566.2121,17340.4748,19915.8036,11130.2048,0
8136,45670.3082,17333.9067,19176.9424,10564.2647,0
8137,43597.2999,16602.8511,17578.055,10501.6175,0
8138,41833.2926,15122.4524,16801.2713,10400.6639,0
8139,38725.8432,14516.689,17437.2616,10250.0255,0
8140,35712.8497,13912.3765,19552.7981,9975.7922,0
8141,35033.6085,13865.8718,19760.5694,9332.8664,0
8142,34858.9384,13322.0637,19264.2417,8747.838,0
8143,35476.705,13677.1404,20393.7657,8046.5539,0
8144,37137.7237,13593.6053,22826.9503,7197.0866,0
8145,38012.5405,14167.1321,23877.7671,7431.0643,0
8146,38889.5925,14641.8822,23723.8177,7875.8075,0
8147,40563.6275,15337.6212,23152.3622,8111.4099,0
8148,41615.0262,15732.4332,23007.1875,8259.5799,0
8149,41888.638,15473.2798,22236.8817,8191.1357,0
8150,40801.1351,15960.01,22684.0999,8090.7354,0
8151,40641.0356,16130.1184,22915.849,7996.4918,0
8152,42429.6939,15446.1736,22642.4286,8049.4524,0
8153,42336.3215,15766.1328,22207.2433,8798.6811,0
8154,41710.3049,16326.0735,23468.6243,9653.8156,0
8155,41956.2099,18004.0212,25093.783,10034.6301,0
8156,43548.9516,18066.9841,25009.4097,11646.8187,0
8157,42856.6039,17696.7505,24437.3173,11887.0873,0
8158,41577.4084,17729.3347,23438.2841,11862.5122,0
8159,40601.1122,17780.8642,23351.8406,10097.9241,0
8160,38305.2714,17817.4876,22651.3738,9866.7811,0
8161,36683.1256,17449.1295,20932.3642,9852.9596,0
8162,35330.0222,15944.9422,20496.9699,9858.7929,0
8163,34484.2685,14744.774,20137.7539,9556.1554,0
8164,34287.9119,15271.4892,18044.4671,9337.3511,0
8165,34396.0925,15392.4144,16835.1051,8903.5749,0
8166,33468.8134,14078.7009,17124.3468,8383.166,0
8167,32697.0006,14427.9916,18112.3008,7615.0646,0
8168,32187.0065,14884.3618,18918.8989,7137.9319,0
8169,33056.3486,13697.9843,20607.5144,7181.0222,0
8170,35651.9779,13818.3056,18944.9139,7643.5139,0
8171,37368.1396,14755.8367,17059.9671,7935.0062,0
8172,37575.4181,15447.9699,16986.728,8038.0091,0
8173,37843.8665,15341.1368,17237.627,8172.4467,0
8174,37496.9397,14945.3414,18300.722,8229.3266,0
8175,37377.0958,15675.3883,19391.5601,8088.894,0
8176,38848.7308,15692.237,19320.6101,8271.3543,0
8177,39879.2273,16424.4498,19574.5165,8349.8074,0
8178,40000.642,18208.1592,19563.5055,8935.8918,0
8179,40651.4196,19129.5302,21322.7157,9239.7019,0
8180,41721.7196,18909.4103,22332.5025,10392.6053,0
8181,42091.3746,17551.8167,22550.2816,11113.685,0
8182,41320.1096,17979.6034,22575.2428,11322.4485,0
8183,40588.7361,17905.8033,22498.8335,10595.4035,0
8184,39051.7985,16807.417,22518.6104,9638.6202,0
8185,36886.9589,15242.1995,23581.0234,8466.4393,0
8186,36273.8629,14004.9371,23459.5416,7284.3573,0
8187,34989.3313,12385.4621,24488.9876,7106.9944,0
8188,33561.638,12523.5572,24434.3726,7018.5566,0
8189,33635.8011,12550.131,24175.151,6993.0806,0
8190,33952.7606,12404.1159,24681.0399,6908.6853,0
8191,36085.2448,14428.2875,24122.4423,6859.7353,0
8192,40116.417,15697.6974,23588.279,7376.0357,0
8193,43495.2397,16721.8678,25210.5843,7885.9759,0
8194,46088.4149,16671.9476,25141.8013,8257.8507,0
8195,48131.1534,17277.5471,23995.9456,8655.6404,0
8196,49192.0803,16967.9411,23608.8578,9101.3692,0
8197,49000.1523,15694.8924,22611.5824,9341.7852,0
8198,49754.3277,16090.0553,22828.2285,9504.9163,0
8199,48810.5497,16682.6088,25234.9592,9402.9529,0
8200,48570.5297,16638.2612,25766.5672,9344.9356,0
8201,48276.5635,16989.3295,25390.7236,9061.4282,0
8202,44842.7683,18370.968,24253.0882,8638.5244,0
8203,44028.8068,18662.4383,25840.9767,8530.643,0
8204,44647.1278,18076.9963,27573.5185,9575.0116,0
8205,43515.9626,18106.286,27668.5112,10521.9477,0
8206,42783.4605,18373.1394,27523.8029,10475.3726,0
8207,41414.6469,17672.2689,27156.1994,9470.2619,0
8208,39403.1979,15550.7396,27234.8527,8581.1275,0
8209,36822.4263,14961.386,25817.638,8122.6464,0
8210,35536.8475,13470.8607,24948.7271,7916.3546,0
8211,35098.7747,12172.6077,24254.3246,7855.9822,0
8212,34833.5152,12036.0537,23447.1677,7716.9565,0
8213,35308.9264,12274.526,22699.6968,7612.3817,0
8214,35860.7821,12104.9379,23106.0016,7598.3534,0
8215,37055.7022,12072.2756,24424.3274,7513.8822,0
8216,40634.2101,13751.0483,24448.9146,8001.2273,0
8217,42506.0042,14714.4349,26044.0037,8566.7527,0
8218,43870.3628,14959.406,26250.0084,8968.1845,0
8219,46328.2875,14981.1486,25280.981,9237.2456,0
8220,47525.3834,14972.0659,24594.6943,9535.8384,0
8221,46331.8779,14297.5283,23105.6496,9668.6711,0
8222,47031.5516,15696.2839,22682.7711,9467.8727,0
8223,47126.4948,16278.5832,24232.6678,9117.1663,0
8224,48413.7819,15809.7577,23429.8933,8941.4776,0
8225,48907.4707,17033.3471,22011.3751,8982.765,0
8226,46283.5307,18794.2502,21098.1573,8588.3787,0
8227,46650.5072,18084.3267,22704.8657,8745.682,0
8228,47232.1454,18078.4538,23533.1217,10283.6118,0
8229,46901.1554,17693.2613,23098.955,10754.6758,0
8230,45915.3838,17188.4559,23244.7919,10794.0943,0
8231,44231.5973,16151.9875,22796.7993,9727.597,0
8232,42194.9528,15127.7104,21400.2503,8544.8363,0
8233,38893.3589,14282.6761,21096.2158,8420.4318,0
8234,36539.9991,13894.4641,20379.9541,8144.0579,0
8235,35107.754,12390.1613,20668.6238,7971.4888,0
8236,34270.6342,12312.8423,20497.2031,7898.3003,0
8237,33891.6897,13091.9217,20404.219,7600.3191,0
8238,33815.0901,13986.7684,20329.0329,7591.7292,0
8239,35063.1908,12885.7036,23319.1992,7668.826,0
8240,38278.7416,13320.3752,25756.5429,7963.3554,0
8241,43813.3388,13564.7754,24644.6794,8503.66,0
8242,46456.5288,14409.3939,23126.1778,8954.8503,0
8243,48194.1119,15261.7509,22436.4679,9326.9275,0
8244,48847.1434,15178.1762,21575.5936,9511.2347,0
8245,47516.6637,14073.5133,20609.1754,9372.3465,0
8246,48217.6167,14293.3439,20459.6381,9011.1593,0
8247,48554.9493,14479.1042,21217.2532,8966.4179,0
8248,48314.2319,15106.8236,22037.8543,8828.3855,0
8249,47911.9322,18081.0421,20355.6672,8444.0818,0
8250,46796.1604,18919.8284,19151.0451,8239.2849,0
8251,46432.7875,18449.3914,20540.6025,9174.9878,0
8252,46909.0105,17717.007,21337.6746,12078.0132,0
8253,46549.0982,17020.3374,21844.1828,13107.1754,0
8254,45725.2235,16875.7457,21677.5757,13086.6461,0
8255,44078.6467,17630.9331,21968.3365,10611.5735,0
8256,42282.0794,18287.8949,20603.2981,8947.2119,0
8257,40724.1714,17567.0924,18100.1722,8507.0117,0
8258,38539.8684,17090.348,16549.3834,8914.4275,0
8259,37799.2901,15424.0878,16234.7108,9004.8233,0
8260,37076.061,15573.0916,15441.0773,8868.5234,0
8261,37921.5111,15608.098,14527.7,8728.9257,0
8262,38446.8766,15118.389,14528.877,8930.2059,0
8263,39336.8404,14141.1138,18913.5815,8238.2113,0
8264,39810.9151,14313.805,23429.6348,8039.3555,0
8265,42198.2451,14483.5636,24530.099,8556.6404,0
8266,44906.7718,14988.4185,23930.0369,9055.7522,0
8267,47284.2667,15649.3007,23002.2441,9422.1358,0
8268,48573.4106,15918.0439,22771.4432,9345.7199,0
8269,48224.9152,15529.9001,20826.2505,9194.6932,0
8270,50244.4151,15591.2031,21096.5964,8539.7807,0
8271,51552.8651,15950.5467,22193.3525,7966.112,0
8272,52049.5965,16519.5151,22437.1279,7820.3466,0
8273,51115.8703,19949.3404,20925.9281,7731.9495,0
8274,49322.2906,19913.685,20069.9917,8423.7923,0
8275,48114.3113,19032.035,21320.6345,9475.2504,0
8276,49676.9878,17826.0621,22653.6508,11373.3609,0
8277,49889.2625,17508.2028,22058.828,12194.281,0
8278,49638.3514,17432.9056,21678.2313,12164.526,0
8279,49284.6145,17995.3796,19594.5035,11321.4596,0
8280,47808.7192,17674.7912,17674.4997,10128.2071,0
8281,44551.3409,17207.3968,16850.7196,10056.8204,0
8282,43950.9598,16258.0264,13974.1822,10240.7294,0
8283,42064.8228,15965.4176,13109.9925,10160.0477,0
8284,39430.7331,16447.5146,13517.35,10002.7785,0
8285,39263.2966,17080.7285,12872.0449,9644.591,0
8286,39061.0726,17164.4682,12882.8436,9691.8415,0
8287,41528.7576,14299.3554,17001.7782,9039.6174,0
8288,43328.549,13997.6826,22286.4796,8159.5987,0
8289,47426.1502,13552.9636,24745.8948,8328.144,0
8290,50111.1072,14721.1669,24400.1945,8736.9568,0
8291,51748.1492,15657.6013,24981.7524,8977.9767,0
8292,51948.0005,16402.4971,24695.2145,9079.455,0
8293,50414.5015,15862.0539,24340.0872,8977.5444,0
8294,52646.4576,16402.573,23599.5078,9175.6764,0
8295,52135.4889,17882.0433,22860.3177,10259.546,0
8296,50964.4377,18915.9003,21398.9215,11429.5632,0
8297,49598.8702,19090.1227,20062.6569,11808.5066,0
8298,48650.0377,17783.1973,19029.296,12232.4268,0
8299,48563.7284,17240.2703,20774.8541,11926.3012,0
8300,48907.0439,18108.9018,21170.4284,12664.3308,0
8301,48411.4785,17640.5372,20502.7581,12916.0229,0
8302,48183.9721,18017.3917,19272.6886,12950.3814,0
8303,47594.1268,18439.5827,17311.8638,12974.9851,0
8304,46344.7556,17970.5438,15612.9083,12749.2431,0
8305,44425.6945,16434.979,14670.2743,12189.6863,0
8306,43029.4843,14639.1003,13978.8132,11966.7471,0
8307,41317.5114,13520.815,13976.2832,11890.6997,0
8308,40592.2913,13363.9737,14172.763,10811.328,0
8309,39989.1063,14365.1959,14598.177,9904.5683,0
8310,39693.2745,14175.502,14891.7483,9321.2867,0
8311,38991.4118,11851.092,18488.3435,9329.0923,0
8312,39166.2942,11254.5092,23530.4146,7862.4667,0
8313,41047.1237,12076.5645,23924.3378,7951.5073,0
8314,43325.2831,12036.6389,22530.3903,8495.8786,0
8315,45124.6884,11789.2731,22076.8372,8777.7195,0
8316,45643.7344,12483.834,21806.2163,8848.8103,0
8317,45108.283,13077.6459,21381.5932,8591.0649,0
8318,43051.5877,12926.6247,22584.1935,8308.0734,0
8319,42701.9846,12987.0147,22421.2648,8169.4602,0
8320,41924.1537,14344.8767,20399.632,8912.4783,0
8321,41952.1817,16679.5948,18617.8993,9477.7859,0
8322,43299.4562,18219.4617,18247.1597,9228.7723,0
8323,45200.6401,17655.649,20818.6605,10100.915,0
8324,44939.763,17349.2792,21626.5038,12150.3118,0
8325,42951.4723,16796.846,21845.7404,13501.8873,0
8326,40787.4137,15877.1778,21820.2622,14206.5209,0
8327,39117.7325,15751.8339,19755.7943,15056.9518,0
8328,37674.0287,15688.9876,18336.6799,14519.4588,0
8329,35847.4754,15105.3727,17858.9279,13815.6579,0
8330,34222.6665,14949.5027,18025.2534,12100.4829,0
8331,33496.914,14583.7439,18436.2508,10018.4293,0
8332,32839.5826,14226.3143,18360.3222,9233.73,0
8333,32368.0082,14294.4835,18398.9883,8584.8785,0
8334,30765.7075,13799.5121,19492.9515,7494.5035,0
8335,31206.2212,11402.3514,20905.3262,7513.4147,0
8336,32024.2406,11687.7772,20751.082,7661.9906,0
8337,34327.6043,11771.5928,18516.8775,7843.1595,0
8338,36322.7986,12147.1449,16979.0236,8150.1926,0
8339,38418.8123,13113.0208,15947.3864,8429.1317,0
8340,39892.3998,13771.9186,16506.2469,8574.5022,0
8341,39363.2855,13538.9342,16887.5212,8535.0342,0
8342,38369.5851,13492.1556,16923.5847,8258.041,0
8343,36567.1779,14004.6907,17737.5121,8256.4515,0
8344,33976.4491,15021.4823,19894.4768,8210.8378,0
8345,35305.0247,16017.2881,20676.0081,7755.9823,0
8346,38673.6801,16995.5808,20272.142,7921.0703,0
8347,39210.1567,17043.1459,22965.1136,9137.5427,0
8348,40136.5943,16112.2082,24664.706,11048.2504,0
8349,40264.6761,15881.5415,24323.9524,12308.5622,0
8350,40438.3573,15773.0386,23844.5933,12298.4433,0
8351,39523.7172,15623.7147,22308.5907,12836.417,0
8352,37869.1874,15185.4241,21770.5477,12191.7653,0
8353,36928.6852,14478.3199,21416.967,10283.2862,0
8354,37069.1134,12286.8295,21073.1268,9430.0217,0
8355,37506.6714,9071.3711,20960.3427,10078.9161,0
8356,36964.9368,7558.5411,21314.4899,10595.9326,0
8357,36789.8564,8276.1305,20635.7998,10675.5264,0
8358,36870.174,8831.7196,20511.161,10577.8365,0
8359,38020.6442,9531.5506,23896.9214,9431.6123,0
8360,42143.1208,10946.1814,26227.4133,8170.4062,0
8361,44996.4603,12443.8039,26896.5345,8410.7683,0
8362,47729.242,13365.6952,26048.6523,8715.3385,0
8363,50191.7845,13757.48,25954.3801,8981.1249,0
8364,53088.695,13504.6164,24621.1757,9176.244,0
8365,52183.5457,12942.4658,23714.9253,9664.9234,0
8366,53637.0648,13808.4826,23475.8733,10498.0117,0
8367,53500.9981,16488.7712,22646.8264,11031.4248,0
8368,52837.3109,17192.5127,21481.5942,12472.0783,0
8369,50800.5487,18930.2234,19600.6217,13303.3549,0
8370,48262.9928,18876.3355,19535.4104,12707.5124,0
8371,46534.8532,16990.4009,22803.0616,12964.5593,0
8372,47997.3703,16641.2334,24283.7903,13535.3966,0
8373,47034.735,16265.7957,24769.2951,14637.9706,0
8374,45775.4495,16358.8018,24804.868,14994.7644,0
8375,43624.7394,16733.0933,23094.7288,15158.9284,0
8376,41672.9676,16305.9699,21622.9277,14157.6446,0
8377,41839.6473,14077.7615,20586.1997,12340.1674,0
8378,40311.9904,13425.6793,21087.6347,10202.7816,0
8379,39503.7291,11690.2423,21748.6104,9216.8747,0
8380,39174.7818,10432.9335,21676.7694,9210.0888,0
8381,39229.6146,10571.9911,20990.8226,9249.9902,0
8382,38745.2483,11032.7415,21029.0586,9238.9847,0
8383,40197.1724,10927.3098,23788.7276,8466.3238,0
8384,43312.2074,12722.4823,25472.9299,8608.3756,0
8385,45691.6977,15763.5621,26093.2144,8498.512,0
8386,47468.5827,16003.779,26447.0349,8542.6154,0
8387,49610.8437,16501.2617,24276.8009,8874.9848,0
8388,50711.3926,16260.7775,23113.9216,8998.8107,0
8389,48330.5504,15293.3253,23001.6336,8903.1063,0
8390,49648.6342,15855.2174,22227.2523,8972.2545,0
8391,51180.5602,17121.4219,21656.5954,8949.3107,0
8392,49911.9093,19994.4085,20715.97,9101.7795,0
8393,50455.4985,20312.3041,19001.543,10324.9421,0
8394,49066.7441,19010.9007,18409.3327,10554.6243,0
8395,48722.3396,18043.2527,19839.5274,10986.558,0
8396,48551.2841,16939.5809,21541.1581,13609.5454,0
8397,48267.274,16698.4444,21634.382,13857.4843,0
8398,47326.7355,16881.7044,21006.9453,14428.6604,0
8399,46007.863,16941.3178,19305.6182,14344.1617,0
8400,44312.4099,15146.8691,18592.9876,13705.3565,0
8401,41785.2611,14743.9567,18369.6953,11625.8538,0
8402,41874.4161,12358.9004,18211.2711,10110.6907,0
8403,42260.3401,10952.3601,17232.787,9272.4775,0
8404,42112.015,10457.6252,17361.6674,8198.8192,0
8405,42370.0189,10887.1763,16560.8124,7928.2401,0
8406,42265.0679,11064.3082,16268.747,8158.4547,0
8407,40624.6423,11702.5535,19293.7855,8221.4451,0
8408,39653.5117,13198.1828,22770.0055,7965.4707,0
8409,41093.8451,13938.7996,23026.1933,8377.9091,0
8410,43050.2996,12770.8669,22852.4032,8811.6545,0
8411,45627.2839,12712.8298,21471.8746,8980.2328,0
8412,46554.3265,12758.9253,20066.3584,9026.8838,0
8413,44779.9264,12277.331,19645.7008,8986.3081,0
8414,46370.6452,12759.3246,20589.1961,8880.3968,0
8415,48106.2736,12829.4925,20662.4429,8607.9543,0
8416,48018.7345,14102.9878,20235.0005,8861.7705,0
8417,47227.7344,16427.0612,18813.7136,9349.4302,0
8418,45897.6276,15622.0141,18964.3542,10432.3956,0
8419,45260.424,13939.4068,21950.0644,11425.1995,0
8420,45553.1604,13589.1052,23131.1443,12946.6942,0
8421,43918.9597,14583.3105,23014.9601,13596.9515,0
8422,41992.9114,16283.432,21740.6563,13640.4708,0
8423,40284.2275,16273.2504,20472.3563,13247.0855,0
8424,38825.3613,15340.3492,19700.6161,11339.9792,0
8425,37680.9884,13314.0711,19942.7844,9584.0855,0
8426,35986.8476,12823.2808,19376.0754,8667.2388,0
8427,35831.7212,11593.1431,19148.4007,7804.8014,0
8428,35965.3932,9967.166,19441.2735,7770.158,0
8429,36508.6953,9547.9076,19153.5993,7768.4486,0
8430,36226.4661,9083.0201,20059.0885,7755.1826,0
8431,35207.7528,11015.8895,22775.115,7656.0319,0
8432,37412.1946,11703.8823,25221.3995,7682.6365,0
8433,39660.6386,12872.8017,24793.5072,8147.2666,0
8434,41829.9563,13865.1502,22163.9011,8572.2428,0
8435,43092.7717,14417.1995,21325.7627,8834.2892,0
8436,44570.0519,15423.4542,19059.1082,8835.7434,0
8437,44504.6866,16292.3123,17202.7284,8719.0213,0
8438,45190.5014,16966.3065,17333.9419,9207.0572,0
8439,46506.5348,17714.8136,16895.6194,9479.7901,0
8440,47581.3316,17844.0779,17124.283,9212.7013,0
8441,46629.6677,19120.1769,17882.8936,9056.9633,0
8442,45096.2182,18751.4899,18494.6025,9471.2134,0
8443,45458.4647,17033.5077,20546.5876,9946.5179,0
8444,46111.527,15016.2133,22986.5427,11745.151,0
8445,44305.5239,14342.8538,23667.875,13599.4925,0
8446,43211.6157,14961.4245,23157.1648,13613.2447,0
8447,41962.7692,14369.5915,21972.5242,13494.9804,0
8448,38060.5236,13462.0948,22351.6414,12849.65,0
8449,34690.3997,13017.7124,21929.0588,11807.51,0
8450,33383.1003,12821.1391,22145.3617,8899.6248,0
8451,31756.7415,11895.9115,22814.4917,8139.8537,0
8452,31214.9761,11513.9981,22453.7214,7937.0192,0
8453,31583.7874,11083.2117,22268.1965,8000.1636,0
8454,32940.6022,10219.0209,22240.2114,7989.1185,0
8455,35119.0631,10378.4472,24738.5094,7444.8957,0
8456,37972.4818,11353.98,25837.2257,7772.5219,0
8457,39723.9348,12710.8245,26552.1949,8322.9663,0
8458,42201.7772,13133.7569,25370.8499,8784.1941,0
8459,44226.776,13852.8753,23657.2017,9060.7737,0
8460,45388.7621,13983.0526,22393.1246,9114.4559,0
8461,46076.4942,13898.7244,20803.343,9189.3329,0
8462,47374.3303,13919.543,20452.7664,9712.956,0
8463,46282.9719,13297.6943,20775.0928,11491.1401,0
8464,46074.0269,13565.4464,19811.5511,12314.1546,0
8465,44159.3306,15547.5936,18132.2152,13402.1459,0
8466,43116.8221,15780.5912,18657.518,13955.0312,0
8467,41250.8569,15550.4206,21288.7708,15545.3067,0
8468,41599.7285,15176.2391,23031.3446,16410.7647,0
8469,39837.4867,15593.3899,23601.347,16219.9389,0
8470,38161.8787,16021.7574,23795.3001,16061.3035,0
8471,37724.1744,15435.8875,23029.017,15468.5971,0
8472,35820.5947,13969.1464,23505.911,14733.202,0
8473,34083.6221,13166.824,23995.7938,12143.5842,0
8474,32744.3864,11724.0893,24414.3977,10800.6184,0
8475,32385.1649,10023.75,25368.8259,9045.9182,0
8476,32260.195,9074.9175,25481.2745,8114.9728,0
8477,32289.4418,8636.056,25378.7644,7703.0096,0
8478,32197.055,8251.1781,25413.6212,6827.9475,0
8479,33912.7129,8388.1237,25690.7211,5978.4945,0
8480,35457.565,9689.339,25147.6775,6059.746,0
8481,37013.6052,10862.3273,24019.6517,6484.6573,0
8482,39239.3529,12359.4383,22463.1748,6812.8676,0
8483,41939.711,13079.3773,20000.3969,7106.286,0
8484,42454.0413,13307.5943,18552.1534,7218.8556,0
8485,42091.3262,13339.8309,17448.5916,7209.1943,0
8486,41847.9523,13542.1913,16708.362,7662.3789,0
8487,41997.9428,14133.9352,16162.6575,7540.709,0
8488,43243.4222,13872.5136,14726.6735,7791.9655,0
8489,41923.6532,13921.0929,16562.5812,9465.0941,0
8490,39023.7122,15172.1911,20370.3126,11278.3924,0
8491,37248.5586,16614.2295,21979.6027,14523.6927,0
8492,37893.9803,17403.3002,23915.4498,14997.4583,0
8493,37358.2517,17065.873,24370.819,14699.0844,0
8494,36194.9368,16763.2696,24539.2928,13748.5238,0
8495,34935.1277,15353.8319,25301.7479,13126.7521,0
8496,33555.0974,14445.0306,25431.7503,12239.7011,0
8497,33124.6179,11674.3264,25289.0099,11576.664,0
8498,32199.0592,9052.8394,26319.6714,10605.1561,0
8499,30305.9625,9902.3584,25702.9729,9308.2528,0
8500,30005.6438,10133.4871,24135.9657,8920.0408,0
8501,29932.5268,10008.2048,23178.6742,8864.2873,0
8502,29727.4428,9347.3116,22870.9514,7489.757,0
8503,32484.7864,8574.6485,22087.9197,6093.494,0
8504,34411.7455,8571.8842,20143.7335,5854.1285,0
8505,36438.9685,9800.3972,17162.772,6135.3028,0
8506,38492.3902,10094.975,16147.725,6472.1294,0
8507,40758.8984,10706.487,15705.0036,6662.2248,0
8508,41941.7801,11110.9185,16177.9574,6837.2876,0
8509,42117.5524,11109.8295,16222.5833,6941.341,0
8510,41368.5206,11161.8529,16074.2351,6747.8686,0
8511,40733.6897,10901.9515,16890.9235,6573.4042,0
8512,41354.3735,10514.3698,18144.0578,6598.9374,0
8513,42165.4046,10475.2692,19616.3264,7508.0951,0
8514,40741.591,11255.2396,22172.5108,9461.3849,0
8515,38121.435,12929.4671,24380.2647,11706.783,0
8516,39158.614,14099.3655,25308.1356,12885.7685,0
8517,39543.185,14734.6155,24373.9881,13052.0742,0
8518,39272.4354,15436.5574,23877.6406,12622.4065,0
8519,38909.3771,15217.1151,23229.4799,12353.3102,0
8520,37701.9335,14966.2601,22369.0511,11695.8094,0
8521,37559.9455,12795.2495,21935.2177,10370.5932,0
8522,37892.5602,11823.2917,20872.1942,8408.5771,0
8523,37632.6192,11069.0525,20185.3399,7409.7188,0
8524,36739.4335,10020.054,20604.4872,7341.9566,0
8525,35857.8341,9066.3078,22076.4643,7319.3054,0
8526,34847.2696,9341.552,22878.7361,7005.9957,0
8527,36731.3826,10482.7074,22911.3368,6516.7784,0
8528,39642.5381,12351.3038,22801.2697,6808.0617,0
8529,43619.4737,13180.6257,22891.5225,6921.4145,0
8530,46116.8257,13593.415,22050.5263,7461.4958,0
8531,50381.5169,14749.6591,18277.9663,7806.9134,0
8532,52393.8613,14850.6006,18143.7245,8000.6982,0
8533,52346.3688,14351.777,17794.4987,8018.3642,0
8534,52433.9475,14594.624,18987.0527,8464.3614,0
8535,52543.1071,14617.9022,18964.6798,8790.2089,0
8536,52599.9166,13748.3863,18872.7132,9416.4455,0
8537,53475.0678,12776.6408,18408.2855,9959.5672,0
8538,50057.0433,14225.1131,18659.5673,10288.0019,0
8539,46116.2119,16069.1498,19828.9124,11702.5755,0
8540,46794.066,17303.1023,19979.8335,13880.1905,0
8541,47332.065,17013.128,19413.5205,14263.9728,0
8542,47521.5378,17839.3534,18516.8621,14291.8369,0
8543,47145.0716,17712.0361,18532.0245,13281.5562,0
8544,45323.2186,17527.4946,17758.1822,11622.875,0
8545,42316.8097,17315.1055,16629.9485,11264.5082,0
8546,40526.6532,14851.7974,16441.3106,11221.2628,0
8547,40632.0739,12591.5427,15721.6554,11412.4274,0
8548,39807.9506,11963.248,15729.9274,11088.0528,0
8549,39171.9273,11940.3515,16502.2572,9919.9254,0
8550,39188.1248,12422.6707,16539.5285,8732.9715,0
8551,40886.8801,12631.3154,17697.5722,7619.6802,0
8552,43079.9765,11749.7281,20782.9699,7495.9456,0
8553,45249.9905,12117.6748,23062.9784,7692.8643,0
8554,47311.7073,12516.7878,22615.5908,7976.8656,0
8555,49434.2354,13029.7387,21743.282,8498.8717,0
8556,50855.9106,13565.9062,21253.0703,8710.5898,0
8557,51527.3055,12849.7699,20713.8987,8820.383,0
8558,52275.707,13141.8276,20481.1772,8897.1553,0
8559,52159.3413,13485.4203,21073.7956,8851.7682,0
8560,50416.4078,12988.0025,22527.8163,9970.3208,0
8561,48995.4344,12155.0572,23872.959,11101.9381,0
8562,45267.8721,12875.7255,24467.6487,12153.1806,0
8563,42555.7,14196.6462,25459.7585,13406.5371,0
8564,45554.8797,15815.0949,24072.8642,13539.2147,0
8565,45349.2314,15964.608,24661.9164,13325.3549,0
8566,44797.2074,16179.6525,25060.7819,13330.1113,0
8567,44057.0669,16232.7792,24142.3039,13546.2921,0
8568,40568.7799,16006.5235,24752.1901,13188.0958,0
8569,38708.4005,15335.0329,24287.0056,11501.2689,0
8570,38128.7082,14553.1067,24554.9084,8344.2348,0
8571,37460.4538,13065.2038,24234.738,7623.627,0
8572,36900.2194,11019.6207,24510.3452,7732.6689,0
8573,36149.9655,10334.9345,24657.952,7570.0482,0
8574,34556.6936,10368.0456,24453.704,7379.0651,0
8575,35933.5922,9334.4075,24965.0159,7121.0469,0
8576,38477.1981,9484.5014,24969.4049,7528.84,0
8577,40682.0568,9703.7457,25303.9985,7216.3597,0
8578,43362.9163,10258.5373,22517.5577,7413.1662,0
8579,44069.8159,11160.6352,21699.4118,7690.7776,0
8580,44837.7897,11451.2299,22190.4386,7861.0741,0
8581,44867.7779,11336.4548,21687.1732,7822.6148,0
8582,44077.0814,11354.0977,22048.3549,7792.7168,0
8583,43682.9052,11395.846,22709.4428,7501.9692,0
8584,45217.4734,10105.9112,22506.6094,8248.8186,0
8585,46377.6324,10337.7538,20447.7977,9966.5258,0
8586,43799.4062,11549.5336,21918.5296,12113.8193,0
8587,42714.5323,13182.1646,23963.7574,13360.8816,0
8588,43782.9172,15488.1078,24998.2117,13141.3733,0
8589,41802.5113,14902.0564,25028.168,11986.876,0
8590,38162.135,14057.263,24904.077,10854.2907,0
8591,35801.612,12691.6394,24672.3708,10173.8857,0
8592,34604.4457,12057.5422,25314.5365,8841.8803,0
8593,34208.8945,13075.5042,24844.2623,7407.2823,0
8594,33373.8878,14643.8721,24885.0459,6870.347,0
8595,33028.5813,15137.276,24445.4782,6737.0479,0
8596,32461.5797,14415.5176,24309.9241,6633.0748,0
8597,31851.1358,13414.3922,24038.1526,6799.3035,0
8598,30710.1905,11821.733,24002.0286,6553.2544,0
8599,33879.2817,10919.5735,20647.7249,6082.4984,0
8600,35936.6216,9040.5744,20153.0318,5765.8326,0
8601,38357.6248,8126.8385,17560.1767,6067.3404,0
8602,39940.582,8998.9625,14369.4573,6698.4148,0
8603,41571.0856,9771.0844,13161.995,6937.9585,0
8604,42310.037,9973.227,13180.1802,7098.267,0
8605,42057.2878,9110.8358,13245.4399,7203.1432,0
8606,41074.5588,8670.0284,12998.9024,7126.4292,0
8607,39325.9229,8409.5825,14269.8413,6968.3834,0
8608,37279.473,8237.8505,16649.6033,6585.6241,0
8609,37857.8827,8746.2287,18151.3321,7081.8253,0
8610,38467.9801,11487.6091,17951.3103,8356.8969,0
8611,38322.0651,13229.3579,20158.3074,10055.9503,0
8612,40652.7253,13762.6731,21881.7203,11840.4,0
8613,41041.8393,13706.7436,23117.3767,12618.2694,0
8614,41058.7804,13777.6969,23895.6113,12827.8964,0
8615,40474.1766,14227.7036,23757.8462,12705.1452,0
8616,37989.8068,14495.0124,23234.5465,12777.1941,0
8617,36544.0515,13990.6987,22704.0627,11199.3475,0
8618,34974.4428,13867.986,23130.8814,9342.1911,0
8619,34665.8389,13305.8112,24018.9939,7030.0978,0
8620,34209.7327,13182.4726,23476.9414,6486.4228,0
8621,34003.2517,12806.5278,23087.0068,6468.2431,0
8622,34242.8713,12146.266,22552.3628,6478.7877,0
8623,36799.2812,10759.8887,22258.6122,6363.8157,0
8624,40544.0101,10448.2708,21134.4331,7133.2239,0
8625,43494.5104,11534.1468,20148.8089,7383.134,0
8626,45372.0916,12455.3121,19688.9396,7625.673,0
8627,46817.0197,13489.8324,19196.2452,7975.6149,0
8628,47973.5179,13954.325,19798.3456,8164.9271,0
8629,48247.7061,13858.328,21029.0212,8178.5242,0
8630,47679.2074,13891.5469,22397.6797,8389.0213,0
8631,48295.6243,14478.6334,21347.5713,8307.2451,0
8632,49481.3187,13709.1097,20596.1393,9292.5525,0
8633,51046.7452,12735.8066,20231.0526,10193.8089,0
8634,49289.8439,13471.7462,19575.8266,11523.1017,0
8635,47043.1082,14369.8126,20155.1317,12987.4613,0
8636,47025.6941,15846.4779,22165.7403,13713.7891,0
8637,46516.1103,15736.5461,23061.4923,14012.8131,0
8638,46310.0231,15560.864,23315.3822,14455.3244,0
8639,45656.1061,15533.6401,22018.8056,15026.2849,0
8640,43839.576,15723.6585,21426.4941,14522.5938,0
8641,41819.4766,15657.2933,21594.9294,12442.43,0
8642,40139.9691,15571.5043,21684.2021,10549.7535,0
8643,38608.5766,15161.7367,22153.0199,9217.9065,0
8644,36993.9713,15146.054,22042.3335,8786.5624,0
8645,37142.5516,14906.0186,20876.1927,8703.5751,0
8646,37241.8211,13707.3684,20208.177,8543.3788,0
8647,37748.3249,11005.566,22442.1989,8320.7696,0
8648,40167.2359,10460.1486,23034.7073,8058.2557,0
8649,41559.3937,11459.0102,22376.6554,7808.7119,0
8650,42825.0273,12572.7217,20898.6184,8226.0706,0
8651,44738.1858,13754.0898,19361.3585,8616.7323,0
8652,46064.3447,14833.0314,18802.5079,8793.1943,0
8653,46666.7003,14899.2437,18314.2047,8686.8947,0
8654,47214.1758,14321.9835,18495.2636,8360.682,0
8655,47007.6552,13114.2946,19588.0872,8121.0943,0
8656,44850.8511,13533.3902,20611.1631,9325.4931,0
8657,43829.7255,13928.2077,19144.1635,11524.5768,0
8658,43563.8203,14804.2114,18623.1507,13614.2941,0
8659,43432.1327,15687.0538,20164.5059,14859.9374,0
8660,44506.7645,15489.0923,22698.8091,15868.9146,0
8661,43683.9425,15198.3513,23888.2039,16200.4172,0
8662,42616.3771,15410.1222,23812.7956,16427.9093,0
8663,42432.0248,15351.2843,22222.2693,16456.539,0
8664,41380.537,15205.0316,21206.1157,15732.1703,0
8665,39661.4273,14912.4382,20807.4471,14650.3951,0
8666,38036.7075,14395.7803,21689.2159,12596.7732,0
8667,37092.9801,14224.5741,21765.5658,10915.41,0
8668,36630.4708,14324.5201,21157.0183,9671.5157,0
8669,36681.8067,14426.5,19673.0666,9260.9044,0
8670,36477.012,13898.1051,18880.1932,8393.3234,0
8671,36594.2357,11456.038,20705.8896,7715.4429,0
8672,38199.6549,9989.419,20902.2154,7353.9411,0
8673,39864.605,10314.5383,19356.6538,7238.1892,0
8674,41495.2846,11420.2033,17085.9546,7695.5065,0
8675,43298.6334,12110.4599,15843.3616,8104.9716,0
8676,44617.9767,12258.2482,16655.4762,8244.0325,0
8677,44918.2998,11802.2058,17561.5847,8091.5076,0
8678,44339.2499,10975.3765,17911.9776,7928.3325,0
8679,44571.5028,10546.8671,18131.1603,8033.3946,0
8680,44523.3129,10154.6841,19355.5703,8422.1929,0
8681,44102.4441,9494.4729,19434.4777,10307.9735,0
8682,43553.1118,11232.4256,18391.615,13135.9569,0
8683,42587.7067,14272.1854,18671.3978,14665.8578,0
8684,42883.2723,14896.7126,20617.0822,15972.429,0
8685,42407.0416,14609.4223,21635.9957,16717.745,0
8686,42139.1003,14808.5366,21372.3873,17219.0205,0
8687,43257.016,15670.6495,19135.8992,17116.2112,0
8688,42685.808,15610.1286,17964.0153,16186.1458,0
8689,41192.4007,14858.4293,18017.0276,14973.3078,0
8690,40141.6202,15363.8694,17350.3605,13001.0221,0
8691,40139.4675,15299.0893,16542.1751,11363.847,0
8692,40035.974,15513.4639,15703.0533,10332.0921,0
8693,40243.5077,15540.536,14848.0068,10022.2122,0
8694,39798.7513,15075.7222,15111.5503,9729.6177,0
8695,39517.335,14059.7226,17868.5727,9097.7326,0
8696,41798.7911,13730.3122,19450.9458,8623.5886,0
8697,45525.7462,12928.08,20531.1689,8728.6276,0
8698,48267.1882,12673.3618,20322.7101,8987.8591,0
8699,50427.4067,13486.3861,19045.9401,9070.8398,0
8700,51046.8486,13847.9429,19372.518,9148.1764,0
8701,51202.5085,13161.9224,19864.2763,9285.2452,0
8702,52345.0653,12528.2795,20951.6736,9313.6065,0
8703,52974.3258,12525.2171,21860.377,9235.5703,0
8704,51981.4229,13037.3133,22737.1573,9882.4781,0
8705,51190.6637,13825.0673,22507.7446,11305.7417,0
8706,50443.6196,13517.0211,19821.7833,14297.7989,0
8707,47540.6547,12887.8706,20486.8147,16096.4265,0
8708,48317.5165,12614.9815,22286.4928,16691.257,0
8709,48007.9391,12685.8336,23173.1291,17400.5051,0
8710,47951.8028,13076.008,23148.8697,17448.3221,0
8711,46686.3749,13493.9563,22227.5262,17497.4382,0
8712,43860.4815,14371.8355,20859.8467,16744.7005,0
8713,40924.95,16793.392,18079.9289,14600.7884,0
8714,40060.0926,17899.6466,15902.2534,13585.8173,0
8715,41175.4365,17907.9054,14221.6888,11475.4057,0
8716,42315.4776,17840.0849,12662.3915,10109.0891,0
8717,41441.4627,17857.1756,13017.5067,9549.1836,0
8718,40421.436,17649.7915,13022.7856,9482.5852,0
8719,40749.6628,14200.0067,16471.1019,9186.76,0
8720,41166.0161,14622.5013,19027.4975,8858.9215,0
8721,43843.987,14799.3417,20020.2926,8717.0787,0
8722,46351.0872,13980.6799,19460.0813,9005.1115,0
8723,49013.9672,13309.1211,19214.5866,9226.8341,0
8724,50457.3696,13399.6533,20394.3608,9331.1482,0
8725,50484.4901,13437.2051,20874.7869,9269.3876,0
8726,48887.1229,13439.2907,23231.1398,9330.8545,0
8727,47234.154,14199.2026,24951.1768,9182.8748,0
8728,45903.7667,14922.2854,24991.1739,9672.8423,0
8729,43500.8948,16156.9639,23863.7707,12190.09,0
8730,42290.0775,16935.6462,21247.4966,14212.9097,0
8731,42887.4732,15471.4186,21815.7324,15407.3931,0
8732,44055.2508,15053.0754,22977.4765,17851.3874,0
8733,44295.2147,15213.649,22898.5218,18413.8658,0
8734,44293.8793,15481.9742,22694.8568,18418.4033,0
8735,43495.529,15668.0557,22086.7053,18418.5804,0
8736,41331.5606,15570.027,21607.531,18047.9398,0
8737,38747.7376,17165.335,19623.164,16656.7863,0
8738,38988.334,16045.1863,17764.0826,15281.222,0
8739,38788.0482,15802.2931,17339.7994,12926.0923,0
8740,38193.0912,16121.3866,17077.5385,10936.1065,0
8741,37608.7899,16662.4953,16298.3942,10592.879,0
8742,37212.5897,16513.0988,15877.7465,9769.331,0
8743,36412.9975,14680.7584,18646.8106,9043.7897,0
8744,39441.4328,11648.175,22198.759,8439.3782,0
8745,42006.4337,12023.2365,23138.3889,8296.5971,0
8746,44928.4946,12309.5544,21453.8368,8482.683,0
8747,46146.0901,12854.2524,19780.1923,8795.2271,0
8748,46002.3575,13519.2541,19385.7752,8872.0786,0
8749,45816.3904,14048.3145,18502.6072,8404.231,0
8750,45678.1776,14180.1495,17645.3398,7994.9793,0
8751,45803.3455,13682.8153,16356.8812,7840.1026,0
8752,44171.93,13466.2539,16250.8038,8965.1034,0
8753,42064.8316,12689.061,18881.0765,11722.0807,0
8754,41618.6342,13543.8743,19134.962,14267.3223,0
8755,41152.3871,14372.7221,20152.1848,16490.0087,0
8756,42918.5449,16053.6915,20122.0943,17901.3989,0
8757,42131.8623,16055.7111,19051.2036,17922.8764,0
8758,39974.77,14788.0546,18427.3364,17151.8457,0
8759,36649.9067,14483.0576,18429.818,15394.2393,0
8760,35489.7048,13892.7008,16541.7692,14929.6323,0
