Time_Index,elec_demand_SE,elec_demand_S,elec_demand_NE,elec_demand_N,Demand_Zero
1,31588.1448,11344.3068,22440.8292,10717.2504,0
2,31178.8596,11978.7012,22755.9996,10695.3624,0
3,30879.4236,11394.3732,23501.2836,10685.1852,0
4,30047.172,11218.6908,23315.2308,10705.3956,0
5,28963.7172,10641.6972,23868.3624,10644.0264,0
6,27659.5572,10514.1804,23970.3804,9614.6352,0
7,28482.5736,10858.362,23231.0868,7938.5028,0
8,31440.7404,9864.3876,21754.7568,7222.8552,0
9,34051.9032,10441.02,18453.0192,7030.152,0
10,36656.3076,10670.754,16087.1796,7439.304,0
11,38484.4116,11488.6404,14854.662,7763.0964,0
12,38612.7516,12589.7352,14891.3004,7853.8848,0
13,37921.224,12651.2556,14886.5556,7818.0756,0
14,37115.7312,12343.4592,15073.0392,7666.4028,0
15,35904.696,12406.32,16562.112,7483.2096,0
16,35421.6204,12831.2568,18576.7776,7218.8316,0
17,35599.5,14160.4992,19520.958,7325.6172,0
18,36678.5652,14898.546,18639.5916,8854.0704,0
19,37436.8788,14649.306,20789.1216,11099.3472,0
20,39351.2664,14640.7668,22704.3684,13379.124,0
21,39635.886,14481.0768,22797.5448,14371.4544,0
22,39877.008,13698.0912,22592.0304,14982.606,0
23,39149.8356,12868.8024,22601.9844,15048.1056,0
24,37911.222,10739.9688,23072.3628,14830.8564,0
25,38007.7872,9091.23,22658.0376,13162.152,0
26,37114.4196,9247.6752,22613.6712,10602.0312,0
27,36496.224,8733.516,23221.0104,8988.3108,0
28,35759.1312,8351.0592,23289.0852,8593.2288,0
29,35530.1532,8595.8124,22649.3916,8585.6772,0
30,35661.0936,8555.3076,22965.3504,8088.3084,0
31,36427.2732,9276.3204,24817.6464,7104.966,0
32,38598.5976,10009.2384,27526.074,7090.7064,0
33,41993.2056,10770.3372,27548.5476,7290.612,0
34,44811.9396,12338.0172,25143.0612,7785.5484,0
35,47575.932,13312.0212,24632.1492,8012.8536,0
36,49730.5404,14322.4548,23418.09,8020.4208,0
37,50524.1784,14609.2152,22115.4996,7906.4232,0
38,50979.9948,15506.316,22160.7792,8174.4504,0
39,52070.0244,14347.974,22918.8612,9524.2368,0
40,51924.4056,13655.0328,22900.7712,10657.236,0
41,51217.3584,13499.5248,22218.7476,12269.3124,0
42,46728.4284,14377.0908,21300.2184,14817.8448,0
43,45196.8492,14106.0144,21881.1948,16231.6224,0
44,45530.9928,13828.7988,24744.7764,18386.6004,0
45,45004.3992,13612.7304,25753.5708,18975.9636,0
46,44573.9412,13576.2384,26100.174,18731.634,0
47,43205.0196,13621.0584,25330.2492,18185.6988,0
48,41083.7964,12393.804,24599.0136,18059.4144,0
49,37495.2156,11388.9276,24558.7512,17946.0864,0
50,35776.3032,10169.0724,25061.8032,16553.0724,0
51,35416.1292,9519.09,25494.3216,14239.8744,0
52,35286.8148,9261.8832,25328.7792,13106.8212,0
53,35206.5384,9276.0732,24804.8844,12912.432,0
54,35551.7352,9978.6096,24396.9636,11543.3664,0
55,38177.544,10594.2948,25055.9892,8987.1132,0
56,40757.394,11684.2356,27469.2504,7409.97,0
57,43413.3084,13181.1264,28166.0772,7211.8248,0
58,46242.2976,13939.9188,26686.6536,7558.524,0
59,48452.502,15083.0844,25168.8552,7839.4896,0
60,50438.8488,15556.086,23768.7696,7894.9536,0
61,51526.2516,15394.6188,22601.0664,7826.52,0
62,52564.8612,15066.7512,22750.0752,9049.8456,0
63,52178.7972,16921.9476,22213.218,10189.4652,0
64,51469.4712,17334.492,20987.0844,11359.9452,0
65,49812.6,17978.5116,19794.5004,12875.3916,0
66,48025.152,17321.2944,19681.7928,13845.0648,0
67,46420.9116,15809.1684,20969.8032,15530.0808,0
68,47236.2288,14439.2952,23360.4036,17616.7668,0
69,48007.6032,14003.94,23645.4948,18362.2608,0
70,47787.0504,13626.5208,23780.0424,18155.0112,0
71,46891.4244,13256.0544,23577.138,17846.6724,0
72,44579.9844,12334.8804,23325.1488,17619.6924,0
73,40996.2468,11828.6004,22594.8888,17930.748,0
74,39531.5748,11676.9096,21184.4568,16769.346,0
75,38368.9548,11611.02,20454.9,15662.4552,0
76,37698.0288,11449.566,20128.7052,14861.4156,0
77,37575.8496,11522.832,19423.884,14437.4724,0
78,37568.202,11666.4696,18041.4252,13929.552,0
79,38005.3464,11235.8832,19170.9936,12669.6264,0
80,40600.3932,10692.3648,22866.4788,9250.632,0
81,42881.0064,11778.7776,23674.2996,7049.802,0
82,44339.3568,13529.9172,22772.7264,7300.2564,0
83,45179.5716,14260.6992,22754.1852,7735.206,0
84,45492.2784,14928,22829.2368,7564.8288,0
85,45131.4288,15194.232,22357.746,7566.9948,0
86,46048.5396,15506.8224,21922.3248,7508.1528,0
87,46475.9796,15069.0636,22055.2128,7680.0948,0
88,46654.2684,14454.0408,20945.9364,8448.0828,0
89,46040.3556,13947.222,20489.2524,10229.346,0
90,45278.376,13587.4644,21207.9816,12645.8112,0
91,44991.7752,15551.9676,21323.3472,14945.9016,0
92,45229.2168,15944.7924,23251.6728,16774.1388,0
93,46455.2004,15452.7852,22676.994,17030.4756,0
94,46096.9452,14987.7864,21505.6608,16832.97,0
95,44489.172,14946.6432,20941.2948,15720.6816,0
96,43067.67,14271.5064,19949.5248,15619.4532,0
97,41341.9032,13662.9996,18696.576,15254.5212,0
98,40486.4916,12961.2492,17312.6964,14412.2064,0
99,39590.4228,11627.2824,17292.6456,13960.1952,0
100,39220.8948,10341.4176,17496.5172,13615.4544,0
101,39336.6252,10384.8228,16770.3564,12821.9124,0
102,39020.9196,10266.5364,16943.8152,10633.0944,0
103,37215.5328,10651.128,19415.4396,8237.3796,0
104,36863.9712,10897.7964,20818.1304,6749.3844,0
105,38875.7292,10781.4984,19489.3308,6868.0536,0
106,41184.7872,11023.1436,17543.046,7145.0952,0
107,42820.5312,12279.72,16444.1412,7398.2556,0
108,43922.5236,13070.4696,16647.6204,7451.5296,0
109,43985.3916,13158.6072,16794.4632,7331.2164,0
110,43026.366,12607.9452,17485.9092,7387.9932,0
111,42358.0344,11952.9696,18360.582,7391.7036,0
112,42569.8068,10881.7776,19947.5424,7580.754,0
113,44041.7976,11828.3136,18945.6984,8255.124,0
114,44031.1668,14135.7132,18458.118,10229.7096,0
115,43541.3328,15011.3964,19159.3224,14254.3032,0
116,44807.1492,14516.298,20679.3708,16468.5036,0
117,45801.636,14386.68,20308.0236,17724.852,0
118,45745.692,14518.2816,19532.2956,17685.6372,0
119,45531.8016,14664.7224,18655.3176,17204.5728,0
120,44948.3916,14569.3668,17901.588,15278.7156,0
121,42983.8308,14540.3652,16773.8172,14265.9132,0
122,41939.9436,14699.6232,15472.3812,13136.7504,0
123,41064.3048,14443.638,15165.3204,12136.8048,0
124,40482.6852,15034.8252,14975.6748,10729.5636,0
125,40361.9412,15092.796,14798.9484,10622.1252,0
126,40534.8456,14834.0508,14787.4056,10799.7192,0
127,42332.958,15400.3776,16055.5272,9985.6428,0
128,46749.1104,14482.5708,20479.1724,8341.9488,0
129,49545.0816,15429.8508,23516.5656,7500.2556,0
130,51951.084,15883.6632,24205.2816,7354.38,0
131,54633.6108,16372.7808,24503.0328,7581.276,0
132,55272.1512,17143.8048,24509.6352,7629.0144,0
133,54312.7956,17237.4588,23776.344,7713.0132,0
134,54685.2828,19074.2028,22820.1468,8731.2468,0
135,54330.6036,19704.5988,22251.9588,10837.2012,0
136,52601.6676,21289.7808,20712.9816,12549.5124,0
137,53597.3328,19800.5196,19048.9296,14284.5924,0
138,52730.5296,17806.8732,17734.608,14419.71,0
139,50067.9072,18007.3104,17887.9236,16041.9108,0
140,51692.3748,18016.7736,17947.3668,18866.3436,0
141,52874.8284,18128.0256,17625.3912,19709.1,0
142,53327.2488,18207.7968,16043.4564,20442.5856,0
143,52076.3652,17944.2096,14849.6484,20137.5816,0
144,50600.9496,17757.7104,13516.6428,18098.1384,0
145,47738.1036,17530.6524,12397.1124,16918.4484,0
146,45850.0764,16679.4432,11827.344,16041.4344,0
147,44850.522,14977.3524,10824.6408,16210.53,0
148,44815.26,14091.1248,10310.8812,16086.5904,0
149,44440.2528,13872.0984,10821.9816,15603.3516,0
150,44193.3072,13958.4228,11628.1128,14739.3552,0
151,45621.804,14148.8196,13081.0308,13972.8612,0
152,47878.9104,15245.6664,16415.3256,13902.8892,0
153,51249.6444,15801.5496,19350.0252,13090.0884,0
154,53759.8164,15323.5572,20833.08,12912.8712,0
155,55212.9564,15976.9428,21182.718,12640.0356,0
156,55660.0632,16611.2784,21247.3632,12279.672,0
157,54183.3396,16566.6588,21370.8768,12238.746,0
158,54782.0724,17233.1172,21403.6572,13595.826,0
159,54365.322,19471.3836,20930.0532,13742.592,0
160,53686.3764,20178.8412,20933.7156,13337.3928,0
161,54090.3444,19804.368,19582.2552,14257.332,0
162,51784.6572,17288.4048,19298.2212,15164.0076,0
163,49412.7528,16172.5956,19775.0736,16317.2736,0
164,50174.0844,16092.6792,19852.932,19631.6424,0
165,52473.1896,16641.1212,18373.1424,20070.2052,0
166,52911.132,17421.6264,17332.326,19947.192,0
167,51778.6872,18140.5476,15812.8488,19239.7404,0
168,49927.3008,18067.9392,13521.228,18702.7212,0
169,48399.6336,17148.3132,12165.18,17363.184,0
170,47658.948,15737.502,11119.3524,16532.9136,0
171,46478.8272,14034.7884,11302.6332,15766.2528,0
172,45039.9612,13967.3424,11334.432,15577.314,0
173,44747.6796,14445.1368,10931.8104,15223.8996,0
174,45007.4676,15028.272,10756.0752,14806.1148,0
175,46761.9264,16202.7288,11508.3888,13873.6032,0
176,48450.1332,17165.9796,14699.0964,14057.0472,0
177,50367.3996,18322.1892,16627.1016,14717.9844,0
178,52778.2896,17961.5112,18026.2116,14166.744,0
179,54010.5348,18514.0776,18663.5568,14761.3596,0
180,54770.8932,18475.8504,19565.4348,14700.9,0
181,54870.4548,17874.9072,19543.5708,14117.9544,0
182,56044.0368,19078.4352,18984.0444,15345.06,0
183,57844.6392,18961.3404,18638.964,15955.8228,0
184,58133.0388,18411.3216,18007.8204,16359.4992,0
185,57834.0216,18674.6556,16426.2432,16358.3676,0
186,54749.772,17373.1548,15870.996,16720.32,0
187,53075.8884,15956.8632,16606.7328,18818.766,0
188,53286.2352,16430.844,17592.2448,20822.9496,0
189,53550.0888,17224.3692,17117.058,20963.8188,0
190,54441.9876,17270.0004,15926.3724,21053.0136,0
191,54030.9816,17266.1244,13672.3896,20786.04,0
192,50957.6292,17294.9088,12243.564,20341.5876,0
193,47792.0952,17168.6676,11131.8552,18323.2728,0
194,45920.3724,16721.4384,10745.1756,16749.4752,0
195,44290.1928,15933.2256,10971.468,15574.098,0
196,43055.8392,15264.7644,11628.6864,15067.0404,0
197,42227.8776,14707.1292,12569.5908,15175.9944,0
198,42143.418,14247.8196,12904.518,15782.5116,0
199,43815.0552,14666.3208,13457.3628,15981.5532,0
200,46124.9844,14733.828,17108.4984,16348.3236,0
201,48631.1136,15991.602,19175.2992,16288.6392,0
202,50884.884,16372.4064,19996.2744,15976.2504,0
203,53880.714,16688.1708,20919.1308,14137.8708,0
204,54447.4524,16127.8344,22671.2388,13233.9144,0
205,54656.2548,14839.2312,22906.0944,12328.9452,0
206,54938.0748,17410.2936,21692.0148,13569.7704,0
207,54665.6148,18644.8104,21391.7676,15747.5628,0
208,53647.3752,18027.6396,21480.3168,16721.8968,0
209,54066.072,17514.2904,20012.8104,16520.8188,0
210,52737.354,15571.104,19015.2432,16556.6976,0
211,51602.8692,15100.728,17746.2672,18724.3056,0
212,53407.2492,16583.406,17067.7212,20144.0508,0
213,54150.6888,16494.7536,16345.6776,21336.5316,0
214,54209.34,17130.5064,15269.91,21296.226,0
215,52430.4804,17309.0328,14089.224,20977.3932,0
216,51209.1888,16823.562,12558.0144,19451.9184,0
217,48366.648,16885.6692,10988.1564,17958.054,0
218,46486.3644,15305.7756,10054.224,16995.2544,0
219,44951.6208,14226.2364,9342.9888,16969.59,0
220,44008.9116,14400.3684,8796.4056,16882.4616,0
221,43833.2988,14603.6316,8538.0444,16812.6324,0
222,43835.0316,14717.64,8646.4188,16670.1048,0
223,45476.1492,14534.1624,10526.232,16179.0372,0
224,48471.8292,15239.5584,13687.9368,16145.3496,0
225,51301.164,15902.3028,16882.1184,15509.916,0
226,51985.29,16650.3948,19652.676,13661.508,0
227,52312.1208,18208.3368,21980.9292,13324.5216,0
228,53150.6772,18741.1356,22444.1028,13036.6488,0
229,52257.2088,18174.4644,22616.0532,12707.7144,0
230,53373.1368,18672.144,22712.2956,13043.4864,0
231,54032.3952,19119.4728,22108.9548,13564.9896,0
232,53344.4664,18451.5684,21695.394,15253.5192,0
233,53564.5524,16080.0432,20248.9668,16511.2164,0
234,51371.13,14827.8264,18581.1816,17945.1576,0
235,48965.9916,14991.9228,18023.736,20301.72,0
236,51478.0668,16120.386,16686.7188,22252.92,0
237,51560.7504,16805.268,15319.566,23369.7384,0
238,51772.014,16755.7884,14253.8544,23318.0064,0
239,51201.3864,16462.1304,13469.4732,21886.4688,0
240,49919.9556,15810.6,12325.566,20742.8904,0
241,47828.2836,15173.7636,11849.8104,18897.0924,0
242,46239.0444,12473.9232,11798.6328,18640.7496,0
243,44700.4452,11046.4056,11132.0244,18611.4768,0
244,43540.6272,11539.4232,10769.7684,17724.0648,0
245,43198.7628,11907.2712,10167.7068,17302.7736,0
246,43302.3012,11492.5164,10210.476,16525.6368,0
247,44651.322,10937.7528,11767.7436,15136.7436,0
248,47420.1648,11392.3092,14154.4428,12388.2864,0
249,48579.9936,12079.5948,17495.478,10385.1156,0
250,51233.2908,10795.2084,20299.8972,9456.6924,0
251,51102.4764,11111.7372,22271.0364,9310.0296,0
252,51034.3392,12651.5352,22343.9664,9430.9308,0
253,50676.18,13327.56,21960.828,9534.354,0
254,51412.2144,12814.7124,21363.8004,9741.7008,0
255,52409.1972,11815.4928,20141.0244,9905.5092,0
256,52337.3868,11429.7612,19540.242,10029.63,0
257,51794.8872,12551.7984,18023.9004,11254.242,0
258,50602.4364,13313.3724,15711.156,14027.7228,0
259,51502.6416,13858.9188,15198.3108,16435.9764,0
260,54072.2496,14502.2412,14403.8364,18639.7656,0
261,54219.8952,14215.62,13735.5168,19250.676,0
262,52866.0768,13670.3832,13712.22,18476.8212,0
263,51278.6052,13850.8632,13409.7144,17094.0648,0
264,49702.0188,13299.234,12422.3952,16949.2716,0
265,46937.2632,13033.422,10964.4048,16515.084,0
266,45082.6428,12448.236,9737.1948,16498.7916,0
267,43161.8376,12245.4984,9310.9452,16489.8864,0
268,41800.8432,10692.288,10417.4292,16381.2588,0
269,41039.9424,10291.7148,10353.5628,16457.9604,0
270,41000.4612,9807.306,10444.3548,15031.1376,0
271,41387.3772,9490.1316,11502.8112,12774.6228,0
272,43199.0796,8004.714,13871.658,11094.7104,0
273,43193.718,7959.8124,17105.3124,9461.2356,0
274,42166.6716,9960.8964,17118.5196,8735.5452,0
275,42826.2444,10840.8924,16855.3068,8794.6908,0
276,43964.4852,11342.2248,17250.4488,8822.3232,0
277,44151.03,11315.9652,17574.6852,8787.36,0
278,44335.4244,11027.7612,17516.034,8936.58,0
279,45357.1272,9792.8748,16674.8568,10078.4412,0
280,46371.066,9659.5284,15278.2632,9986.9652,0
281,48305.8032,9416.5308,12849.0492,11230.5024,0
282,47888.6988,10324.8528,12587.7588,14097.444,0
283,47353.014,12399.6012,13856.9844,15620.7288,0
284,49529.49,13765.0932,14317.3896,16288.02,0
285,50449.7268,14669.0316,13154.5248,17150.9976,0
286,50419.728,14958.546,11881.1004,17254.08,0
287,49571.5128,14532.0204,11307.7908,17180.1372,0
288,46771.7376,14446.17,11273.1996,16539.8736,0
289,45009.3096,11754.3576,10743.4404,17544.1584,0
290,43135.428,7625.8884,11045.1516,20018.6064,0
291,42561.1884,5006.1504,11509.74,20947.5252,0
292,41060.4984,6154.47,11178.4524,20257.1892,0
293,41192.6568,6239.6076,10818.6264,20219.736,0
294,41043.528,6923.2236,11194.1208,20399.8272,0
295,42261.8544,8219.916,12558.9264,19802.364,0
296,45751.5084,10118.508,14561.556,19649.7168,0
297,49513.224,11815.9056,17576.9172,17257.8888,0
298,52241.574,13747.1892,17705.8224,15128.646,0
299,53778.3096,16010.3616,17440.0296,15306.7728,0
300,54425.982,15755.3688,18447.7332,14953.482,0
301,53368.0188,16340.2212,17791.5384,15242.3148,0
302,54870.1836,17456.5836,18086.1384,16302.7608,0
303,55591.0704,17365.0536,17536.7388,17912.526,0
304,55462.9584,16682.8596,15004.434,20995.4616,0
305,53610.7608,18440.8428,12414.456,22688.8944,0
306,50633.2716,17605.506,11112.7284,23518.8792,0
307,50410.9824,16772.6652,11286.2256,23432.706,0
308,53938.2396,17778.6084,11323.4184,23414.0004,0
309,55478.2812,17906.6988,11336.6712,23302.2828,0
310,54840.9264,18054.9684,11251.7304,23300.6088,0
311,52461.3804,17793.2184,10290.75,23271.8604,0
312,49248.8712,16058.4168,9847.0668,23297.076,0
313,47660.514,13438.1724,9212.424,22125.9984,0
314,46457.808,11811.8808,8596.6704,21295.3476,0
315,45943.2792,9571.2348,8358.6504,21255.1416,0
316,44869.0356,8724.1224,8429.1348,20683.7712,0
317,45343.7268,8634.2904,7682.9112,20875.5288,0
318,45389.5788,10137.4044,7390.4556,20219.8872,0
319,47370.606,11470.7364,8950.0824,18520.0752,0
320,51630.4332,13031.6004,11365.9644,17756.5344,0
321,53619.4392,14451.4296,14583.324,17020.2492,0
322,54611.112,14632.5012,17211.6084,15614.9952,0
323,53829.468,16510.8744,18597.4332,14575.362,0
324,53334.2328,17698.6464,19051.4124,13937.28,0
325,52575.3684,16965.8376,19824.786,14294.142,0
326,55890.0768,17546.0892,18724.4172,15057.618,0
327,55924.536,18423.3816,18539.3388,16438.9596,0
328,55399.4292,18293.9676,16926.2736,18733.242,0
329,53914.9344,18177.2244,14631.8496,21803.0268,0
330,51366.7728,17665.3308,12798.0744,22085.4252,0
331,50762.1828,16255.9152,13755.8508,21832.8408,0
332,53382.0492,17633.328,13023.5892,22973.8212,0
333,52915.4916,19020.0168,12849.294,23099.526,0
334,52296.156,18525.0072,12884.4816,23115.8664,0
335,50787.7896,16680.0048,12827.9628,22913.8884,0
336,48106.6152,14901.4476,11389.4796,22544.9688,0
337,45807.7356,13231.2636,11077.7532,21119.3412,0
338,44977.2156,9896.2044,12044.3496,20435.4624,0
339,44756.2824,8203.3692,11530.776,20194.7088,0
340,44367.6552,7890.4884,10527.0516,19573.1832,0
341,44288.7948,8006.706,10453.1544,19549.8828,0
342,43846.5324,10077.744,10292.7948,19039.8384,0
343,45316.032,10863.48,11174.1744,18845.4444,0
344,48487.338,13447.962,12897.9156,18662.1936,0
345,50294.5116,15739.8264,15126.7812,17442.528,0
346,51304.6068,16460.1564,16924.668,15213.0744,0
347,53129.2428,16910.6652,17909.466,14359.5144,0
348,53015.7204,17473.4964,18992.3508,14204.4408,0
349,53347.0704,17331.0936,18150.3972,14096.0928,0
350,55092.3408,18596.8152,16873.7844,15129.6396,0
351,54746.1288,19163.1672,15978.7272,18347.7636,0
352,55144.4124,18382.1004,14654.8968,21027.588,0
353,56775.2904,18744.228,11418.6072,21570.4416,0
354,53912.2428,18171.0996,9663.36,21749.1564,0
355,52494.588,18520.656,9870.2016,22908.6828,0
356,54287.5188,19120.092,10498.4208,23662.5,0
357,54911.5932,19157.8548,10169.3868,23962.0764,0
358,54983.5116,19271.634,9350.0964,23965.3392,0
359,53817.9672,19193.862,7971.8628,23933.1108,0
360,50243.5536,17918.2764,7413.1152,23806.6992,0
361,48561.972,14751.1476,6860.0292,23369.1408,0
362,48143.1252,11374.08,6772.6788,23111.6268,0
363,47853.4548,9260.082,6790.1772,22538.478,0
364,47253.4776,8633.904,6889.9176,21099.804,0
365,46433.6856,8827.146,7020.3216,21522.2376,0
366,46647.6732,8710.6968,7650.7668,21663.6084,0
367,47299.1016,10296.6996,9122.8548,20665.0044,0
368,49352.4036,13072.776,11927.1312,20064.876,0
369,51232.6428,15849.4536,14855.814,18817.116,0
370,51958.3812,17840.0052,16417.914,18173.646,0
371,53451.222,18695.022,18043.7736,16882.5432,0
372,55672.6536,19379.2464,18429.1704,15359.4324,0
373,55275.0468,18748.1796,18805.5516,13560.6072,0
374,55963.2048,19086.426,19656.9804,14222.2908,0
375,56524.1856,19517.5116,19724.472,15476.6952,0
376,56116.4448,19154.6508,19976.4528,16691.2908,0
377,53282.1252,18871.4208,20131.3644,18653.4564,0
378,49679.4384,18179.6508,18125.5776,19832.7708,0
379,49438.0188,16620.846,18498.7476,21099.6216,0
380,51128.8188,18038.9904,18344.8344,22595.2068,0
381,51740.1528,18427.236,17872.248,22599.414,0
382,51926.5584,18643.9536,17471.88,21514.2768,0
383,49097.3748,18401.6124,16736.0604,22220.2644,0
384,46136.7624,17828.8212,15725.5644,21205.7532,0
385,45195.972,14799.756,14066.5524,21545.9472,0
386,45439.8612,11463.4788,13368.4992,21636.4632,0
387,44590.6512,9660.0264,12836.79,21740.61,0
388,44383.0164,8970.4212,12402.5976,20956.1988,0
389,43776.3696,8913.048,12488.4816,21057.1212,0
390,44025.876,8880.0504,13260.2292,21248.5704,0
391,45989.4936,10154.7888,15579.2856,18707.2344,0
392,49738.8024,12628.8876,19974.5712,14434.8408,0
393,52418.6976,15436.2048,22777.6704,11788.8312,0
394,52592.6988,18021.0252,23007.3732,11765.6616,0
395,54600.8412,18834.7932,22440.9456,11992.9368,0
396,55512.5592,19606.2912,21320.9256,10989.1224,0
397,54879.366,19607.2032,20937.6492,10168.3044,0
398,55264.506,19448.7756,20483.3736,12753.0876,0
399,56029.998,18161.0304,20572.5228,15941.0508,0
400,54437.1216,18373.6572,20905.1736,17389.41,0
401,52124.5068,18318.75,20785.272,18340.1292,0
402,49826.1372,17804.7828,19879.8192,19099.4892,0
403,48106.8456,17459.1576,19907.7024,20439.5892,0
404,50212.632,17810.6712,21913.3488,20391.9336,0
405,50047.6572,17860.5492,23258.6412,19305.414,0
406,48272.7432,18037.4484,24008.448,19096.1484,0
407,46542.5064,17171.1672,24060.7224,18809.2536,0
408,45867.4116,14869.8048,22484.5284,18976.5768,0
409,44233.0668,12760.8732,20353.02,19877.4456,0
410,41373.9444,11442.0048,19283.3172,20253.4524,0
411,39900.708,10145.1024,19056.756,20338.4724,0
412,38399.3508,9958.242,19865.0292,19124.2596,0
413,37979.8944,10495.0128,19527.204,18134.6808,0
414,38130.666,10393.0548,18825.6432,17695.4808,0
415,40486.9452,9576.3876,19607.0232,16047.9936,0
416,44060.6928,9980.2548,21812.592,13119.8556,0
417,47784.066,10964.676,23509.662,10518.9132,0
418,49204.9536,11958.9828,24275.9064,9341.2092,0
419,50307.1704,13365.5508,23945.7096,9098.778,0
420,50811.1932,15174.0036,22213.218,9762.7464,0
421,52290.258,14885.496,20371.3476,9272.9844,0
422,51915.9588,14953.5132,20854.1148,8966.9136,0
423,51106.62,15920.4396,20584.2708,8768.0652,0
424,50879.9592,15435.5568,19162.9668,10032.0456,0
425,49796.556,13262.316,19350.5328,12948.5916,0
426,48934.518,12659.2212,18836.2884,16405.0392,0
427,48253.7484,13650.0588,18649.7472,20318.0916,0
428,49702.9272,15142.9608,19579.3728,21313.062,0
429,50411.664,15017.376,19822.7652,20720.3892,0
430,49695.756,14592.8052,19455.9696,20321.6244,0
431,47866.8444,14579.1792,18404.0652,20635.9764,0
432,46113.9012,14503.9848,16895.8656,20357.5584,0
433,46023.7476,14272.1988,14550.9396,18947.1576,0
434,44897.6988,13932.6192,13612.1004,16700.8848,0
435,44513.0688,13398.6984,13509.6096,14531.9772,0
436,44670.744,13434.096,12781.9116,12795.528,0
437,44920.032,13210.3224,11776.7304,12365.1156,0
438,44079.414,12976.2408,10783.0524,12352.6632,0
439,44433.6348,12334.7424,10619.4108,11502.744,0
440,46366.4052,10306.842,12499.704,10918.8084,0
441,48436.356,9475.7832,14197.9104,10215.8688,0
442,50024.5236,8970.9816,15360.87,9392.5188,0
443,51170.6088,8839.8612,16284.4308,9810.6168,0
444,51629.1816,9620.052,17439.7224,10015.464,0
445,51491.5692,9595.4292,18014.334,9975.7944,0
446,50976.2688,9378.5844,17470.2084,10263.5616,0
447,51089.6028,9329.9832,16151.0592,10700.6952,0
448,49535.1708,10970.7216,12844.6932,14195.076,0
449,50561.7948,11569.7532,11394.684,15922.3644,0
450,49996.806,14313.3852,9603.588,17737.9272,0
451,50449.272,14828.172,10592.004,19955.0316,0
452,52203.2748,15392.3748,11007.6696,22414.608,0
453,53431.5204,15495.6336,11151.858,22751.1336,0
454,53825.8356,15266.4072,11097.7596,22728.3552,0
455,54355.3824,14721.9324,9923.634,22694.6736,0
456,52214.3352,14909.232,8359.8252,22633.9404,0
457,49487.8836,14494.2564,7440.3432,22718.784,0
458,46695.6792,14067.618,6844.2984,22722.7032,0
459,44986.1004,13651.1412,6547.2792,22673.9988,0
460,43619.9832,13454.7504,6524.9868,22682.3988,0
461,43353.1548,13656.0408,6377.8296,22595.1648,0
462,43916.0964,13500.0276,6569.4804,22425.4188,0
463,45718.1904,12838.71,8589.2028,21941.052,0
464,49875.0072,13269.7728,11556.8916,20758.2756,0
465,52546.8024,16551.9096,13591.98,18827.088,0
466,54338.508,17655.5112,15331.7688,17202.1872,0
467,55872.2436,18621.0012,16154.31,16757.8632,0
468,57511.5804,17614.818,16758.942,16555.41,0
469,57723.498,16266.1632,16964.5152,16210.9104,0
470,59510.4624,16982.3988,17695.716,16447.2648,0
471,60921.2244,17673.744,16831.3872,17416.5996,0
472,60522.1308,16988.7168,16503.0528,19364.3604,0
473,59742.7608,16882.536,14129.964,22083.9384,0
474,56780.3004,15884.4156,12759.894,23054.4504,0
475,54793.7868,14922.3852,13172.5032,22892.1624,0
476,57655.3992,16565.6112,13602.1572,22914.3216,0
477,58087.5996,17908.5324,13917.6588,22891.53,0
478,58251.3144,18115.5456,14081.7072,22893.4848,0
479,57219.45,17818.9764,13322.6124,22879.7184,0
480,54795.4032,17490.1752,11582.6256,22925.1876,0
481,52090.896,17029.812,9060.5376,22888.776,0
482,49865.8464,16206.27,7770.3348,22832.6148,0
483,49007.424,14588.4564,7192.2012,22830.3972,0
484,47960.0232,13893.2088,7006.2636,22789.7196,0
485,48007.002,13294.6224,6854.1396,22809.7776,0
486,48047.6388,13367.9508,6852.4584,22741.3836,0
487,50029.38,12295.6836,9598.686,21255.6684,0
488,53535.09,13481.478,13534.6704,18994.4244,0
489,57374.6016,16857.7248,15295.3536,15954.216,0
490,58979.232,17466.468,17519.8116,14621.1036,0
491,60711.0084,18431.7696,18874.8864,14159.034,0
492,61505.3604,18682.2312,19250.3736,14103.7932,0
493,61121.5836,17661.5628,19465.8276,13460.0796,0
494,62001.7116,18820.8792,19429.3164,14854.8984,0
495,62068.8504,19092.7788,19329.1572,16149.4116,0
496,60567.144,18830.9976,19810.404,17522.1048,0
497,58345.506,18177.8136,19552.5624,19929.426,0
498,55373.8056,16385.0196,17988.0228,21561.4248,0
499,53874.162,16060.284,17058.9168,21904.4124,0
500,56553.7716,17053.7436,17330.2356,22581.7788,0
501,57907.9032,17188.0416,17767.1052,22888.7652,0
502,58384.4676,17471.682,17733.3552,22889.6928,0
503,56631.6744,17135.7996,17393.6976,22950.0996,0
504,52532.214,16351.9308,16610.8692,23033.8944,0
505,50300.2116,15349.3812,14826.9324,23025.7512,0
506,48262.5024,13349.5284,14407.9068,22866.2796,0
507,46812.2076,11905.836,14250.2676,22861.9596,0
508,45648.2508,11733.8052,13568.6916,22770.996,0
509,45279.0744,11845.1976,12969.4248,22838.4984,0
510,45917.7876,12094.0644,12103.1004,22867.7148,0
511,47047.326,12598.584,13515.372,21997.8144,0
512,51502.8912,15124.878,17242.3368,17862.1152,0
513,55112.6472,17445.1776,19079.4252,16554.4776,0
514,57895.2912,18353.8512,20605.6572,14453.496,0
515,61161.7668,18177.486,21043.8024,14051.9868,0
516,62524.4508,18115.632,21471.492,14064.3852,0
517,61605.9432,18106.8492,21141.6696,14032.194,0
518,63378.0648,18666.4416,20330.5152,15943.9308,0
519,64125.5568,18736.2612,20163.1272,17157.558,0
520,63440.1996,18061.1268,21241.1808,17027.2824,0
521,61255.8504,19132.23,20355.6972,17859.6048,0
522,56643.7812,18067.122,18589.7604,20086.374,0
523,52364.37,17394.1992,18547.7796,21725.4696,0
524,53854.0356,18324.4152,19671.7716,22100.6724,0
525,54390.9576,18533.9724,19966.6128,22217.8752,0
526,54643.164,18616.0896,20737.1724,22196.7048,0
527,54482.4672,18343.7148,20535.2892,20625.5028,0
528,55752.7188,17576.9304,17539.2708,17448.996,0
529,50651.9736,16900.1124,16812.0432,17897.1708,0
530,47715.0744,15247.5264,16732.6032,17882.2104,0
531,46924.3284,13600.0752,16614.0084,16914.2916,0
532,45840.9408,12792.966,16780.0044,16496.2956,0
533,45513.8604,12537.306,17282.5344,15566.5848,0
534,45945.4452,12667.0056,17314.6236,15096.3288,0
535,49404.9192,13190.5884,16013.118,14751.5676,0
536,53696.6976,16167.0144,15725.766,14767.23,0
537,56817.3084,18266.9688,16947.1812,14831.274,0
538,58621.392,19231.9332,16843.0512,14985.8376,0
539,60123.6264,19917.234,16705.1616,15439.6452,0
540,60816.126,19044.1536,17862.1164,15612.9936,0
541,61158.6228,18136.1004,17606.2836,15445.9404,0
542,63744.7008,18973.62,17846.2572,15471.3504,0
543,64522.4748,18830.1828,18146.4204,16254.5724,0
544,63560.0748,19245.6444,17847.0072,16713.1944,0
545,62130.6132,19689.2052,17163.114,18034.5384,0
546,59576.8704,17865.2712,16205.6736,17626.2456,0
547,55398.6048,17007.9252,16346.6892,18247.3908,0
548,57307.788,16953.0888,17670.7344,18812.8068,0
549,59062.7244,16857.798,17000.7528,18895.3368,0
550,58945.8036,16778.604,17289.1584,18921.5304,0
551,56754.3828,17497.0428,17938.2984,18824.916,0
552,52660.0284,17764.7232,17763.5508,18778.5072,0
553,50416.6716,16823.8044,16906.0956,17704.8852,0
554,49029.8484,14317.0416,17020.4688,17098.8936,0
555,46939.9956,14022.6756,16316.0868,16893.8232,0
556,43882.722,13921.3584,17070.2496,16667.9124,0
557,43832.9916,13543.116,16741.8144,16703.268,0
558,45161.1192,13368.0336,16266.7896,16393.2036,0
559,48539.5824,13026.8556,16540.0896,15250.8768,0
560,54536.5008,14636.43,16425.7248,14383.9824,0
561,57378.144,17295.6,17002.8852,14893.8432,0
562,60301.326,17717.9784,16855.1292,15276.0384,0
563,61744.1364,17711.4312,16704.4188,16065.3876,0
564,62667.9144,18162.1764,16682.6688,16460.118,0
565,62176.7952,17125.2624,16404.684,16587.5652,0
566,63789.78,18449.832,15799.7604,17679.966,0
567,62265.8124,21436.9992,15124.7736,18157.3716,0
568,62271,19109.5056,15669.5184,18451.0116,0
569,62495.5968,16064.382,15249.9936,18438.654,0
570,60674.2752,14098.4304,13723.0056,18823.9956,0
571,56549.0088,14140.6416,14442.0228,20729.0496,0
572,56905.4328,17551.4676,14524.9596,20788.578,0
573,57123.876,17259.3708,15162.9984,20648.8872,0
574,56183.4756,17182.608,15869.6604,20738.7732,0
575,55273.1016,16638.2136,16204.7172,20970.6216,0
576,52797.5976,16227.3648,15827.3472,20574.8556,0
577,50126.1252,16435.242,13923.7908,19941.594,0
578,47946.2196,15481.05,13741.7772,18860.5032,0
579,45296.7396,14323.5828,14227.7004,18587.7864,0
580,43117.8528,13852.0968,14977.686,17771.6508,0
581,43059.8184,13210.668,15099.696,17079.4176,0
582,43048.7976,13216.0824,14657.232,16196.0172,0
583,45464.4036,12050.1108,15401.43,13738.1532,0
584,47618.052,12213.9264,16876.2936,12419.3412,0
585,48256.9824,13736.5848,17603.3184,12762.8484,0
586,50412.4512,14754.5088,17179.3524,13079.3604,0
587,51406.6284,15568.47,16719.798,13474.512,0
588,52410.8616,15962.0616,16043.784,13599.3612,0
589,52368.0108,15457.962,15592.5036,13435.3392,0
590,51793.2108,14864.0448,16210.4004,13510.7244,0
591,51220.5012,15027.2556,16486.4328,13550.4864,0
592,51311.3352,14910.0672,16550.9196,13551.1608,0
593,52875.6636,13949.5512,15935.7324,14181.9528,0
594,50822.88,14830.59,15701.8104,16631.2788,0
595,50446.59,16741.818,16693.7244,17153.4384,0
596,51778.2216,18250.2384,17415.1104,17971.6404,0
597,51115.992,18404.0088,18166.5168,17702.3772,0
598,49764.1776,18194.31,18628.3272,16967.196,0
599,48985.1424,16347.24,18499.1652,16913.5896,0
600,47138.0796,15903.942,17529.1608,16830.3816,0
601,43301.4648,15376.2072,18352.9416,16040.286,0
602,41528.232,13872.1332,18117.3996,15971.9004,0
603,40232.9448,12381.5736,18240.5964,15792.9156,0
604,39325.0836,11254.6956,18013.65,15818.01,0
605,38811.6732,11295.3888,17544.4776,15305.5944,0
606,38530.0728,11069.1084,16676.0736,14577.8124,0
607,38742.2076,10289.2692,17713.986,12061.9764,0
608,40367.4528,8864.7768,19230.8784,10850.0472,0
609,42621.4188,9235.134,18535.0248,9965.2644,0
610,45295.6656,9183.3912,17419.5012,9991.6908,0
611,47411.634,9973.9044,15770.514,10402.3944,0
612,49052.094,11125.8672,15019.8072,10665.9576,0
613,49516.956,11780.3676,14967.8028,10490.3292,0
614,48738.894,11369.5452,15956.5116,10211.9448,0
615,47368.7484,11655.6984,16410.36,10178.9784,0
616,48825.5052,11020.0644,15542.1768,11033.268,0
617,51086.8488,9405.54,13770.924,13224.2172,0
618,50475.534,12972.7296,11451.96,15406.4256,0
619,49497.906,15047.7312,12729.1752,16960.2036,0
620,50724.0264,15982.6356,15033.7188,17259.4524,0
621,49604.1612,17102.3112,16620.0108,17228.4252,0
622,48671.232,17118.1356,17270.9064,17269.4484,0
623,47565.6876,17225.04,17675.3892,16890.27,0
624,45234.5772,16918.4244,17028.2616,16435.8384,0
625,43262.7912,15133.9644,16591.9308,16691.724,0
626,40829.9532,13267.47,16925.652,17148.4476,0
627,39528.4464,12645.8244,16981.266,16619.0952,0
628,39205.9032,11789.0652,16599.4788,16627.6572,0
629,39778.2996,11193.0384,16213.3944,16734.1632,0
630,40343.4072,12102.9336,15910.1304,16680.492,0
631,42836.0484,12991.2468,16379.8824,15711.3108,0
632,48904.7952,15085.1016,16291.9236,14895.7872,0
633,54415.1508,17625.204,15943.6644,14539.5372,0
634,57644.4384,17957.6436,16228.7928,14659.3932,0
635,58944.438,17771.8428,16301.4264,14813.1408,0
636,58878.6588,17205.6444,16755.9264,14778.0216,0
637,58608.6804,16080.318,16376.4984,14904.0612,0
638,58791.0528,19484.6772,16316.586,14809.8936,0
639,59750.1252,20663.3592,17855.6952,14859.4236,0
640,60939.882,21227.0664,17136.9468,16034.868,0
641,58037.6916,21297.4128,15328.5384,18424.6416,0
642,54670.4016,20656.0668,13068.9132,19454.2968,0
643,52341.6024,19826.022,13194.3204,19959.9216,0
644,55455.1152,19098.8592,13865.9748,20969.3388,0
645,55234.344,18778.2528,14742.6912,21788.4,0
646,55989.606,18898.4712,14425.38,21824.8848,0
647,53816.6532,18984.6504,13413.3924,22019.9988,0
648,50238.828,18825.246,12126.2064,21791.802,0
649,48482.6844,16999.248,11271.0336,21170.6844,0
650,47978.4624,13411.5888,10626.924,21284.4324,0
651,46138.3932,11677.8672,10567.5096,21268.4892,0
652,44827.6296,11003.7816,10660.4472,21291.8652,0
653,44319.5424,11793.036,10078.974,21234.9588,0
654,44536.518,12538.9428,10410.1092,20862.078,0
655,45636.3876,13169.838,13031.6664,19070.6304,0
656,50308.842,14774.2368,17228.6628,15555.6168,0
657,54557.5836,17116.9212,18199.8588,14237.8908,0
658,57407.8848,17267.2416,17741.9808,14514.3252,0
659,59580.4656,16962.8424,17955.6072,14864.7156,0
660,60721.3632,16351.6908,18006.2292,15130.7784,0
661,60197.6232,14718.078,17463.9876,15102.5304,0
662,60604.8444,16111.0692,17927.3196,14731.8024,0
663,60291.4572,18438.2796,18657.2088,14576.8476,0
664,60149.16,19108.4004,18652.2408,15695.9124,0
665,60556.104,18925.8684,14947.2492,19331.4072,0
666,56613.8052,18066.816,12157.566,21798.1788,0
667,53062.2576,18912.3408,12982.6056,21843.282,0
668,55826.3952,18961.9296,14307.2436,22168.0524,0
669,56480.166,18946.254,15357.84,21780.8412,0
670,56885.6508,18869.772,15130.344,21780.894,0
671,55191.4896,18927.8784,14487.2916,21028.1184,0
672,51335.076,18199.7556,13729.014,20956.9272,0
673,49113.2232,15713.736,12917.8008,21287.9556,0
674,47947.068,12227.0316,13543.38,21023.5824,0
675,46221.7524,10595.9376,13990.3764,20513.9844,0
676,44970.7236,9896.6448,15015.9384,19532.2428,0
677,44561.3628,9845.532,16386.8388,17566.602,0
678,45021.5244,10888.9248,15865.2756,17644.5144,0
679,46262.9376,12586.8816,15910.1904,17017.506,0
680,50662.0656,15533.4036,17761.3356,14593.4832,0
681,53119.8144,18189.0816,19116.2052,14095.3236,0
682,55692.5832,18454.524,19512.1752,14103.6576,0
683,57165.9048,18665.0244,19169.6772,14379.2184,0
684,58693.2528,17455.86,19496.3664,14482.776,0
685,58278.0048,15921.066,19525.9632,14468.2644,0
686,58640.5884,18566.3472,19837.614,14431.4928,0
687,58796.052,20725.7712,19924.7832,15386.1276,0
688,59218.5132,20265.1536,18848.8068,16969.3572,0
689,57884.5476,19326.408,16086.3396,19972.9464,0
690,54842.4948,17905.9272,14242.8612,21034.6116,0
691,53566.872,16857.6108,14322.6132,20931.7224,0
692,56757.822,16466.5488,15611.6664,20861.2068,0
693,56987.436,16655.5116,17077.3896,19663.26,0
694,56088.5112,16718.4,17330.4972,20037.2868,0
695,53215.7532,16613.2368,16796.9868,20554.2672,0
696,49123.8444,15199.5852,17140.9752,20212.8336,0
697,46508.3352,13014.834,16620.5916,19675.9908,0
698,44687.4552,11698.3704,15382.7388,20066.5236,0
699,42906.2328,10755.4836,14749.2684,20154.9708,0
700,41529.2736,10598.934,14928.2856,19717.8372,0
701,41257.8948,10362.144,15653.0592,19087.4184,0
702,42165.0996,11106.7584,16548.504,17609.8932,0
703,44045.2332,12267.6864,16833.894,16765.8636,0
704,49016.5536,13609.7184,17344.9452,16389.3624,0
705,53286.81,14796.4344,18570.9924,15443.2704,0
706,55457.0184,15860.4768,19625.994,14420.3868,0
707,57502.5696,16805.628,19181.0244,14441.7396,0
708,59215.3296,15720.9156,18815.8092,14422.8252,0
709,59323.4292,13696.4844,17960.5416,14374.17,0
710,61051.1364,14146.4376,18433.8072,14395.878,0
711,61342.3368,16280.1624,17980.1916,14973.2544,0
712,60625.674,17968.548,16508.1792,16501.4664,0
713,59127.1656,17636.8812,15225.6972,18940.4664,0
714,55374.5616,17482.9632,13196.6844,20389.8672,0
715,53591.3556,17871.2628,13558.482,20058.1332,0
716,56151.1728,17460.1488,15914.0664,19502.118,0
717,55429.3212,17579.4468,17535.5784,19067.9652,0
718,54389.7564,17330.4888,18275.262,19027.2576,0
719,51370.4184,16630.2732,18570.126,19251.9972,0
720,48206.2848,15713.1684,16784.2068,19855.2576,0
721,46136.7444,12535.0752,16062.1464,20422.7424,0
722,43816.4256,10689.3924,15928.1712,20322.1596,0
723,42341.8872,10031.2908,17090.028,18497.1888,0
724,42459.5988,9269.0472,16934.1408,18012.7668,0
725,42825.6792,8817.834,17605.9188,17540.4912,0
726,43478.7372,9923.0616,17429.9184,17376.5748,0
727,45357.8628,10818.66,16500.108,17152.1112,0
728,49463.9976,12255.7128,16038.786,16539.6252,0
729,52966.3584,12893.328,16242.9516,15649.4208,0
730,54136.7664,12979.5012,16163.2464,14933.442,0
731,55166.6268,13495.9764,16038.1116,14693.9424,0
732,54918.2172,13444.6908,16228.8216,14500.1676,0
733,54663.4812,12181.53,15883.866,14219.424,0
734,55094.6712,14385.3744,16427.6364,14262.588,0
735,55100.8464,14785.9632,18595.9044,14616.5556,0
736,54443.4144,15955.6536,18390.1848,15671.6544,0
737,53706.3312,16415.0184,16880.6412,17572.9116,0
738,52392.0564,16328.58,15966.3756,18720.2304,0
739,52535.6544,16253.0724,17277.9624,18705.7908,0
740,54935.0472,16669.5084,19304.9736,18086.988,0
741,54942.0252,16987.0488,19641.0624,17307.7356,0
742,55088.4564,16339.7904,19326.1824,17292.9264,0
743,52869.0924,15441.0864,19400.9268,17469.1488,0
744,50753.7012,13447.6572,19184.6736,17641.2228,0
745,48867.5172,11412.5136,18747.5268,17321.37,0
746,47196.5328,9556.5312,18188.7684,17329.1016,0
747,46185.1368,7949.5764,17948.2152,17092.08,0
748,44818.7856,7842.5232,18562.1904,15588.3156,0
749,44301.7284,7802.4072,18569.6736,15197.9244,0
750,44225.7744,7854.918,17814.7032,15183.24,0
751,44170.4316,7649.6124,17286.6768,15222.2064,0
752,45661.8768,8667.576,18351.5112,14074.6608,0
753,47334.8052,9722.43,19850.7984,12764.7456,0
754,48972.8652,10422.1344,19234.5108,12378.6528,0
755,49896.1848,11164.9092,19430.6628,11523.66,0
756,49938.2304,11005.4208,20405.91,11180.2392,0
757,49393.4712,10911.9408,19878.1236,10976.19,0
758,50278.3524,11311.29,18766.4556,11075.6964,0
759,51778.0764,11262.6048,18787.0608,10922.2308,0
760,51492.732,11103.1476,19188.588,11554.008,0
761,49805.3604,12277.8972,19970.9844,11708.1384,0
762,49162.8252,13109.6352,18937.7808,14075.7828,0
763,50138.376,14576.046,18974.7144,15660.7296,0
764,51946.8552,16068.6588,19898.7888,16098.8436,0
765,51989.1228,16625.7456,20492.6844,14354.4048,0
766,50499.7368,16250.5596,20587.902,13621.5108,0
767,48170.184,15573.5136,20428.2504,13442.3724,0
768,45656.5428,14359.2012,19662.8964,14384.4348,0
769,43746.7512,12413.4348,19587.6852,14184.0804,0
770,43405.494,9785.85,19062.6252,14216.2824,0
771,42879.9888,7920.5448,18701.2368,14256.8184,0
772,42231.8556,7178.3772,18214.6272,14199.9252,0
773,41301.3456,6629.88,18041.502,14545.9992,0
774,40537.0596,6614.4048,17437.6356,14362.3044,0
775,39763.332,6430.776,17743.2372,12807.9288,0
776,39841.632,7469.6136,19542.2112,10169.2536,0
777,40272.402,8854.512,19519.992,8713.4064,0
778,40891.8624,10094.7096,18909.1548,8626.1124,0
779,43256.844,10653.7212,18364.0032,8774.286,0
780,44848.9236,10687.2672,18400.9236,9214.9668,0
781,45283.4268,10512.0312,19217.9184,9275.376,0
782,45179.2668,10867.8192,19553.3136,9070.0776,0
783,45055.5744,10980.1692,20034.3192,9366.318,0
784,44648.742,11337.3672,19530.714,10395.3036,0
785,45026.3328,12930.96,18461.6316,11781.7296,0
786,45826.4244,13011.8844,16878.612,15072.192,0
787,46189.4748,14222.5728,17889.6576,17629.0668,0
788,47549.9388,16728.432,19036.4724,17326.1832,0
789,48628.6632,17427.0708,19332.7212,16707.6168,0
790,48924.21,16951.4184,20109.2784,15361.812,0
791,48638.7096,15397.9272,19964.5692,15268.7796,0
792,47333.7804,13448.2716,19620.9336,15042.6852,0
793,46382.3652,10672.0392,19567.4004,14762.7348,0
794,45574.6596,8985.2724,19172.7204,14813.0244,0
795,44119.0152,7835.556,17757.7044,16768.8,0
796,43234.5012,7435.938,17572.5336,16845.4956,0
797,43654.41,7380.954,17489.424,16473.882,0
798,44433.2364,8866.2276,17438.6484,16129.1736,0
799,46843.9128,10890.75,16674.738,15362.6568,0
800,49813.1268,12728.598,18974.3664,14217.612,0
801,53134.248,15481.5888,18514.23,14704.9572,0
802,57005.5944,15429.9036,17742.3432,15005.3664,0
803,59249.9544,16009.5684,17659.3704,15412.398,0
804,60145.1364,15812.2044,17434.3428,15602.9376,0
805,58496.1864,15125.6808,16941.4596,14983.2372,0
806,60708.2136,16892.37,16312.6956,16039.8888,0
807,60905.9088,18518.4696,16265.7384,17148.7236,0
808,59957.226,18576.2532,16245.0852,17603.316,0
809,58839.162,18496.3248,17108.5392,17398.95,0
810,55505.562,18004.5084,16594.9128,17991.3576,0
811,53368.2672,17218.914,17774.13,18748.0752,0
812,57396.444,17941.2144,18461.9952,18585.6348,0
813,58537.7676,18431.2176,18296.3628,18702.5712,0
814,58376.394,18916.0116,18165.156,18626.4636,0
815,54627.4356,17945.5992,19395.0084,18418.9224,0
816,51601.2468,16364.748,18643.8216,17808.3492,0
817,49461.4764,13520.85,19030.1316,17030.6772,0
818,49530.768,9498.7344,18610.938,17234.7696,0
819,47957.4372,8510.4588,18087.834,17367.9192,0
820,47723.0556,7589.0028,17457.9312,17304.6672,0
821,48354.0828,7383.918,16869.1668,17343.0168,0
822,48691.8276,8289.3228,16896.9696,17454.9684,0
823,50093.7312,10030.2468,17488.6428,15591.438,0
824,54625.4772,12516.684,17209.7592,14172.918,0
825,57123.6492,15389.256,16884.4044,14255.4408,0
826,58332.714,16609.3212,16793.2908,14750.5932,0
827,59930.8752,17668.5852,16988.778,15166.0008,0
828,60604.8492,18495.7776,16858.638,15296.5836,0
829,60301.7724,17636.5056,17405.1312,14001.1464,0
830,62911.8228,18161.7756,17182.7256,14311.752,0
831,63185.7924,19000.8864,17282.4108,15230.5464,0
832,62750.4468,18646.1832,17730.1056,15580.1916,0
833,63413.7576,18309.3612,16592.4888,16369.7256,0
834,59947.1724,17404.9428,16629.1332,16544.2464,0
835,56762.2608,16349.3508,18007.3812,17547.8112,0
836,59887.6584,17339.4372,18686.502,17626.0188,0
837,60389.8764,17429.8368,19291.5264,17650.8372,0
838,60068.4912,17685.0228,19379.232,17765.3424,0
839,58574.3184,16468.7364,19497.3756,17842.1376,0
840,54213.5928,15508.3848,18950.202,17735.1444,0
841,51515.7744,13594.7676,18296.5632,17526.096,0
842,50214.726,10715.238,18240.9972,17140.3476,0
843,48628.7172,9708.5844,17860.584,16922.5704,0
844,47853.4632,9295.8036,17940.8436,16253.418,0
845,48013.5024,9030.5604,17531.4252,16533.6168,0
846,49801.8504,9311.8644,16799.7156,17082.8568,0
847,51529.0428,10652.1156,16019.3004,17093.118,0
848,54458.556,13114.2168,15513.2004,16626.4992,0
849,59038.4832,15103.596,15885.6024,16125.822,0
850,61012.3152,16320.1536,16442.8704,15709.6656,0
851,62196.7032,17179.0704,17055.4728,15614.7492,0
852,61910.604,17480.7924,18101.3088,15165.0228,0
853,60103.6308,17814.0024,18260.508,14898.1788,0
854,61200.9432,19410.786,18184.0284,15743.4936,0
855,62279.856,19885.6824,18490.7172,15868.0356,0
856,62515.4304,19677.0816,18694.9212,16097.3412,0
857,62151.1644,19077.5904,17856.1116,16891.3284,0
858,58609.4088,18662.586,17141.4396,16968.486,0
859,55091.388,18273.084,17820.8064,18261.0252,0
860,59032.1412,18000.5208,18017.6592,18870.576,0
861,59248.3788,18025.9284,19164.9012,18292.7784,0
862,59051.8656,18043.1544,19601.9352,17959.7256,0
863,58218.1944,17152.4172,19550.6484,17996.106,0
864,54425.8152,16231.3584,18967.104,18064.7436,0
865,51735.2424,14150.6304,18845.814,17128.2888,0
866,50473.344,11273.9712,18971.1048,16425.372,0
867,49160.2308,9694.9872,18297.798,16719.3936,0
868,47873.1312,9296.538,18301.7388,16456.5864,0
869,47917.2528,9174.222,18052.7172,16140.6492,0
870,48819.3096,10372.5612,17465.658,15947.4768,0
871,51346.2936,10991.0556,17188.4628,15943.0032,0
872,55165.2048,13424.976,15823.494,16283.2128,0
873,58750.296,15889.1412,16827.1404,15972.5448,0
874,59825.0976,16722.816,17979.6588,15495.8064,0
875,59760.3192,19348.8204,17589.4176,15491.3676,0
876,59653.4352,20704.0128,16855.8696,15185.2104,0
877,59262.738,19105.1424,17333.5404,13879.9512,0
878,61134.7872,19829.646,18321.8436,13758.1704,0
879,62023.842,20723.6628,19495.4124,14027.6904,0
880,63345.6984,20486.1264,17920.8336,14366.5188,0
881,62164.8516,19325.2908,18319.1652,15454.6248,0
882,59066.8272,18721.308,18063.384,15535.5024,0
883,56713.002,18324.2316,18787.6068,16238.604,0
884,59692.8744,18742.0524,18598.6128,17626.3368,0
885,60720.4572,18687.618,18269.3256,18190.9428,0
886,60750.7632,18743.4144,17866.386,18456.0288,0
887,58769.3976,18144.804,17525.5176,18395.0928,0
888,56237.6724,15698.6796,17494.4904,18327.384,0
889,53142.222,14597.5212,16802.934,18031.044,0
890,50382.804,12029.7012,17385.8148,17672.6604,0
891,49772.6028,9866.7948,17353.0716,17593.3128,0
892,48664.8072,9365.3784,17213.0556,17027.82,0
893,48084.5196,8999.9724,17111.2368,17129.7324,0
894,48019.6548,11250.7752,16916.0556,17056.5552,0
895,48894.3324,13261.8588,16866.3372,16760.9712,0
896,53436.5772,14290.2468,16461.7452,16485.6888,0
897,58128.2376,16483.4544,16842.5904,15613.4328,0
898,60745.2888,17011.2576,17454.2184,15086.1588,0
899,62278.2936,18146.8692,18015.6144,15063.3264,0
900,62911.3428,18670.2276,19249.7148,14028.672,0
901,61614.9132,17683.2288,19887.312,12897.0396,0
902,62942.9904,19289.814,20023.8216,13386.4416,0
903,64986.3828,19737.528,20338.9344,14269.4952,0
904,63685.8264,19844.8068,19401.192,15291.0492,0
905,62133.5172,18764.9796,17791.3896,16740.1032,0
906,58280.7468,17754.7272,16931.1504,17517.7212,0
907,55758.6132,17061.1896,18872.9244,17799.678,0
908,57878.4,18405.2484,19444.9164,17879.8704,0
909,57970.914,18799.4136,18709.9944,17969.6748,0
910,56776.0332,18884.5284,18957.2328,18236.4396,0
911,54701.034,18154.5,18909.378,18286.7904,0
912,53187.7152,15990.3492,18821.5812,18162.2592,0
913,50586.9552,15102.1788,18060.7188,18034.5216,0
914,49999.4304,11831.1744,18229.704,17688.2256,0
915,49214.5152,10236.3624,17947.6452,17406.6552,0
916,48382.6692,9511.158,17792.3028,16742.2884,0
917,47432.514,9126.408,17846.2416,16576.8804,0
918,47078.0892,8563.9116,17685.2136,16248.2508,0
919,47677.3644,7818.3984,18238.7604,14537.3184,0
920,50039.9124,8485.122,19667.4396,12482.328,0
921,52889.1252,9621.666,20882.0316,10407.6552,0
922,52935.5484,10643.3736,21038.6352,10656.462,0
923,53948.0148,10986.8412,21166.7928,10969.2516,0
924,53987.7708,12475.2468,20723.9088,11133.8748,0
925,54015.6528,12925.8756,20240.5692,11118.8496,0
926,53756.3976,12976.7736,20359.4952,11353.8924,0
927,53447.8128,12883.5216,21006.0396,11179.92,0
928,52763.6592,13315.1016,20630.8344,12043.326,0
929,51027.1392,14562.4884,19284.2436,14868.6984,0
930,51724.4268,15091.6428,18673.1148,15696.6192,0
931,53387.8956,15592.5,20245.8168,16159.1136,0
932,56306.1252,16996.578,20624.292,16250.5008,0
933,55843.0152,17213.1144,20582.5908,16198.1412,0
934,55122.9792,16321.6716,20263.3524,16198.9236,0
935,52723.3164,15904.2072,20159.8632,16203.4572,0
936,50196.7188,15651.3192,19774.062,16168.5408,0
937,47222.4036,14498.6004,20077.128,15787.5828,0
938,46527.768,11793.0564,19327.7388,16420.974,0
939,46236.2976,9483.7236,18885.324,16572.192,0
940,45630.1836,7694.676,18746.9904,16429.0956,0
941,45070.9308,7452.3108,18829.0032,15585.6912,0
942,45104.988,7073.3868,18900.4452,13931.1792,0
943,44666.7396,6087.6504,19293.7644,12405.1692,0
944,44720.5212,7367.1108,19376.6184,11595.078,0
945,45199.6368,8773.788,17578.2468,11390.7012,0
946,46090.956,9930.318,15728.4576,11727.3384,0
947,47206.6476,10730.9076,14492.0124,12003.8376,0
948,48341.4516,11519.6964,14503.332,12128.8908,0
949,48426.8592,12119.7816,14631.3168,12113.4768,0
950,47695.926,11799.1464,15303.5784,12164.5956,0
951,47480.2236,11682.4464,15955.3884,12002.9664,0
952,47579.3016,11185.5192,17677.6872,11764.7916,0
953,47892.1752,12062.4288,18205.3704,12215.4084,0
954,48511.7808,13745.3904,18490.2336,14161.38,0
955,48440.5056,16133.898,19944.3648,15646.992,0
956,52492.446,17254.1064,20498.9004,16420.5624,0
957,54785.4864,17129.9112,20196.306,16680.4644,0
958,54803.9124,17097.7476,19687.5588,17383.5072,0
959,53534.1576,16759.4028,19413.3432,17771.9604,0
960,50310.3084,16193.7816,19099.6944,17820.0708,0
961,48867.48,13824.4188,18568.5324,17546.3208,0
962,48612.6012,10714.158,17889.324,17477.9904,0
963,47546.8548,9856.9752,17315.904,17265.7872,0
964,47041.7028,8565.0864,17481.0444,17306.7828,0
965,47523.9888,8642.454,16548.534,17254.0488,0
966,48165.0276,9979.3932,16330.0272,17577.0204,0
967,49968.564,11313.084,15918.2496,17709.414,0
968,54706.878,12947.9592,15898.5156,17027.4816,0
969,58449.0708,15532.7856,16801.8876,16570.83,0
970,60195.6708,16561.038,17607.3864,16405.2084,0
971,62327.19,17613.3816,17056.9656,16680.6036,0
972,63337.6788,17647.7712,17391.5496,16709.2788,0
973,62594.6304,17082.288,16758.684,16784.5932,0
974,64957.4988,18183.0852,16822.956,17253.0732,0
975,65603.472,19341.9,18215.8596,17543.3808,0
976,65695.2828,19505.4744,19188.582,17102.7756,0
977,63691.8408,20790.126,18394.4844,17589.3168,0
978,59583.4788,19481.0448,17134.164,19169.7096,0
979,55594.8636,17794.2,17373.3312,19223.1312,0
980,58564.3368,18240.3924,18739.7196,18434.2056,0
981,60255.3636,18415.5816,18867.3312,18057.3468,0
982,60211.1004,18478.2036,20256.0288,17259.0588,0
983,57505.1892,18395.406,20127.6564,17124.714,0
984,54481.038,17607.4512,20239.8072,17040.0888,0
985,52847.112,14986.4448,19090.926,16881.8352,0
986,52493.172,12153.7608,18562.4424,16263.4788,0
987,51802.6488,10156.1952,18865.7196,15254.9052,0
988,50917.5384,9703.3944,18890.3256,14625.0132,0
989,50428.5396,9794.3004,19153.6056,14356.728,0
990,51325.7772,10058.5548,18894.4152,14559.348,0
991,52838.2536,11715.0828,18204.4548,14700.2952,0
992,55417.374,14755.3872,18546.4128,14053.1808,0
993,59152.2732,16173.3492,18931.4196,14228.49,0
994,61806.7212,17008.212,19450.662,13345.2408,0
995,63207.9768,17861.0808,19791.39,13626.9792,0
996,63848.0616,18807.9912,19572.132,14003.3544,0
997,63978.5196,18361.95,18733.8936,15312.9816,0
998,66053.5308,19549.9428,17057.5704,16960.2144,0
999,66639.3492,19893.9792,17558.1108,17212.5696,0
1000,66047.7276,19769.4204,16288.1748,18684.6108,0
1001,65688.4644,18867.222,14983.5588,20008.0776,0
1002,62041.9884,18343.4172,15343.6428,20026.6212,0
1003,58729.434,17510.9316,16928.5836,19957.9452,0
1004,60438.2256,18118.4304,17959.9392,19804.9044,0
1005,62083.9884,17445.846,18053.5872,19813.7088,0
1006,62324.5356,17248.8228,18087.432,20252.6724,0
1007,59501.3028,17143.4652,17814.504,20489.316,0
1008,55237.0476,17373.0612,17316.1452,20366.052,0
1009,52636.9464,16354.4472,17260.7148,19313.1012,0
1010,52482.4092,12340.4628,17573.9388,19013.5752,0
1011,51541.7244,10935.8844,16933.4016,18822.708,0
1012,50881.8876,10169.5872,16446.6852,18987.6888,0
1013,51273.4488,9805.476,16099.2648,18696.7788,0
1014,52623.7944,10537.3284,16483.6128,17596.0212,0
1015,53963.0904,12124.1724,17669.9472,15822.324,0
1016,57589.8324,14056.3452,19021.4196,13959.372,0
1017,61838.2032,16069.8684,19135.1424,14125.2612,0
1018,62272.1916,17305.776,19894.7976,14137.4952,0
1019,63293.2224,18452.292,20039.6352,14343.9336,0
1020,63974.4312,18830.5344,20163.3912,14546.3856,0
1021,63228.0612,18120.5376,19727.532,14963.394,0
1022,65837.5296,18729.114,19060.002,15798.8628,0
1023,67229.7876,19261.6296,18339.654,16555.6416,0
1024,67482.1584,19706.9088,17082.8664,17316.1992,0
1025,66468.48,18851.79,17479.2924,17598.5148,0
1026,61378.9284,17722.7952,17573.784,17758.5612,0
1027,57450.6624,16733.436,19541.826,18084.714,0
1028,58909.2024,17331.5412,20053.8576,18835.5132,0
1029,59685.714,17442.5424,19549.9884,19118.9664,0
1030,60151.7712,17082.4632,19460.2848,19199.478,0
1031,57804.93,16638.4104,19520.5056,19188.798,0
1032,54425.1756,16141.4472,19684.2792,19226.8572,0
1033,50946.54,15304.794,19010.7636,19216.8456,0
1034,50702.454,11627.4084,18818.892,18981.966,0
1035,49968.6108,9544.8252,18313.4412,18908.8932,0
1036,49295.4132,8852.3112,17647.5792,19221.5352,0
1037,49784.7144,8645.3448,16633.104,19587.012,0
1038,51113.2572,9752.5836,15635.6472,19680.0468,0
1039,51650.304,12551.6628,15849.8844,18325.542,0
1040,56032.8012,14621.7084,16427.9508,16390.9452,0
1041,60921.0312,15851.3736,17862.156,15309.1536,0
1042,63359.4876,16306.5876,17977.9932,14873.1864,0
1043,64732.4352,16928.004,18433.44,15061.6668,0
1044,64965.738,18186.7224,18337.6104,15246.5976,0
1045,64204.4952,17391.1836,17484.9804,15507.2844,0
1046,64683.936,18048.762,17453.6292,18167.8404,0
1047,61274.4576,17636.7792,20805.57,21487.5324,0
1048,59851.3236,18104.4504,19856.9472,22460.8332,0
1049,58000.0488,17627.5356,19522.308,22707.3792,0
1050,53509.4328,16881.384,19556.2668,22431.9324,0
1051,51045.5544,16296.1248,21778.6044,21616.3236,0
1052,53655.6084,16559.3712,24131.676,20643.6972,0
1053,53757.636,16819.9416,24865.2984,20050.782,0
1054,53170.638,16726.014,25567.3176,20041.0404,0
1055,51380.8452,15723.8016,26033.1768,19853.856,0
1056,47604.732,15244.5744,25343.0544,19601.49,0
1057,45978.2736,12701.7036,24303.4932,19732.8096,0
1058,45131.334,9715.3332,24663.3348,18977.7516,0
1059,43541.07,9052.1952,24275.1156,18711.3444,0
1060,43424.7648,8053.53,23450.208,18786.7908,0
1061,44603.16,7319.658,22469.3496,19193.376,0
1062,45701.7324,7979.016,22206.4284,19278.258,0
1063,47465.2968,9843.4656,22257.9348,18373.002,0
1064,52311.6588,11877.54,22003.9272,16856.5536,0
1065,55565.5416,14878.4796,22050.606,15630.3672,0
1066,57003.6912,14854.236,23187.1788,15703.1508,0
1067,59207.3328,14813.3208,23779.5516,15807.144,0
1068,59517.9732,15373.1772,24628.8072,16046.982,0
1069,59391.4308,13742.6784,23728.8708,16614.1968,0
1070,60184.086,14925.6888,23072.1528,18342.5316,0
1071,60302.88,16388.49,22224.918,19761.9204,0
1072,59427.6012,16389.2412,21437.5452,20228.6028,0
1073,57059.3268,15697.338,20695.3212,20769.0708,0
1074,53650.9572,14943.4776,21068.106,21011.9364,0
1075,52175.8236,15321.0504,21962.7372,21031.6536,0
1076,53810.7408,16608.0288,23083.3056,21449.6232,0
1077,52880.5368,18113.9136,22625.7204,21181.6524,0
1078,51819.4704,17720.5428,23475.2604,21185.982,0
1079,51358.9572,15599.6988,23751.5724,21175.404,0
1080,49648.398,14634.8328,22627.3968,21160.1532,0
1081,47026.6236,13117.6692,21986.8536,20982.6456,0
1082,46535.052,10864.1376,21713.1216,19822.6152,0
1083,45746.4612,8767.5468,21770.9412,19642.7208,0
1084,44444.0916,8145.9732,21710.8812,19294.23,0
1085,43878.7704,7913.334,21476.2644,19228.6332,0
1086,43862.04,7502.208,21581.0964,18941.052,0
1087,43760.5452,7711.3836,22818.1776,16979.0628,0
1088,44165.6148,10226.5632,23831.4168,15030.5136,0
1089,45347.9268,13395.186,22692.3528,14711.7264,0
1090,47904.3372,13161.5364,23184.3924,13323.3888,0
1091,50269.2936,14150.7144,22407.8376,12172.5036,0
1092,51974.7456,15035.5056,22060.32,12357.8568,0
1093,52467.15,14634.5376,21918.966,12386.8608,0
1094,51239.2332,14229.204,23344.6176,12209.3016,0
1095,50141.2032,14128.356,24787.3152,11754.678,0
1096,50305.7964,14658.2004,24257.1024,11560.6188,0
1097,48429.5148,14591.3952,25013.76,13407.9468,0
1098,48460.2288,14520.0372,23407.2024,16217.4312,0
1099,47837.7936,15052.1148,24133.1364,19221.7392,0
1100,49600.7436,17352.3432,25686.0168,18265.6356,0
1101,48965.976,17555.418,25702.4556,17884.5828,0
1102,48399.2976,16439.0148,25516.5,18151.6968,0
1103,47307.6396,14559.1848,25956.3972,18259.374,0
1104,45148.914,13921.194,25792.1616,17896.9944,0
1105,42358.638,13629.0384,26057.6148,16430.5392,0
1106,41652.5952,11371.338,25996.5552,15800.0652,0
1107,41253.4128,9542.5668,25391.9112,15784.5312,0
1108,40566.354,8610.2772,24591.2952,15865.7892,0
1109,39067.6008,8290.5312,24111.4008,16182.7464,0
1110,38399.0724,7896.096,23593.4112,16007.7336,0
1111,38432.0844,7530.6408,24629.2284,13605.2868,0
1112,40184.976,7760.16,25354.3356,11103.0312,0
1113,42591.1236,8532.1644,24094.4724,9709.2816,0
1114,43638.1236,8667.9672,22778.1948,9852.4812,0
1115,44868.3444,9416.8128,22246.7052,9883.5852,0
1116,45897.3756,10115.0532,22442.502,10158.5556,0
1117,45602.4732,10277.2392,23063.0496,10598.886,0
1118,43755.3948,10245.9012,24718.6968,10699.1904,0
1119,42571.1868,11137.7556,25149.5652,10719.8772,0
1120,41856.8172,12763.9272,24134.3064,11237.9184,0
1121,43017.7608,13316.0052,23194.0464,12420.0324,0
1122,45799.8024,13703.334,22133.232,15389.1108,0
1123,45291.0936,15286.6224,24545.7252,17412.3036,0
1124,48642.0156,17261.7144,24836.9904,18260.5068,0
1125,49999.914,17300.1804,24425.9832,18783.9756,0
1126,49654.6944,17421.1968,24651.5868,18816.4668,0
1127,48215.3088,17473.7772,24608.0088,18861.234,0
1128,45849.0792,16987.3188,23479.494,18870.4896,0
1129,43865.6028,14210.7492,23633.226,19123.9692,0
1130,44714.58,10403.3424,22855.3056,19158.1404,0
1131,44648.7372,8329.734,22378.3488,19293.6636,0
1132,44383.8756,7244.7444,22044.4992,19350.9564,0
1133,44139.6,7089.3036,21850.5552,19315.9092,0
1134,45185.9976,8082.7824,22161.7128,18603.684,0
1135,46897.4076,10094.1912,23372.0076,16658.292,0
1136,49369.0224,13626.9444,24662.2116,15044.2536,0
1137,51993.9084,17047.524,25843.9188,15610.8156,0
1138,54250.4976,17698.0608,25697.238,16409.2788,0
1139,55944.5952,18671.478,25236.906,16774.7616,0
1140,56554.9212,19610.3472,24865.2744,16661.7588,0
1141,56004.7392,17882.1912,25502.7156,16721.6808,0
1142,58977.8784,18358.0116,24217.8984,18146.2668,0
1143,60491.6988,18074.0688,22724.4324,20057.3136,0
1144,61218.864,18030.7908,20478.6768,20533.728,0
1145,61267.9404,17113.3284,19536.798,22036.044,0
1146,57764.0088,16157.8824,18917.382,21763.9272,0
1147,55094.1648,15013.8072,21027.3936,21165.8316,0
1148,56438.6064,16760.1324,22790.2512,20994.87,0
1149,56414.286,17546.6004,23530.302,20536.1484,0
1150,55994.4852,17450.0256,25271.8092,19789.8204,0
1151,54841.2264,15483.0516,25813.7988,19368.57,0
1152,51084.2364,14350.0296,25087.7232,19197.09,0
1153,47391.5532,12981.9456,23310.0072,20608.6008,0
1154,46174.7544,11192.2596,21633.9612,21077.07,0
1155,45307.8312,9902.1144,20431.6488,21319.2396,0
1156,44918.5968,8835.144,19902.7632,21325.4436,0
1157,44276.3616,9409.2312,19567.974,21055.0068,0
1158,44052.8232,11103.2064,19086.7992,21141.0024,0
1159,45659.268,12276.2184,19728.276,20109.7236,0
1160,50224.4652,13615.5588,21140.3736,18240.0084,0
1161,51643.104,17643.1536,22470.2376,17469.48,0
1162,53392.9164,18737.4,22425.8052,17452.5216,0
1163,55327.002,19319.1924,21575.1912,18377.2164,0
1164,57733.2228,18685.0644,20657.6964,19161.552,0
1165,57560.5452,17673.6096,19677.1404,19411.3428,0
1166,59913.558,17860.302,18930.4032,20993.9472,0
1167,60773.268,17722.2264,18665.8968,22588.6332,0
1168,59878.086,17256.0036,19239.2628,23154.0672,0
1169,57424.4664,17360.112,19828.08,22871.8872,0
1170,52579.9416,16426.2264,19187.2848,23159.6856,0
1171,52905.4152,13602.5268,21325.1232,22788.8496,0
1172,55348.56,14169.738,23112.534,21525.3084,0
1173,54484.2852,14480.1996,23685.6228,20999.5608,0
1174,53634.564,14429.9352,24258.1752,21120.2808,0
1175,51359.7552,13988.5332,24560.7912,21068.184,0
1176,47799.5748,12818.838,24871.3512,20721.6444,0
1177,45666.228,10586.1084,24738.1368,20011.7076,0
1178,43796.2704,9265.4244,23303.0952,20520.0936,0
1179,43120.0128,8213.0928,21931.134,20609.0232,0
1180,41713.1916,7969.7544,22547.5548,19847.5596,0
1181,40988.7048,7977.4404,22884.0768,19439.4816,0
1182,42799.9224,8755.2528,21146.3148,20050.9716,0
1183,46046.586,9937.5996,20224.4988,19512.786,0
1184,49725.7548,11819.4876,21859.6188,17867.1936,0
1185,52524.6672,13942.8468,22559.9568,17935.2648,0
1186,55225.692,14449.6188,22245.378,18386.6736,0
1187,58109.5908,14909.802,21810.4728,18801.5556,0
1188,58650.8952,15247.0932,22043.9436,18686.3016,0
1189,58354.7784,14707.4388,21123.3,18737.682,0
1190,59151.9708,16402.2372,20677.0428,19109.994,0
1191,59504.8116,16574.9928,20541.1596,20236.4052,0
1192,59262.0852,17176.6536,20426.4696,20415.0408,0
1193,58686.3528,16763.1648,19187.8512,21604.1064,0
1194,55697.91,15860.736,18108.8268,22003.404,0
1195,53369.9868,15064.5672,21041.5752,21762.9444,0
1196,56817.3108,15013.1616,23113.9836,20712.2304,0
1197,57081.1176,14792.7528,23829.3948,20189.5224,0
1198,56620.7868,14965.9008,24892.9824,19765.4964,0
1199,53865.3144,14650.6272,25326.7692,19352.2248,0
1200,49703.3184,13502.7276,24646.4016,19741.5456,0
1201,46421.1252,11944.4436,24306.7128,19833.7056,0
1202,44552.8872,9938.874,24692.9628,19176.3,0
1203,42987.3276,9128.1264,23884.9956,19347.5268,0
1204,42141.0684,8774.2524,23084.796,19291.6272,0
1205,42264.2748,8813.6268,22010.712,19584.7308,0
1206,44248.0452,9664.0776,20524.9308,19768.6368,0
1207,45979.068,11778.8268,19821.7176,19219.59,0
1208,49541.5356,13262.0136,20552.8236,19092.6696,0
1209,53037.5676,14814.7284,21898.8144,19012.7292,0
1210,55725.1632,15564.798,22737.54,18196.818,0
1211,57597.0132,16401.3504,23022.5688,18406.326,0
1212,58105.1556,17034.4884,23306.298,18304.8936,0
1213,57623.8368,16927.452,22687.7664,17741.406,0
1214,58237.8228,17322.552,22082.286,20271.7704,0
1215,58598.8536,17501.5212,21071.478,22113.4272,0
1216,58508.1984,17248.308,20980.0464,22013.1276,0
1217,58375.374,16638.1428,21162.8472,21775.9872,0
1218,55561.026,16032.6888,20364.9372,21096.2964,0
1219,53044.6896,15453.6912,22376.9868,21537.9888,0
1220,56182.2336,16124.4948,23426.43,21017.6316,0
1221,56328.894,16256.8812,25001.8416,19818.1428,0
1222,55893.048,16515.684,25907.7924,19538.6448,0
1223,53613.6672,16126.5732,25979.3004,19514.7048,0
1224,49684.3452,15162.8244,24771.6168,20152.7436,0
1225,45944.5992,13461.6528,25140.246,19443.0636,0
1226,43809.3648,11615.2164,24955.2564,19047.714,0
1227,42599.4,10364.2452,25100.7096,17917.5084,0
1228,41173.7208,10098.72,25586.922,17570.0508,0
1229,40758.6516,10284.1428,25756.1796,17251.7844,0
1230,42151.0332,10780.698,25047.3108,17195.6688,0
1231,43984.1124,12248.4048,24390.0192,16528.3992,0
1232,46274.4876,14966.0604,25482.4416,16090.5252,0
1233,49964.112,17019.0636,25328.67,16843.2552,0
1234,53781.7872,16420.0116,25622.154,17463.7848,0
1235,55943.382,16919.1456,25387.5948,17967.264,0
1236,56787.8832,17232.468,25560.6504,17920.2,0
1237,57379.7508,16522.0236,25397.0904,17025.0708,0
1238,59603.184,17328.9912,24950.352,18692.3496,0
1239,60052.0116,18589.062,23588.658,20544.3024,0
1240,59849.6496,18330.9948,22097.7084,21461.2716,0
1241,56932.2708,17739.306,22402.314,21341.9568,0
1242,54287.8152,16572.2964,20865.0252,21539.9628,0
1243,53362.3512,15612.8964,23058.4116,21052.1028,0
1244,55615.08,16805.2524,23895.9852,20206.4868,0
1245,55748.9832,17001.6348,24251.2944,19172.1876,0
1246,55616.5212,16442.3856,25714.17,18852.5064,0
1247,53887.5552,16221.1224,25481.9496,19199.8704,0
1248,52018.2744,14616.8388,24171.3276,19908.2712,0
1249,49262.4204,13320.1284,23412.1956,20430.03,0
1250,45899.1036,12320.556,23365.8168,20687.556,0
1251,44201.5416,11323.5564,22923.5388,20433.7416,0
1252,42655.3548,10887.7884,22801.1832,20146.2672,0
1253,41258.376,11071.8504,22741.7328,19969.176,0
1254,40987.5852,11463.4692,22181.9328,19455.4776,0
1255,41592.6588,11216.7252,24162.8076,15875.9112,0
1256,42955.8624,12327.3924,25916.6424,14426.958,0
1257,44953.1292,13335.75,26413.3692,13813.0692,0
1258,45630.0468,14506.3092,27616.704,11988.684,0
1259,46521.4536,14910.9396,27279.264,11955.516,0
1260,48609.3504,15215.8128,25387.32,12300.06,0
1261,49568.8692,15193.5312,23952.5736,12284.4612,0
1262,50173.5048,14788.5792,23416.1328,12137.2668,0
1263,48881.4696,14784.8556,23763.8304,12614.82,0
1264,47341.5108,14980.7616,23827.2816,14030.376,0
1265,46641.582,16205.6628,21967.2672,16026.2292,0
1266,47799.3228,15880.8408,20421.7644,19131.9564,0
1267,49879.4736,15504.7236,22284.1944,20209.9764,0
1268,51540.3996,16045.5036,23578.7736,21191.7264,0
1269,50519.376,15824.5152,25847.97,19219.4304,0
1270,49571.598,15520.7652,26217.3768,18745.7928,0
1271,48266.6688,14684.526,25928.076,18328.8672,0
1272,47060.7372,13416.3984,25254.9264,18522.0504,0
1273,43276.0572,13904.9148,24046.1376,19120.518,0
1274,40725.1032,12413.2464,24409.4964,19245.75,0
1275,39845.5356,11252.7948,23611.092,19088.8272,0
1276,38249.6004,11113.2468,22947.9504,19239.3312,0
1277,38019.3204,10339.8384,22656.78,18911.6052,0
1278,38213.5188,10596.2712,21401.82,17948.1804,0
1279,39632.1876,10057.3884,21498.8964,14617.7184,0
1280,42917.8668,8806.9944,22772.3904,11918.1024,0
1281,44357.4444,9427.1796,22926.5424,10900.404,0
1282,46079.7648,10313.4456,20867.4588,11344.1808,0
1283,48152.3988,10557.738,19938.6696,11703.1584,0
1284,49814.2116,11091.0168,20094.09,11957.802,0
1285,50334.5424,11436.7728,20305.1184,11918.04,0
1286,49528.8804,11708.0796,20823.3768,11955.2988,0
1287,48299.9388,12216.1896,21388.8192,12025.8564,0
1288,47254.956,12987.3168,21297.9444,12384.4836,0
1289,48845.4444,12525.4116,20271.75,13304.7312,0
1290,47670.7752,15384.1428,18712.8588,15190.4748,0
1291,46428.612,16922.3256,20354.7012,18161.3556,0
1292,47588.4732,16605.5844,22866.0432,20343.8604,0
1293,47591.0616,16750.6872,23905.1256,20320.9176,0
1294,47496.36,16938.9012,24106.338,20241.9756,0
1295,46491.516,16937.6088,23495.5428,20191.6548,0
1296,44865.558,16783.2696,21984.7632,20046.8508,0
1297,43806.3684,13568.0508,21035.346,20961.8436,0
1298,42734.8416,11211.8472,20888.4888,21169.0236,0
1299,41051.9676,10428.078,21345.2688,20745.2664,0
1300,40576.9104,9799.3236,21360.0468,20155.2564,0
1301,40934.6904,9451.7448,21078.606,19900.0452,0
1302,41471.808,10580.3172,21551.9532,19379.8224,0
1303,43906.5456,12072.9528,22104.4068,18204.7884,0
1304,48692.8308,14048.8464,23569.1388,17212.5912,0
1305,52335.6876,16069.0368,24917.928,17717.9448,0
1306,55394.304,16479.3168,24817.8396,18815.6832,0
1307,57873.6852,17675.6184,23530.5396,20325.492,0
1308,58617.9744,18366.09,22638.876,21589.0884,0
1309,57830.2836,18183.7068,22466.6028,20743.2996,0
1310,59302.1256,19505.9328,22346.7012,21888.87,0
1311,59674.5144,20495.9376,22150.4604,22474.4616,0
1312,59940.2976,19965.9876,21798.3024,22623.2412,0
1313,59263.7376,19202.7132,21338.472,22651.7748,0
1314,55836.4608,18159.4488,19511.7984,23172.114,0
1315,53032.1364,17106.1632,21007.5828,23240.8584,0
1316,55416.3444,17821.5564,23033.7564,22322.1132,0
1317,56394.5124,18126.396,24091.056,21169.1244,0
1318,56222.52,18178.6596,24409.2552,21707.6904,0
1319,53301.8628,17587.0128,24640.6224,21671.136,0
1320,49663.0872,16665.5052,23630.364,21508.068,0
1321,46333.032,14805.54,23124.4776,21270.1428,0
1322,43856.9592,14260.9932,22526.8812,20888.3364,0
1323,41974.7988,13726.2396,21816.5808,20710.1232,0
1324,41115.4284,12647.8116,21421.7532,20821.578,0
1325,40856.034,12388.7616,21740.7948,20284.2876,0
1326,43028.0556,12780.1452,20875.7772,19899.33,0
1327,44622.4044,14135.796,22179.0672,18145.368,0
1328,49862.2344,16219.6056,23299.2348,16646.9004,0
1329,51936.1608,18947.0232,25424.4384,17081.9472,0
1330,54099.2928,20130.9564,25225.17,17318.7132,0
1331,56230.6644,20432.0604,25941.1572,17416.0272,0
1332,57683.0568,20943.6156,26094.618,17575.0956,0
1333,56748.216,20414.2176,26636.7708,17142.306,0
1334,57832.6584,21343.9848,25501.3668,19090.5984,0
1335,57537.9696,21809.8116,24524.082,20064.1548,0
1336,57641.7468,21650.2584,24454.41,20036.9556,0
1337,57866.0976,20703.9996,23134.782,20439.084,0
1338,53853.738,19341.2148,20312.6556,22298.1096,0
1339,51729.8604,16906.4832,21394.9008,22898.0796,0
1340,54286.0908,17775.6048,22752.402,22310.4072,0
1341,54715.2144,18003.8736,23019.726,22311.9096,0
1342,55096.3692,18195.7488,23367.6132,22460.4432,0
1343,53691.3876,17696.892,23547.3384,22341.7476,0
1344,50343.9972,16945.0104,22578.3768,21931.494,0
1345,46917.2604,14783.5992,22910.4876,21520.5384,0
1346,44195.2836,13835.7408,22122.192,21533.1984,0
1347,42079.5276,13345.7592,21971.8968,21207.6552,0
1348,41128.5288,12813.4512,21234.6024,21277.7568,0
1349,41409.072,12497.4,20742.414,21054.8724,0
1350,43163.6448,12763.4892,20646.8664,20642.5644,0
1351,45210.8748,13949.592,21342.228,19161.06,0
1352,49176.4848,16261.44,23873.172,16898.9544,0
1353,52939.7724,18789.0816,26411.2128,15802.614,0
1354,53919.6288,20555.79,27053.1216,15972.8436,0
1355,56089.164,21262.788,27158.0856,16279.3608,0
1356,58009.6272,21475.2876,26884.1172,16130.0232,0
1357,57299.3016,21280.7928,25863.8352,16424.8272,0
1358,58723.128,22486.1688,24797.9028,18086.2896,0
1359,61329.4992,21792.7092,22440.7392,19753.2864,0
1360,60281.8752,20966.64,21550.2492,20596.554,0
1361,59177.01,20483.0472,20990.1924,21016.5336,0
1362,54938.982,19216.212,19849.3308,21029.2356,0
1363,52452.9216,18284.976,21590.8164,21248.5296,0
1364,54558.9696,18609.5088,23735.8188,21152.7264,0
1365,53994.2292,18705.6672,25582.32,20071.4916,0
1366,53535.3048,18681.5172,26773.9632,19561.098,0
1367,51365.7696,17931.0576,26267.076,20233.968,0
1368,48521.526,16113.9732,25078.2276,21387.1176,0
1369,45466.9044,14985.888,24049.6188,21383.5608,0
1370,43691.7384,13741.8336,22682.8296,21587.2068,0
1371,42561.906,12521.3964,21994.0656,21534.702,0
1372,41800.0956,12029.0004,20993.7204,21567.0636,0
1373,41449.0848,11732.4144,21153.9708,21442.7052,0
1374,42577.9788,12313.8156,21280.35,21220.5756,0
1375,45006.1716,13917.3456,21468.3204,19303.95,0
1376,48260.4612,16086.7476,24631.7664,16791.4536,0
1377,51773.778,18384.6756,26685.1596,16124.4396,0
1378,54233.3316,19235.3184,27105.9588,16192.3416,0
1379,55890.864,20785.074,26002.734,16654.7028,0
1380,58077.9684,20850.9732,24984.0636,16718.5956,0
1381,58303.8048,19842.1968,23992.17,17116.3008,0
1382,58647.8856,20773.4088,23730.8208,19246.6368,0
1383,59457.4116,20333.4912,23234.9364,20813.3568,0
1384,58842.9408,20141.6196,22366.236,21421.2012,0
1385,58267.014,19981.7244,20303.9232,22543.1004,0
1386,54166.4496,18471.5088,20864.9604,21677.928,0
1387,50951.6532,17901.5448,23312.3508,20957.0964,0
1388,53876.3868,18013.632,23846.8584,20980.8624,0
1389,54224.2668,18172.3524,23957.9868,20824.1844,0
1390,53870.3964,18265.9764,24929.5128,20359.1424,0
1391,51632.9868,17604.8976,25181.736,20313.624,0
1392,49402.1736,16399.968,24047.3964,20547.6876,0
1393,48517.0776,14772.3012,21337.302,20862.0168,0
1394,47975.2728,13646.4744,18557.8584,20717.9892,0
1395,45152.322,13188.1668,18860.9076,20288.424,0
1396,43798.9284,12814.0008,18662.0964,20337.7272,0
1397,43486.9704,12732.3024,18238.932,20283.3996,0
1398,44318.3712,13410.576,18144.0468,20270.8836,0
1399,44306.7888,14703.564,19306.59,20076.2424,0
1400,48906.306,15975.1824,22878.8496,16851.6336,0
1401,51246.4164,17829.3144,27157.788,15932.5116,0
1402,53313.7032,19045.0896,27196.5192,16383.8232,0
1403,55833.3192,19572.4632,27262.236,16763.244,0
1404,57226.2384,19807.1796,26738.6484,16851.1344,0
1405,57162.8232,18738.8244,26516.9352,16956.1884,0
1406,58061.4768,19907.2884,25853.9988,17794.2948,0
1407,58983.3492,21041.964,21889.56,20647.4604,0
1408,59307.4056,20059.3584,19065.906,22460.0976,0
1409,56876.8224,19591.7016,18742.1292,22975.7952,0
1410,52030.266,18801.0552,20234.7756,22153.7844,0
1411,50180.706,18012.1464,23637.2436,20465.9784,0
1412,53300.2968,18071.226,26433.7836,18009.1728,0
1413,52733.3496,18036.072,27014.0928,17478.9912,0
1414,51882.8772,18232.1076,27147.78,17739.12,0
1415,50332.9068,17044.8672,26662.8204,18599.5836,0
1416,48200.49,15629.418,25855.3404,18886.2108,0
1417,47512.2492,12417.3564,24709.8828,19892.0904,0
1418,46164.564,10971.5268,23101.7088,20077.9104,0
1419,44652.6324,9875.658,22454.3508,20066.6736,0
1420,43860.3252,9827.9868,21695.5644,19339.3284,0
1421,42109.5516,9588.8316,23010.5568,18614.1888,0
1422,41600.88,9251.0388,22831.8096,18398.2284,0
1423,41260.188,9490.2336,23454.378,16619.0688,0
1424,42574.2048,11131.2204,26434.3632,13856.9052,0
1425,44728.0872,13356.4236,26585.9112,11754.678,0
1426,47298.27,14682.1788,25206.0204,10991.0844,0
1427,49594.146,16026.1248,23255.0844,11161.0488,0
1428,50845.0008,17060.0328,22204.6428,11204.9328,0
1429,51250.4472,17200.7376,21508.1976,11441.1216,0
1430,50651.6856,17091.0684,22193.232,11750.5428,0
1431,49527.4116,16701.4536,23384.7204,11911.2888,0
1432,51254.3472,14268.0672,22477.0404,12593.55,0
1433,51432.2232,13279.1052,21479.8584,14495.8788,0
1434,50283.0828,12881.7,21242.4336,17363.184,0
1435,48203.7144,14189.7156,23417.8584,20314.6824,0
1436,50156.4264,15848.2224,24795.5856,19919.8848,0
1437,49343.3784,15631.6728,25660.4556,18907.41,0
1438,48157.6404,15577.9668,25247.2236,18960.708,0
1439,46043.6976,14997.9108,25252.0716,19093.3452,0
1440,44368.0236,14002.5744,24349.7196,19516.7928,0
1441,44343.966,10871.6292,23906.49,19487.232,0
1442,42250.3212,9931.932,23669.4372,19250.7828,0
1443,41178.0504,9238.2276,23648.616,18103.9812,0
1444,39942.0672,8468.5044,23664.4404,18057.0024,0
1445,39795.6384,8009.2944,23316.2688,17266.536,0
1446,39612.9528,7859.9484,21701.6616,17707.0248,0
1447,39213.2496,7434.774,21170.958,17213.3052,0
1448,42382.3992,8967.4152,21583.8576,13113.8208,0
1449,43577.9928,9435.3348,23381.5848,10532.0808,0
1450,44647.3728,10351.6632,24142.9968,9188.3388,0
1451,46530.3888,11275.3752,22346.55,9563.82,0
1452,48199.782,11906.6664,21140.3724,9737.0412,0
1453,49485.0108,11686.2492,20817.324,9809.0676,0
1454,49027.5096,11213.9892,21445.2396,9942.654,0
1455,48163.986,10510.1076,22336.4868,10527.942,0
1456,47989.386,10432.9932,21595.4784,11916.6216,0
1457,47191.026,10441.6008,22026.8088,13821.6324,0
1458,45947.424,10723.7244,21692.5824,17643.0468,0
1459,45584.2392,12626.4228,23405.2092,19027.2168,0
1460,47651.0124,14398.9596,25474.9932,18419.4372,0
1461,47863.8348,14494.698,26357.3376,17851.8528,0
1462,47631.0072,14570.5008,26474.244,17802.7812,0
1463,46117.7748,15287.2176,26552.64,17760.3528,0
1464,42579.1344,16356.42,26277.7116,17552.6916,0
1465,41412.774,14812.818,25791.594,17338.1616,0
1466,41044.794,11725.776,25528.7088,17319.5748,0
1467,40734.798,9969.7104,24852.3576,17422.5972,0
1468,40241.5308,8951.6664,23929.6668,17556.1176,0
1469,40531.1904,8462.5848,23544.3588,17552.424,0
1470,40743.9708,8895.15,23307.4884,17334.5796,0
1471,41124.258,11129.7696,24514.68,13450.038,0
1472,43671.1932,12606.0636,27004.8216,11463.2028,0
1473,45883.2636,15223.6716,25488.5556,11638.218,0
1474,46969.2456,16692.7884,24463.3056,12065.7192,0
1475,48889.032,17792.1636,23155.7796,12565.632,0
1476,50125.1124,18427.6656,22995.9372,12797.9316,0
1477,50195.664,18504.8112,22963.8528,12822.7224,0
1478,49307.802,18406.2348,24906.7188,13430.8356,0
1479,48310.9452,18284.076,25080.9312,15359.7528,0
1480,47984.5884,17745.7452,24445.02,16436.4252,0
1481,47556.1128,17288.5644,24060.9108,16493.262,0
1482,46683.7404,15420.7644,24147.8928,17063.3748,0
1483,47277.816,14580.1416,25144.0176,17945.6556,0
1484,49964.1552,15990.45,25353.8952,18245.9568,0
1485,50048.8716,16243.2468,25361.7048,18294.8136,0
1486,49694.6016,16411.6092,25810.494,18309.6408,0
1487,48079.23,15924.8268,26855.6604,17742.834,0
1488,46096.4916,15722.0508,26676.558,17109.7548,0
1489,43538.802,14975.5716,26294.2824,16758.642,0
1490,41813.334,13709.088,25573.0236,17008.02,0
1491,41886.8448,11191.7496,24828.4044,17348.232,0
1492,41264.8716,9927.4248,24490.3332,17523.576,0
1493,40937.7312,9388.9968,24661.3452,17069.3832,0
1494,41144.9052,9832.9536,24214.6092,16305.396,0
1495,41565.1824,10924.3548,25465.3284,12829.2456,0
1496,43777.2372,12760.3392,26892.36,11075.0688,0
1497,44770.7196,14078.2056,26953.8084,10736.22,0
1498,46119.6924,15794.472,24643.434,11077.4376,0
1499,47938.6968,17123.2572,22637.604,11333.1168,0
1500,48553.8984,17419.1232,22994.3676,11277.0924,0
1501,48829.9692,16987.1664,23227.8264,11341.3284,0
1502,48540.3096,17503.9248,24566.4588,11764.7952,0
1503,46863.3852,17482.2876,24543.5724,12927.5592,0
1504,46279.3464,16655.6208,24040.8,13922.574,0
1505,48546.1608,15799.4604,22619.7828,14505.1008,0
1506,47939.1144,15567.09,21736.3836,15916.3608,0
1507,48287.2428,15026.7384,23169.9756,18384.9276,0
1508,50731.8504,15472.0488,24833.0796,19438.7616,0
1509,50689.0728,15969.4272,24986.9028,18909.3972,0
1510,50529.792,16084.2,25251.0072,18501.9192,0
1511,49038.3084,15742.2444,25435.6116,18629.8704,0
1512,46170.81,15498.6228,24935.4,18594.5796,0
1513,42240.6204,15141.6576,25353.2916,18141.7716,0
1514,40751.4132,13178.574,25274.3124,18024.3588,0
1515,39992.8392,11790.1044,24848.802,17916.0372,0
1516,40253.2068,10396.0824,24397.3584,17887.3584,0
1517,40039.368,9953.724,24449.4624,17591.484,0
1518,39855.5136,11676.5916,25063.3836,15810.8868,0
1519,41060.6352,13363.6524,26063.7396,13305.7716,0
1520,43921.9332,16051.6656,27135.876,12755.1228,0
1521,47320.344,18033.5316,26725.8228,12741.3012,0
1522,48985.8024,18312.7428,27538.9392,12887.7576,0
1523,50608.5108,18829.1808,27857.1048,13474.9044,0
1524,51918.8532,19253.0748,27727.8324,13679.2284,0
1525,53078.6184,18718.878,26864.6916,13714.9104,0
1526,56089.6824,19754.7348,27558.6828,14244.174,0
1527,57408.972,21200.9736,26315.28,15394.9656,0
1528,57454.8396,20670.234,24692.8404,17560.8552,0
1529,58187.2116,19751.9736,22273.1856,18575.358,0
1530,54139.6692,18880.0692,21698.376,18330.1524,0
1531,51029.7072,18072.7452,23441.6916,19028.8488,0
1532,51993.75,17910.7128,25464.0624,19848.8424,0
1533,53151.9684,18026.0976,25818.9516,19113.4284,0
1534,53330.676,18092.0712,26050.0596,19188.2028,0
1535,51740.6172,17060.3556,26517.7428,19494.066,0
1536,48664.0776,15279.4092,25809.762,19624.5828,0
1537,45329.8056,12601.7424,26180.6052,19075.7412,0
1538,44074.4004,10307.6832,25789.5756,18808.6656,0
1539,42625.3728,9234.3168,25248.7164,18840.4248,0
1540,41887.626,8367.9516,24938.6808,18845.49,0
1541,41804.5824,8346.0744,24360.3288,18758.016,0
1542,43194.0204,8727.2532,24197.4264,18470.9976,0
1543,43315.8612,11830.176,25838.0736,16170.1428,0
1544,46475.7792,15419.8224,26690.9184,14952.1776,0
1545,51369.8556,16969.6824,27905.184,13798.488,0
1546,53443.0824,17197.2708,29070.6744,13627.926,0
1547,54812.9376,18335.0448,29122.5996,13725.072,0
1548,55870.1028,18287.478,29283.252,13823.7012,0
1549,55366.7484,17173.7892,28821.12,13860.5268,0
1550,57484.4448,18232.2504,28777.512,14212.2816,0
1551,57330.9396,19463.5176,28854.9792,16117.8804,0
1552,57091.1784,19790.8896,27889.8192,17245.794,0
1553,56116.6296,19630.2456,25615.2684,18953.196,0
1554,53960.3904,16563.1752,24706.6668,19695.2112,0
1555,52854.888,15551.9604,25659.8604,20006.8632,0
1556,55537.5936,16760.1648,25815.9876,20158.3176,0
1557,55720.41,16703.3892,25759.3104,20213.4876,0
1558,55707.0924,17080.1028,25394.766,20534.5656,0
1559,52426.1508,16879.6512,25415.268,20773.7712,0
1560,49414.416,15417.8244,25310.8428,20310.1584,0
1561,46247.6292,13482.4272,25155.7596,19393.7496,0
1562,44375.1084,11208.426,25436.7084,19048.8636,0
1563,42516.6612,10486.1772,25386.4848,18649.3332,0
1564,42764.0328,8742.0228,24960.2076,18660.6408,0
1565,43009.7556,8341.5396,24434.5656,18623.1816,0
1566,43019.0064,10436.256,24108.264,18538.9092,0
1567,43807.4112,12560.544,24564.564,17382.0144,0
1568,48287.2236,14885.6388,26395.2876,14698.2324,0
1569,52244.3604,16967.8548,27436.4748,13431.4056,0
1570,54420.8964,17528.964,28118.3556,13066.3968,0
1571,56046.1452,18098.6784,28920.7428,13191.6372,0
1572,56543.9244,18445.638,28979.004,14189.7684,0
1573,56549.136,17381.2824,28758.42,14236.5444,0
1574,56835.2988,19795.476,28489.4184,15283.2336,0
1575,57417.5988,20519.754,26252.8452,18657.5928,0
1576,58355.0508,20099.2416,23501.7444,20287.3752,0
1577,56585.16,19496.2308,23018.3388,19971.2868,0
1578,54482.8668,18054.5004,22333.5456,19722.4548,0
1579,53598.2748,16340.6712,23913.6984,20079.9228,0
1580,56579.2812,16520.7504,25824.7248,19471.4304,0
1581,56792.718,16607.3976,26406.6372,18392.3652,0
1582,56831.3748,16731.588,26969.1084,18687,0
1583,55016.5116,16656.3876,26567.8836,18923.6844,0
1584,51516.0096,15829.572,26720.7504,18834.2976,0
1585,48103.1532,14097.894,25227.654,17833.6032,0
1586,45520.8432,11512.3272,24873.9204,17419.7076,0
1587,43254.4476,10413.2568,24700.32,17979.3636,0
1588,42849.4128,9475.1364,24054.5244,18823.842,0
1589,42078.0276,9452.4432,24253.0596,18336.1368,0
1590,40963.8108,10400.0964,24532.7472,17214.816,0
1591,38588.6664,11894.5812,25586.5332,16089.3864,0
1592,40103.6136,13356.6144,27416.3808,13469.934,0
1593,42429.7764,14758.0608,27894.9708,12452.0508,0
1594,44474.592,15793.4976,27991.5504,12271.4088,0
1595,46549.4256,16065.5148,27703.5936,12547.0812,0
1596,48617.58,16200.4176,26673.9876,12835.5936,0
1597,49976.1288,16207.4184,25440.9048,12415.56,0
1598,49922.856,16336.236,24513.7716,13479.822,0
1599,49327.464,16565.8692,22723.4112,14471.8212,0
1600,48890.5548,16364.6472,20768.9616,15853.8516,0
1601,49832.6412,14837.6412,19483.8492,18461.5572,0
1602,49943.2572,13685.7288,21272.3232,19491.0636,0
1603,49464.1848,15493.662,24128.7168,19435.5228,0
1604,51599.6016,16247.0292,24973.6824,19509.4308,0
1605,51246.8328,15143.7528,25586.5056,18860.1324,0
1606,49350.0708,15212.7552,25712.4696,18853.314,0
1607,47460.1872,14858.754,25570.1712,18954.9612,0
1608,45534.0396,14829.0636,24727.8504,19040.5704,0
1609,43708.8876,12460.2,25169.4408,18242.8584,0
1610,42118.5732,10503.1512,25797.924,17457.9048,0
1611,40967.8704,9189.2484,25333.7556,16878.4584,0
1612,40049.7924,8213.0292,24963.2856,16548.45,0
1613,39474.5856,7396.5348,25090.0872,16387.6932,0
1614,39572.364,7008.3936,25365.6468,14987.0424,0
1615,39654.162,6669.5424,25669.26,12397.1964,0
1616,40295.9412,7849.6704,25487.5632,10989.384,0
1617,41252.478,8420.766,25840.9608,9377.9232,0
1618,43878.7356,8568.5136,24037.4148,9353.2152,0
1619,46013.7864,9348.1572,22214.8752,9745.5312,0
1620,47913.3528,9747.8496,21844.8984,9955.3212,0
1621,49681.902,9786.342,21596.58,10092.6732,0
1622,50323.0188,10287.2748,20359.5924,10016.8404,0
1623,50702.9196,11281.2516,18625.4508,10506.4272,0
1624,49757.1972,11793.2592,17787.0972,12290.1756,0
1625,48012.234,11391.1524,15791.0904,17843.634,0
1626,46766.8668,10848.5328,15584.394,22722.1572,0
1627,47835.6312,12808.3848,17460.1236,23382.774,0
1628,49073.142,14024.3604,19104.6492,23265.06,0
1629,47727.3168,14062.4052,20662.6584,22924.752,0
1630,47458.0872,14029.5792,21523.9188,22530.6924,0
1631,46159.6452,13802.1144,21814.266,22283.928,0
1632,43657.8648,13284.504,21484.4124,21822.03,0
1633,43357.914,10003.4376,21171.9288,21425.4648,0
1634,42670.7832,7824.3924,20017.6548,22121.6088,0
1635,42174.3888,6046.992,19935.9924,22108.4196,0
1636,41885.9592,5443.8348,19264.95,22089.366,0
1637,42765.0288,5259.4848,18334.278,22101.342,0
1638,43507.9008,6202.3608,18498.5568,22231.6164,0
1639,45088.284,8817.2376,19725.8448,19728.912,0
1640,49188.8532,12082.9572,22049.748,16399.902,0
1641,53414.9484,13857.042,24365.8416,14853.8484,0
1642,55303.002,14542.9824,24177.7524,15528.54,0
1643,57749.1912,14901.9132,23148.4536,16485.2964,0
1644,57734.3772,15881.7924,21946.4904,18105.2364,0
1645,57425.1288,14646.7356,20283.4176,19730.6268,0
1646,58578.0696,16173.078,18715.3392,22328.7468,0
1647,59418.9708,17429.8704,16933.9176,23311.7988,0
1648,59772.9072,17336.34,14830.6332,24722.346,0
1649,59829.2292,16625.2944,14045.5296,24732.5124,0
1650,54943.1868,15368.838,15211.8924,24102.7956,0
1651,52758.354,14787.4428,18374.0184,23925.6624,0
1652,53803.0656,14941.8432,21117.27,23441.7624,0
1653,53961.1344,14508.5952,23346.5316,21452.5236,0
1654,52793.952,15019.9692,24843.636,20729.862,0
1655,49521.3528,15114.606,25290.7248,20373.7728,0
1656,46176.3948,14134.662,25198.326,19907.1996,0
1657,46042.1328,10226.874,24180.3876,20179.5216,0
1658,45106.512,7304.9664,24048.6144,19721.3832,0
1659,45036.8076,5094.6924,24106.0572,19265.8404,0
1660,44532.624,4441.5936,23709.786,19183.59,0
1661,44467.404,4485.5256,23598.7656,19188.504,0
1662,45732,5327.5164,23750.8104,18935.2224,0
1663,46983.4596,8177.0364,24207.924,17514.1236,0
1664,50909.934,10678.4184,25959.456,15298.776,0
1665,55113.7284,12572.82,27012.1344,15641.3736,0
1666,56510.5488,13906.6428,27216.72,16038.768,0
1667,58116.5268,14884.0872,27566.6148,16556.9592,0
1668,58626.7152,15049.974,27809.8908,16878.8808,0
1669,57153.8496,14526.9156,27141.93,16798.8084,0
1670,58587.1284,15132.8424,25321.674,19069.5132,0
1671,59025.678,15725.556,23935.9008,21253.0236,0
1672,58773.9888,16611.5364,21555.7992,22526.2272,0
1673,57742.9548,16525.3992,19713.4008,22467.0756,0
1674,53508.7272,14274.3468,20594.6724,22054.5432,0
1675,51751.5612,13801.0452,21559.8072,23123.4264,0
1676,52451.6784,14362.1424,23752.056,22062.6624,0
1677,52520.6604,13744.8432,25421.2212,20689.4472,0
1678,53081.9616,12735.468,25977.27,19945.5156,0
1679,50447.526,12166.062,25654.9776,20123.8692,0
1680,47607.1068,10925.016,24730.752,19939.092,0
1681,44001.1752,9459.2088,24996.1968,19372.0164,0
1682,41606.8116,8179.866,24803.8596,19167.852,0
1683,41073.5136,6701.3532,24099.2112,19077.1932,0
1684,40841.3928,6205.128,23464.3572,19088.5776,0
1685,40652.634,6077.364,23772.1392,18972.2808,0
1686,42480.0936,6186.5388,24568.9176,18307.1892,0
1687,44828.1156,8056.44,25799.6928,16055.9148,0
1688,48782.2596,10262.1696,26756.2704,14995.0992,0
1689,52295.3784,12164.8368,27490.5108,15294.2004,0
1690,53965.0968,12610.164,28235.5272,15869.3088,0
1691,55687.0752,13737.852,28232.6112,16281.3168,0
1692,56999.2872,13931.8848,28724.3928,16197.8424,0
1693,56719.9056,13241.9112,27926.862,15968.9544,0
1694,59157.9456,12780.0732,27536.7192,17307.5484,0
1695,59928.4008,13662.3756,26131.236,19527.6192,0
1696,59856.1416,13921.176,24065.3268,20808.0504,0
1697,57567.6768,14528.892,23600.1084,21090.8208,0
1698,54209.4612,12743.6808,22589.8872,20977.26,0
1699,53464.7916,12558.5796,24306.6756,20620.5,0
1700,54354.0912,13053.4464,26398.1676,19513.806,0
1701,54102.0456,12782.6712,27546.2016,18851.1444,0
1702,53306.6568,13126.1028,27087.2328,19888.752,0
1703,49817.2884,13328.6292,27489.3612,20021.796,0
1704,46096.536,12717.0444,26319.3216,20298.5976,0
1705,42757.8972,11454.5508,25732.1724,20076.6324,0
1706,41963.292,9196.5312,25857.9888,19091.766,0
1707,41530.8204,7701.9288,25396.29,18836.7252,0
1708,41710.2084,6416.838,25057.6152,18639.8892,0
1709,42620.1552,6126.5136,24036.306,18854.4312,0
1710,43563.0552,6705.6924,23812.4028,19515.0144,0
1711,44295.1812,9846.3924,26065.404,16140.684,0
1712,47596.7004,12120.4092,28076.2848,14179.8036,0
1713,51448.626,14064.7932,28467.882,14641.224,0
1714,54123.4872,14679.528,27714.78,15277.5984,0
1715,56866.4004,15825.0336,25840.812,15903.6888,0
1716,58739.1864,16492.6632,24262.6908,17219.4012,0
1717,58926.9636,15515.6868,23336.2368,16786.0968,0
1718,60960.15,15182.478,22481.5968,18507.5592,0
1719,60705.6684,15198.3252,21958.092,20883.666,0
1720,59378.2176,16062.5112,19439.73,22453.65,0
1721,59617.026,15529.4976,17091.1188,23294.4552,0
1722,56943.8004,14816.7444,16163.856,23247.3996,0
1723,54397.0296,14893.3704,19501.0692,22844.136,0
1724,54764.3832,15117.9456,22123.0488,22221.9732,0
1725,54255.1428,14099.5128,25127.3772,19929.1008,0
1726,53924.7108,13599.36,26467.77,19278.948,0
1727,51768.8292,13232.9436,25477.7184,19780.9932,0
1728,49051.0356,12280.4508,23213.3688,20553.0588,0
1729,46463.3184,9638.2308,21883.1352,21716.436,0
1730,44015.85,7669.5432,22001.7084,21821.178,0
1731,43652.6808,5690.43,21870.5856,21403.2684,0
1732,43784.1384,4772.7324,20890.3224,21434.7792,0
1733,44168.274,4856.004,19704.7584,21572.6544,0
1734,45578.256,5736.9132,18917.5488,22391.2632,0
1735,46856.4888,8282.3088,19193.3508,21172.4448,0
1736,51124.1772,10605.5952,20936.8836,17494.2864,0
1737,54612.27,12746.682,21531.3924,16714.4544,0
1738,55745.112,13687.2096,21612.8556,17279.37,0
1739,58796.6388,14593.8132,20524.9692,17706.9096,0
1740,60938.4636,14826.4452,20560.812,17978.436,0
1741,60809.5788,14075.3412,19408.2024,17968.0356,0
1742,62663.5224,13715.0316,18047.2524,19473.3684,0
1743,62490.4692,12941.37,16656.6732,22065.198,0
1744,62963.9256,12282.4332,15204.4008,23260.0908,0
1745,61712.6664,13458.7824,13248.4728,23759.562,0
1746,56859.3024,14520.5136,13480.6104,23650.2408,0
1747,55487.6412,14408.4456,15989.3352,23435.2716,0
1748,55744.1808,15123.0156,17848.5972,23184.3336,0
1749,54305.67,14587.0656,18375.6468,23301.7416,0
1750,54370.7724,13994.238,18946.2228,23444.9268,0
1751,53414.0352,13806.9996,18056.5548,23016.6396,0
1752,51194.6604,13594.8468,16957.5528,22623.5232,0
1753,50585.298,9917.5992,16435.1184,22576.0776,0
1754,48993.1716,7308.1824,16728.5916,22622.1552,0
1755,46649.9604,5741.0112,17535.4176,22618.8,0
1756,44967.3228,4644.7608,18552.5556,22519.572,0
1757,43876.6788,4554.516,19232.8272,22443.24,0
1758,43746.5004,4534.926,19349.0664,22046.856,0
1759,44177.502,5704.7628,21227.1936,18419.9688,0
1760,46769.5164,7275.2052,22473.2328,16053.5004,0
1761,48637.9068,9975.5892,23755.4412,13306.284,0
1762,48735.3948,12262.9368,25174.3212,11844.2448,0
1763,50995.5912,13350.1968,23899.9452,11927.5644,0
1764,53370.4596,13236.678,22512.4452,12614.7756,0
1765,53992.3008,12756.252,21096.9864,13292.3712,0
1766,54197.328,11230.764,19640.232,14698.5828,0
1767,52387.2324,10036.0512,19102.2948,16090.98,0
1768,51876.2184,9217.2348,18046.8636,17579.0904,0
1769,52323.5016,8577.738,16633.4436,19986.9804,0
1770,51546.5016,9254.5284,16321.5888,22279.0236,0
1771,50593.8564,12319.386,19564.41,22285.1172,0
1772,49494.9732,13483.914,22424.424,22031.088,0
1773,47920.8732,12475.9008,24393.504,20601.1428,0
1774,46970.9652,11663.4696,24738.8064,19798.6656,0
1775,44708.4768,10975.1928,24645.438,20054.7048,0
1776,42769.2996,10622.5464,23173.6056,20317.1892,0
1777,40039.0884,10024.6452,22925.8344,20259.048,0
1778,38005.332,8804.6184,22098.2916,20794.9248,0
1779,37190.7948,7886.1936,21323.1192,20448.2328,0
1780,36500.4828,7228.0188,20449.5948,20688.0156,0
1781,36138.9624,6409.4412,20305.4976,20646.2676,0
1782,36246.8268,5974.8192,19775.3856,20409.4656,0
1783,36952.4568,5321.2428,20722.6392,18184.5036,0
1784,38804.2848,6065.6124,24437.1984,12420.0924,0
1785,39760.7868,6724.704,26576.4,9308.7612,0
1786,42147.5496,7269.1332,24144.114,9476.5236,0
1787,45104.0184,7939.044,21461.2176,10419.3408,0
1788,48068.5632,8302.3008,20015.1744,10690.362,0
1789,49074.9636,8498.286,20025.8976,10419.6096,0
1790,49868.8752,8447.1252,19179.4476,10516.8924,0
1791,50108.034,7951.1016,17827.08,11712.642,0
1792,48379.416,7139.9232,15706.8468,16042.224,0
1793,47847.2448,6512.6832,14381.1936,19716.882,0
1794,48098.0304,8783.646,13370.9904,22171.9152,0
1795,47798.8044,11396.6808,16894.8924,22475.4528,0
1796,47271.6924,13191.54,19030.482,22245.2652,0
1797,46281.5436,13538.3712,19407.6804,21832.2108,0
1798,45084.3828,13447.7772,20327.3352,22011.8664,0
1799,44245.5192,12357.4608,20609.502,21881.6196,0
1800,42875.2128,11804.1204,18879.4344,21938.9304,0
1801,42017.2752,8449.3176,18115.548,23102.0532,0
1802,42608.9268,5298.8064,17945.8128,23000.3952,0
1803,41409.654,4162.776,18347.2944,22809.6396,0
1804,39960.7116,3864.036,19185.5688,22464.6084,0
1805,40109.6508,3986.6376,18934.7232,22502.112,0
1806,42803.2032,4949.7096,18258.8976,22318.4148,0
1807,45009.192,7074.2568,18697.152,21448.5648,0
1808,49019.8548,10145.7972,21875.2368,17147.9448,0
1809,51831.4332,12511.5216,24255.108,16426.4868,0
1810,53826.7272,13371.3312,23853.7788,17253.6864,0
1811,56561.5752,13833.3792,22326.354,17751.7776,0
1812,57750.5016,13839.4932,20406.3804,18980.6292,0
1813,57133.392,13008.7704,20407.3344,18187.6632,0
1814,59211.8772,13358.2944,19396.0308,19720.0944,0
1815,59177.5296,13849.2408,17902.3248,22566.3036,0
1816,58828.9932,13969.674,17083.3536,23173.8684,0
1817,58480.1736,13794.3396,16783.6908,22867.0476,0
1818,55115.3184,13191.822,15865.6872,22860.7296,0
1819,53195.4204,12772.5756,18375.6396,23506.6752,0
1820,52900.4916,13196.9556,22581.1992,22411.7016,0
1821,51192.4824,13740.1884,24369.2172,21257.9316,0
1822,50840.568,13790.0832,24885.8148,20781.606,0
1823,48814.7688,13050.0348,24474.0468,21146.6952,0
1824,46423.4508,11008.0752,23214.9,21490.83,0
1825,44340.0264,7907.8956,22843.26,21529.5252,0
1826,43748.8548,5560.9152,22519.8876,21031.4124,0
1827,43638.7056,4487.1,20608.992,21205.1148,0
1828,43524.396,3722.9196,18905.5392,21949.764,0
1829,43819.206,3821.2344,18159.9876,22008.2892,0
1830,46061.7468,5317.6128,16570.8648,22082.0856,0
1831,47697.552,7881.0348,16372.0656,21406.5192,0
1832,52613.79,10135.8372,19263.3336,17161.9896,0
1833,53665.602,12405.4956,22638.7752,16296.9792,0
1834,54372.0612,13051.7208,23883.834,16269.8448,0
1835,56851.716,13534.5576,23701.8768,16837.7676,0
1836,58882.4964,13804.188,22981.32,17636.166,0
1837,58433.5548,12469.2804,22551.4932,17502.6588,0
1838,59686.41,13003.7568,21283.2696,18622.9044,0
1839,62237.322,13244.2704,18779.34,20532.6024,0
1840,62386.5672,12911.6652,16850.184,22698.33,0
1841,61269.9588,13317.84,14150.4924,24722.1696,0
1842,57242.9376,13505.9988,13068.3876,24007.0488,0
1843,57047.5752,12556.8588,14737.7976,24225.4164,0
1844,55992.9768,13462.7076,16444.1544,24238.6116,0
1845,54528.8196,14066.1804,17080.7004,24321.594,0
1846,53526.8556,14094.2088,17813.1396,24142.806,0
1847,49061.4384,13495.3488,19502.7036,24009.5388,0
1848,47192.0184,11010.5484,18910.5264,24095.6928,0
1849,45323.022,8337.5112,18352.2216,23996.5452,0
1850,43919.418,5439.3156,18544.1928,23954.2728,0
1851,42978.0804,4073.7012,18687.354,23427.5664,0
1852,42171.444,3873.0492,18095.9352,23352.8004,0
1853,43660.0104,3854.4576,16232.244,23348.0604,0
1854,47014.6104,4751.8212,14212.2744,23348.916,0
1855,47782.722,6309.45,15789.9732,23151.2052,0
1856,48687.1524,10578.0036,19455.5784,19060.6548,0
1857,51349.0032,12746.3016,21553.308,17195.778,0
1858,55060.6704,12035.5788,21489.7824,16942.2552,0
1859,57562.6344,11907.7752,20953.8396,17541.36,0
1860,57939.7296,12394.6032,20838.6396,17570.0088,0
1861,56626.9752,11413.158,20579.8536,16886.958,0
1862,58196.376,12083.4864,19415.1732,18233.0064,0
1863,58615.7076,12249.0288,17911.1208,21218.586,0
1864,59132.9064,11594.5692,16741.4916,22893.246,0
1865,57886.4508,12030.5952,15134.412,24098.4708,0
1866,55103.5788,11665.4544,14482.8672,24129.6444,0
1867,54682.0884,10987.6872,17718.102,23926.9584,0
1868,54506.1312,11658.5076,19757.2452,23736.0336,0
1869,52698.7884,11748.1152,20560.9356,23534.7444,0
1870,51713.0796,11450.7276,21003.066,23773.5828,0
1871,48450.852,10447.656,21771.0504,23711.4216,0
1872,46019.928,9801.8136,19585.7784,23695.4232,0
1873,43258.6488,8137.4868,18246.9492,23761.7448,0
1874,43491.0468,5881.6476,16454.9436,23625.6396,0
1875,44929.992,4167.2304,14165.3076,23619.054,0
1876,44883.846,4102.596,12783.9552,23587.638,0
1877,46115.2908,3990.5748,12009.7104,23621.3784,0
1878,47722.2132,4905.4872,11747.3868,23601.1152,0
1879,48395.226,7068.336,13112.946,22932.7032,0
1880,51685.374,10019.8284,16687.4556,17865.9732,0
1881,53786.0928,12431.3436,19858.6068,14687.862,0
1882,55129.854,12140.6628,21245.8608,14291.826,0
1883,55887.0252,12902.9916,22216.5204,14821.4604,0
1884,56556.3432,13432.7748,21797.6496,15594.2148,0
1885,56387.1432,12114.6804,20960.8176,15784.362,0
1886,57632.9712,12217.2396,21067.3044,17121.3564,0
1887,57320.5392,13498.2168,20732.3556,18490.7268,0
1888,55783.1772,12896.3292,19557.648,20299.2648,0
1889,53946.018,12515.334,18420.9096,22851.852,0
1890,51288.5364,11971.464,17312.628,23979.714,0
1891,50974.7688,11336.7012,20297.4108,23755.8876,0
1892,52496.4924,11940.8712,21416.6184,23522.9928,0
1893,51799.2432,11968.5528,21032.796,23560.572,0
1894,51986.8476,11529.7464,20232.6312,23736.3312,0
1895,49503.3468,10916.4384,20089.6128,23724.882,0
1896,46507.152,10406.1912,18136.2336,23937.8304,0
1897,45491.316,8023.0392,16548.2832,24023.0628,0
1898,44740.5264,4940.8692,16071.6504,24005.2848,0
1899,43500.8064,4298.4084,15047.2248,23834.2872,0
1900,42294.6324,4091.5692,14763.8532,23665.0464,0
1901,43132.7856,4231.9656,14090.7984,23721.6048,0
1902,43991.064,4853.8716,14478.5928,23815.08,0
1903,44951.1372,6772.3524,16383.84,22888.2408,0
1904,46961.7888,10284.5364,20060.682,18416.7504,0
1905,48832.3728,12722.1756,23237.7288,15624.3432,0
1906,51225.2628,12955.8444,23666.106,15479.5164,0
1907,53800.7724,13207.98,23286.2052,16237.3164,0
1908,53873.4936,13764.7944,23673.7332,16716.5028,0
1909,52926.7656,12268.3008,24142.6356,15774.4644,0
1910,52896.912,13633.62,24191.7552,16577.9676,0
1911,53117.1528,14047.4556,22599.3348,19630.0464,0
1912,53011.3368,13804.4436,20810.2764,21728.5572,0
1913,52339.848,13663.7592,18283.3584,23386.2324,0
1914,51774.3084,13018.206,16386.0564,24019.746,0
1915,52360.8528,11876.7012,19618.3464,23742.8952,0
1916,53338.8804,12465.03,21414.6924,22567.4424,0
1917,51540.6924,12196.914,21900.7332,22102.4664,0
1918,51166.0176,11533.4412,21798.5952,22428.102,0
1919,49661.5728,11564.6736,20295.8772,23019.1788,0
1920,47428.8408,11591.7888,17733.156,23356.62,0
1921,44070.9036,11002.9968,15383.9064,24195.1176,0
1922,41883.8676,9447.1824,14322.99,24225.462,0
1923,41709.0516,7360.3548,13818.8664,24097.284,0
1924,41283.2448,5613.4992,14047.0716,24001.4508,0
1925,40683.0372,5111.0556,14459.6712,23986.9824,0
1926,39683.9736,5353.896,15278.406,23802.1572,0
1927,38726.0304,6395.4732,17850.9864,21325.3956,0
1928,40271.2488,7863.1728,22237.1532,17252.7048,0
1929,42417.5556,9353.4828,25436.0436,13975.7196,0
1930,46138.302,10379.5248,24793.1712,12285.5316,0
1931,48630.6852,11174.2116,23899.1928,11988.2064,0
1932,49786.9188,12287.8992,22336.2384,12076.2444,0
1933,48842.6484,11846.7648,21463.1088,11962.0812,0
1934,49223.0376,10868.0784,21030.7464,12136.0692,0
1935,49691.1576,9984.0744,20777.4576,13282.2972,0
1936,49031.1948,10047.9108,20750.4108,14972.6592,0
1937,48014.6316,10645.7724,19447.326,17406.9564,0
1938,47096.6088,12094.698,17049.8856,20840.0892,0
1939,48045.678,13013.718,19177.0788,23173.7076,0
1940,49118.202,12786.576,21368.76,21966.474,0
1941,46502.982,12719.25,23070.5184,19928.6868,0
1942,43893.0336,13127.0892,23384.1288,19959.4896,0
1943,40927.9788,12764.7924,22173.1308,21574.0944,0
1944,39693.9084,11088.468,20845.6548,22849.4148,0
1945,38020.4532,9907.26,19808.7444,22967.8092,0
1946,36819.4332,8106.4788,19454.6904,22980.4692,0
1947,36622.266,6262.9932,19040.7996,22685.0088,0
1948,36667.5504,5292.8772,19150.4064,21499.104,0
1949,36917.8272,4716.5232,18779.862,20916.7992,0
1950,37524.1284,4299.138,18253.8576,20137.668,0
1951,37661.4228,4393.9548,19158.1824,17444.0076,0
1952,38772.9156,5712.4296,20661.9528,14584.1928,0
1953,41378.8152,6733.59,20724.1704,12651.2148,0
1954,43422.5052,6980.8788,20689.7988,11471.4132,0
1955,45562.944,7571.9196,20935.2132,10704.8028,0
1956,46497.3204,7940.3076,21910.4928,9819.4848,0
1957,45947.5716,7953.6648,22414.3296,9718.6812,0
1958,45477.6192,7411.3668,21736.1124,10186.7472,0
1959,45275.4984,7026.1716,20722.848,12243.3156,0
1960,44875.38,7417.2672,20238.9228,14760.0564,0
1961,44916.9252,7395.0108,18662.058,18555.372,0
1962,44738.07,8547.6132,17089.5972,21899.3916,0
1963,47613.8088,9053.0136,19371.9228,22914.294,0
1964,47833.6656,10486.6728,20537.112,22414.8828,0
1965,46973.394,9958.5684,22007.6196,21694.5708,0
1966,45465.6648,10548.9852,22146.3264,21554.5044,0
1967,43871.8488,10270.614,20987.7636,22861.938,0
1968,41849.2716,9745.3344,19450.5768,23339.6832,0
1969,39555.6804,8817.8748,17986.836,23879.0604,0
1970,39830.8572,5696.2896,17664.1104,23966.1648,0
1971,39388.6452,4686.888,17286.672,23589.4164,0
1972,40369.4976,3816.264,16139.6124,23519.6256,0
1973,40812.7356,4115.0124,15570.4404,23442.8352,0
1974,42096.5112,5749.206,15595.368,23433.8616,0
1975,44648.7396,7785.0336,17099.3268,21154.7676,0
1976,47681.1384,10432.4328,20686.614,18260.826,0
1977,49503.1428,13663.5648,23823.8436,17190.8376,0
1978,52180.4736,14720.3196,23101.6512,17300.7984,0
1979,54868.098,14650.086,22295.208,18470.8728,0
1980,56116.5228,14818.47,22341.81,18339.2916,0
1981,53828.1156,13456.302,22685.874,17808.372,0
1982,53345.256,14455.0356,22574.0436,19219.7616,0
1983,53057.4468,14839.5456,21774.8436,22799.5548,0
1984,53779.332,14434.4184,20974.1364,23985.3612,0
1985,52524.342,15077.868,20596.1376,24119.5656,0
1986,50093.6496,14497.0476,18947.6748,23784.6624,0
1987,50534.5488,13596.33,21911.1624,22501.1856,0
1988,52495.1196,13673.772,24038.7924,20910.294,0
1989,51674.0424,13464.798,24229.8792,20969.3304,0
1990,51523.4556,12344.8836,23151.8136,22668.9072,0
1991,49630.7604,11222.1948,22268.1396,23657.4384,0
1992,46199.0052,10214.508,20684.0856,24287.7396,0
1993,43782.4188,8463.9816,19639.4832,24063.924,0
1994,42774.1692,6186.7536,19072.2288,23929.1952,0
1995,41717.0724,5069.802,18491.5128,23534.4264,0
1996,41623.0956,5101.9092,17744.4792,22470.03,0
1997,41757.8964,5247.0996,17339.1936,22428.0672,0
1998,42408.9192,6761.1816,16950.6876,23052.234,0
1999,42755.4792,9553.5996,19728.372,20052.9312,0
2000,44562.0888,11884.8156,23234.4588,17885.742,0
2001,47658.4452,13452.9108,24585.084,17464.956,0
2002,50090.7576,13934.9844,25103.1744,16798.5888,0
2003,53136.024,14390.28,24592.4748,17366.9472,0
2004,54690.9132,14551.1904,24012.7704,18754.5468,0
2005,53834.058,13589.0808,22700.8836,18856.0932,0
2006,54484.6956,13806.0216,22028.4792,20832.9096,0
2007,55635.2556,14747.6364,21188.6508,21925.4916,0
2008,55291.38,15069.4176,20548.0632,23499.1728,0
2009,55147.356,15659.076,18850.9848,23948.2224,0
2010,54240.894,13559.1684,16445.028,24204.576,0
2011,53562.3072,14205.1776,18072.4548,23778.7716,0
2012,52958.3316,14343.8736,20359.1376,23726.3004,0
2013,51979.1088,13821.3852,21193.05,23825.8944,0
2014,51657.6408,13343.3376,21646.7472,23779.6116,0
2015,49382.7492,12391.644,21143.0172,23819.8032,0
2016,46635.2424,11899.9008,19459.8264,23816.0628,0
2017,43715.6628,9987.2664,18398.3808,23619.7752,0
2018,43359.9396,6840.8208,17887.938,23489.8584,0
2019,41935.4088,5303.5212,18409.3044,23297.7924,0
2020,40531.0812,5110.5336,18749.0532,22967.3376,0
2021,40889.73,4891.1976,18510.4764,23101.1196,0
2022,42639.9192,5916.5532,18243.5628,22985.7636,0
2023,44221.8324,8410.6548,19707.78,20954.4732,0
2024,46951.4304,11003.1216,22930.2492,18686.1324,0
2025,52267.9992,12844.932,22842.6624,18191.7084,0
2026,54419.1384,13906.0584,22078.5252,18206.8632,0
2027,56691.4176,14045.706,22237.9884,18489.5724,0
2028,57926.0352,14117.808,21559.938,18710.556,0
2029,56928.2484,12426.2988,21350.9256,18701.9016,0
2030,57689.1648,13352.526,20903.2116,19512.9888,0
2031,58996.0932,13735.5216,19594.6224,20537.3544,0
2032,56432.0256,14504.5668,18522.5376,23034.2412,0
2033,54868.4208,14726.0664,16890.8064,24296.586,0
2034,51945.2256,14554.326,15794.5176,24129.2424,0
2035,51712.614,14514.6792,18696.0192,23933.6976,0
2036,51069.4116,14684.9772,21614.148,23513.9412,0
2037,50084.124,13999.7712,22860.7716,22643.5728,0
2038,49974.24,13009.5684,23077.1124,22774.932,0
2039,48600.0516,11476.296,21969.7836,23293.1172,0
2040,45214.6536,11044.8312,20549.7504,23219.9748,0
2041,42477.3576,10466.5968,18366.852,22755.0756,0
2042,42318.522,7447.8024,17798.2572,22500.708,0
2043,41966.8476,5420.538,17606.0364,22380.7104,0
2044,40310.5668,5262.9096,18351.642,21659.6724,0
2045,41595.5388,5197.0596,17484.09,21271.614,0
2046,42827.3592,6054.6744,17576.5428,21581.6412,0
2047,42704.9304,8544.9924,19621.0224,20923.8816,0
2048,45908.0472,10543.524,22367.148,18425.4144,0
2049,46909.8696,12933.1392,24311.2272,17892.0516,0
2050,48975.2268,13006.122,24089.952,18504.75,0
2051,50725.0896,13360.6764,24726.9708,18865.4688,0
2052,52921.7532,14053.6068,23776.7664,18669.9612,0
2053,52023.0492,13634.466,22078.3008,18855.7452,0
2054,53178.354,14152.248,21315.4752,20944.3488,0
2055,54389.5488,14598.4812,21188.2596,22527.3516,0
2056,54561.5052,14641.4376,19814.4132,24174.4896,0
2057,55342.8492,14268.666,17747.9028,24782.5536,0
2058,52045.5972,13533.2736,17265.3828,24738.6396,0
2059,52565.4036,13365.0396,19135.866,24287.814,0
2060,52961.5596,13375.1484,20142.48,24031.3596,0
2061,52658.5416,11668.6848,21389.9412,23539.7268,0
2062,52678.4784,10777.9848,21516.1224,23433.5544,0
2063,50180.5116,10186.158,21376.0188,23687.1216,0
2064,46952.2056,9863.9112,19421.2068,24050.82,0
2065,45449.5368,8418.4248,18167.424,23664.9648,0
2066,45257.1792,6068.556,16890.5928,22840.3032,0
2067,43988.514,4850.2368,16990.6836,21894.4824,0
2068,42815.2128,4296.0792,16774.6428,21850.7244,0
2069,43225.452,4607.736,15998.2692,21617.0628,0
2070,43944.2784,5341.6944,15843.174,22026.1224,0
2071,45439.8348,7081.7268,16819.482,21378.1764,0
2072,48191.0076,10721.5704,18965.3388,19010.652,0
2073,48865.746,13074.4032,20359.3308,20125.6872,0
2074,51127.422,13458.648,21707.262,19363.4004,0
2075,54401.1648,13911.3192,21595.4076,18996.3468,0
2076,55294.8048,14208.7848,22062.8808,18299.4684,0
2077,55556.1312,12957.5472,22216.2504,16381.5408,0
2078,56278.1952,14013.0492,21593.646,18674.0112,0
2079,57312.114,14255.7024,21280.6308,20427.9408,0
2080,56925.63,13679.5188,20800.8468,21283.8612,0
2081,55903.9452,13405.446,18540.3564,23052.1788,0
2082,55049.8512,12438.4932,16768.3764,23103.3264,0
2083,55903.4844,12462.8772,18180.6552,23176.7388,0
2084,55738.8624,12386.3496,19726.3716,23067.564,0
2085,54211.7856,11642.8152,20436.9732,23107.7988,0
2086,52950.2544,11421.906,20839.4928,23103.1212,0
2087,51681.6984,10722.192,20312.4648,23028.3876,0
2088,48513.7008,9841.7976,20193.3276,23476.764,0
2089,44935.5744,8411.0484,20037.5016,23555.9916,0
2090,43257.1392,6367.08,19046.3256,23545.0932,0
2091,42284.2104,5165.7156,17959.5732,23388.294,0
2092,41973.0252,5259.8604,17763.1392,21579.6612,0
2093,42256.962,5538.3288,17139.804,19639.1352,0
2094,42142.4664,5340.9636,17296.47,19453.6956,0
2095,41269.1256,5398.9944,19013.0964,18530.0976,0
2096,44500.1988,6541.3764,21601.29,15334.7712,0
2097,47829.7764,9674.3328,21741.3012,13056.3396,0
2098,50734.1748,10885.8528,21568.41,11954.1732,0
2099,52660.4628,12010.8252,20766.6084,11548.9824,0
2100,54305.5296,11770.6416,21045.546,11614.1472,0
2101,54309.012,11588.5428,21117.2988,11501.2524,0
2102,54070.0332,11183.3808,21166.1304,12368.6436,0
2103,52700.0988,11424.5724,20954.5368,13468.7136,0
2104,49966.4472,10761.2832,20297.3232,16341.984,0
2105,48747.4188,10132.434,18745.2564,20355.8136,0
2106,47813.7396,10246.5012,18384.246,22571.19,0
2107,51469.9344,10000.9656,21223.7112,23027.1192,0
2108,50876.4708,10232.6964,23642.4252,21202.3968,0
2109,48433.5552,9930.804,24805.086,19979.4072,0
2110,47626.3764,9453.5436,25193.9028,19980.6192,0
2111,46226.4084,9170.7648,24668.4228,20332.536,0
2112,42552.942,8139.9624,23104.524,21458.0856,0
2113,40777.0752,7403.7048,21542.3712,21452.8968,0
2114,39610.674,6081.9504,20435.9736,21408.2964,0
2115,38862.0768,5004.3936,19454.16,21383.3628,0
2116,37708.3872,4468.4316,19277.8128,21264.9312,0
2117,37724.6532,3835.7676,19209.8388,20540.9496,0
2118,37550.196,3565.5084,18927.4824,20304.564,0
2119,36657.3936,3348.6948,20595.6456,18686.0904,0
2120,38053.5504,5398.296,21830.0208,14420.7564,0
2121,40982.3388,6356.6004,21639.2352,11621.4456,0
2122,43722.936,7420.4016,19170.3024,11038.47,0
2123,45894.474,8399.8956,17482.8744,11510.8944,0
2124,48003.198,8995.5636,16919.8248,11556.5556,0
2125,48329.3316,9450.6528,16543.722,11311.7736,0
2126,47210.2548,9297.2292,17005.5216,11268.624,0
2127,46395.5424,8522.2344,18227.622,11562.2304,0
2128,46378.6164,7657.7208,19769.3988,11987.3508,0
2129,45134.6628,7288.4976,19751.67,16476.78,0
2130,46043.6904,7248.2748,18689.9076,20879.8932,0
2131,47778.36,9473.3124,21971.664,21054.7044,0
2132,48069.33,10511.1996,24591.1884,19290.9852,0
2133,47987.8452,9643.6092,25493.9436,18718.1124,0
2134,47495.4024,9503.9892,25567.1964,18529.3476,0
2135,45756.3204,9154.3824,25215.3972,19401.0216,0
2136,42769.8384,8368.3584,24247.6956,20258.784,0
2137,40240.2528,7179.0156,24274.8996,20145.918,0
2138,38327.0928,6704.0028,24016.8708,19661.0808,0
2139,37868.1144,5455.602,24000.3888,18876.7008,0
2140,37300.8456,4978.6344,24620.9976,18122.268,0
2141,37683.6804,4961.616,24906.2004,17461.686,0
2142,39374.454,6080.4228,25162.464,16872.0564,0
2143,41615.55,8437.7208,25779.9264,15628.614,0
2144,44342.6892,11789.8944,27343.0476,14656.302,0
2145,48571.692,14346.5652,28220.3568,14655.7008,0
2146,51972.2412,14359.9152,28233.4428,15239.3508,0
2147,54447.3132,14570.4528,27974.1996,16020.8904,0
2148,56334.1776,14697.8568,27270.1848,16604.214,0
2149,56114.742,13412.0268,26281.2612,16411.1184,0
2150,58320.2628,14296.9656,24649.2516,17189.976,0
2151,58909.32,14979.9696,22742.0004,18846.8736,0
2152,58784.2296,14640.162,20424.5412,21275.6196,0
2153,56112.9996,14734.1832,19607.052,22605.492,0
2154,51739.356,13727.604,19447.1232,22288.4628,0
2155,51312.7776,13711.8048,21626.6328,22190.4156,0
2156,51589.6692,13808.1024,24302.562,20159.6448,0
2157,51847.5672,12453.276,25122.9876,19727.4624,0
2158,51339.732,11586.6648,26459.946,19479.4584,0
2159,48955.5192,10700.4516,27424.2504,18516.4236,0
2160,45146.5704,9696.762,26996.6652,18301.3596,0
2161,42112.6584,8437.686,26553.21,19022.8092,0
2162,40701.4104,6836.334,26600.19,18294.0636,0
2163,40019.6544,5462.55,26175.9048,18229.2672,0
2164,39567.4092,4735.9764,26246.6268,17796.4344,0
2165,40102.014,4664.766,25684.4244,17628.5616,0
2166,41095.3968,6078.9972,25570.9824,17787.816,0
2167,42308.1528,8937.498,27041.5332,15743.6556,0
2168,46545.576,10034.5212,28314.0816,14621.1504,0
2169,49032.1056,13085.7408,28114.536,14717.0736,0
2170,49569.1164,14096.0616,29146.0944,14683.3752,0
2171,52211.0328,13692.4812,29518.9968,15181.8288,0
2172,53109.4764,14114.3784,29021.4468,15535.836,0
2173,51623.3052,13093.998,29347.4856,14459.9988,0
2174,53265.0264,12964.8588,29103.87,15469.7376,0
2175,54864.24,12882.384,27929.5044,18067.4736,0
2176,54993.4128,13171.626,26729.0376,19101.1584,0
2177,54761.1636,13444.3644,24796.4868,19890.8796,0
2178,51451.4268,12412.1196,24309.9996,20371.8528,0
2179,53170.5144,11782.0776,26018.1144,19288.5684,0
2180,53971.4316,11993.4948,27510.1524,18174.2184,0
2181,53554.7316,11939.118,27482.7096,17937.252,0
2182,53136.9516,11512.1244,27736.5456,18126.0444,0
2183,50274.6,10655.502,27904.5312,18329.724,0
2184,47519.8188,9576.9828,25891.4892,18721.632,0
2185,45336.9744,8034.7836,23895.1044,19045.7496,0
2186,43965.4104,5523.972,22890.9204,19745.8812,0
2187,42754.6656,4628.2116,21656.0208,20257.4172,0
2188,42310.6032,4232.5164,20778.1092,20552.6376,0
2189,42726.8244,4129.4124,20017.9632,20739.4788,0
2190,43619.31,5825.2056,19507.038,20842.9536,0
2191,44814.9888,8186.7228,21207.5568,18712.7748,0
2192,48268.134,10337.6724,24789.828,15049.1808,0
2193,49093.14,12117.9396,27434.1744,15137.3244,0
2194,50302.7556,12487.9992,28378.9656,15020.7528,0
2195,52871.0868,12654.618,28473.0384,15849.5544,0
2196,54601.41,12916.794,27317.9268,16165.4628,0
2197,55385.0964,12472.4304,24564.408,16287.6828,0
2198,57548.6724,12826.3152,23299.5408,18318.7716,0
2199,58112.5704,13246.7316,21537.5928,20811.144,0
2200,58495.7448,13921.4844,19246.7796,22788.4752,0
2201,59075.73,13499.3112,17740.9788,23564.448,0
2202,57563.8356,12923.3448,15922.752,23907.606,0
2203,57554.7456,13159.044,18050.652,23478.2952,0
2204,56321.52,12855.6216,20172.4956,23443.8336,0
2205,55983.4368,11472.0312,21568.026,23300.1588,0
2206,56344.7592,10898.3064,22245.1644,22727.784,0
2207,53875.1988,9678.0708,22528.7712,22621.878,0
2208,49101.6312,8736.8076,22587.6876,21470.1804,0
2209,45367.1652,6695.0652,22915.254,20880.228,0
2210,43667.2956,4571.8056,23839.9476,20101.2336,0
2211,41803.6848,4039.7112,23567.3088,19866.9996,0
2212,40775.1276,3853.062,23129.7684,19783.1052,0
2213,40889.478,3862.6008,22910.6724,19793.3496,0
2214,42579.264,4329.9408,23144.682,19538.7228,0
2215,45300.588,6168.84,23558.76,17857.2096,0
2216,48302.4948,9726.5148,23758.5948,16657.2744,0
2217,52975.3536,11598.2568,26221.3032,15127.356,0
2218,54402.5076,12336.8004,27233.1924,15183.1404,0
2219,56595.3576,12406.5576,26546.79,15896.52,0
2220,57420.7596,11964.246,27025.8768,16164.6768,0
2221,57303.0624,10488.4416,25307.6364,16612.95,0
2222,58063.6452,11599.5456,23179.9284,19507.8948,0
2223,58480.2456,12448.6092,22325.6484,21928.4532,0
2224,58767.516,12253.0164,21640.4436,22097.1936,0
2225,57792.8964,11630.52,21014.8956,22602.0864,0
2226,55514.9796,10897.5768,20429.4144,22458.942,0
2227,55368.4248,10564.644,23971.2012,21762.3756,0
2228,55827.9624,10268.4972,26843.0412,19319.9376,0
2229,55213.9956,9619.8516,28422.0216,17926.4328,0
2230,54975.4236,9180.1824,29033.958,17820.2016,0
2231,52712.3256,8706.5484,28891.866,17875.2288,0
2232,49866.7932,7264.8828,27990.6192,17951.4288,0
2233,46348.2684,5873.4276,27906.48,17678.8356,0
2234,44382.234,4750.1964,27138.5688,18051.7272,0
2235,42212.4504,4642.7304,26104.3644,18207.0456,0
2236,40963.89,4884.1032,25334.502,18272.5176,0
2237,40914.3144,5215.7148,24515.9544,18390.9576,0
2238,42130.3308,6080.3868,24082.284,18841.8696,0
2239,44607.5484,8353.0056,24103.8204,17459.6976,0
2240,48365.8536,9859.6428,25991.2632,15566.2104,0
2241,51844.0332,11414.7864,27672.3156,14644.224,0
2242,53160.9624,11831.8416,28306.2384,14379.114,0
2243,54249.5772,11757.714,28650.2064,15198.69,0
2244,54990.2184,11554.2276,27117.9792,16444.1148,0
2245,53197.9452,11357.6676,25451.8068,16115.2128,0
2246,54894.3792,10974.546,24416.4804,17715.9636,0
2247,54813.3,10060.7832,23351.7564,21018.0252,0
2248,56012.9604,8793.5232,22085.5908,22319.8488,0
2249,55150.1436,8706.864,20901.8208,22480.6788,0
2250,52249.4412,8602.794,21143.7672,22902.3804,0
2251,53782.8468,8248.572,23387.094,22025.9568,0
2252,53748.1524,8036.4,24575.1588,20759.4024,0
2253,52995.3936,6984.3552,25959.7068,19298.7084,0
2254,52157.2884,6337.4112,26643.5904,19167.51,0
2255,49885.9704,6135.6324,26611.1124,19051.7544,0
2256,46902.4596,5846.7564,24360.3636,19824.4668,0
2257,45304.4088,5024.178,22540.0644,20095.7172,0
2258,42724.7976,3959.5644,22103.694,20225.07,0
2259,38858.472,3967.2636,23115.5832,19925.7468,0
2260,37129.9548,4092.426,23833.05,18789.3756,0
2261,37225.5744,4195.1544,23266.4748,18043.6656,0
2262,37415.1,4201.92,23014.4664,18029.2572,0
2263,37757.874,5026.0884,24430.3152,15534.3072,0
2264,41186.7276,5407.7688,25852.7616,13189.1496,0
2265,42514.4136,7605.7452,24867.2784,13189.7796,0
2266,43740.8784,8422.0344,24327.1992,11973.756,0
2267,45014.2212,8139.2364,23128.398,12057.1956,0
2268,46196.9184,8037.8592,21744.0756,12435.8736,0
2269,46765.8972,7867.4712,20088.6756,12571.2012,0
2270,46327.2276,7622.0232,19363.8456,12617.844,0
2271,46337.1048,6955.65,19014.066,13196.0004,0
2272,46314.6552,6150.0516,18997.4064,14805.6156,0
2273,44395.7736,5728.1028,19616.706,18459.0336,0
2274,46575.7764,5551.5984,19869.2484,20476.032,0
2275,48733.902,6490.0788,22392.6516,22388.178,0
2276,46998.8292,6889.9992,26007.624,19909.4568,0
2277,44743.0644,6156.6192,27762.384,18038.6352,0
2278,42732.2784,5513.2896,28262.7912,17627.8512,0
2279,39637.6476,4679.1288,28560.3108,17534.7528,0
2280,37182.0492,3852.4032,28568.9796,17034.8484,0
2281,35501.862,3394.7832,27749.4732,16450.5456,0
2282,33711.5016,3420.9528,27303.3708,15352.2636,0
2283,31769.8428,3327.3132,26821.5732,15254.622,0
2284,31442.544,3169.014,26356.6464,14567.0436,0
2285,31680.6348,3052.8828,26348.2248,13391.9964,0
2286,31782.5292,3007.23,26688.456,12723.8988,0
2287,31361.1924,3217.4592,25933.9116,12414.0252,0
2288,31969.458,4511.9616,24575.1744,12119.4672,0
2289,35089.3128,5832.2916,21769.0488,10769.1156,0
2290,38665.3656,6899.46,18245.124,10141.9044,0
2291,40347.4152,7402.7808,17425.098,10517.9016,0
2292,41771.9232,7886.784,17141.5968,10528.1064,0
2293,41646.8316,7984.4532,17230.5756,10449.738,0
2294,40614.8568,7571.6256,17048.8044,10398.7152,0
2295,39562.4664,7435.9452,17107.2288,10652.994,0
2296,39677.3532,6924.0072,17405.2728,12249.87,0
2297,40441.3548,5854.944,18812.2488,14506.212,0
2298,40335.4272,5215.3128,23010.4332,17747.202,0
2299,45721.1148,5159.1216,25892.6472,18317.5212,0
2300,45634.9944,5550.966,27594.8124,17370.2424,0
2301,44163.3312,5158.1112,28478.3592,16885.9992,0
2302,42630.396,4670.424,29054.1792,16854.0024,0
2303,40413.714,4295.244,28668.1284,16596.702,0
2304,37813.4676,4062.042,27449.952,16184.19,0
2305,34337.1264,3992.1732,28041.096,15319.11,0
2306,32110.3896,3922.9212,28077.7032,14980.2576,0
2307,31100.046,3950.3148,27743.9916,14622.9216,0
2308,30229.2288,4073.3364,27735.5664,14305.3668,0
2309,30880.5312,4130.1252,27558.3588,14364.2316,0
2310,34169.5764,4821.9132,27003.1176,14393.772,0
2311,37960.0272,6476.5572,26918.136,14169.4116,0
2312,42107.5776,7772.7132,27701.2776,13326.8712,0
2313,44305.3584,9562.2744,28540.8396,12272.9796,0
2314,45816.2256,10854.9156,26721.7644,12303.798,0
2315,48185.4768,11684.3748,25164.4608,12766.014,0
2316,50150.1996,11841.6072,24207.276,13021.3104,0
2317,49672.7544,10714.2216,22719.4716,12921.7752,0
2318,50420.886,10821.9828,22758.6324,14258.0544,0
2319,49445.8908,11013.5424,22321.5288,18219.3612,0
2320,49127.124,10794.3156,20387.0964,21678.2232,0
2321,50143.4076,10691.8212,18078.7152,23577.5004,0
2322,48336.6216,10445.7768,17444.0424,24176.4996,0
2323,50709.6756,10214.7312,20916.552,22692.3312,0
2324,51647.5656,9762.942,22775.4972,21580.4964,0
2325,50726.292,8848.0128,24388.2384,20707.7388,0
2326,49781.4192,8125.1016,25720.1904,19677.8412,0
2327,45642.27,7310.0016,26824.3848,19076.1768,0
2328,41766.4728,6071.7828,26896.716,18057.4776,0
2329,39589.5264,4821.228,25134.2628,18164.3124,0
2330,35370.408,4403.2692,26396.6268,17805.5496,0
2331,33169.0092,4281.5304,26898.9852,17319.8856,0
2332,32409.9408,4200.6816,26789.6052,16939.4652,0
2333,32838.384,4361.1924,26420.682,16913.1468,0
2334,35729.6088,4856.7048,25872.6816,17106.9636,0
2335,39638.8152,6225.0912,26386.914,15614.1708,0
2336,42241.4292,8543.6508,27715.014,13840.392,0
2337,45592.3092,10096.5204,26969.9916,13294.5504,0
2338,47193.5556,11827.6896,25222.6116,13060.6176,0
2339,49635.0948,12300.9528,24764.0604,12963.1884,0
2340,50725.4124,12407.8008,24916.698,13062.6624,0
2341,51148.9644,10861.9956,23438.1468,13405.5336,0
2342,52314.174,11810.9676,22410.5736,15522.6792,0
2343,51798.8184,11841.2772,21251.766,19645.944,0
2344,51048.93,11496.1968,20611.8036,21808.9452,0
2345,51629.5572,11313.2544,19778.7456,22262.2248,0
2346,49947.372,11008.122,18505.6752,22800.1332,0
2347,51305.4204,10213.8168,23307.426,21566.0028,0
2348,52263.4548,9312.0876,26740.9716,18565.422,0
2349,51362.61,8236.1568,28275.7752,17728.6248,0
2350,50412.3156,7920.2808,28835.412,17630.3256,0
2351,47294.7324,6720.9456,29180.6856,17502.0936,0
2352,44014.884,5224.2216,28528.188,17305.6956,0
2353,39622.3488,4238.4864,28824.366,16928.0124,0
2354,36895.3596,3976.956,28560.5412,16268.5116,0
2355,34965.1404,3862.92,27728.8872,16202.2464,0
2356,33559.2156,3857.6124,27452.8044,16503.6216,0
2357,33726.318,3855.9084,27072.4884,16921.9788,0
2358,36963.4656,3909.6924,26432.6508,17015.0676,0
2359,40841.4456,5270.4996,26660.6808,15741.582,0
2360,44761.6092,7183.7508,28742.064,12711.786,0
2361,46201.1124,9644.0364,29935.9956,12552.5628,0
2362,47656.8024,11048.112,29220.5136,12569.7216,0
2363,49999.5,11649.252,27782.9124,13691.3892,0
2364,52836.0468,11727.9816,25332.5904,14890.4184,0
2365,52696.9476,10886.622,23905.9248,14821.6236,0
2366,53020.5624,10987.3056,22681.794,17737.182,0
2367,53303.1384,11182.9668,21476.2512,20866.7232,0
2368,53077.908,11345.3784,19610.9964,23195.3004,0
2369,53735.0256,11183.736,18001.9956,24221.2332,0
2370,52440.6324,10027.47,17529.8628,25044.3204,0
2371,53793.8028,10115.328,21155.0892,23871.162,0
2372,52455.3828,9844.4496,24606.3216,21601.1172,0
2373,51884.6688,8736.0804,25370.1852,20715.7524,0
2374,51611.0604,7454.2608,25463.5584,21432.528,0
2375,47936.6616,6743.658,25315.0656,21867.1608,0
2376,44300.604,5665.6488,24089.0856,21967.602,0
2377,40557.6492,4889.1648,22735.4364,21928.1976,0
2378,37550.208,4989.5832,21368.9808,21941.0676,0
2379,35885.19,4895.1948,20310.3852,22137.054,0
2380,35095.224,4900.6584,19818.1212,22160.7372,0
2381,35978.3136,4581.012,18976.3524,22541.4408,0
2382,39424.8972,4797.3036,17819.154,22742.9544,0
2383,41968.1388,6948.4908,17767.9644,22449.3324,0
2384,44110.4952,9133.596,20231.8896,21029.0028,0
2385,46402.2768,12146.4552,20226.0588,20066.3256,0
2386,48755.6352,13312.6572,19895.6832,20460.5604,0
2387,51048.9492,13262.646,19535.3424,21272.7576,0
2388,52535.0076,13065.0408,18948.3372,21146.0652,0
2389,52334.1888,11387.1672,19064.2644,19041.0204,0
2390,52353.1344,11850.6504,18708.3672,19970.658,0
2391,52201.4892,12289.5696,16661.928,23522.2668,0
2392,52137.6216,11617.0104,15025.2156,26035.9596,0
2393,54215.1312,11057.0856,13186.0344,26000.31,0
2394,54123.0084,10886.562,11830.7412,25541.9208,0
2395,54976.4808,11467.3992,14261.4276,25169.2068,0
2396,53773.4448,10227.66,16686.5856,25038.7908,0
2397,53459.562,7812.5724,17870.5032,25264.3404,0
2398,52911.3768,7181.6712,17947.6992,25262.31,0
2399,50981.8308,6097.0248,16861.14,25369.9536,0
2400,46276.2012,5604.9588,16724.9004,25173.6516,0
2401,43099.1484,4908.6708,15373.3044,25093.9488,0
2402,41590.3548,4733.5632,13489.698,25093.4808,0
2403,40885.8432,4444.9464,11805.8952,25199.5284,0
2404,40377.9432,4362.9312,11258.7864,25081.3752,0
2405,41114.9712,4207.5732,10439.4276,25108.4952,0
2406,43354.4856,5012.7048,10102.188,25055.8068,0
2407,43460.1312,6787.5876,12335.9664,25001.418,0
2408,45813.1296,8644.2624,14170.1976,23620.7628,0
2409,49205.4624,11158.8252,15724.3224,20861.7924,0
2410,52431.3924,11540.3988,16535.6208,17158.4748,0
2411,52783.4988,12517.2216,17395.566,16885.9512,0
2412,53116.296,13088.4408,18397.8636,16498.5288,0
2413,52541.7936,11938.6248,19004.3052,15444.7308,0
2414,51807.1968,12408.2256,18991.9008,18134.0628,0
2415,52491.8976,12246.4656,18649.9272,19644.0492,0
2416,52548.966,12514.6248,16497.3948,20426.5428,0
2417,52008.7776,11274.6492,13669.1868,23094.4668,0
2418,52171.0056,10829.1648,12968.5968,24809.8656,0
2419,55717.0488,12050.0424,13117.2492,24799.29,0
2420,54430.5948,11297.424,14916.8892,25229.8716,0
2421,54753.78,8995.6476,15011.5092,25288.8864,0
2422,54238.3164,8069.1324,14972.2356,25288.89,0
2423,53538.8424,6169.692,13840.8228,25503.8856,0
2424,52207.6032,5841.9744,11866.6308,24744.8532,0
2425,47767.9272,5680.1964,11642.9688,24521.8716,0
2426,44143.266,5436.2424,11839.356,24277.2384,0
2427,41629.1196,5306.322,11646.4608,24452.844,0
2428,40240.8504,5240.0052,11307.9852,24450.1212,0
2429,40870.02,5274.5616,10565.8404,23846.046,0
2430,41313.8484,5174.7348,10483.2096,23696.04,0
2431,41863.3416,5122.8156,11235.522,23293.4448,0
2432,44929.8348,6443.1504,14449.6788,18674.4576,0
2433,47153.3064,7663.1892,17507.9124,15267.8868,0
2434,48877.4736,8290.752,19137.6552,12556.5348,0
2435,50652.444,8538.6444,20311.6644,11207.8068,0
2436,52030.0788,8839.7784,19182.4164,11616.3216,0
2437,51839.9076,8599.5228,18215.6364,12177.9804,0
2438,50781.7956,8261.424,17585.6064,14026.6548,0
2439,50173.7304,8255.9196,15723.378,15945.8676,0
2440,49256.7168,7606.0992,14729.1972,18946.7676,0
2441,48188.4696,7304.5248,13979.3988,22079.0184,0
2442,48480.7032,9122.0508,12240.6828,25155.7008,0
2443,53001.0372,11412.6384,13065.4104,24817.2792,0
2444,51878.5416,10840.9632,13562.0664,24820.3176,0
2445,50634.2172,9058.5168,14844.3924,24849.2952,0
2446,48019.74,6922.9968,15840.5004,24545.9508,0
2447,46420.1004,5503.9824,15681.0012,24378.4848,0
2448,44194.7868,4913.0568,14452.8288,25029.444,0
2449,42314.9844,4598.6064,13558.6728,25577.9484,0
2450,39064.4328,4391.2188,13442.8812,25601.8128,0
2451,35537.9532,4670.3724,14142.8724,25546.0632,0
2452,34008.6084,4540.6212,15171.3468,24353.4696,0
2453,33799.7208,4402.3164,16591.6332,22200.0612,0
2454,34160.1564,4243.728,15812.28,21961.3812,0
2455,34284.696,4617.0588,17183.1888,18967.278,0
2456,38289.09,5232.2148,20815.7052,11504.1024,0
2457,40832.9004,5797.848,20902.3032,10424.376,0
2458,42877.7316,6421.8708,19399.0488,10537.2372,0
2459,44365.1472,7232.8512,18292.2492,10795.4448,0
2460,45237.3912,8088.3552,18511.0152,10981.7712,0
2461,45624.8664,7326.2844,18968.4792,10910.5992,0
2462,43879.8744,6739.6452,19739.4264,11182.5696,0
2463,41865.8376,6462.72,20674.5792,12008.6388,0
2464,39490.2216,6331.4064,21871.794,13549.4532,0
2465,39245.9772,6321.3144,21244.728,16696.9068,0
2466,42175.4988,6889.6452,19970.4492,20174.5848,0
2467,44960.1504,8721.36,22371.18,21532.914,0
2468,45405.5184,8059.6992,23479.5324,20801.9388,0
2469,45356.2476,7211.7588,23350.3272,20741.0424,0
2470,45088.5552,6463.7268,22846.4604,21181.6152,0
2471,43539.6252,5974.674,22160.046,21637.5444,0
2472,40292.3496,5701.0092,20472.0288,22404.3972,0
2473,36635.8392,5606.7588,19623.6276,23192.1864,0
2474,34754.4408,5572.4724,19880.3208,21847.098,0
2475,33742.0464,5340.786,20128.1088,20375.8656,0
2476,33287.7588,5333.5416,19181.1768,20669.4264,0
2477,34036.5864,5404.8888,18030.1164,21807.9144,0
2478,36779.8896,5870.388,16709.1984,23401.1724,0
2479,38811.4812,8544.7452,17965.692,22436.0676,0
2480,42336.5124,9317.6484,20242.8264,21161.8596,0
2481,46142.9196,11125.884,21490.2132,19105.0812,0
2482,48639.9156,11490.6228,21906.0744,17489.2932,0
2483,51816.6852,11729.4624,21511.8816,16676.844,0
2484,53487.3288,11859.7248,20615.7036,16998.7416,0
2485,51182.5584,11936.9652,20481.8712,16015.5528,0
2486,51195.954,11646.1236,20117.964,18020.7768,0
2487,50632.0812,11780.7468,19750.1808,21062.4516,0
2488,49379.3592,11380.8228,18444.6264,24870.5832,0
2489,50251.9464,11535.588,16248.9744,25950.3552,0
2490,50731.3836,11490.7656,14793.0828,25699.1436,0
2491,52225.344,11012.436,17829.7908,25252.0728,0
2492,52496.934,9744.312,19465.4484,25150.1388,0
2493,52285.8744,8637.1368,19302.7116,25264.0116,0
2494,51949.782,8514.1896,18453.2088,25246.4196,0
2495,50333.7648,7212.3156,17016.8436,25446.2124,0
2496,48523.3956,5983.9944,14329.596,25471.818,0
2497,45154.1628,5073.0912,13037.3088,25589.6532,0
2498,41572.4508,5003.8596,12878.1132,25503.8448,0
2499,39416.0592,4959.7872,12519.2688,25438.0188,0
2500,38440.3188,4983.2268,12275.0496,25248.0996,0
2501,38261.2104,5021.358,12926.9568,24820.0692,0
2502,40057.9524,5889.1728,13081.7496,24473.7336,0
2503,41842.3944,7166.616,14613.0336,24178.0512,0
2504,44029.9572,9215.8692,17163.2544,23118.3372,0
2505,44272.5444,11970.624,19622.0256,22056.5724,0
2506,47440.0032,13026.5364,20109.39,18967.4088,0
2507,49930.6008,13043.9208,20150.934,18405.7656,0
2508,50797.8516,13067.544,20583.7716,17715.9708,0
2509,49641.2664,12211.344,21226.71,16337.0292,0
2510,49987.338,12201.0108,21214.5756,18976.1292,0
2511,49576.2168,13027.764,20636.8344,21142.728,0
2512,49654.4664,13100.9676,18635.1048,24571.098,0
2513,51465.6576,12594.9228,16140.8652,25908.546,0
2514,51809.1912,11781.8472,14952.9468,25580.5836,0
2515,52850.6916,11358.504,17741.28,25222.344,0
2516,52563.3264,10694.9664,18966.918,24843.5712,0
2517,52687.9368,9164.0124,19059.0096,24656.1408,0
2518,52582.608,8285.1936,18692.436,24835.5324,0
2519,49421.6772,7239.0708,18298.6524,25186.1724,0
2520,46213.8684,6257.9376,16380.234,25397.7444,0
2521,41759.976,4810.254,16728.0168,25430.2212,0
2522,38432.0532,4511.9496,16447.9416,25442.8224,0
2523,37147.7436,4396.9308,15814.8768,25077.0492,0
2524,36479.976,4347.5724,15676.1856,24634.4604,0
2525,36011.1276,4770.3624,15831.0204,24591.468,0
2526,38267.7168,5352.18,16366.7148,23855.2404,0
2527,40184.304,7512.1272,18988.9776,21564.042,0
2528,41744.61,9716.2512,23478.9,18824.682,0
2529,44880.0516,12280.8792,26636.7264,16000.4304,0
2530,45881.4084,13017.0096,26504.5668,15946.6188,0
2531,48314.496,13001.3484,25569.738,16368.0216,0
2532,49547.334,12585.222,24361.9824,16598.4624,0
2533,47894.4264,11810.7636,23156.2788,16374.9084,0
2534,48631.3884,12244.5936,22509.4068,18119.6424,0
2535,49804.5252,12648.6372,21549.6588,19687.518,0
2536,50347.2168,12012.2592,19604.7684,22460.8584,0
2537,50881.2384,11509.3176,17765.5608,24908.7636,0
2538,52526.9568,10935.3756,15645.1296,24717.5676,0
2539,54296.5836,10090.056,19675.8768,24363.0096,0
2540,53474.1324,9358.5984,21704.1672,23721.9492,0
2541,52042.0884,8404.2012,22627.1232,23158.488,0
2542,50661.06,7974.8244,23001.012,23509.8084,0
2543,47773.5192,7312.3788,22340.826,23885.7564,0
2544,44733.1776,6000.4848,20699.628,24144.5664,0
2545,41324.874,5102.2824,19524.36,24023.1936,0
2546,38588.2164,4748.364,19936.0452,22259.6016,0
2547,36599.3196,4538.7084,20617.0788,20925.858,0
2548,35337.1032,4478.7228,20704.6584,20765.9784,0
2549,35265.228,4760.4012,21056.9412,20119.2216,0
2550,37293.4716,5573.3748,21018.8652,19547.6448,0
2551,38809.4196,6574.716,23869.9812,18187.3692,0
2552,40805.6196,9454.308,27217.674,14716.998,0
2553,41941.2516,12260.1672,28032.6108,13910.9448,0
2554,43476.216,12735,26924.9844,14063.4708,0
2555,46719.9744,12700.9932,24590.424,14566.1676,0
2556,49185.2916,12611.3544,23095.6428,15344.9772,0
2557,50025.5784,11020.7076,22503.8796,14921.2596,0
2558,49532.2404,11279.3136,22577.9412,16459.9752,0
2559,48901.464,12042.8568,22694.2416,18206.4432,0
2560,48943.1928,12059.766,21492.3648,21189.5784,0
2561,50421.2088,11805.4116,19608.2784,23196.5316,0
2562,50657.1912,11772.6252,18539.2512,23634.2928,0
2563,51858.9012,11852.1408,21686.01,23477.652,0
2564,50380.9368,11095.6632,24149.5536,21726.4752,0
2565,49611.2076,9218.5032,25810.2024,20021.5308,0
2566,48958.566,8352.4704,26347.6044,19682.4192,0
2567,47075.5296,7429.6428,26492.01,19549.1688,0
2568,44305.0668,6690.5424,25623.7644,19460.2728,0
2569,40247.9076,5597.7168,25360.4424,19940.3196,0
2570,36098.466,5316.1092,25799.3004,19284.468,0
2571,34396.3512,5245.11,25969.8012,17411.4168,0
2572,33557.148,5354.5428,25957.7088,15881.31,0
2573,32504.6628,5410.782,26354.9868,15146.3124,0
2574,32168.8212,5120.76,26045.0148,14659.296,0
2575,32648.2692,5310.924,25206.5304,12861.0276,0
2576,35197.6908,6032.436,25540.4844,9678.3108,0
2577,37354.2,6009.4776,24189.324,10049.1264,0
2578,40888.7136,6327.7152,20990.0988,10257.204,0
2579,44184.8016,6792.0792,18267.4284,10524.618,0
2580,45423.192,7217.868,18804.0864,10690.7328,0
2581,45377.7276,7298.1612,19312.5624,10686.8508,0
2582,42795.288,6841.566,20923.062,10901.4516,0
2583,39649.632,6227.6124,23865.3156,11302.5684,0
2584,40711.3116,5625.6384,22568.9652,12412.0128,0
2585,42164.5296,5870.682,18879.8016,16726.9296,0
2586,44076.7536,6393.5736,16440.1404,21687.5844,0
2587,46545.7908,7988.82,19113.2604,22994.7348,0
2588,44077.788,8439.9504,21318.8964,22638.48,0
2589,43229.5368,7612.512,22005.2844,22162.35,0
2590,42552.4584,6789.9948,22324.5132,22245.9732,0
2591,41096.43,5627.304,22496.4516,22280.6496,0
2592,38537.9124,5157.7428,22315.482,22025.6028,0
2593,36187.3632,5020.2636,22272.9228,20210.7696,0
2594,34677.4236,4615.008,22881.6516,17677.9032,0
2595,33633.8772,4673.322,22089.1008,16997.8344,0
2596,32481.138,4878.0576,22043.7948,16354.0476,0
2597,32714.5944,4932.798,21147.0408,16416.7704,0
2598,33042.0648,4969.7844,20029.9092,17359.362,0
2599,33148.1772,4976.8488,21346.8024,16615.7628,0
2600,36725.0364,6185.9352,23275.608,12581.8236,0
2601,39924.294,7491.5388,23962.002,10261.1748,0
2602,41256.6108,8366.0376,22808.9856,10509.2508,0
2603,43671.6252,8780.5716,22006.9548,10753.1676,0
2604,45780.8748,9157.908,21178.9728,11256.708,0
2605,45879.996,9184.7376,20927.3016,11025.4776,0
2606,45621.378,8480.5728,20702.6112,10700.0076,0
2607,45916.1076,8057.898,20372.8464,11472.3156,0
2608,44859.288,7531.1772,20343.6072,13831.6668,0
2609,43329.1776,7788.5352,18026.9616,19208.5272,0
2610,44056.5492,9001.5756,17050.0572,23224.0992,0
2611,45672.3732,9833.3076,21912.2832,23123.3484,0
2612,44822.856,9124.2588,24001.1124,20864.2644,0
2613,43969.3176,7335.7524,24952.0896,19527.0228,0
2614,42782.8884,5691.8844,24948.5304,19695.63,0
2615,40194.2616,5209.4016,24401.0316,20408.5032,0
2616,37805.3712,5023.3692,23745.69,20368.4028,0
2617,34662.3012,4954.5876,23571.8088,19329.522,0
2618,33463.716,4589.49,22532.1072,18184.3728,0
2619,33267.7236,4403.1996,21049.278,17411.1768,0
2620,33546.18,4281.4536,19789.4112,16617.8952,0
2621,33715.4844,4290.9636,17227.1544,18170.154,0
2622,34627.4592,4292.0304,15325.2024,18697.5216,0
2623,34282.1028,4255.7508,16285.7184,16814.6544,0
2624,36825.0252,5010.342,17675.0556,12619.2408,0
2625,38779.6008,6077.4612,17354.3796,10305.4392,0
2626,39973.9152,6967.284,15696.162,9722.7936,0
2627,41115.7692,7457.4588,14256.4464,9874.3296,0
2628,42617.1096,7933.1784,13744.3224,10226.5728,0
2629,43025.2512,8216.1228,13565.6268,10585.23,0
2630,42348.612,8035.0296,12807.1728,11081.4756,0
2631,40999.05,7486.698,11605.116,12928.8108,0
2632,40708.3608,6395.6796,11880.714,14973.9516,0
2633,41000.412,5336.34,10390.782,20787.0588,0
2634,43628.622,6061.524,10679.8752,24369.168,0
2635,48107.6028,7853.0664,13201.7892,24313.3752,0
2636,47590.9932,7087.6584,14679.4332,23834.256,0
2637,47448.9624,5463.0696,14955.378,23768.136,0
2638,46965.666,4975.7064,14658.9336,23779.044,0
2639,46373.07,4634.7036,13344.186,23921.5356,0
2640,45034.242,4535.9304,11545.5516,23665.0536,0
2641,41864.4468,4449.8976,11184.7692,23427.0516,0
2642,38763.4164,4465.5636,11279.5968,23103.9828,0
2643,36268.9548,4458.3156,11581.7088,23096.6808,0
2644,34909.6332,4555.998,11416.1628,23059.3044,0
2645,34815.5268,4616.9688,10924.9344,23128.4868,0
2646,35389.548,4548.4056,10404.6684,23341.6128,0
2647,34595.4024,4515.1596,12173.8188,22210.086,0
2648,38492.34,5293.4376,14575.3464,16068.1356,0
2649,41456.2092,6452.8632,16442.5272,11901.2328,0
2650,44327.4684,6686.124,16852.7988,10027.5264,0
2651,45910.9632,7524.756,15766.6944,10757.9904,0
2652,46539.9948,8070.1512,16283.7684,10868.31,0
2653,46517.2848,8220.2004,16880.6748,10348.2588,0
2654,45501.5508,7785.5508,17953.3764,10546.7988,0
2655,43950.0912,7069.5276,16877.4504,13779.126,0
2656,42839.274,6445.3488,15496.4184,17388.4284,0
2657,44675.256,6243.1548,12831.7368,20179.674,0
2658,46783.7172,7049.4228,12131.1876,23614.602,0
2659,50006.6424,8889.786,15184.3116,23787.642,0
2660,48929.7684,8977.1208,17127.1116,23450.5452,0
2661,45936.792,8441.1024,18961.9608,23223.1248,0
2662,45187.6956,6900.9888,19426.4424,23237.6616,0
2663,44304.4968,4811.352,18951.3996,23069.0544,0
2664,41289.4344,4348.176,18483.5256,22653.018,0
2665,37019.034,4007.274,18632.9916,22691.8092,0
2666,35161.7712,3878.0844,18937.4136,21116.1168,0
2667,34819.146,4148.8176,17837.5836,20106.0948,0
2668,34491.6876,4355.826,17826.6036,19193.4228,0
2669,34812.7224,4447.77,17625.066,19182.0876,0
2670,35708.2344,5054.9724,17691.4248,20789.8824,0
2671,37491.1776,6809.5632,19008.1488,20601.3708,0
2672,41192.376,8436.7176,21854.1852,16902.4224,0
2673,44348.136,10109.2656,23106.0792,14207.3208,0
2674,47563.4376,10909.9968,25284.9204,10449.0708,0
2675,48697.7064,12998.1864,24946.4952,9437.2704,0
2676,49172.028,13588.2828,23600.8212,10531.7652,0
2677,49142.376,12312.2268,22630.2456,10287.6096,0
2678,51358.782,11693.2728,20463.5604,13091.628,0
2679,51550.6356,12041.2956,19508.1408,15133.4028,0
2680,49786.2396,12492.2376,19127.79,17369.886,0
2681,49640.5644,12582.1116,16980.45,21404.598,0
2682,48600.3672,12035.7456,16320.3876,23321.928,0
2683,49862.6088,12025.8828,19690.524,23290.6944,0
2684,48682.5552,11537.874,21072.6096,23271.7776,0
2685,47760.0432,10251.708,21947.1492,22903.1352,0
2686,46902.5664,9643.6128,22005.6288,22742.388,0
2687,44437.4004,8085.1968,21921.9336,22640.9148,0
2688,40463.9568,6580.032,20867.5452,23778.0984,0
2689,37080.3276,5186.3784,19904.5524,23592.9636,0
2690,34428.4644,4964.904,19499.808,23039.6004,0
2691,33850.0212,4704.312,19517.49,21256.7532,0
2692,33789.0288,4934.7756,20480.8716,18858.9228,0
2693,33668.9616,5160.732,20570.2476,18742.0572,0
2694,33852.1692,6186.2412,21467.118,19442.4264,0
2695,36235.6716,8171.1108,23156.2176,17502.9252,0
2696,40235.736,9727.188,26668.6776,13319.9052,0
2697,42628.1796,11238.5208,28592.7324,10867.122,0
2698,42507.7704,11697.498,29551.4592,10721.436,0
2699,43101.1416,13555.2156,27897.1752,11172.9864,0
2700,44742.7488,13982.9664,25663.3968,12332.574,0
2701,45458.0664,12179.0844,23903.4276,12821.4252,0
2702,46639.1556,12237.4896,22955.322,14855.4408,0
2703,46346.2524,13264.7484,22346.9916,17093.4312,0
2704,45580.2468,13319.1732,21334.8864,20833.296,0
2705,44662.6164,13019.3196,21830.9724,22518.4356,0
2706,44628.1812,12314.0724,21354.642,22391.0832,0
2707,47260.7472,12837.4824,24473.13,21127.3488,0
2708,47194.8228,12193.5708,25747.9392,19589.4156,0
2709,47210.5476,10987.4376,25554.2784,19144.5,0
2710,47137.8636,9625.8948,24967.1292,19499.9508,0
2711,42853.9248,9099.354,24611.9832,20485.2492,0
2712,40932.4452,6823.3296,23013.4812,20984.8212,0
2713,38378.7132,5125.8912,22742.2596,20263.3212,0
2714,36597.4092,4958.3256,23368.6692,17498.304,0
2715,35905.5768,4559.9448,23056.2588,16426.044,0
2716,35503.1736,4460.3496,23217.0996,15446.4756,0
2717,35334.7716,4655.454,23340.372,15495.1812,0
2718,35727.99,5615.334,23371.044,17106.6048,0
2719,37896.5064,7661.4444,24860.3472,16138.6884,0
2720,40502.0616,9677.9076,27845.2152,11766.9336,0
2721,42531.9576,12166.758,29750.4552,11205.2676,0
2722,43848.1644,13574.0976,29524.7028,11265.372,0
2723,45512.6292,13996.3872,29080.2504,11962.1748,0
2724,46610.4864,14315.2464,28686.4932,11780.5068,0
2725,46769.1972,12925.4652,26982.4344,11820.4344,0
2726,47986.722,14157.4236,24450.1752,14472.5472,0
2727,48836.1324,14410.6968,22802.2548,17269.956,0
2728,47228.9256,14450.2092,20745.7428,21061.9416,0
2729,48311.736,14213.1552,18242.1456,23832.6204,0
2730,47922.2964,13876.3536,18086.8692,23814.4224,0
2731,49255.3044,13742.8992,21259.7784,23259.8136,0
2732,48092.5512,13313.616,22141.0056,22288.8432,0
2733,47784.4512,11716.5612,22719.8256,21416.7216,0
2734,46461.5292,11073.6936,23198.442,21731.9628,0
2735,43317.4404,10180.62,22700.958,21737.1576,0
2736,41478.9468,8277.1656,22055.2932,21699.6048,0
2737,39106.2444,5548.0044,22508.9904,21524.3232,0
2738,36278.8656,5342.5356,22168.0644,20276.8668,0
2739,35431.7148,5153.8524,21268.884,19767.3936,0
2740,34874.7312,5074.1904,20380.6248,20020.098,0
2741,35196.1104,5221.4592,20499.8232,19730.1156,0
2742,37537.0848,5913.9168,20317.2888,19759.1316,0
2743,39357.036,9039.822,21158.628,19565.01,0
2744,42772.7148,10609.032,25327.2636,15703.0932,0
2745,44919.228,13395.468,27902.6052,13446.3192,0
2746,48304.3692,13926.8892,27575.1936,12499.0308,0
2747,50668.4736,13913.1372,25830.7476,13513.3668,0
2748,52058.8896,14064.7908,24577.8864,13937.1528,0
2749,51553.9104,12603.9564,23814.3636,13822.1352,0
2750,51750.8976,12998.0652,22980.0432,15409.7304,0
2751,50347.6968,13174.3776,22024.9764,18852.4332,0
2752,49200.5172,12947.1216,20521.1412,21514.8768,0
2753,48373.5276,13269.3204,19258.9224,23228.514,0
2754,48096.4008,12105.7068,18838.0908,24875.1288,0
2755,49597.7796,12290.2044,22399.2768,22890.8076,0
2756,48188.706,12284.622,23656.6776,21434.5848,0
2757,47332.9836,10421.0592,24650.508,20570.1192,0
2758,47051.3052,9342.9,24008.1288,21148.9512,0
2759,44726.3292,8251.0812,23346.9204,21913.6992,0
2760,42958.7568,7016.3508,21343.9044,22406.3832,0
2761,40874.7552,5355.3972,19883.9052,22714.7748,0
2762,38171.022,5116.4052,19046.6352,22773.75,0
2763,36686.2632,5074.3632,18518.1864,21967.6764,0
2764,36611.166,4922.8248,18028.7484,21021.3264,0
2765,37359.3336,4738.218,17261.2476,20840.4216,0
2766,37754.5632,5364.7176,15649.0284,21878.3472,0
2767,38053.596,6137.5848,17615.1324,19795.356,0
2768,41505.0948,7402.3488,20778.0972,14300.1792,0
2769,43935.708,8622.738,22704.852,11621.0616,0
2770,45387.1488,9283.6596,21722.9808,11998.3464,0
2771,47368.7724,9344.6232,21130.194,12184.4784,0
2772,48181.7472,9782.5092,20934.9408,12203.892,0
2773,47473.2108,9653.3496,20847.45,12183.7248,0
2774,47588.3904,8657.478,21101.3268,12392.772,0
2775,46792.3644,7826.796,20892.9,13924.4316,0
2776,45690.0048,7260.6996,19585.7844,17670.1044,0
2777,46588.128,7129.6524,16534.5696,22941.9456,0
2778,47802.9636,9020.9412,16348.572,24570.648,0
2779,49098.9012,11277.2712,20573.3556,24046.398,0
2780,46960.1436,10641.678,23444.8104,21407.004,0
2781,44696.0112,9735.1548,25034.916,19891.5324,0
2782,43409.0004,8320.8636,25457.2272,19420.7376,0
2783,41543.7636,6010.86,25329.1656,20034.8556,0
2784,38823.7044,5369.3892,24855.1584,20067.0252,0
2785,37030.242,5310.3888,22967.1444,18151.2828,0
2786,36471.5424,5182.548,21831.3168,16280.4876,0
2787,35820.39,5071.5588,21053.8896,15137.2476,0
2788,34821.33,4809.5016,21167.9688,14364.5556,0
2789,34298.9412,4757.946,21236.2656,13933.9644,0
2790,34025.8308,4592.5536,20369.1516,14358.7404,0
2791,33862.0164,4622.2548,20288.9724,14190.1044,0
2792,36417.894,5259.9972,19468.2492,12695.0436,0
2793,38633.562,5955.6708,19715.6244,11211.192,0
2794,40112.9508,6481.8996,19175.9652,10613.7084,0
2795,42877.698,6735.672,17243.2404,10880.4828,0
2796,45328.3224,7265.4264,16435.5612,10829.5872,0
2797,45316.0668,7682.5272,16075.3008,10998.5988,0
2798,44358.3828,7174.7832,16311.0768,10986.2148,0
2799,42806.9688,6857.7492,17605.7604,11515.836,0
2800,42071.0316,7181.4888,18171.6252,13119.2004,0
2801,44333.982,7240.5204,14852.1,17341.9848,0
2802,47792.0724,7215.8028,13383.0876,21722.5728,0
2803,47312.2512,9462.6864,17802.4224,23203.428,0
2804,43871.4864,9772.2408,21518.2956,21113.2752,0
2805,43151.0244,8912.946,22598.58,19755.3264,0
2806,43287.5172,7137.1512,22785.2316,19842.6708,0
2807,41016.3516,6322.6536,22934.9484,20192.6928,0
2808,38167.7712,6198.2532,22414.6356,19722.6312,0
2809,37047.7536,5491.4148,21167.9412,20377.8552,0
2810,36068.5752,4954.0392,19516.1832,20555.6844,0
2811,36016.9812,5069.1984,18362.712,19608.162,0
2812,36275.43,5264.1672,17683.7892,18728.5308,0
2813,37011.3132,5366.5164,16713.7776,19415.7252,0
2814,38000.8164,6201.8316,15074.472,22533.4548,0
2815,39256.2348,8674.3584,16388.9592,22461.1428,0
2816,41888.2296,10956.6408,18471.228,21100.7676,0
2817,44366.6064,12777.8424,20217.8652,20298.834,0
2818,48084.1944,13682.0856,21071.7696,16904.4252,0
2819,51144.6672,13618.3596,21675.8208,16267.2528,0
2820,52455.5232,13181.0664,20720.964,17163.6552,0
2821,51059.4396,12294.1788,19782.456,16083.6456,0
2822,51854.4744,12106.9308,18721.674,18399.7104,0
2823,52164.7236,12230.2992,16575.0876,22238.0832,0
2824,51945.0348,11331.81,15188.1324,25501.224,0
2825,52674.1692,11914.9992,14018.1576,26086.1772,0
2826,53645.5332,11832.66,12958.6548,25655.8644,0
2827,55294.6848,12924.1392,14361.3852,25436.0076,0
2828,54617.1648,11156.2128,16413.8772,25427.9376,0
2829,52771.1796,10379.484,17322.9192,25444.854,0
2830,52499.3544,9548.4204,16882.9524,25497.9432,0
2831,50304.84,8268.696,15925.9236,25513.8408,0
2832,48555.4968,6457.806,13879.98,25452.5088,0
2833,45626.2212,5489.0196,12399.2652,25437.5772,0
2834,43893.4548,5301.7836,10660.2984,25418.8248,0
2835,41745.984,5228.6868,10231.4952,25345.3416,0
2836,40538.0664,5132.01,10194.0276,25390.9464,0
2837,40715.8308,5419.35,9880.3956,25347.3372,0
2838,42406.3692,6244.7352,10068.0336,25408.8384,0
2839,43049.982,8463.9588,12081.8316,25137.5436,0
2840,44123.6808,10443.4548,15997.0452,22944.2244,0
2841,45998.592,12979.272,18559.2132,19493.2728,0
2842,49490.9988,12180.5412,19182.8424,16299.6984,0
2843,52049.88,12721.4184,19009.1844,15484.8768,0
2844,52550.3268,13324.8888,19557.7152,14440.5372,0
2845,50670.9264,12429.246,19557.9144,13173.9948,0
2846,50788.1496,12414.1104,18397.434,15702.36,0
2847,51129.2292,12197.1492,17720.3124,18803.1996,0
2848,50704.008,11767.9476,17035.4772,21790.4244,0
2849,50669.8536,12294.2436,14438.2944,25731.1056,0
2850,52328.3628,13215.7008,12462.456,25677.426,0
2851,54749.6664,14455.3896,13315.74,25487.1912,0
2852,54234.594,12798.6216,14440.0548,25491.0648,0
2853,53447.8704,11312.2092,14926.1184,25589.0268,0
2854,53234.5032,10825.182,14114.3496,25572.252,0
2855,50109.3648,9694.1136,13807.4436,25526.766,0
2856,46629.4044,7862.5488,12841.6956,25383.2172,0
2857,43867.2264,5519.4924,12427.596,25254.0384,0
2858,40763.5524,5082.4368,11977.5384,25261.266,0
2859,39143.1348,5084.4516,11104.4412,25210.0092,0
2860,38016.6108,5154.3204,11207.5956,24830.8308,0
2861,37673.9952,5126.0856,11790.504,24966.3072,0
2862,39401.9952,5633.0004,12191.0748,25114.422,0
2863,40587.9804,7138.5432,14126.0412,24962.5596,0
2864,43663.5636,9084.8844,16976.2224,21374.1,0
2865,47350.6824,10395.1884,19415.4972,17685.6528,0
2866,47808.6192,10683.6552,20823.0552,15849.5292,0
2867,48844.6416,11289.3072,21468.1644,15262.5528,0
2868,48026.274,12943.5984,21395.9988,14166.018,0
2869,47395.0248,12202.3932,19652.3976,14389.6548,0
2870,47614.0332,11897.0076,18488.9976,17750.7372,0
2871,47676.7356,10907.2356,18312.8796,21492.2484,0
2872,47055.096,11100.9516,18776.016,22270.686,0
2873,47000.7264,11112.4848,17435.4396,25397.5764,0
2874,47086.9824,10600.2,17863.638,25667.5692,0
2875,49485.2724,11130.7704,20628.2472,24355.2084,0
2876,48129.3888,10785.1968,22294.7268,22749.3744,0
2877,46094.6496,10096.158,23549.886,21825.2292,0
2878,44502.0804,9541.9788,24059.6616,21849.366,0
2879,40995.0072,8691.2868,23774.334,22198.5888,0
2880,38759.4768,6710.4564,22743.792,22186.1844,0
2881,36537.9012,5064.9828,21701.0136,21733.7484,0
2882,36198.8952,4776.3408,20033.4228,19995.5028,0
2883,35857.4832,3716.244,19585.1784,19420.92,0
2884,35736.492,3582.2436,19784.4192,17882.1876,0
2885,35305.26,3562.3452,19135.9476,18078.9468,0
2886,35223.4608,3492.822,18960.1176,18331.2012,0
2887,35677.2504,4042.5744,20119.6428,15401.406,0
2888,36830.2404,5233.5084,23368.1292,11226.7428,0
2889,38909.4408,6461.2956,22690.86,10145.4852,0
2890,40547.5272,7348.53,20626.7292,10289.1936,0
2891,42269.91,7810.8072,19381.3416,10701.7656,0
2892,43291.02,8424.8652,19071.276,11069.4216,0
2893,43044.5664,8344.1736,19083.8616,11083.5804,0
2894,42506.472,7900.2852,19745.3976,11318.0916,0
2895,41926.2924,7008.45,19084.4088,13175.7408,0
2896,41797.5612,6033.876,18620.07,15649.7748,0
2897,42590.1756,5434.278,18547.8156,17687.0856,0
2898,44756.7444,5845.6848,19272.27,20369.0208,0
2899,46091.2908,8915.9388,22773.4596,21064.8804,0
2900,45812.8992,7942.9836,24022.2372,19676.688,0
2901,45393.6792,5862.6516,24098.4672,18902.0364,0
2902,43298.7576,4718.3748,24640.11,19208.5224,0
2903,40528.2612,4107.2364,25006.6392,19195.2972,0
2904,37944.0012,3998.1648,24797.2008,17911.1244,0
2905,35167.0116,3954.102,23854.3656,17159.1612,0
2906,32947.8972,3852.402,22814.9916,16970.2656,0
2907,32205.7512,3947.6616,21122.2404,17041.6884,0
2908,32200.1496,3724.1208,20285.6292,17217.6384,0
2909,32391.2844,3258.504,21009.654,16798.2096,0
2910,32829.8184,4180.5576,22038.9336,16117.8768,0
2911,33736.5432,5897.3952,24738.1932,13727.0472,0
2912,37465.728,7197.7104,28130.3376,10545.3312,0
2913,40643.1804,7646.1216,28513.968,10591.8624,0
2914,43144.6896,8049.7788,26144.916,11003.1912,0
2915,45296.1912,8288.5704,24876.7968,11439.7668,0
2916,47334.6408,8595.6216,23495.148,11659.4736,0
2917,47458.074,8245.4592,22455.6276,11805.546,0
2918,47112.612,7894.1748,24091.5492,12314.1648,0
2919,45132.6252,7739.9472,25844.7456,14451.4332,0
2920,44287.0272,7744.0764,26138.322,16070.526,0
2921,44688.732,8711.6496,24377.4324,17710.0152,0
2922,44728.8504,9598.6536,23376.6804,20309.9952,0
2923,46933.7928,11696.1984,25274.3208,19695.6072,0
2924,46676.3856,9661.7736,26307.9708,19016.73,0
2925,45703.926,7809.408,26157.1344,18850.0608,0
2926,44233.4988,7082.8068,26106.7908,19081.0056,0
2927,41896.8192,5977.5204,26443.2408,18718.9512,0
2928,38946.666,5057.9664,26575.2192,17921.9256,0
2929,35592.738,4962.792,26037.2352,16652.4156,0
2930,33596.2464,4632.6936,24203.9484,16690.3476,0
2931,32516.262,3824.4072,23360.7444,16877.4096,0
2932,32222.1672,3265.2636,22860.2604,16548.5316,0
2933,32314.7412,3279.4056,22122.7488,16543.3584,0
2934,32910.5676,3325.464,21745.2876,16525.86,0
2935,33585.4584,4038.3444,22088.7936,15190.0632,0
2936,37106.3532,5206.2288,19944.6924,14540.736,0
2937,40437.4524,6494.7204,19267.3344,13046.6124,0
2938,42402.7812,7366.722,17674.5108,12840.954,0
2939,43533.5688,7833.2976,17200.6524,13229.4756,0
2940,44707.2564,8180.838,16661.1708,13258.254,0
2941,44887.26,7981.7688,16443.6732,13482.51,0
2942,44343.9456,7420.9164,17286.6804,13309.7604,0
2943,42727.2108,6566.5392,19302.9828,13073.052,0
2944,41667.7068,6338.2908,20295.7776,13764.5772,0
2945,42164.34,6789.234,19639.752,16233.2652,0
2946,43480.6932,7033.1544,21093.8904,19823.6532,0
2947,45356.634,9453.72,25394.4288,19773.2592,0
2948,44387.0028,8893.6008,25718.5464,18718.1268,0
2949,43287.5136,6249.018,26528.6988,18381.8064,0
2950,41836.8444,4972.5216,26808.696,18019.986,0
2951,39307.2492,3855.8472,27411.7512,16911.0216,0
2952,37456.512,3226.59,26531.5584,16282.722,0
2953,33018.696,3891.4692,25886.4816,16668.4608,0
2954,30228.0756,4034.8932,25004.9976,16693.9596,0
2955,30259.0392,3485.4576,25145.8236,14640.3696,0
2956,30251.2848,3358.9116,25023.1956,13286.8644,0
2957,30037.3476,3557.8404,24474.7092,12737.7768,0
2958,29976.5676,3622.5624,23289.1872,13400.5332,0
2959,30967.9788,3743.2668,23614.026,11277.0504,0
2960,33384.672,4535.5728,20958.4596,10805.2596,0
2961,35854.1148,5462.256,17002.332,11576.0028,0
2962,39181.2504,6443.2548,11429.8368,13192.9236,0
2963,40768.0116,7192.032,9879.618,13947.8028,0
2964,42027.45,7730.0184,10175.4744,14362.1028,0
2965,41660.2944,7747.0524,10910.9736,14267.0628,0
2966,40359.87,7291.9224,11555.7468,13917.882,0
2967,39340.5396,6433.3884,13437.0012,13642.6164,0
2968,38658.6312,5701.644,15483.6576,15235.5144,0
2969,39193.488,5312.97,18279.9804,16292.826,0
2970,42654.018,5516.856,20307.9228,18582.9816,0
2971,45773.85,7818.6012,22442.2116,20074.3644,0
2972,45022.3512,5959.8324,24320.064,19472.7108,0
2973,43669.5024,5091.186,25111.4388,18883.1232,0
2974,42130.3968,4607.4192,25006.9668,18907.2552,0
2975,40022.778,4602.492,24336.8508,18300.4716,0
2976,38022.402,4469.9292,23290.3008,17075.9424,0
2977,35927.8164,4331.19,22732.2768,15841.0044,0
2978,34421.928,4254.3048,22445.3388,14731.7448,0
2979,33218.316,4340.358,22751.7324,13805.9748,0
2980,32288.5008,4321.9908,23032.3524,13348.5576,0
2981,32098.8936,4548.7308,23428.77,13266.1152,0
2982,33249.4404,5068.458,23155.446,15444.456,0
2983,35348.1528,6964.572,24794.9784,15544.6452,0
2984,39030.3732,8271.5208,27646.9848,12672.1332,0
2985,42155.1744,10008.2508,27298.1172,12818.6064,0
2986,44727.3132,10356.3816,25690.5948,13107.7308,0
2987,46848.8472,11404.5252,24091.3884,13634.9676,0
2988,47800.9584,12950.436,21930.0696,14072.0556,0
2989,47767.9836,11283.6696,21337.2984,14073.7008,0
2990,48180.2532,10918.2528,23071.6164,14499.8808,0
2991,47707.5156,11798.574,23131.1028,16153.0128,0
2992,47910.384,11424.1296,23085.4104,17554.1388,0
2993,47746.5156,11491.5024,22077.7932,20601.9708,0
2994,46503.9048,11262.072,21108.2256,22742.3352,0
2995,49708.1532,11574.2484,23565.0576,20672.7936,0
2996,50221.5516,10471.2372,25198.2624,18978.8844,0
2997,50057.8944,8945.2404,26084.6916,18452.946,0
2998,48958.29,7953.606,27211.812,18207.8796,0
2999,46058.8524,6909.5148,27289.2132,17173.0452,0
3000,42986.2212,5159.4144,26290.4772,16326.8244,0
3001,39112.0104,4428.5016,25096.7196,16602.3816,0
3002,36532.7748,3760.1388,24246.1056,16699.9944,0
3003,35174.2308,3705.996,22838.5032,17172.594,0
3004,34808.2932,3736.8312,22041.1356,17201.1192,0
3005,35277.4416,3853.7196,21624.9204,17447.7216,0
3006,36436.02,5092.9056,21789.162,17895.2904,0
3007,37881.9588,7511.292,23815.6296,16960.32,0
3008,39898.4844,9554.442,27236.7516,14310.5184,0
3009,42942.666,11311.056,27292.4844,13010.5296,0
3010,45021.7212,12455.622,26570.8692,11553.0468,0
3011,46695.5784,13210.488,25274.9472,11885.4168,0
3012,47834.7912,13468.5792,24093.9084,12517.4352,0
3013,47393.2212,12426.5736,22635.1992,13707.1428,0
3014,48573.726,12204.9456,22017.3588,16074.474,0
3015,48207.4272,13527.5004,21857.5428,17412.0084,0
3016,47889.6924,13185.1608,21259.5792,19541.2428,0
3017,46170.3768,12393.4488,22295.556,22353.0192,0
3018,45854.1264,12180.5424,22697.5692,21979.0716,0
3019,49106.4132,12586.4952,24649.452,20263.4412,0
3020,49545.1512,11309.1828,26559.3732,18411.1464,0
3021,49422.942,9893.9988,27838.9332,16713.1248,0
3022,48235.7484,9339.276,28470.8652,16509.1476,0
3023,45251.5056,8362.4112,27497.9424,17034.1308,0
3024,41712.7128,6800.226,26259.1416,17224.9056,0
3025,38976.2424,5601.3276,25995.1836,16554.3708,0
3026,36556.5408,5395.7976,25388.0676,15789.324,0
3027,36310.9488,4814.7072,24380.436,14874.5964,0
3028,37079.31,4797.6228,23573.3388,13724.7564,0
3029,36787.2804,5254.2612,23487.9516,13883.6064,0
3030,36931.6296,6357.1152,23807.232,15452.9172,0
3031,38245.6596,8982.6504,25863.864,14101.8228,0
3032,41772.1392,10584.0228,28195.0464,10983.6408,0
3033,43715.5812,12321.0564,29809.404,9484.44,0
3034,44525.8932,14384.34,27737.0136,9870.5244,0
3035,47148.6336,14497.2468,26628.546,10411.9044,0
3036,48998.274,14773.44,25486.7736,10489.104,0
3037,49065.2508,13129.332,24689.736,10571.412,0
3038,49056.222,13608.0156,25695.9564,12226.7268,0
3039,49324.236,14384.8752,24961.08,13830.0444,0
3040,48779.1144,14540.2128,23365.302,16595.8176,0
3041,48245.9664,14207.3076,21124.32,20756.5392,0
3042,47464.1016,13951.3848,19989.4896,22448.1048,0
3043,48887.7264,14091.9924,22945.7664,22248.4428,0
3044,48114.6432,12961.3332,24962.7336,20323.806,0
3045,48363.5484,11807.418,26167.0512,18652.6812,0
3046,48597.9696,10994.6928,26563.5288,17549.016,0
3047,44682.12,9990.8388,27099.276,17956.9164,0
3048,41066.1672,8766.7236,26446.9956,17807.118,0
3049,38523.234,6356.3448,26151.7812,17632.3356,0
3050,36132.2184,5924.6616,25756.1772,16443.7416,0
3051,35092.8156,5039.6184,25541.6364,15925.266,0
3052,34592.6292,4710.4764,25299.8352,15625.9488,0
3053,34888.8036,4795.9224,25046.9868,15645.8904,0
3054,36379.6128,6055.2252,25050.0948,15838.0716,0
3055,38041.7544,8574.15,26624.8992,14544.5352,0
3056,41955.1764,10771.7496,28802.0592,10879.8852,0
3057,44096.0892,13237.8252,28718.5068,10211.3244,0
3058,44418.1572,15197.3004,26721.6204,11003.25,0
3059,46403.8944,15468.5652,26036.2092,11518.2552,0
3060,48274.9896,15564.666,25119.2376,11434.5072,0
3061,48122.2104,13555.572,24965.7168,11279.0304,0
3062,49617.4224,13396.2468,26362.782,11313.7368,0
3063,49650.4884,14227.5564,26642.5848,12572.3916,0
3064,48656.8752,14483.6004,25419.9588,15274.41,0
3065,47858.9016,14521.7652,23060.6076,19254.7608,0
3066,46187.0988,14202.6024,22521.6888,21702.7596,0
3067,49128.5388,13973.8248,25541.2968,19769.5188,0
3068,49914.7056,12729.9564,26934.8448,17343.9144,0
3069,49570.3296,11547.1548,27190.2192,16951.032,0
3070,49350.5292,10456.4724,27380.61,17215.44,0
3071,45298.0896,10033.1784,27618.7356,17079.3588,0
3072,41125.7916,9392.8392,27454.8696,17051.19,0
3073,38901.9024,6587.6256,27444.1728,15994.2372,0
3074,37592.4972,6031.1724,26517.696,14390.6496,0
3075,36786.2148,5650.4808,25460.1372,13721.8812,0
3076,36866.7312,5268.8604,24992.1564,13251.6,0
3077,37225.4436,5056.6872,25563.6804,12807.8076,0
3078,37621.206,5611.692,26508.3696,13491.8652,0
3079,38223.9768,8716.7604,27613.314,13414.0272,0
3080,41156.3976,11962.0272,29240.1348,11068.9956,0
3081,41756.712,15457.3848,30122.8788,10228.4772,0
3082,45339.3312,14674.0824,29868.6276,10530.4224,0
3083,47917.2936,15207.4572,29538.7848,10841.418,0
3084,49711.1316,15660.984,28899.8616,10981.2432,0
3085,49272.846,14287.8528,28464.4728,10914.246,0
3086,51149.3136,15141.174,26712.1476,12532.3584,0
3087,51569.2716,15724.9536,24232.4748,15557.5812,0
3088,49845.1596,15307.92,22242.7056,19548.6372,0
3089,49235.5776,15022.4796,19174.9692,23620.7124,0
3090,48291.5148,14464.4304,19897.836,24239.562,0
3091,50279.4012,13665.8592,23654.2896,21345.1044,0
3092,49785.03,12806.0184,24923.4348,19452.6492,0
3093,47655.7188,12037.5912,25719.5124,18811.854,0
3094,45944.7996,11702.8128,27325.9584,18012.7368,0
3095,43076.8104,10937.2092,28070.5428,17822.3532,0
3096,41056.626,8842.5948,28033.7856,17677.452,0
3097,39594.0828,6727.014,27356.322,17355.99,0
3098,38508.1212,5369.8716,25915.2288,16189.9344,0
3099,36773.4744,4901.9604,25844.682,15240.3552,0
3100,35924.2512,4782.9612,25199.3772,15153.1596,0
3101,35634.468,4658.88,25190.8644,15037.758,0
3102,35152.3464,4680.5124,25421.5296,15301.662,0
3103,35703.5484,5317.5648,27008.9472,13044.3024,0
3104,37926.0396,7269.858,27869.442,10942.7784,0
3105,41050.5192,8378.5788,27796.524,10329.5196,0
3106,43023.6408,8455.7112,27080.0196,10256.3292,0
3107,45125.0232,8463.3468,25403.0628,10577.5152,0
3108,46208.0796,8650.1364,23657.958,10838.5752,0
3109,46318.0416,8441.676,22692.4644,10873.2108,0
3110,46126.9752,8184.2976,21977.136,11418.2916,0
3111,45422.2968,7476.8568,22541.4504,12365.172,0
3112,44654.5932,6449.0424,23246.5188,14892.024,0
3113,44768.6652,6305.8608,21176.4924,18981.252,0
3114,47140.476,7671.2172,23140.524,19082.5488,0
3115,48887.694,9348.3156,26109.762,18244.7268,0
3116,47138.4216,8795.3868,27931.0536,16641.1308,0
3117,45781.632,7543.2216,29047.3308,15078.0612,0
3118,43848.1272,6603.3564,29260.7748,15207.252,0
3119,41837.9688,5675.0304,28776.0312,15572.0208,0
3120,39785.4276,4937.3844,28331.1984,15381.0708,0
3121,37886.3064,4310.7444,27015.5256,14666.6844,0
3122,35995.5252,3803.3724,25760.52,14422.1844,0
3123,34603.428,3512.2536,25175.4084,13722.8832,0
3124,33933.6564,3509.9496,23772.5856,13924.6176,0
3125,34222.6104,3408.8484,22679.9568,13681.38,0
3126,34664.4648,3414.4956,21735.4884,13407.3576,0
3127,33895.014,3798.612,23157.1224,11521.2828,0
3128,34840.2876,4737.5256,23008.3584,9671.3676,0
3129,35862.5232,5880.8988,22071.1548,9652.3872,0
3130,38427.4152,6911.4732,19928.016,8890.1856,0
3131,40186.2672,7106.2584,18860.2428,9066.6444,0
3132,40493.7096,7222.926,18341.7,9209.9424,0
3133,40363.632,7135.9524,16598.1408,9011.1264,0
3134,39282.8376,6576.504,15383.4192,8947.5372,0
3135,38178.7632,5665.6044,14908.8276,9688.1232,0
3136,37198.9656,4697.172,16928.7588,11569.632,0
3137,37932.7308,4501.9392,18671.2212,14420.8548,0
3138,41689.0248,4928.4864,19183.6968,18509.124,0
3139,44256.4236,6520.5732,22421.532,19278.2328,0
3140,41654.3532,6255.4608,25599.4848,18438.5604,0
3141,40971.4128,5616.4608,27316.6656,17001.066,0
3142,40137.0252,4985.3232,27603.2088,16832.8452,0
3143,37805.9496,4456.758,27910.3152,16560.7224,0
3144,35686.2024,4220.568,27621.0312,14918.1612,0
3145,33174.9864,3628.2564,26762.2668,14481.5568,0
3146,30418.9224,3447.4896,26428.6608,14907.9672,0
3147,29925.8124,3252.6,25270.728,14880.1728,0
3148,30204.0204,3063.0108,24761.7108,14246.3088,0
3149,30199.7496,3438.7848,25342.722,13980.282,0
3150,31279.2984,4907.436,25763.7612,14362.7772,0
3151,34614.3456,7551.5496,26139.8748,14299.2984,0
3152,38471.9772,8864.5428,27613.08,12942.3072,0
3153,41986.434,10376.148,27965.6952,11178.4896,0
3154,43927.068,11463.7692,26846.0472,10165.2804,0
3155,44934.2964,12164.712,26478.072,10271.6436,0
3156,46026.846,11293.2264,26065.3344,10833.9144,0
3157,45939.1032,10534.3164,24078.1932,10604.826,0
3158,47464.446,10257.8448,24528.7104,11245.1388,0
3159,47842.89,10483.692,25123.7628,12504.8748,0
3160,47015.5896,12140.8788,24555.2856,12994.1472,0
3161,47541.582,12281.9376,23063.1132,15204.9936,0
3162,44015.3808,12224.4048,24572.8572,18886.9944,0
3163,44583.2772,12845.3544,27459.0996,18856.2156,0
3164,44594.6964,12057.0264,27583.5444,18389.88,0
3165,44470.6548,10631.85,27814.4688,17926.4676,0
3166,43499.2344,9825.972,28275.9468,17870.4648,0
3167,39429.2028,9098.5452,28357.8048,17473.5708,0
3168,37947.7608,6395.7252,26777.562,18132.5196,0
3169,34485.6552,5366.7132,27123.7416,17245.2948,0
3170,32885.8572,4955.2932,26847.4248,15303.1572,0
3171,32159.1204,4601.8068,26145.3348,14718.0828,0
3172,32047.0644,4411.5144,25856.6748,14108.0916,0
3173,31988.0772,4686.2964,26106.1872,14316.1752,0
3174,33028.2984,5862.4392,25900.8288,15343.6956,0
3175,35341.9788,8420.5248,27241.5588,14205.504,0
3176,39415.554,10611.018,28228.9536,11954.1648,0
3177,41172.1032,11605.0944,29840.4972,11280.762,0
3178,43002.5712,11363.19,28597.4676,11251.7604,0
3179,44279.5428,12144.6552,27628.7304,11520.1848,0
3180,45644.646,13690.5144,23756.0592,12671.8596,0
3181,45315.3804,11451.1548,23089.2588,13006.4964,0
3182,46896.2388,11079.5964,23461.8372,13193.6124,0
3183,45526.0944,12454.7208,25299.5652,14065.3716,0
3184,45215.1552,12617.6736,25904.6472,14498.4456,0
3185,45841.074,13375.0848,24079.8624,16174.8036,0
3186,45683.13,13173.666,23827.8336,17616.3984,0
3187,46255.2156,13853.004,26494.8972,18313.4712,0
3188,46734.2448,13047.3408,25650.9684,17687.286,0
3189,46450.164,11585.9592,25629.5544,17476.2696,0
3190,45177.5256,10763.9592,26221.518,17160.6264,0
3191,41898.3828,9001.7124,25910.0964,17088.4956,0
3192,38906.7168,6391.1016,25441.6932,16594.3452,0
3193,36364.8156,4492.6044,24626.0676,15829.0068,0
3194,33322.3956,4220.6424,24986.832,14842.194,0
3195,31974.1836,4255.6116,24297.1704,14473.5588,0
3196,31504.7076,4316.7648,23772.0396,14233.8252,0
3197,31974.8508,4812.3384,23026.1532,14197.9308,0
3198,34027.71,5640.7488,22623.3936,15124.9548,0
3199,36303.6996,8423.4204,24126.8988,14577.9324,0
3200,40677.8928,10039.4148,26007.6984,12861.39,0
3201,42426.0396,10899.2532,28288.5024,11287.9488,0
3202,43263.2412,11463.4584,27737.6172,10832.8368,0
3203,45030.8904,12294.2232,26335.8432,11430.1788,0
3204,45687.48,12514.644,25960.776,11527.4184,0
3205,45237.9144,10745.4372,25394.5956,11420.8164,0
3206,45946.6392,10117.9128,26661.4152,12182.1216,0
3207,44713.7844,12208.7496,26287.8672,12938.4408,0
3208,43028.2272,12187.9716,26566.6632,14717.352,0
3209,42960.9612,12757.614,24849.8364,17761.5816,0
3210,46257.3984,11109.9828,23649.6948,18916.2768,0
3211,49544.4372,12211.6104,24434.4408,18498.2244,0
3212,47307.9444,12210.5244,25559.5704,18073.1052,0
3213,46863.4308,11114.3244,25415.4456,17314.6092,0
3214,46438.506,9576.6924,25641.1668,17265.7788,0
3215,43256.1768,7833.8988,25188.2172,17361.6276,0
3216,39371.9736,6045.7068,25049.7768,17036.436,0
3217,37047.2772,4609.6632,24800.1456,15497.0868,0
3218,35223.24,4438.386,24771.042,14317.7976,0
3219,34331.202,3929.5572,24149.0448,14246.2428,0
3220,33908.0736,3603.3996,23587.2816,14360.7972,0
3221,34198.9716,3871.5276,23510.778,14322.6048,0
3222,36072.0072,5737.0572,23481.3732,14387.2668,0
3223,37317.1008,9442.7088,23633.7396,14930.5128,0
3224,40491.3348,10985.034,25383.8412,12707.3184,0
3225,41753.004,12089.8728,25955.1888,11960.8272,0
3226,42237.384,11590.4208,24571.1724,12352.9836,0
3227,43568.3688,11823.3396,23692.8276,12774.672,0
3228,45711.462,11638.5696,22007.3808,12878.1312,0
3229,45763.3536,10225.068,20951.6688,12847.0464,0
3230,46622.4924,10217.7948,21963.9264,12985.4652,0
3231,48642.744,10982.8464,21748.1772,13809.9696,0
3232,47511.9564,12541.1568,22149.8628,14940.6024,0
3233,46184.3832,13678.7232,21655.3908,17936.1288,0
3234,46149.0432,12314.1408,21268.1316,21223.1616,0
3235,48799.2156,12347.0592,23635.8096,20233.212,0
3236,47813.5608,12072.0252,23591.5704,19836.2316,0
3237,46935.0336,10079.8056,24636.7068,19659.0852,0
3238,45898.6944,9440.5404,25031.484,19590.804,0
3239,43941.8628,9734.4072,23996.016,17821.062,0
3240,43173.8232,9728.1048,20136.3408,16229.7636,0
3241,40074.6852,6952.9812,18423.1692,18632.5956,0
3242,36547.4052,5612.9748,20064.2328,17835.5244,0
3243,34231.1832,4609.7532,23554.6416,15598.9248,0
3244,32791.392,4298.3568,25363.9644,14427.0324,0
3245,33173.6736,4780.1856,25340.3796,14014.6584,0
3246,34057.518,6567.6084,25647.3948,14069.2884,0
3247,36140.2836,9451.308,25250.7972,14677.0728,0
3248,39277.6416,10382.3076,27287.5908,13356.8232,0
3249,41395.842,11693.6124,29042.6364,11449.1568,0
3250,43866.0588,12466.056,25722.5028,11911.8048,0
3251,45786.5184,12562.0428,23715.102,12607.836,0
3252,47168.0208,11683.1472,23289.7524,13146.69,0
3253,46463.4636,10436.682,22345.6656,13211.0232,0
3254,47170.2636,10427.8872,22375.2888,14046.078,0
3255,45941.4228,12027.696,22797.078,14772.7596,0
3256,43856.2536,13762.5264,21815.9328,16435.6068,0
3257,42485.7756,13954.4964,22027.3416,18912.8592,0
3258,43656.21,13110.9684,22745.9268,20557.002,0
3259,46949.22,13159.9596,25288.7988,18774.6096,0
3260,45324.372,12763.422,26054.7504,18034.2228,0
3261,43243.5696,11707.5348,26078.9592,18081.2868,0
3262,41726.1744,11369.9856,26889.7332,17290.2096,0
3263,39817.908,10414.0068,26514.0492,17774.3232,0
3264,38785.278,6839.91,26473.26,17676.942,0
3265,37624.6284,4861.6152,26042.8416,16143.9204,0
3266,36915.492,3942.0468,25483.7772,14022.6456,0
3267,36632.7228,3368.9184,24668.2728,13044.8004,0
3268,36085.3356,3084.156,24683.4324,12956.898,0
3269,34814.1624,3207.3936,25350.2184,12788.136,0
3270,35477.322,3541.8204,25223.646,12332.9196,0
3271,34237.8936,5330.3664,26982.7404,11147.112,0
3272,34975.5036,8147.7432,27435.8916,10072.3632,0
3273,39262.6356,8880.8196,26286.2556,8473.3848,0
3274,40799.1996,8893.0656,25460.0148,8985.9936,0
3275,42932.6676,8491.8156,24496.0872,9249.372,0
3276,43708.3092,8571.6432,24434.1636,9211.9056,0
3277,44291.6172,7951.4808,23337.3624,8705.3136,0
3278,44279.94,7518.6636,24118.6788,8633.7996,0
3279,43215.0588,7346.8176,25915.572,8367.084,0
3280,42335.2968,7434.2304,26199.8196,9664.8888,0
3281,42874.7628,7148.1396,24254.6268,13888.026,0
3282,45338.5056,7482.522,23679.2952,18195.45,0
3283,47084.664,9882.6588,26344.5072,18759.9924,0
3284,45505.8864,8567.4012,27074.7948,18110.1144,0
3285,43266.54,7380.882,26934.4164,17939.7132,0
3286,41898.5064,5818.9068,26898.3384,18112.7796,0
3287,40067.0364,4443.0288,26868.9732,17851.452,0
3288,37606.098,4058.7948,26099.5764,17634.1884,0
3289,35415.8988,4033.7772,26516.6172,14952.7272,0
3290,33477.5256,4551.0384,27145.3176,12041.4312,0
3291,32881.5876,4391.6364,27083.7732,10071.8292,0
3292,33357.3672,4049.46,26243.7564,9047.46,0
3293,33003.354,3845.6268,26275.056,8907.6612,0
3294,32961.426,3438.4308,25878.6948,8774.8704,0
3295,32686.0332,3607.0668,25296.1212,8813.16,0
3296,33380.6988,4909.5564,24689.0748,7998.8412,0
3297,35507.7588,6029.6256,21980.418,8052.4116,0
3298,38033.5236,6377.37,19403.3928,8285.2584,0
3299,40597.6524,6739.6764,17769.9336,8803.5288,0
3300,42113.2896,7007.3544,17836.374,9015.1092,0
3301,42598.6728,6922.0764,17627.7948,9046.8732,0
3302,42108.108,6370.302,17714.562,8885.9556,0
3303,40462.0728,5876.8464,19934.6376,8403.516,0
3304,38964.7692,6123.768,21836.0256,9336.6456,0
3305,39975.936,6653.934,20992.7172,12733.8924,0
3306,41791.8228,6142.4412,22842.7008,16650.2628,0
3307,43393.9272,8806.0524,25660.8372,17768.6808,0
3308,42656.868,8443.4652,26255.7612,16399.6992,0
3309,43414.5348,6092.2332,26680.0584,15843.9192,0
3310,43244.094,5445.7668,26866.3728,14724.972,0
3311,42098.7816,5135.6976,26661.6312,14194.7988,0
3312,40282.1304,4761.5064,25777.284,13161.2436,0
3313,39247.4448,3457.5,25311.0144,11886.2796,0
3314,37440.3168,3038.58,25074.0096,11548.7628,0
3315,36852.408,2756.1216,24577.5048,11361.8556,0
3316,36376.0056,2793.138,24535.5948,11105.3916,0
3317,36603.5388,2831.7468,24323.9712,11344.5312,0
3318,38283.0936,3898.7952,24169.1772,12167.2428,0
3319,39643.6716,5919.2232,26017.0884,12508.2288,0
3320,42615.5724,7929.54,26479.9224,11824.4664,0
3321,45463.6464,9220.3368,27503.1072,10980.2124,0
3322,46157.6688,9712.0368,28100.7792,10859.2044,0
3323,46870.038,11662.4316,27492.8304,10926.8976,0
3324,47920.6152,11846.1684,27093.9972,11031.6576,0
3325,47934.8328,10077.3036,26278.032,10982.0436,0
3326,49485.3396,10000.3932,25366.4196,12283.8744,0
3327,50148.9192,11100.5808,23818.056,13969.0992,0
3328,49485.0192,11040.3,22493.1228,17510.3172,0
3329,48715.3764,11224.4412,21021.2652,21098.544,0
3330,49661.6328,10974.174,20762.7504,21362.838,0
3331,50059.626,12169.314,22500.7524,21827.9196,0
3332,49681.9248,11613.882,23409.228,20776.2564,0
3333,48699.474,10411.1544,24424.8648,20098.2456,0
3334,47714.8692,9064.0404,25438.0032,19863.1248,0
3335,45127.4652,7530.9096,25539.3636,19311.2904,0
3336,41294.034,6323.4492,24639.786,18909.2964,0
3337,39590.532,4076.3556,22921.2864,19265.5272,0
3338,36901.0044,3777.6012,22183.8204,19036.2096,0
3339,35280.9636,3847.5876,21716.79,18507.8568,0
3340,34550.6268,3596.748,21244.704,18657.2664,0
3341,34924.1532,3599.9196,20764.3764,19083.0072,0
3342,36667.2852,4294.002,20829.3744,19664.646,0
3343,39949.2756,6267.6804,21762.378,18251.25,0
3344,43322.808,8590.1508,24383.4504,14489.9904,0
3345,45412.7436,10081.9776,26972.946,12505.5312,0
3346,46902.2448,11142.87,26125.602,11734.932,0
3347,48975.1548,12509.7504,24902.3904,11187.0504,0
3348,50701.6596,12158.004,24410.0052,11410.8804,0
3349,50721.8124,10144.9644,22844.1204,12138.7572,0
3350,50999.532,11095.1736,21288.684,14557.7724,0
3351,50719.6128,12383.604,19216.758,18206.5344,0
3352,50271.8232,12827.07,17830.9164,21494.3664,0
3353,50061.828,12872.6784,16248.6444,24163.9008,0
3354,51398.9292,12169.6704,15342.144,24067.626,0
3355,52722.738,12040.038,17811.09,23893.272,0
3356,50800.9692,10866.8268,19987.1616,23344.4628,0
3357,49279.68,9767.3112,21111.9804,22623.9312,0
3358,48222.0852,8547.9444,21951.6108,22591.8768,0
3359,45414.2772,7140.9612,21767.1516,22369.3548,0
3360,41750.3148,6110.8896,20970.6924,21744.5532,0
3361,40297.2708,4319.8596,21088.5888,19510.6128,0
3362,37718.016,4221.8832,21047.2956,17772.2448,0
3363,36114.4068,4334.904,20349.3984,17311.5024,0
3364,35277.8796,4477.284,20159.2392,17027.67,0
3365,35568.6492,4715.43,19408.152,17656.0596,0
3366,37067.4228,5221.1952,19410.4524,19217.5284,0
3367,39336.2892,6490.6944,21315.4668,19147.9728,0
3368,41740.2036,8755.8036,24502.8768,15618.0456,0
3369,44210.298,10501.9548,26937.0828,12795.3684,0
3370,44489.8644,11929.7304,27963.1848,11860.0404,0
3371,46378.92,12973.866,26615.82,12067.9932,0
3372,47734.6332,12984.1728,25312.008,12293.73,0
3373,47639.0748,11820.2244,23282.0736,12406.2912,0
3374,49983.6636,11316.7944,22569.8724,13213.3752,0
3375,51419.7384,11456.6328,21758.0208,15033.4812,0
3376,51764.3136,11070.672,19962.3816,18719.2692,0
3377,50425.482,11200.7664,18648.5784,23114.8896,0
3378,49786.9068,11143.2432,19168.3512,23857.7256,0
3379,50574.654,11794.116,23473.4172,21341.2032,0
3380,50411.7,10336.5972,25484.442,19009.068,0
3381,49933.6776,8491.734,25655.424,18929.3904,0
3382,48614.9316,7965.9288,25791.5508,18986.7156,0
3383,44939.25,7130.6436,25667.0328,18806.1252,0
3384,42001.0644,4969.7796,24911.9304,18734.574,0
3385,38522.8872,3717.9096,24180.1344,18343.4772,0
3386,36655.8264,3573.5544,23758.4388,16440.3912,0
3387,35661.7632,3632.6388,23639.8908,14898.4272,0
3388,35161.7988,3622.7508,24182.8332,13881.4728,0
3389,35474.4312,3573.006,24543.4548,13606.8864,0
3390,37543.4712,4098.5496,24275.3004,14353.4076,0
3391,40126.386,5823.51,24871.608,14715.8784,0
3392,42471.1272,7758.7788,27303.1848,12707.0352,0
3393,45271.9212,9097.1208,28337.0784,11308.9056,0
3394,46437.5496,10454.712,27830.862,10491.4512,0
3395,49177.7796,11578.572,26803.23,10437.7836,0
3396,50037.1584,12050.5788,26477.7792,10569.2124,0
3397,50032.3872,10849.6548,24678.432,10790.6376,0
3398,49904.13,11021.5932,23469.816,13450.2084,0
3399,50450.2836,11024.5428,22612.0632,15514.566,0
3400,49769.0796,11026.9776,21906.8556,17786.9952,0
3401,49103.094,11544.3024,19590.5364,21803.4144,0
3402,49267.554,11752.0356,18386.5296,23289.294,0
3403,50996.1684,10844.7012,22141.7652,22312.8324,0
3404,49683.0336,10201.2348,24158.5728,20235.2796,0
3405,48851.6076,8644.14,24908.6292,19466.1552,0
3406,47663.5764,7698.7224,25754.5128,19184.3892,0
3407,44207.034,6673.4616,26169.1488,19213.7076,0
3408,41432.6376,4835.9076,25314.2712,18638.3484,0
3409,38214.5244,3540.5244,25164.036,18088.0224,0
3410,35997.3732,3587.0496,24743.7828,16579.7676,0
3411,35539.4364,3516.438,24225.3276,14950.0596,0
3412,35434.5036,3500.0988,24170.082,13726.9968,0
3413,36332.7252,3528.546,24090.7776,13295.4324,0
3414,39326.3436,3621.3588,23342.1192,14184.2712,0
3415,41738.8476,6365.2788,23694.1956,14007.63,0
3416,44291.4492,7855.374,25489.7964,12676.548,0
3417,45124.3356,9496.9728,27802.0416,12140.7936,0
3418,45430.0104,11131.236,27504.09,12153.9276,0
3419,47804.0748,12057.8316,25748.454,12398.2164,0
3420,49158.5784,11476.1232,24716.52,12605.2572,0
3421,49997.0904,9177.6984,23526.1428,12669.6012,0
3422,50842.1592,9436.0632,23316.348,13337.0724,0
3423,50759.1912,10084.662,21684.642,15869.4708,0
3424,48632.8212,10191.0696,19958.4156,19951.662,0
3425,48225.9936,10725.4812,18110.826,22170.2724,0
3426,50075.5104,10947.3276,17506.758,22445.6676,0
3427,48851.1168,11953.476,21843.9012,22181.0304,0
3428,48338.5092,9510.6684,25330.6176,19752.4548,0
3429,47952.9276,7216.9584,26174.9952,18698.5212,0
3430,46525.104,6648.4152,26347.8768,18807.5856,0
3431,44019.4944,5695.404,26865.8604,18359.0796,0
3432,41242.1244,4448.0484,26223.6588,18141.2412,0
3433,37313.8848,4391.31,26238.906,16602.9768,0
3434,35262.3048,4033.6296,25574.5104,15600.5028,0
3435,34200.5772,3997.9512,25580.0856,13952.514,0
3436,33729.5472,4027.644,25404.666,12972.108,0
3437,33332.4348,4092.306,25412.556,12926.2632,0
3438,33540.1512,4099.6344,25216.2948,13123.5432,0
3439,35194.4496,4229.8428,26293.338,11408.6652,0
3440,36865.1892,5270.5116,28501.0896,9173.3148,0
3441,39833.3712,6141.1704,27778.8636,9233.2308,0
3442,42400.6344,6481.9104,26583.3672,9636.7512,0
3443,45129.8052,7264.6344,24008.4168,9986.0568,0
3444,46326.1812,7385.9352,23212.1004,10107.0216,0
3445,46629.9192,7233.8892,21450.6216,10716.156,0
3446,46492.5168,7054.842,20819.2356,10709.7696,0
3447,46559.8608,6352.9812,20936.0616,10649.7708,0
3448,45186.1632,5654.1072,22204.4568,11646.7404,0
3449,43867.014,5778.9672,21777.7464,15719.3016,0
3450,46213.7772,7471.1256,20442.942,19330.7508,0
3451,48045.4428,8697.4476,22882.386,19631.0832,0
3452,44927.1324,6864.8604,25396.5264,19565.58,0
3453,43331.97,5382.7116,26765.6904,17956.974,0
3454,41772.7896,3904.5588,26569.8048,17933.4888,0
3455,39339.1248,3948.4512,26675.2764,16075.0116,0
3456,37328.6148,3914.1648,26031.0948,14753.6376,0
3457,36046.1064,3831.8532,25527.0576,12672.8784,0
3458,34495.1496,3933.7596,25560.0876,11078.7432,0
3459,32938.854,4084.962,25193.6784,10471.4616,0
3460,31412.988,4116.4596,25503.2172,10187.2548,0
3461,30808.5156,3964.1268,25229.5956,10034.0844,0
3462,30805.0428,4007.0604,24757.8,9677.502,0
3463,30820.7652,3882.9732,24945.7692,8507.1828,0
3464,32384.766,4157.0268,25081.3332,7542.8016,0
3465,36054.9096,5071.9368,21683.8404,7907.6196,0
3466,39264.5808,5987.7924,17910.4536,8433.6576,0
3467,41188.554,6561.5328,16299.9324,8911.5876,0
3468,42127.3608,6811.734,16380.4716,9052.83,0
3469,42343.0128,6799.152,16215.5964,8982.4752,0
3470,41785.716,6350.214,16498.8264,8773.1844,0
3471,41166.7284,6083.8152,16788.5916,8812.116,0
3472,40562.1816,5778.7428,17499.7128,10402.5228,0
3473,40040.3448,5094.552,20277.6384,13604.22,0
3474,42435.0492,6056.7948,21976.6752,16422.3156,0
3475,43584.0576,7446.2172,25786.3284,17778.5292,0
3476,43527.876,5466.984,26173.902,17846.4216,0
3477,42622.296,4565.7804,25866.0996,18084.6144,0
3478,41806.1604,4017.924,25573.302,17616.3876,0
3479,39527.9688,3964.4436,26186.2248,15915.8736,0
3480,36666.6168,3976.6092,26345.622,13768.746,0
3481,34359.0204,3708.7956,26629.5216,11487.402,0
3482,33540.0876,3592.4184,26394.9636,9977.7948,0
3483,33173.148,3577.5816,25810.9524,9350.2284,0
3484,32626.374,3662.6592,25860.6252,8912.7732,0
3485,32851.968,3848.2608,26444.118,8671.2252,0
3486,34331.2332,4103.4396,26435.886,10558.6344,0
3487,36166.596,5842.6776,26764.1112,12458.4132,0
3488,40359.0804,6619.8852,28109.4936,10883.6508,0
3489,44693.5824,8007.4032,28102.374,9495.5748,0
3490,45718.1112,8718.0096,28589.0544,9707.7732,0
3491,47183.7552,10033.2696,27083.3412,9907.2624,0
3492,48085.3392,10977.738,25380.1464,10293.7908,0
3493,47840.5692,9741.2412,24384.7176,10331.1216,0
3494,48101.8932,9787.884,25577.802,10797.9684,0
3495,46109.148,10533.0228,26950.296,12835.8396,0
3496,45225.966,10613.322,25964.3244,16083.5976,0
3497,45911.2212,10606.3992,22915.512,19987.0572,0
3498,46525.6224,10196.7996,22434.6324,20652.5508,0
3499,47669.718,10310.4708,25084.098,20216.6916,0
3500,47537.052,9873.714,24884.7528,19645.7064,0
3501,46037.5956,8805.8088,25593.102,19385.3364,0
3502,45013.9404,8082.456,26222.4024,18788.7228,0
3503,41021.4972,6844.9224,26521.6572,19073.0892,0
3504,37973.5344,4482.3468,25945.8288,18902.1264,0
3505,35362.8084,3726.6864,25052.592,17371.2624,0
3506,33161.1828,3631.0812,25255.3668,15141.9372,0
3507,31935.4836,3712.4076,26008.8312,13075.1496,0
3508,30966.75,3982.0152,26819.3724,12281.2716,0
3509,31936.74,4184.0124,26413.6068,11994.174,0
3510,34736.058,4162.5096,26286.4908,12621.768,0
3511,38058.4104,4975.29,27196.3932,13259.9904,0
3512,41027.9892,7114.4256,29597.9592,10805.73,0
3513,44075.3796,8517.45,30227.4888,9936.1236,0
3514,45146.0148,9910.8108,28586.1468,10255.4988,0
3515,47126.4204,10551.7824,28294.1664,10270.9848,0
3516,47969.892,11145.3144,28153.2744,10251.8076,0
3517,46804.374,10536.3732,27331.452,10233.3156,0
3518,47841.714,10936.4208,27984.978,10900.6956,0
3519,48008.28,11506.7508,27617.6064,12624.1764,0
3520,47454.4452,11451.4896,26768.208,14315.4072,0
3521,45035.9232,11341.2288,25781.532,17978.916,0
3522,46988.9604,10322.1816,22733.8452,20886.2604,0
3523,49499.4768,9938.5416,25047.1368,19996.428,0
3524,47711.1216,9638.8536,27490.116,18147.0864,0
3525,47310.75,8564.7744,26933.7012,17848.7916,0
3526,45645.4884,7976.7492,27595.1868,17555.1672,0
3527,43049.3736,6461.3712,27259.5072,17702.9784,0
3528,38884.5492,5272.6716,26495.2908,17497.6212,0
3529,35649.876,5074.7172,25999.3068,16011.168,0
3530,34007.8848,5001.7908,25176.45,14538.3576,0
3531,32157.078,4962.8832,25161.6108,13813.62,0
3532,30831.9348,4887.8004,26267.0076,12767.8692,0
3533,31173.3888,4852.4712,26593.218,12358.728,0
3534,32983.9056,5045.0712,26233.2816,13916.4732,0
3535,37190.3784,5637.9804,26573.166,14165.814,0
3536,40572.0132,7460.3856,27914.1276,12318.318,0
3537,42710.7852,9674.43,29071.9992,12026.6076,0
3538,43697.4552,10203.3636,28953.8148,13082.832,0
3539,45529.6296,10567.6464,29140.1676,13126.1904,0
3540,46125.9024,10982.7996,28808.5776,13200.2952,0
3541,45173.274,9320.8812,28660.0632,13072.3728,0
3542,46048.326,9419.2332,27293.6016,14689.4292,0
3543,45640.9824,9948.6528,26230.446,16923.8064,0
3544,45381.6492,10433.2032,24438.1956,18414.1308,0
3545,45494.898,10652.2692,21497.3508,21192.4164,0
3546,48548.394,10675.38,18886.26,21999.1356,0
3547,48709.752,10315.3476,23046.1356,21805.1904,0
3548,46782.4188,9368.5596,25876.9668,19969.68,0
3549,47127.8004,8279.7096,26967.204,17252.7264,0
3550,45443.3712,7428.6624,27564.8736,17106.552,0
3551,41425.35,6474.9828,27602.0136,17102.8452,0
3552,36736.6596,5833.4604,26195.7972,17424.15,0
3553,33828.4944,5245.4292,25351.5204,16882.3536,0
3554,32900.1936,5405.1516,25225.686,14328.1488,0
3555,31957.0488,5442.9384,24419.8224,13496.4132,0
3556,31668.9048,5312.1804,23747.5956,13579.8252,0
3557,31984.4568,5358.5268,23090.328,14210.478,0
3558,34420.0224,5462.2488,22050.8976,15231.3696,0
3559,37174.332,6160.5048,22612.8624,16335.192,0
3560,40159.6536,6868.6752,25503.5724,14739.9396,0
3561,43324.884,7843.74,28539.4668,13148.0028,0
3562,44035.548,8230.4316,28534.2828,13633.9008,0
3563,45217.7544,9942.7164,27011.0076,13312.014,0
3564,45745.0908,10232.496,26046.5616,13116.9204,0
3565,45044.0064,8922.8052,25325.9088,12834.258,0
3566,46363.8192,8875.662,24684.1716,13025.3184,0
3567,46673.6496,9184.0428,23484.4956,15253.5612,0
3568,47145.618,9841.8516,21752.7552,16391.6496,0
3569,47276.7336,10905.162,18469.2588,19667.772,0
3570,48535.8312,10403.5452,17151.5832,22581.0096,0
3571,50048.8872,10083.0528,21118.9008,22723.032,0
3572,48490.8732,9563.5752,22672.3272,21433.9764,0
3573,46804.6116,8804.892,23890.908,20059.488,0
3574,44262.9636,7984.5312,25304.9868,19754.2044,0
3575,40462.3584,6275.892,26369.1708,19314.2868,0
3576,37094.1384,4765.2252,25701.7992,17921.2152,0
3577,37481.3904,4779.5064,24428.4852,15200.4408,0
3578,35724.0288,4875.9156,23698.8528,13719.3732,0
3579,34678.788,4927.4724,22866.7296,12662.4324,0
3580,34239.3744,4921.8264,22063.5132,12725.0964,0
3581,35494.9776,4763.5188,21377.1528,12624.1908,0
3582,37905.828,4695.3384,20667.6504,14054.5212,0
3583,41437.8696,5159.7852,21932.8548,14658.99,0
3584,43976.5284,6823.7196,25625.658,12044.8212,0
3585,45605.6712,8732.8752,27967.9224,10802.4372,0
3586,45854.0028,8751.9504,28452.6936,11344.5216,0
3587,48354.7668,9188.6496,25569.8292,12066.534,0
3588,49520.8728,9410.4828,24097.518,12091.4688,0
3589,47505.5748,8932.4412,22464.2268,12416.6568,0
3590,49149.3792,8500.0332,21494.3904,12880.8648,0
3591,48912.1992,7955.136,22444.7364,13887.2892,0
3592,48868.1112,7538.2812,22057.6728,15832.5408,0
3593,47143.1976,8319.78,19825.9356,20583.942,0
3594,47871.9264,8570.4192,19732.7448,23279.5476,0
3595,49524.7272,9719.0568,23678.1732,21765.1872,0
3596,47625.8628,9344.8092,25407.8052,20098.3128,0
3597,46136.196,8797.686,26566.0452,17752.9992,0
3598,45178.0428,7691.0712,27667.8396,16290.7008,0
3599,43579.3776,5883.36,26705.7564,16539.8652,0
3600,40521.8316,4585.05,25379.8512,16745.0328,0
3601,37743.3948,3993.426,23986.7052,16164.1584,0
3602,35443.65,4019.988,23180.0556,15044.8956,0
3603,33255.3324,3978.3576,23356.59,14380.9548,0
3604,32221.1436,4012.2492,23500.2996,14123.4384,0
3605,31924.5864,4017.7836,23579.7876,13741.2672,0
3606,31929.4176,4043.5896,23186.0568,14194.2024,0
3607,32143.494,4189.722,24494.9568,13874.6292,0
3608,34226.9688,5280.8604,25195.3956,13276.8192,0
3609,36702.0876,6941.6064,25803.4668,11977.1544,0
3610,38984.4684,8138.0112,24395.9172,11649.0108,0
3611,40805.8392,8867.2944,22753.938,11864.1528,0
3612,41926.4496,9075.3516,21358.7364,12223.0032,0
3613,42140.9976,8729.4372,20391.0564,12113.8572,0
3614,41254.2552,8404.2144,20512.3764,12144.354,0
3615,40034.9616,7605.8292,21724.482,12431.2776,0
3616,39174.0384,6432.1944,23050.2876,13403.2356,0
3617,40249.614,6037.9536,23391.3468,15738.2244,0
3618,43564.0836,6900.822,22611.6636,18880.1268,0
3619,44985.4596,8729.2488,26404.1988,18906.0168,0
3620,42836.4648,7926.8736,26979.696,18408.192,0
3621,42636.792,5690.0436,27082.2312,17314.056,0
3622,41186.1936,4741.1784,27995.4048,15402.4212,0
3623,38030.5416,4295.5044,28177.038,14726.694,0
3624,34911.336,4201.7568,27656.0016,14283.3648,0
3625,32687.9112,4256.652,27401.1144,12964.6308,0
3626,29906.4504,4387.2384,27140.8452,12022.1508,0
3627,29026.0452,4330.6788,26808.414,10849.3668,0
3628,28505.0424,4351.9692,26284.6068,9945.2472,0
3629,28222.7964,4339.4832,25970.2044,9794.49,0
3630,28157.3844,4227.6396,26165.4984,9475.6404,0
3631,28157.748,4204.6956,26204.7228,9287.6988,0
3632,30428.0628,4535.3832,25839.5532,8454.1656,0
3633,33301.6512,5688.7788,22917.1932,8806.614,0
3634,36389.298,6590.7468,19324.4676,9389.2524,0
3635,38350.4748,7418.9064,17229.024,9614.3196,0
3636,39853.8624,7947.8436,15737.4216,10246.9272,0
3637,39798.8784,8035.0668,15389.5344,10324.4412,0
3638,38855.2896,7818.8124,15204.7848,10463.5488,0
3639,37021.1688,7097.3052,16995.8364,10305.4344,0
3640,36140.2908,6096.366,19093.2984,11619.7488,0
3641,37884.6348,6362.5296,18412.8048,14837.676,0
3642,41394.96,6678.1836,20022.252,18609.2088,0
3643,43129.9824,9622.1892,22970.3424,19252.3776,0
3644,40953.03,8571.7788,24605.7156,18550.884,0
3645,39613.002,7711.3668,26444.7348,16740.324,0
3646,39075.3312,6916.6596,27905.6904,14884.4484,0
3647,37599.8784,6306.5544,27415.0716,13876.6788,0
3648,34734.8688,5939.4672,26773.2288,13027.9632,0
3649,33150.1368,5034.2964,25548.3276,12347.418,0
3650,31700.346,3983.2872,25074.9144,12405.75,0
3651,30044.778,4095.1464,25529.694,11727.2616,0
3652,29352.5316,4167.5592,25618.146,11618.1072,0
3653,29857.746,4222.2312,25606.1628,11597.5104,0
3654,32338.8792,4330.9044,25070.1156,12915.2952,0
3655,35628.6156,5498.574,25849.7628,13504.3332,0
3656,38859.2652,7667.7168,27535.32,11552.6172,0
3657,41982.222,9240.0192,28304.4552,10636.422,0
3658,43723.7436,9853.776,28005.396,10472.256,0
3659,44938.5264,10993.2468,27851.9628,10686.5952,0
3660,45840.282,12284.412,26003.0616,10632.738,0
3661,46425.546,8937.8952,26540.1324,10527.7584,0
3662,45944.3148,9634.218,27472.0428,11041.5972,0
3663,44274.0696,11983.5492,27894.2448,11557.5696,0
3664,43882.5636,12288.7644,26925.9324,13582.4208,0
3665,44103.4968,11984.304,25852.5144,16192.548,0
3666,45104.9736,10624.7568,25426.1484,17969.1648,0
3667,47251.134,11075.97,26415.1512,18129.4272,0
3668,45815.9712,11203.2732,26495.5296,17932.1832,0
3669,45236.0532,10826.9316,25870.5996,17420.4144,0
3670,44189.8008,9888.6744,26590.1472,16833.4944,0
3671,40008.51,8988.7236,26597.3316,17165.2908,0
3672,38657.2608,6412.6728,26292.8712,15963.0216,0
3673,35963.2668,5094.0096,26438.5968,14284.3116,0
3674,33580.002,4848.4224,26624.3592,12985.6176,0
3675,32646.6156,4374.1056,26374.578,12262.1496,0
3676,32488.1376,4190.7324,25867.1544,12071.3736,0
3677,32472.9348,4090.6488,26438.5428,12068.3844,0
3678,34347.3912,4668.6252,26307.036,13139.748,0
3679,37154.4828,6490.5108,26544.1392,14244.6612,0
3680,40344.2196,8587.9416,27087.2544,13593.7812,0
3681,43556.3388,10066.6056,28582.296,12015.2148,0
3682,43661.3532,12325.1532,28358.7048,11477.9268,0
3683,43791.69,13707.8268,28756.6212,11118.0876,0
3684,44467.5264,13703.8104,28439.6616,11052.4332,0
3685,45139.8384,11337.0648,26584.6152,11048.5872,0
3686,44478.1848,11566.7328,27646.4124,11831.604,0
3687,43624.5204,12159.39,28540.158,12539.4312,0
3688,44437.6464,12138.324,27414.2928,13568.9148,0
3689,45291.0732,12287.2488,25488.7848,16712.6328,0
3690,46494.5496,12402.21,23726.4912,19203.1452,0
3691,48480.4716,12428.3544,25805.8224,19518.312,0
3692,47403.4752,12113.8092,25859.478,19560.6768,0
3693,46642.1616,11348.0304,25428.1944,19433.3076,0
3694,45632.556,10523.3412,26508.198,17899.2396,0
3695,42367.7496,9208.6416,26818.1064,17185.8072,0
3696,39112.314,6707.9724,26845.3332,16171.2624,0
3697,36975.132,5218.6824,27521.3028,13287.9972,0
3698,34573.35,5053.7112,27410.4036,12107.7,0
3699,32710.8468,5052.018,26914.1076,11963.0268,0
3700,31825.6608,5107.806,26515.2276,11796.6468,0
3701,32232.4752,5123.0172,26184.918,12100.8108,0
3702,33453.3648,5982.8712,25426.836,14209.7076,0
3703,37437.3372,7240.3608,26205.444,14248.2792,0
3704,39472.4904,9753.702,28035.7824,12275.9592,0
3705,43134.3192,10714.8432,28662.7416,10661.4168,0
3706,44199.99,11601.8724,26933.466,11278.8408,0
3707,45865.326,12952.1784,25246.146,11475.1512,0
3708,47200.2564,13544.412,23609.34,11447.0712,0
3709,46612.3392,11444.3556,23110.656,11387.3592,0
3710,48579.4884,10298.7324,23996.8044,11776.6896,0
3711,49583.7084,11103.1464,24980.9628,11672.8716,0
3712,49590.6672,11751.2496,24730.9572,12818.1924,0
3713,47713.8492,12516.8268,23677.4688,17146.4388,0
3714,48292.4544,12167.7132,21456.3312,21251.8128,0
3715,49600.6884,12906.5076,23677.9044,21340.6776,0
3716,48689.2656,12198.7272,24440.1516,20391.3144,0
3717,48288.492,10725.6996,25745.5284,18449.2824,0
3718,47251.932,9859.038,27153.6888,16980.1656,0
3719,42981.9192,9506.6184,27356.1744,16613.3472,0
3720,40628.0148,6882.5844,26273.4828,16329.2244,0
3721,37562.8656,5471.4576,25099.05,15974.5992,0
3722,35006.0604,5040.4296,24782.6028,14945.4768,0
3723,33541.542,5114.2524,24354.0876,14358.3084,0
3724,33276.2244,5394.198,24206.646,13204.8456,0
3725,33335.2176,5563.0524,24164.778,13306.6452,0
3726,35559.7908,5660.9436,23749.3032,14516.2716,0
3727,38428.2732,7506.9804,24343.1064,14521.9776,0
3728,41090.394,8791.5,27834.744,12211.6392,0
3729,44471.1576,10135.5144,28276.7952,11324.2152,0
3730,44595.5736,12353.688,27339.894,11538.7752,0
3731,46462.4988,12553.9104,26539.734,11773.0788,0
3732,46773.0504,12466.9524,26407.0092,12021.06,0
3733,46311.0252,11006.8428,25704.006,12105.4608,0
3734,47919.696,11211.7968,25794.474,11852.0748,0
3735,50328.4488,11215.4508,25657.1508,11963.6628,0
3736,50990.016,11112.6936,24678.6408,13865.3676,0
3737,50358.822,11454.9108,22296.4392,17901.516,0
3738,49492.6596,11739.324,21138.4224,20210.5452,0
3739,50153.1012,10906.9212,24288.4584,20764.266,0
3740,49049.9472,10917.2904,25353.3432,19244.2284,0
3741,46948.5288,10420.4892,25780.2948,18012.0264,0
3742,46648.2168,10042.9176,25754.4516,17150.874,0
3743,42437.9184,9929.8368,26150.3784,16943.088,0
3744,38426.6616,8852.9328,25536.732,16390.6476,0
3745,36635.1828,7513.2732,24596.6148,15558.1368,0
3746,35204.4048,6118.2864,24577.7928,14371.8108,0
3747,34352.2236,5560.1304,24674.1096,12974.0724,0
3748,34166.7372,5474.0724,24369.7824,12411.9576,0
3749,34342.0092,5402.6568,24687.7824,12268.4808,0
3750,36321.2736,5603.3232,24185.1024,13886.5344,0
3751,38632.3764,6660.5316,25448.9904,14891.6868,0
3752,42251.028,9107.562,25603.8552,13366.116,0
3753,43973.4456,11059.4376,27574.2612,11592.0984,0
3754,44110.4328,12277.6116,28355.4648,10867.3368,0
3755,44236.572,13055.6232,28799.7,10861.0296,0
3756,44549.2104,13093.7724,28551.3348,11183.5752,0
3757,44436.156,12460.9224,26839.5864,11225.7696,0
3758,47233.9272,12225.6504,25885.3836,11979.66,0
3759,48890.6472,11728.3692,24994.8096,13409.124,0
3760,48514.9272,11661.2964,23914.9932,14882.154,0
3761,47554.8156,11319.6924,21732.54,19687.1352,0
3762,48994.1376,11482.4028,20336.184,22187.5188,0
3763,49804.0188,11727.7812,24066.774,20911.344,0
3764,48360.6648,11778.51,25978.8768,18200.7228,0
3765,48420.594,10637.478,26696.8308,15691.2516,0
3766,47686.6296,9735.7488,26744.0292,15330.6792,0
3767,45143.8536,8640.7272,26967.744,15151.974,0
3768,42193.008,7276.6308,26091.7416,15413.7912,0
3769,38801.1324,5962.3032,25412.3484,15684.93,0
3770,37014.4356,5453.3124,24642.2412,14402.856,0
3771,36337.3596,5150.418,24336.3456,12649.2792,0
3772,36164.4648,5054.7564,24215.0652,11610.7416,0
3773,35793.4656,4979.6556,23747.394,11912.682,0
3774,36243.8136,5033.7492,23655.5568,11931.4092,0
3775,36894.0972,5457.2544,24505.4784,11553.7284,0
3776,39567.1272,6630.4632,25585.2168,9432.2004,0
3777,43436.7204,7799.2968,26197.1796,7794.2652,0
3778,44424.3384,8676.2592,26541.3624,7573.05,0
3779,45312.306,8801.742,26175.4284,7987.8564,0
3780,45758.6712,9286.4364,25307.358,8275.0332,0
3781,45356.31,9398.3124,24534.4176,8329.266,0
3782,45135.4968,8618.8368,24394.3968,8625.1236,0
3783,45125.1048,7521.546,24129.4104,9104.8428,0
3784,46277.9964,6517.3908,23126.454,10246.9848,0
3785,47300.3568,7334.2236,22692.8268,11619.414,0
3786,49476.912,8635.8888,21657.0024,15998.2008,0
3787,48043.5636,10093.536,25373.3364,18478.0308,0
3788,44226.1332,9589.0536,27096.3888,17988.4188,0
3789,42920.0676,7833.7068,27415.0668,16866.8724,0
3790,41812.8636,6175.3692,27851.7324,16317.0228,0
3791,39261.3252,5592.3708,27926.1456,15645.0168,0
3792,37433.9808,5330.0352,26459.9532,15052.152,0
3793,34992.606,5109.3924,26049.252,13855.9728,0
3794,33510.4344,5005.536,26037.0348,11525.868,0
3795,32551.0692,4949.2404,26118.5436,9633.0228,0
3796,32402.5044,4912.5756,25753.1256,8542.5156,0
3797,32076.8688,4924.6044,25384.4352,8194.1664,0
3798,32397.4704,4882.2864,24420.75,8533.8156,0
3799,32401.1112,4972.2276,24165.876,8406.8388,0
3800,33242.232,5145.4128,23294.3904,8622.6024,0
3801,35147.4276,5180.4552,22734.6228,8967.6552,0
3802,38860.2216,5866.1688,21103.3284,8245.98,0
3803,41481.936,6375.9792,20138.7228,8614.8372,0
3804,42883.074,6852.9,20169.408,8983.3836,0
3805,44144.6904,6740.2752,18720.1572,8965.4388,0
3806,42944.166,6637.6632,18159.1272,8746.0764,0
3807,41320.9824,6295.7604,18280.3992,9099.39,0
3808,41415.4056,6145.4964,18014.1852,10478.4144,0
3809,42513.4608,7346.388,17180.748,12711.204,0
3810,45610.278,7289.2752,19333.9932,16230.7212,0
3811,46562.4252,8144.2104,23304.558,17142.6852,0
3812,44511.3552,7574.1684,25775.784,16592.196,0
3813,42158.9712,7048.3536,27404.2464,15752.5044,0
3814,40101.4548,6905.8476,27581.898,15908.1336,0
3815,37199.9052,6296.3412,27646.5936,15976.8444,0
3816,34622.7096,5956.0536,26075.9592,15930.8388,0
3817,34402.9416,5746.212,24065.1072,14066.9772,0
3818,34447.9176,5431.194,22654.3572,12694.1076,0
3819,34486.2888,5396.04,21632.1888,11979.624,0
3820,35262.7176,5376.054,20129.0784,12053.5104,0
3821,37866.1392,5346.5448,18589.8864,11420.5968,0
3822,42063.2832,5348.4708,17069.82,12438.9924,0
3823,44688.3168,6945.9672,17266.872,14474.9364,0
3824,45691.7592,9358.11,19691.5836,14137.9392,0
3825,47835.0864,11549.1696,23196.7812,11228.9988,0
3826,49474.9668,12004.7796,23709.2868,10836.186,0
3827,49812.0672,14412.7788,22740.0648,11278.0692,0
3828,51010.5648,14779.4844,21887.3436,11678.5956,0
3829,49658.1996,13229.148,21973.7268,11328.5604,0
3830,49423.8768,13316.7228,22013.6388,12304.884,0
3831,48985.8816,13302.7968,21488.6304,14299.5732,0
3832,49208.1828,12889.7892,20042.5728,16133.0292,0
3833,49719.0516,13119.822,17009.5296,19875.69,0
3834,50705.664,13310.2116,15694.9884,22014.8772,0
3835,51217.3656,13762.6428,18829.446,21970.398,0
3836,49881.216,12648.7272,20814.3804,21804.6912,0
3837,47654.2632,12402.4596,21435.4104,21602.8512,0
3838,46491.6228,11591.7768,21796.0848,20876.7048,0
3839,45401.1108,9563.6724,21957.3156,18640.8216,0
3840,42694.8948,6601.8936,21612.8196,18229.086,0
3841,40493.1288,5743.5264,19456.0416,17486.7756,0
3842,39298.5984,5290.692,18895.3608,15462.0828,0
3843,39374.8116,5146.86,17888.6736,14060.238,0
3844,39518.358,5127.0084,17019.4332,13837.812,0
3845,40756.2708,5213.7696,16369.4976,13684.1556,0
3846,42934.7448,5659.0116,15757.3848,15279.084,0
3847,43748.9004,7385.2164,17128.5696,17071.8804,0
3848,43938.114,10427.0952,21391.7904,14283.0396,0
3849,46526.2644,12495.3312,24519.8844,11276.4588,0
3850,46386.4632,14084.2248,24920.064,11314.296,0
3851,46395.8412,16586.7792,22859.4492,11490.186,0
3852,47167.6152,16092.6144,22029.2796,11697.2556,0
3853,47897.7216,12816.4848,21456.7812,11732.088,0
3854,49599.4824,11864.6412,21197.1768,11787.4704,0
3855,51633.5784,11174.5332,21136.95,11633.8788,0
3856,51071.5428,11583.624,21076.7184,12573.294,0
3857,48336.2616,12841.506,20128.536,16269.4416,0
3858,47261.994,12907.6992,20346.9852,19267.0728,0
3859,47462.8956,13944.8064,22713.3396,21153.69,0
3860,45284.4996,14104.4928,24028.0116,20722.9392,0
3861,44104.2672,13413.8604,24541.884,19989.4644,0
3862,42772.9812,12793.4664,25214.058,19072.2036,0
3863,40894.4172,11396.91,25101.1068,17622.834,0
3864,39611.3664,8466.4068,24762.9516,16475.856,0
3865,38340.354,6654.1692,23884.8144,14362.5084,0
3866,37789.8984,5769.3828,22773.3384,12233.9592,0
3867,37843.9692,5845.4892,21721.332,10568.2908,0
3868,37315.1556,6051.9504,20775.906,10207.224,0
3869,38143.8756,5965.5672,20344.6896,10224.4704,0
3870,42222.6084,6095.814,20123.322,10039.3752,0
3871,44412.5016,8085.1572,21647.9712,10114.2204,0
3872,43791.066,9878.6304,25787.6616,10063.2564,0
3873,44287.9236,11765.2332,28213.71,9051.6708,0
3874,45384.1344,11868.8208,27555.7344,9119.9292,0
3875,46482.9588,12594.9624,26290.1616,9601.4388,0
3876,47022.9492,13579.7076,23676.1032,10155.2628,0
3877,46996.68,10988.922,22453.272,10341.6912,0
3878,47965.5636,10470.996,22922.3076,10337.9112,0
3879,49668.7428,10629.5148,22100.2272,11481.258,0
3880,49493.8536,11294.256,20212.776,14168.8164,0
3881,47025.2772,12884.7336,18729.3912,18145.4328,0
3882,47317.9884,13593.1368,18643.7448,20048.058,0
3883,47657.0988,14345.4456,22217.94,20764.5756,0
3884,45310.614,14281.4304,25307.3208,19224.6144,0
3885,44919.2472,13554.7176,27482.4804,15503.6172,0
3886,43498.656,12894.7008,28008.9684,14903.2776,0
3887,40821.7056,11395.9092,27413.856,14175.3684,0
3888,38492.8176,7902.8292,27475.3512,13974.732,0
3889,36313.2768,5927.2884,26809.158,12329.8176,0
3890,34758.99,5292.372,26066.2824,11093.0808,0
3891,32948.058,4857.9144,25647.8412,11257.794,0
3892,32122.3284,4815.0888,25302.5628,11096.0004,0
3893,32677.3332,4789.2396,25158.9948,10857.4188,0
3894,34324.2312,5715.8028,25646.7396,10700.8428,0
3895,35830.6356,8358.7416,25963.5108,11995.146,0
3896,39314.9076,10331.8992,27256.0992,11095.7436,0
3897,41860.5708,11891.6652,27771.846,9730.254,0
3898,43442.568,11661.2904,26020.8672,10168.2096,0
3899,45182.646,11387.9712,25036.7628,10708.4988,0
3900,47320.8612,11317.6032,23147.4984,11030.292,0
3901,46812.0324,11106.6492,21354.396,10611.318,0
3902,47812.0296,10910.8572,20480.2164,11417.0412,0
3903,48318.5856,10380.4572,22194.7044,11400.6888,0
3904,48098.6076,10589.8092,22892.2536,12043.6668,0
3905,47201.5788,12339.0504,21964.7952,14221.9908,0
3906,45938.718,13918.0296,23479.2852,15599.0652,0
3907,46419.8316,14722.7112,26938.2864,16946.2548,0
3908,45081.9996,14697.6876,27857.7552,15531.1056,0
3909,43511.2176,13961.274,28505.9148,13442.886,0
3910,41326.332,13178.9268,28768.656,13234.1076,0
3911,38809.3272,11487.7164,28305.8076,12915.3756,0
3912,36886.6332,8343.5232,28132.35,12877.3884,0
3913,33397.458,7545.6912,27639.0108,11451.1992,0
3914,30971.2596,6598.0596,27755.2152,11268.5856,0
3915,29520.4656,6149.13,27594.1008,10945.5144,0
3916,28849.1268,6134.3544,27343.8372,10759.7532,0
3917,29221.9608,6298.9752,27343.1832,10784.736,0
3918,30303.4548,7185.2448,26773.8948,11697.2904,0
3919,31722.96,10337.6076,27421.044,11957.2632,0
3920,36576.3108,11081.604,29093.058,10039.8912,0
3921,39747.102,11918.7804,29118.468,9382.1508,0
3922,41183.0652,11781.624,28303.2684,9080.9196,0
3923,43275.9072,11607.1224,26812.4184,9437.2044,0
3924,43803.546,11600.1144,26008.746,9738.1152,0
3925,43203.6552,11071.44,24639.1884,9576.5748,0
3926,43324.9392,10823.478,25927.7208,9501.9708,0
3927,42631.8444,10803.7224,28330.614,9474.708,0
3928,42787.2276,10757.5596,28415.6568,10562.682,0
3929,42367.8588,12468.1548,28202.694,11940.1968,0
3930,41781.1884,15128.214,28173.8964,13415.7888,0
3931,43356.2496,16915.2828,28716.936,13987.4328,0
3932,41438.76,16408.0452,29029.6176,13692.306,0
3933,39380.8296,15398.5872,28475.5668,13800.432,0
3934,38135.64,15307.6344,28431.5652,13119.7524,0
3935,36267.9948,13230.3072,28814.3436,12754.4568,0
3936,34669.8228,10188.8244,28719.1464,12257.4708,0
3937,33045.948,8334.3132,27493.7496,11573.7132,0
3938,32053.494,6811.4052,27942.3372,9734.514,0
3939,30728.3628,6408.4848,27502.4184,9355.2636,0
3940,29677.0668,6277.7424,27629.3304,8805.5688,0
3941,29553.8976,6268.3248,27349.7004,8787.234,0
3942,31150.77,6251.9568,26329.2444,8702.6112,0
3943,31720.95,7269.99,26292.7452,8449.6056,0
3944,34606.5804,7730.5848,26248.4736,8334.2844,0
3945,38658.6168,8544.8916,24939.6288,8684.7492,0
3946,40029.0072,9404.202,23837.2836,9247.7892,0
3947,41974.5996,10193.6412,21706.2816,9304.0356,0
3948,42605.1408,10498.4184,20817.0276,9350.7744,0
3949,42348.1692,10459.0296,20727.9876,9213.402,0
3950,42275.8584,9837.156,21430.7412,8979.9084,0
3951,41347.428,9122.9484,23455.1892,8737.1808,0
3952,41400.192,9089.3724,24483.3672,8467.0692,0
3953,40784.7084,9457.266,25559.9028,10454.0136,0
3954,41495.6148,10419.342,26674.3896,14891.9172,0
3955,42766.9992,13930.5,27544.5276,15305.8428,0
3956,41631.57,12532.4328,27596.6556,13913.8368,0
3957,41438.2476,9879.1584,27985.02,12022.4748,0
3958,39293.7492,8539.6236,28220.3484,11540.946,0
3959,37224.7128,7798.89,27738.6624,10901.9172,0
3960,35265.1872,6732.0972,26815.44,10608.5832,0
3961,32250.708,6406.3272,26640.8052,9919.6752,0
3962,31195.1796,5794.3728,26384.1204,8243.2992,0
3963,30487.1184,5252.028,25255.422,7594.6536,0
3964,30010.3308,5170.6488,24580.9032,7536.1248,0
3965,29496.0768,5167.0764,24604.8168,7365.3672,0
3966,29649.426,5015.2716,24475.6452,7387.3344,0
3967,29477.6796,4846.332,24502.4064,6828.282,0
3968,30612.12,4511.754,23954.5392,7035.7944,0
3969,32790.426,4938.8496,22047.228,7678.2804,0
3970,35893.4376,5918.7552,19135.9488,8219.0004,0
3971,38199.7452,6879.4332,17542.7244,8499.5748,0
3972,39244.7904,7672.2696,17867.97,8755.6824,0
3973,39321.3636,8057.4468,17628.2916,8770.8084,0
3974,38622.6252,7985.6376,17528.9316,8490.9648,0
3975,37420.464,7498.2384,18545.232,8178.2376,0
3976,38420.7828,7187.4924,18638.0424,8283.8772,0
3977,40736.2812,6631.8276,19035.4032,10246.3944,0
3978,43734.6372,7793.2788,18956.8392,15047.0136,0
3979,44377.3536,10718.5656,22259.8596,16236.2688,0
3980,42110.5308,10009.6548,24396.396,15181.0824,0
3981,41224.1712,8594.7792,25402.2828,14317.4352,0
3982,41120.9568,8473.5672,25554.5292,12800.7204,0
3983,40056.8496,7664.7036,24809.91,11164.5396,0
3984,38416.1616,5950.632,23367.8124,11087.79,0
3985,35466.366,5484.2688,22853.2392,10590.3096,0
3986,34206.534,5154.1512,22643.9484,9373.8516,0
3987,34071.498,5255.688,21730.3032,8685.7488,0
3988,33945.5208,5143.6068,21507.5112,8495.832,0
3989,34443.9444,5067.6828,21796.9944,8375.8284,0
3990,37156.3104,5021.5464,21784.4112,9137.76,0
3991,39298.3488,6262.5732,23470.6392,10392.864,0
3992,39897.7836,8697.9696,26889.6384,9920.9688,0
3993,40437.3924,11579.3724,28859.5356,9333.9024,0
3994,42016.416,12461.4792,27339.996,9232.8876,0
3995,43079.1624,12582.5808,27257.2332,9638.5392,0
3996,43566.1536,12221.7672,27963.7716,9962.5344,0
3997,42851.0844,10804.3896,26557.7244,10054.4892,0
3998,43782.0324,10323.4524,26510.7708,10632.3276,0
3999,44633.5332,11203.7112,26376.3432,11017.5636,0
4000,44474.4756,12432.816,25330.4616,13166.4444,0
4001,43885.6416,13580.6316,23435.2164,16396.8564,0
4002,44377.5876,13399.7376,23421.7668,17986.6716,0
4003,45871.2756,13947.4068,26647.1616,17655.132,0
4004,45914.112,14126.1624,27222.0384,15591.5136,0
4005,45949.4052,13925.7996,27531.7344,13277.8416,0
4006,44963.0136,12582.6408,28351.0296,12669.8436,0
4007,42918.4356,10591.8132,27363.0984,12254.8716,0
4008,39227.9052,9090.1428,26511.522,11308.4808,0
4009,35569.7328,7582.6992,27468.8736,10093.4004,0
4010,33515.6232,6965.9112,26915.298,8975.9196,0
4011,32097.8088,6865.494,26410.776,8573.6124,0
4012,30936.6504,6293.25,26770.1388,8828.7456,0
4013,31770.0864,5935.9068,26582.664,9028.8216,0
4014,34623.5832,6304.0668,26645.55,9284.9172,0
4015,36578.7264,8368.5456,28030.9068,9357.528,0
4016,38300.772,11992.9932,27972.486,9534.4404,0
4017,39793.104,13440.8028,29245.6992,9525.4128,0
4018,40168.8564,13332.4104,29368.6308,9876.9192,0
4019,42537.6636,13712.5968,28028.1336,9975.9372,0
4020,43425.9828,14313.4008,26741.6352,10355.7924,0
4021,42704.3904,12637.674,25949.2212,10151.796,0
4022,43752.6504,12287.2488,26162.1444,10489.2096,0
4023,43143.0048,13077.0564,27217.5552,11208.8784,0
4024,44680.4316,13453.5948,25872.2676,12161.9892,0
4025,47709.942,13575.0024,23294.2668,14047.4436,0
4026,47423.5632,13604.4828,21602.4048,17114.0508,0
4027,48655.3932,14492.1084,22552.2204,18649.7436,0
4028,47323.2528,14855.988,23464.698,17568.2088,0
4029,46794.6024,13539.3708,24726.6288,16110.816,0
4030,45334.5528,12429.9636,26492.04,14489.5584,0
4031,42056.4312,11367.3624,26422.7292,13759.08,0
4032,39609.4692,8133.582,25789.302,13180.0764,0
4033,36398.9628,7482.4068,25961.9988,10791.4188,0
4034,34268.5632,6963.2664,25768.6884,9687.552,0
4035,32870.6112,6733.4604,25070.4312,9284.64,0
4036,31787.5116,6430.374,25764.1224,8837.3844,0
4037,32114.1468,6244.8156,26931.2148,8587.4268,0
4038,34560.4776,6494.9628,27409.512,8709.0204,0
4039,37138.0056,8586.456,27732.51,9049.1244,0
4040,38826.24,11139.9312,28971.5964,9290.4768,0
4041,40952.112,11877.2076,29538.4212,9662.0832,0
4042,41959.3488,12841.8012,28192.26,9785.8764,0
4043,43144.8636,13730.7444,27422.19,10104.3756,0
4044,43425.648,13888.4928,27220.2528,10169.178,0
4045,43354.7676,12069.2592,26504.0472,10135.068,0
4046,43304.3184,12822.468,27646.1592,10031.4132,0
4047,42024.1632,13806.4092,30060.7128,10298.8668,0
4048,42640.1304,13858.0392,28938.1536,11574.2292,0
4049,44156.2944,13754.2596,28027.3404,12977.5188,0
4050,44764.6068,13468.5672,26585.6916,15782.8344,0
4051,46529.466,14374.5228,28007.9652,15996.564,0
4052,45833.6388,14254.3644,28579.3152,13988.616,0
4053,44291.1876,13986.8304,29676.9384,12093.4968,0
4054,43214.2632,13151.3328,29789.2704,11677.8504,0
4055,41375.3508,11274.4416,29961.1704,11657.886,0
4056,39157.1532,8627.1768,28956.6876,12160.6116,0
4057,36512.6736,7421.856,28160.4936,11585.6664,0
4058,34739.9664,6881.6064,27809.6076,10105.6596,0
4059,33667.2624,6407.88,27209.2272,9396.8808,0
4060,33234.4488,6033.7452,26391.99,9375.8508,0
4061,33549.618,5681.6652,26357.0652,9299.5044,0
4062,34070.982,6007.032,26001.1884,9219.354,0
4063,34088.8668,7050.03,25431.7716,9467.118,0
4064,35518.248,7801.0104,26302.2372,8596.4028,0
4065,38742.5136,8100.3096,25575.2112,8565.8904,0
4066,41231.5872,8686.3776,22926.1536,9586.6428,0
4067,43037.2536,9253.314,21524.9988,9972.7404,0
4068,44098.272,9662.25,21617.1876,10108.0632,0
4069,43905.564,9459.8628,21984.2244,10223.97,0
4070,44141.4216,9574.4208,22722.2832,9842.0664,0
4071,43944.174,9592.1736,23869.2372,9867.294,0
4072,42978.9792,9944.4924,24742.4712,10768.9116,0
4073,42853.62,10377.1188,25295.8596,12209.5512,0
4074,44025.9108,11369.1396,25231.8012,15042.4056,0
4075,45659.9124,13082.8536,26079.5232,17140.5108,0
4076,43722.48,12622.7424,27002.8704,16351.1556,0
4077,43366.5348,12201.9024,27608.1948,13489.4484,0
4078,42377.3412,11706.7392,27932.9076,12022.7112,0
4079,39898.7472,10473.0636,28249.4004,11977.5972,0
4080,37469.2416,8996.5212,27959.9124,11881.3716,0
4081,35697.4128,8204.5308,27338.4912,11223.894,0
4082,34123.5072,8049.1812,26509.032,10010.0604,0
4083,33554.0124,7916.1984,25100.6916,9695.9532,0
4084,33006.6036,8121.0252,24320.16,9373.356,0
4085,32637.2184,8386.11,24452.7792,9122.7192,0
4086,32709.5136,8387.4036,25988.4108,9302.49,0
4087,34792.5216,8363.0364,26726.9196,9766.8468,0
4088,38283.3168,9664.0632,26634.8256,9822.204,0
4089,41476.5672,10893.5784,27323.916,9391.7712,0
4090,42742.0992,11268.4992,28083.0924,9277.0224,0
4091,43640.184,11689.92,28304.5632,9481.3152,0
4092,43765.326,12030.5016,27427.44,9622.7772,0
4093,43009.7592,11441.1564,26426.5272,9602.1372,0
4094,44517.6384,11171.8392,25779.8916,10378.4628,0
4095,45001.398,11174.2716,26282.4264,11050.2972,0
4096,44183.2596,11787.7308,25160.544,13030.7556,0
4097,43791.24,13162.8636,23119.9716,15768.2088,0
4098,44385.1488,14070.4848,22393.6584,18218.742,0
4099,45622.5048,14612.4684,24758.202,18175.3536,0
4100,42280.1712,15313.4868,26684.5092,16556.2968,0
4101,40538.3676,15789.546,27459.3264,13675.1532,0
4102,39681.7824,15799.3212,27420.738,12304.0992,0
4103,37746.4152,14986.422,26980.5672,11685.1788,0
4104,35316.6168,13373.0148,26588.7372,10707.1212,0
4105,32398.7928,12492.8244,26267.8584,9589.0728,0
4106,30701.79,11222.4984,25612.3572,8957.1708,0
4107,29408.2788,10895.3388,25359.1968,8192.3664,0
4108,28868.7936,10773.51,24722.5464,7920.6816,0
4109,29036.5344,10232.7888,24720.9612,7827.1596,0
4110,28961.73,10177.632,24811.8816,8165.7876,0
4111,28919.8188,10117.4508,26066.4948,8208.0564,0
4112,30811.2564,10591.3416,25780.0008,8753.1564,0
4113,33858.2412,11361.15,25767.828,8349.1296,0
4114,35924.0628,11909.3808,25475.9856,8274.588,0
4115,37747.2888,12028.1076,24370.6572,8640.1704,0
4116,38592.018,11866.1376,23463.6696,9355.5984,0
4117,38993.6208,11583.7272,23158.152,8974.1544,0
4118,39420.1536,11426.0568,22434.8796,8501.9304,0
4119,39479.0568,10489.4964,22659.6744,8919.4356,0
4120,40215.966,11231.8464,21242.1564,9914.3556,0
4121,39559.626,13091.0064,20371.9176,12692.0736,0
4122,40874.2908,16149.7776,20759.886,14660.9844,0
4123,43816.4604,16813.4364,23002.4892,15902.928,0
4124,41843.8692,16911.7572,24093.7644,13151.4996,0
4125,38622.7248,16244.3568,26493.8808,10768.704,0
4126,37638.51,14912.0988,26754.822,10152.8292,0
4127,36504.6216,13906.9788,25096.5708,9893.6436,0
4128,34549.3476,13652.1516,23743.2396,9276.6288,0
4129,31450.7388,13767.0624,22338.822,8608.1172,0
4130,28817.076,12827.7468,22190.8296,8181.276,0
4131,26847.8796,12278.3184,22201.7964,8243.6676,0
4132,26099.7144,11739.8856,21947.5404,8248.1664,0
4133,25926.3564,11102.8248,22335.48,7980.0108,0
4134,26060.8368,11173.7412,22034.0664,7763.6892,0
4135,25971.984,11512.6356,21655.9824,7530.6336,0
4136,28524.7884,9466.4352,22301.1912,6589.3356,0
4137,33006.3336,9075.8592,19405.1544,6752.1336,0
4138,36009.4764,9852.4764,16682.1612,7200.774,0
4139,38516.9388,10519.8732,15824.0028,7663.9932,0
4140,40065.8124,10760.3292,16000.5924,7930.038,0
4141,39886.764,10945.1688,16037.9004,8095.1424,0
4142,39079.6788,10532.2716,16221.798,8442.7452,0
4143,37763.6388,10347.108,17399.4168,8339.7168,0
4144,35989.2096,10307.5836,20556.2448,8908.2624,0
4145,36253.6212,11282.3568,19854.5844,11644.95,0
4146,38280.036,14424.8904,19524.0444,14929.2132,0
4147,39782.4048,16078.0872,23413.9452,15695.9952,0
4148,36943.9512,15992.8908,25867.8456,14631.9024,0
4149,35003.0016,16289.3748,27197.7732,12408.2556,0
4150,34344.6864,16371.8364,27733.7712,10101.57,0
4151,33257.3088,15354.1704,27364.2552,8646.8676,0
4152,31795.7784,14315.1744,26327.6448,7633.4976,0
4153,30250.2948,11183.2044,26333.7228,7627.2012,0
4154,29242.0488,9527.3892,26072.0004,7574.0316,0
4155,29041.8864,8857.098,25729.8324,7096.5444,0
4156,28765.224,9001.122,25373.106,6988.7364,0
4157,28628.088,10398.0072,24868.02,6882.3108,0
4158,29543.0076,11531.8056,25070.8056,7810.644,0
4159,31568.3484,12663.3948,27070.0332,8817.6756,0
4160,35537.8344,14087.6508,28356.8316,8541.8064,0
4161,38138.1204,15225.9468,29713.2768,8299.4112,0
4162,40302.5124,15874.5516,29863.1532,8067.4116,0
4163,42779.3628,16726.1196,28919.4348,8563.326,0
4164,43763.7156,16922.85,28555.2288,8598.7068,0
4165,43667.7888,15701.0916,27070.3944,8669.0364,0
4166,44823.6624,15367.7292,26162.9808,9869.5344,0
4167,45232.938,15068.7564,25902.1152,10774.4676,0
4168,45557.1144,15903.9,24278.4168,11447.1036,0
4169,46221.6252,17632.4424,22535.9172,12780.474,0
4170,47515.6344,19020.7404,21251.4144,13484.5656,0
4171,48431.0028,19736.376,24342.7368,14023.9392,0
4172,46457.6448,18978.0612,26636.0112,13643.022,0
4173,43005.1176,19564.9164,27668.1096,12989.1264,0
4174,40122.3696,19444.0176,28282.032,12825.42,0
4175,37558.3092,18108.7704,27639.2232,12241.3992,0
4176,34796.3544,16552.584,26812.6104,11612.8968,0
4177,33315.7452,15288.3,25922.3556,9574.9992,0
4178,32320.4688,14622.786,24839.8752,8213.592,0
4179,32379.546,14081.1636,23469.6348,7844.0784,0
4180,32005.434,14939.8152,22174.3572,7690.9776,0
4181,32388.8544,16189.1148,20522.1528,8019.9708,0
4182,33198.7308,18071.8536,19380.9156,9063.6996,0
4183,35511.4452,19377.3132,19937.8824,9249.0528,0
4184,38336.6112,19634.6508,22016.4036,9112.0464,0
4185,41557.5972,19939.3932,23288.826,9862.374,0
4186,43530.1968,19955.5752,23300.112,9549.6672,0
4187,45937.9992,18398.7996,22986.3324,9824.9652,0
4188,46098.6108,18335.7312,22415.2872,9956.04,0
4189,44452.9668,16534.02,22476.1968,9565.4268,0
4190,44605.71,16602.4188,22509.0936,9738.6816,0
4191,44536.776,17387.1648,21937.2096,10231.686,0
4192,43199.1012,18883.7916,21218.736,11609.9676,0
4193,43000.206,20505.8952,19165.6428,14714.2908,0
4194,45245.5692,20055.4524,18196.4232,16607.6196,0
4195,48172.8576,20324.418,20800.2792,16943.4336,0
4196,46067.3088,19413.3468,23386.7736,16286.8296,0
4197,43396.5516,19415.3148,24719.0604,15024.024,0
4198,39987.2892,19186.938,26322.6564,14284.218,0
4199,36623.7384,18569.3424,27014.3712,11826.4032,0
4200,34046.862,16832.7264,27263.9496,9205.5492,0
4201,31651.6848,14836.1028,26355.2736,8708.8272,0
4202,29218.3812,14197.5252,25525.5552,8628.654,0
4203,28167.1008,13226.9136,25831.0224,8143.5564,0
4204,28019.0952,12556.518,25593.3768,8105.0772,0
4205,27962.8452,12550.1964,25734.054,8290.3824,0
4206,28380.0084,15006.2952,25251.378,8652.2796,0
4207,29292.4164,17993.31,26736.408,8580.6372,0
4208,33344.6196,17058.8268,29150.1312,8650.722,0
4209,38002.7016,16712.7816,28871.0604,8961.084,0
4210,39950.3352,16374.8568,27740.7744,9023.5884,0
4211,41856.9444,15565.7868,26921.232,9354.8604,0
4212,42765.438,15649.434,25164.2724,9485.0076,0
4213,42837.5616,14682.636,22477.3512,9551.5968,0
4214,42898.6632,15327.5592,21994.8408,10080.0132,0
4215,42887.3808,16143.2316,22526.88,10062.7104,0
4216,42174.27,17682.7392,23131.344,10373.7288,0
4217,42454.734,19429.4628,22791.7824,12111.6,0
4218,41948.1468,19735.032,23289.2916,14571.03,0
4219,43445.1228,20019.1464,27163.0824,15314.1528,0
4220,41337.1164,20133.1104,28479.3108,15095.3688,0
4221,38873.2356,20078.52,29319.2268,14070.7344,0
4222,36579.7224,19442.832,30287.7708,13191.1236,0
4223,33642.3528,19102.6068,30354.1704,11490.7836,0
4224,32657.4828,16773.3936,28668.834,9119.4216,0
4225,30232.1304,13820.262,28496.4576,8086.7952,0
4226,28516.9788,11561.2164,28562.0448,7851.9624,0
4227,28142.8116,10270.7544,27606.3252,7717.9308,0
4228,27824.4792,10070.1312,27214.3512,7682.232,0
4229,27897.5304,9923.6976,27746.712,7768.7064,0
4230,28591.2708,12197.1804,27587.8248,8295.93,0
4231,30340.1208,15089.4204,28349.5512,8727.438,0
4232,35274.5964,14907.8784,29253.3048,8936.9016,0
4233,39032.028,14754.7596,30015.8052,9157.2456,0
4234,41565.8784,14072.9688,29966.8332,9349.488,0
4235,43304.286,15055.17,29671.9884,9309.5928,0
4236,43683.1176,16970.5128,27584.8428,9288.1248,0
4237,43584.0156,16203.5592,25275.3204,9496.4676,0
4238,43209.9432,17134.1364,26172.1308,9726.2844,0
4239,42167.478,17588.2416,27446.8128,10371.0744,0
4240,41863.704,17855.0868,28057.0308,11437.386,0
4241,42324.2736,18683.1288,26441.4264,14027.1864,0
4242,41549.6916,19451.3244,26371.8024,15712.7352,0
4243,43639.7748,19752.726,28382.0892,15908.9376,0
4244,42524.7996,19733.7432,28920.5424,15069.3804,0
4245,41024.7576,20075.8824,29045.7768,13577.718,0
4246,39217.1808,20265.4932,28919.6004,13063.7436,0
4247,36097.6572,19499.85,29126.1324,11773.2852,0
4248,34736.064,17380.1532,27754.9956,9376.2048,0
4249,33241.1232,14389.4796,27375.0468,8466.6756,0
4250,32482.8384,12358.992,26011.4676,8409.3804,0
4251,31188.0372,12334.5468,24914.0544,8413.974,0
4252,30990.024,12456.0996,23839.0416,8344.6596,0
4253,30892.8708,13984.9764,22477.038,8488.2864,0
4254,31057.5024,16846.1364,22247.9772,8680.62,0
4255,33223.4532,18586.7388,23441.5092,8705.6952,0
4256,36529.302,18197.4096,26404.7748,8719.434,0
4257,41583.4824,17075.3544,28421.9316,9171.312,0
4258,43272.228,16059.8544,29240.9028,9531.9276,0
4259,44021.028,16759.8876,28781.7384,9967.0896,0
4260,43896.2424,16643.562,28347.4512,10826.5236,0
4261,43740.6504,14597.382,27624.4584,10715.1852,0
4262,44094.1908,15557.556,26342.574,11800.8696,0
4263,44206.098,16876.9368,24349.1652,13344.0168,0
4264,44491.1916,18064.1616,22188.51,14413.4472,0
4265,45146.5272,19693.2144,19766.3916,16221.4152,0
4266,46458.4368,20757.1332,18398.97,16960.4424,0
4267,46681.908,20730.6132,21272.7804,17868.048,0
4268,44252.6508,20892.624,24731.922,15462.4284,0
4269,40781.9544,20747.4228,27462.882,13407.5064,0
4270,39573.8124,20652.348,28730.0424,11254.542,0
4271,38146.434,20011.218,28024.2732,9911.2332,0
4272,36225.9876,18272.37,26322.7476,9271.7604,0
4273,33178.5624,17974.038,24733.1448,8612.7048,0
4274,30891.2748,17101.6632,23965.2252,8346.0792,0
4275,30320.9208,15528.6144,23085.4692,8317.62,0
4276,30379.9896,13631.5536,23351.1648,8244.5484,0
4277,30195.1044,13926.5472,23090.1048,8092.0248,0
4278,30055.6236,14896.3176,22627.3632,8218.8324,0
4279,29940.282,14652.1848,24746.262,8291.6256,0
4280,32467.74,13279.1928,26860.8612,8209.6548,0
4281,35197.7664,14159.1648,26218.3524,8547.2148,0
4282,39180.0408,13973.9376,24139.0356,8760.5028,0
4283,42202.3368,12900.0828,22970.9256,9553.0056,0
4284,43222.3344,11759.646,22189.1964,10526.3616,0
4285,42856.2456,11092.8924,21696.2196,11465.8704,0
4286,41792.7576,11209.4412,21259.3308,12392.8932,0
4287,39934.8804,12470.6232,20822.7192,12540.0684,0
4288,37265.9616,14190.9924,21455.3844,13009.2084,0
4289,36065.7684,15742.722,22690.1616,14662.4904,0
4290,36714.8508,18796.0524,23133.426,16051.92,0
4291,39860.4492,20112.0228,25108.86,16550.5368,0
4292,37210.5408,20478.0288,25452.3228,15901.1796,0
4293,34484.0748,20147.1252,25604.6088,14267.2572,0
4294,32339.7684,19838.7936,27295.6464,11473.8624,0
4295,31726.4292,19028.256,26768.6484,9394.206,0
4296,31398.2604,16889.9592,26164.6668,8309.5056,0
4297,29244.648,15464.7564,25277.7552,8012.8056,0
4298,28022.046,14954.8356,23984.9916,7392.5472,0
4299,27046.5288,13518.8868,23837.9292,7177.176,0
4300,27142.272,11598.9096,23806.1412,7056.06,0
4301,27231.282,11506.9608,22763.4432,6614.4984,0
4302,27743.6484,11124.1704,21814.0572,6394.5192,0
4303,27202.1448,11165.622,21495.894,6556.542,0
4304,29080.4448,10090.2888,20618.526,6972.0276,0
4305,32057.9136,9933.48,17862.5364,7532.6628,0
4306,34890.582,9873.3504,16677.0696,7867.2816,0
4307,37571.6892,10222.1328,15285.5448,8292.0168,0
4308,40036.6704,10655.574,14175.666,8477.988,0
4309,40656.2736,10638.4164,14005.2576,8411.2392,0
4310,39974.4768,10379.5488,13966.0464,8188.2876,0
4311,38301.6648,11781.8796,14267.7336,7799.8608,0
4312,35743.7988,13932.7224,16673.3568,7521.072,0
4313,34504.1616,17255.4492,18154.0296,8758.7844,0
4314,37977.276,18570.6468,17803.9236,12054.1272,0
4315,39400.4796,19157.532,22086.18,13324.7664,0
4316,38249.1204,17996.07,24943.338,12193.866,0
4317,36472.116,18197.7732,26288.4132,10429.98,0
4318,35050.5528,17986.5612,26489.886,9546.3768,0
4319,33116.0604,17697.1416,26649.1296,8770.3884,0
4320,32020.9716,16102.5384,25693.5756,7802.7756,0
4321,30217.1988,15260.2812,24822.27,7020.726,0
4322,28635.2292,14279.7468,24383.6028,6749.2716,0
4323,27616.0824,13597.3884,24122.2716,6543.7956,0
4324,27308.2512,13291.9188,23775.6048,6593.1588,0
4325,27248.076,14323.8084,23334.138,6666.9216,0
4326,28684.3596,16762.8348,23162.2392,6634.0368,0
4327,31586.3976,18099.4656,24354.1536,6988.896,0
4328,34673.5416,17584.404,27653.8656,7469.9856,0
4329,38657.3304,16922.3676,29207.4732,8043.5148,0
4330,40466.7528,17087.2728,29588.8572,8165.5308,0
4331,42784.8528,17252.7228,29027.4276,8602.4628,0
4332,43810.1436,17038.0704,28576.7532,8895.5472,0
4333,43921.4208,15323.9352,27324.6456,8800.374,0
4334,43945.2708,16341.4476,26386.3692,9113.8884,0
4335,44620.8288,17770.782,25042.5432,9856.0116,0
4336,45151.8516,17976.0492,23653.668,11862.9756,0
4337,44643.978,19251.888,22422.588,13434.7644,0
4338,44801.6616,20186.7144,21449.5524,14822.3184,0
4339,45829.8648,20415.9684,24676.2936,14757.0948,0
4340,44382.18,19663.44,27178.6392,13827.03,0
4341,43647.6,19900.4676,27442.1388,12281.694,0
4342,42738.3468,19951.5492,27435.0864,10529.916,0
4343,40885.8492,19802.442,26628.1476,8275.7748,0
4344,36768.078,19628.3148,24695.2332,7248.8136,0
4345,33832.2012,17857.2576,24058.7772,6915.6648,0
4346,32277.2952,16639.152,22852.6008,6844.6968,0
4347,31862.4276,15339.1884,21916.2756,6854.5848,0
4348,31504.7832,15246.0888,21171.0804,6811.4388,0
4349,31821.6636,15962.0532,20385.6312,6785.5956,0
4350,33457.1364,17447.4708,20410.5288,6654.468,0
4351,34611.8832,19994.2164,21852.2208,6750.3744,0
4352,38199.0768,19521.798,24743.5776,7153.3344,0
4353,42204.4872,17862.0828,27494.2884,7755.9288,0
4354,43158.4056,17024.7096,28379.0736,8113.8636,0
4355,44614.7208,16972.0644,28065.6132,8429.1924,0
4356,44782.9536,17993.6592,26380.0032,8679.2808,0
4357,44385.1956,16354.2528,24826.086,8709.7908,0
4358,45489.5988,16385.8836,24776.1,8666.4708,0
4359,45563.0316,17498.2368,24841.2372,8497.3536,0
4360,46591.2024,18657.4308,22243.7976,9528.2064,0
4361,45425.1852,20062.5276,21451.5072,11915.796,0
4362,46012.638,20295.9588,20524.284,13406.16,0
4363,47037.8508,20468.7744,23804.2992,14798.7084,0
4364,44195.5296,20352.3276,26503.7232,14290.6896,0
4365,42367.2384,20344.6344,28000.8792,12284.0592,0
4366,41856.5184,20679.9516,27238.1892,10664.9268,0
4367,40803.15,20613.4704,26614.68,7775.1588,0
4368,36408.0768,19550.82,26507.3508,6557.1552,0
4369,32999.0148,15677.5236,26836.008,6473.6904,0
4370,32132.4672,12869.9832,26912.4756,6497.0844,0
4371,30876.9972,11661.33,27114.8004,6344.6148,0
4372,30241.1436,11761.512,26694.6276,6282.9348,0
4373,30358.7016,11818.0608,27147.6204,6214.536,0
4374,31510.1712,13674.4512,27075.3708,6340.8684,0
4375,33092.49,16495.3644,27759.738,6804.9408,0
4376,37866.0888,16190.8896,29495.1996,7328.6244,0
4377,43013.6808,16179.5808,28938.768,7594.5012,0
4378,44415.0228,15405.5364,28799.2848,7802.4432,0
4379,45048.0684,16258.2984,28055.2944,8043.5148,0
4380,44056.2144,16954.7688,27669.78,8215.6056,0
4381,43172.3532,15753.438,26737.8348,7950.4668,0
4382,42907.3632,16401.0036,27038.0712,7980.1068,0
4383,41368.1916,17913.2784,27782.4132,7969.0716,0
4384,41540.3892,19379.55,26126.1648,8687.7828,0
4385,42659.3148,19888.8588,25652.6616,10306.506,0
4386,42675.0216,20235.636,26512.4436,11801.7912,0
4387,45077.2944,20499.5868,28638.552,13205.5188,0
4388,44349.852,20133.8316,30018.5748,12055.2228,0
4389,44255.1408,19998.5736,30205.0392,9716.058,0
4390,41612.082,20568.3624,31070.6124,8182.5408,0
4391,38953.1268,20041.9572,30457.5456,6822.6264,0
4392,35311.0464,18910.9896,28372.4424,6558.8556,0
4393,32641.3104,15838.14,27570.3456,6380.922,0
4394,31854.474,13237.7532,26889.8448,6437.1996,0
4395,31498.4664,12465.7344,25615.4256,6408.4536,0
4396,31106.9784,11735.5032,25649.5632,6416.5788,0
4397,31032.2964,12273.222,25458.2328,6324.7812,0
4398,31873.53,13830.414,25507.9284,6591.1956,0
4399,32326.5624,16657.3752,27239.892,6888.672,0
4400,35602.7088,16935.2796,29661.5004,6882.2088,0
4401,39400.1556,17204.4504,29560.7088,7108.8912,0
4402,41739.1836,15622.296,29230.8672,7457.1816,0
4403,42650.2368,15132.4212,29126.3892,7915.9212,0
4404,43045.3512,14771.1096,28870.374,8105.442,0
4405,42625.0704,12517.008,28047.9468,8417.8608,0
4406,43248.1764,13740.5964,27605.8836,8289.7104,0
4407,43641.6588,15044.688,27557.7408,8218.2924,0
4408,43968.0684,14945.0568,27939.4212,8348.04,0
4409,43057.7604,18418.1268,26704.632,9508.9536,0
4410,43517.1168,20464.5324,25083.4884,11361.258,0
4411,45318.156,21303.8424,27995.9808,12582.78,0
4412,44022.6636,21426.7548,28947.4008,11510.1924,0
4413,42644.0676,21335.2452,29469.822,9633.7236,0
4414,41316.99,21523.5456,29189.2524,8541.696,0
4415,38759.6712,21387.606,28376.3556,6887.8668,0
4416,34654.3668,20510.5632,26892.7728,6826.188,0
4417,31021.1508,18323.2656,26265.3504,6865.3212,0
4418,30569.7492,15575.6412,25459.188,6811.74,0
4419,30483.516,13540.3692,25120.6668,6949.4676,0
4420,30528.7572,12656.9124,24878.8632,6924.99,0
4421,30848.5068,12953.4324,24755.316,7047.8556,0
4422,31020.6384,16091.8284,24266.6304,6957.024,0
4423,32037.5472,19177.9116,25749.8088,6747.5328,0
4424,35751.186,18138.3564,28832.8692,6876.0684,0
4425,40003.6764,17188.8348,28939.2468,7418.5164,0
4426,41627.5404,15991.6344,29145.0408,7659.8856,0
4427,43086.246,15733.2804,28014.9768,8077.6032,0
4428,44207.46,14351.8608,27770.5512,8176.2624,0
4429,44693.8752,13063.2696,25698.2424,8131.6188,0
4430,45115.7304,13903.0092,25002.6528,8818.1472,0
4431,44217.7872,15086.7048,24487.6944,10096.4736,0
4432,44112.4248,14976.7992,24169.0404,11068.4856,0
4433,43084.008,16861.0584,24228.0888,12335.532,0
4434,43370.1144,19678.9548,23409.1764,13217.316,0
4435,44557.1448,21278.3916,26110.9116,14015.6064,0
4436,42281.0148,20666.4288,27751.1352,14037.4464,0
4437,40011.396,19589.0076,28203.7416,13652.862,0
4438,37964.3688,20682.9012,28132.6644,12042.5712,0
4439,36352.4424,21900.3876,27443.9712,9212.364,0
4440,34470.7692,20682.6756,25461.3624,8127.33,0
4441,33452.0112,17859.3528,24294.6816,7540.1304,0
4442,32303.1672,15822.6432,23641.2336,6467.0484,0
4443,32062.4016,13568.646,23351.9928,6162.354,0
4444,31243.5816,12363.4164,23684.496,6349.794,0
4445,30564.576,12267.7812,23911.6068,6522.7608,0
4446,30713.3136,12619.656,24072.2544,6510.7056,0
4447,30747.5796,13523.1888,24974.2716,5952.732,0
4448,33373.4364,12234.0312,26844.504,6295.8072,0
4449,37086.4596,12588.8772,25142.7216,6749.9544,0
4450,39722.784,12967.2852,22019.2956,7212.0048,0
4451,42021.9876,13356.4956,19463.6676,7554.0084,0
4452,42947.7012,14068.4796,17523.6264,7729.7928,0
4453,42740.2764,14321.0208,16693.866,7642.7484,0
4454,42353.268,14278.452,16649.784,7500.6144,0
4455,40922.5596,14025.8976,18095.5248,7150.656,0
4456,38916.8352,15103.1184,19218.5532,8073.7188,0
4457,38563.614,15683.9184,19936.8612,10092.9888,0
4458,41139.3432,18085.9824,20007.318,12115.2996,0
4459,42070.8732,20076.3936,22124.3784,14186.9316,0
4460,39640.332,19348.9668,23604.7224,13407.2748,0
4461,36863.9844,18591.1044,24833.2512,11582.5092,0
4462,34220.6076,18781.7064,25787.556,9175.4712,0
4463,31058.0808,19411.4796,25610.2188,7898.1216,0
4464,29535.45,19193.4324,23990.7696,7082.448,0
4465,28728.2256,18012.5184,22787.6856,6363.9204,0
4466,28483.9968,14863.482,22473.432,6428.2572,0
4467,28077.1728,13241.346,22215.2436,6165.8796,0
4468,27621.2916,12627.18,21799.1688,6097.212,0
4469,27379.8204,12890.79,21172.5,5991.9108,0
4470,27309.9588,13454.6964,20473.1868,5963.2104,0
4471,27379.7736,11983.5204,21308.6736,5921.9244,0
4472,31082.6784,9460.3152,19185.3252,5951.6676,0
4473,35049.4068,8956.5192,17262.54,6229.6164,0
4474,37631.8848,9786.432,14028.6,6999.474,0
4475,39998.6376,11048.2512,12378.1296,7500.126,0
4476,41022.5832,12006.3168,11749.0008,7673.91,0
4477,41141.2476,12154.0908,10922.514,7669.7268,0
4478,40459.9512,11435.0076,10690.8312,7696.3428,0
4479,38433.0636,11649.456,10556.6376,8843.1348,0
4480,37576.6656,10935.282,12154.2792,9740.6376,0
4481,37986.8364,10828.5396,16059.8928,11088.7308,0
4482,40698.5124,14828.406,17771.346,12007.2096,0
4483,42550.8108,18599.0004,21234.2244,11910.15,0
4484,39432.4872,19004.6808,23787.1464,10467.0708,0
4485,37203.5808,20225.3976,24731.3136,8475.0372,0
4486,36242.7588,19907.2512,24659.6268,7346.1624,0
4487,33949.0128,19153.926,25253.9076,6722.1324,0
4488,31199.868,18222.6696,24304.6596,6401.2464,0
4489,30144.3108,14460.6252,25097.8788,6110.3604,0
4490,29586.264,12144.0852,25229.6832,5996.628,0
4491,28522.8084,11392.4556,25314.7128,5982.8304,0
4492,28159.4664,11182.9956,25011.1128,6130.422,0
4493,28485.8412,11697.4896,24746.4324,6217.5732,0
4494,29982.6348,13064.6496,25044.0108,6244.3176,0
4495,30347.0208,16771.0188,26494.0344,6179.904,0
4496,33932.0016,15615.5496,29532.4152,6377.7024,0
4497,38101.782,14209.0332,30326.3184,6643.0296,0
4498,41532.498,15057.1908,26406,7150.3452,0
4499,43515.0912,15485.6496,25188.9564,7582.0404,0
4500,44848.1808,15410.8716,23815.0668,7977.5496,0
4501,44987.7924,15086.5824,21403.932,8304.1944,0
4502,45366.4128,15481.1916,20764.8348,9017.4444,0
4503,44791.4172,14883.8724,21730.08,10002.8376,0
4504,43498.392,15349.878,22582.3896,11196.258,0
4505,43922.496,16291.7232,22463.5704,12075.9672,0
4506,44645.0532,16941.2556,23747.5104,13339.308,0
4507,45450.6792,20020.1364,26168.0652,13399.116,0
4508,44831.244,20398.6536,27352.3812,11713.6992,0
4509,42923.5824,20425.5468,27669.8304,11047.416,0
4510,41241.864,20091.2676,27721.5216,10175.496,0
4511,37926.8244,19931.9736,27431.652,8732.6904,0
4512,34582.2144,19693.122,26402.0868,7502.1648,0
4513,31829.1696,17485.986,25651.656,6404.1528,0
4514,30901.5828,14326.4316,25858.2552,6141.4392,0
4515,30604.2588,12434.5548,25949.418,5953.5576,0
4516,30268.5384,12130.1604,25624.3572,5815.5732,0
4517,30336.7848,12878.6928,25320.1224,5758.4892,0
4518,30629.1912,15325.0008,25653.1224,5692.9944,0
4519,31892.4816,17506.848,27105.2508,5999.8248,0
4520,35519.9076,16947.3636,29727.8496,6436.1604,0
4521,38103.108,16808.562,29720.7132,6927.2952,0
4522,40427.6952,15921.5448,27221.1156,7619.2584,0
4523,43325.97,16275.474,23867.1156,8058.9912,0
4524,44860.8144,16287.2688,21711.8436,8144.9892,0
4525,45132.6828,15746.6616,19192.3116,8165.5644,0
4526,45681.216,15872.0628,20251.3392,8007.1572,0
4527,46892.3256,15517.2468,21929.25,7596.2976,0
4528,45742.29,16871.196,22819.6032,8219.4456,0
4529,44523.0816,19397.226,20748.2928,11558.2224,0
4530,45419.6424,20695.5096,19458.138,13686.7812,0
4531,47645.8464,20512.86,22491.9912,15822.0216,0
4532,46112.8608,20127.9876,23863.17,14973.9288,0
4533,43131.9792,19783.5036,25539.9252,13984.392,0
4534,40898.4708,19702.77,26054.97,13428.4476,0
4535,38246.9784,19041.4632,25421.9388,12064.9368,0
4536,34671.4944,18007.5156,24506.8128,10440.9252,0
4537,32248.6896,16312.1988,24144.7752,8643.0492,0
4538,31789.056,14556.8856,24009.6084,7012.9032,0
4539,31214.5668,13624.98,23929.6848,6513.4092,0
4540,30992.886,13199.622,23810.9232,6448.3752,0
4541,30976.6836,13349.3484,23823.9132,6455.556,0
4542,31372.512,14413.6812,24055.0272,6682.9296,0
4543,31481.0796,16403.4636,25955.5092,6735.5832,0
4544,34450.584,15484.374,28028.31,7245.7452,0
4545,38277.996,15117.648,27812.154,7617.9372,0
4546,41058.0468,15112.3092,25827.9408,8013.6984,0
4547,44014.8672,15890.3808,22966.7304,8240.2116,0
4548,45670.9812,16251.894,21629.3928,8502.6756,0
4549,45506.9928,16532.3364,18980.1948,8631.3672,0
4550,46036.434,16747.6824,19228.7904,8442.5136,0
4551,47119.4592,16240.164,19664.8284,8830.4304,0
4552,45849.0936,16809.0528,20788.02,9585.0156,0
4553,43563.726,19382.6376,20297.94,12055.9344,0
4554,44224.6776,19956.3384,20127.246,13709.4444,0
4555,46745.508,20406.0984,24421.596,12818.2824,0
4556,44259.4596,20509.812,26393.5224,11379.5676,0
4557,41562.7956,20597.0496,26381.3436,11065.1088,0
4558,40050.81,20548.896,27305.3148,10193.5824,0
4559,37188.9408,19843.5528,27899.8884,8725.0332,0
4560,34178.8248,17156.664,27759.9096,8341.7268,0
4561,31136.8644,15406.0704,26798.3772,8122.2624,0
4562,30014.2848,13732.2036,26542.0956,7538.814,0
4563,28990.9992,12766.1352,26521.4088,7074.8076,0
4564,28663.752,12153.924,26316.12,7071.4224,0
4565,28727.4348,12237.9996,26362.5096,7045.9764,0
4566,29234.1816,14588.9784,26591.8536,7017.2124,0
4567,30755.3556,17878.974,27254.3268,7226.9268,0
4568,35700.6696,17378.964,28283.4144,7775.6076,0
4569,41070.2964,17115.6996,26422.1448,8557.4316,0
4570,44476.3872,15066.2664,26050.74,8534.562,0
4571,44987.4948,15378.894,25893.6768,8646.5364,0
4572,45194.3352,15806.5248,24157.8204,8632.9644,0
4573,45299.3172,15130.9608,22214.832,8916.1812,0
4574,45702.9264,16041.5748,22627.764,8763.5172,0
4575,44937.6636,16471.9584,24653.3412,8965.9572,0
4576,44612.1108,17223.324,24437.2044,10373.1792,0
4577,42504.1308,17731.6044,24912.7824,12484.3044,0
4578,43623.0696,17968.9908,24621.9432,13493.9904,0
4579,48289.464,18319.3512,26443.7184,12575.6832,0
4580,47564.874,18322.4388,28015.932,10519.4592,0
4581,44743.3032,19454.2056,28401.3576,8824.044,0
4582,42046.8468,19677.5568,28481.082,8655.204,0
4583,38782.8132,19418.85,27691.2156,8834.892,0
4584,34573.266,18002.754,26864.9376,9053.3832,0
4585,31792.884,16151.4792,26320.5828,7705.9356,0
4586,30692.9628,13124.3232,26484.042,7567.5204,0
4587,30348.6564,11479.5252,26481.9408,7342.9224,0
4588,30147.9948,10258.716,27008.2596,7304.4372,0
4589,30425.7084,10531.1112,26613.9192,7338.468,0
4590,30957.0372,13020.1008,26303.5824,7358.0592,0
4591,31631.934,17666.3832,26094.4476,7544.964,0
4592,36616.146,18175.1424,27033.6228,7622.6076,0
4593,41105.3148,17557.194,26972.0172,8200.4604,0
4594,42039.6252,17160.5172,27366.15,8624.0976,0
4595,43579.4532,17544.5556,26238.7152,8629.9848,0
4596,45243.7188,17232.948,24545.4108,8597.8008,0
4597,45373.128,14125.5972,23996.7672,8562.4152,0
4598,44132.9652,13727.244,26460.5412,8423.2836,0
4599,41816.2836,16230.06,26965.0716,8607.3792,0
4600,41672.1648,16460.4996,27562.4148,9447.9684,0
4601,41100.1116,17736.5592,27456.8088,10276.7832,0
4602,42158.2596,17852.6484,27200.988,11483.8344,0
4603,45168.0912,18296.6772,28774.8708,12687.2328,0
4604,41065.2852,20372.1852,28754.514,12677.0208,0
4605,38664.5232,20225.6508,29128.3992,11916.8196,0
4606,37079.4636,19743.6804,30015.9648,10876.6188,0
4607,34973.6436,18946.2156,30407.5632,9167.6628,0
4608,33279.4248,17543.0832,29206.7376,7800.8592,0
4609,31100.7888,14594.8332,27909.3084,7220.4648,0
4610,28822.362,14127.9732,27068.8764,6463.6848,0
4611,27718.6548,14420.202,26034.0324,5557.5576,0
4612,27315.1788,13058.478,26299.398,5602.494,0
4613,27401.1168,12449.4924,26485.3104,5489.6988,0
4614,27578.9928,13008.3168,26282.6124,5396.3268,0
4615,27933.2304,14190.15,25888.356,5486.418,0
4616,31116.4872,13120.2588,26803.3308,5973.5196,0
4617,35455.5876,12677.3964,27073.6668,6581.2296,0
4618,38317.8444,12063.5316,26649.096,7140.984,0
4619,40651.8204,12190.3548,24920.526,7569.1464,0
4620,41660.4552,12677.5884,22619.4408,7808.5368,0
4621,41157.5988,12579.5568,21067.44,7794.7044,0
4622,39992.8764,12841.1412,21148.6368,7488.4968,0
4623,38606.0256,12245.6808,23622.3948,7375.5324,0
4624,36825.984,13082.532,24189.1332,8590.2972,0
4625,36824.8656,14613.2172,23076.414,10411.2144,0
4626,39329.1708,17549.1972,21742.728,12440.526,0
4627,42637.2816,18213.4044,24388.1616,12383.6364,0
4628,38390.3016,18501.8832,26666.4804,10999.9416,0
4629,34489.8888,19441.2948,26407.4064,9812.9244,0
4630,32466.1272,19083.2736,26638.3308,8478.7692,0
4631,30171.8868,18996.0324,25931.25,7643.7204,0
4632,28744.7976,18456.0816,25051.422,6627.9084,0
4633,27715.0296,16456.4472,24611.4216,5918.2212,0
4634,27568.32,13386.1056,24452.2224,5744.148,0
4635,27644.2392,10825.1712,24728.6292,5310.9696,0
4636,27419.5248,9803.5572,24658.5996,5267.9028,0
4637,27436.0272,9852.7068,23527.1724,5247.3636,0
4638,27593.8236,10159.434,22982.2884,5224.152,0
4639,27887.9724,9037.8792,24047.5464,5291.3208,0
4640,30803.532,7638.1536,23344.4952,5664.426,0
4641,34279.7232,8754.5868,19860.8076,6484.668,0
4642,37238.1912,10755.45,15925.6836,7073.5248,0
4643,39404.154,12112.4256,13554.552,7428.222,0
4644,40258.6044,12880.3608,12553.9896,7676.9568,0
4645,39884.7384,13075.89,11538.0432,7743.2388,0
4646,38770.0764,12646.1784,11277.2496,7534.0212,0
4647,37467.6288,11999.91,12885.2148,7185.408,0
4648,35265.5664,11446.032,17653.056,7205.0172,0
4649,33377.5836,12902.4492,20700.4812,8758.8084,0
4650,36873.9684,15160.7208,20936.3724,11460.966,0
4651,39875.6532,18145.1436,23210.2656,12662.8056,0
4652,36910.8396,19021.5588,24540.3552,11636.0688,0
4653,35245.0284,19220.7216,25139.5284,10498.788,0
4654,34034.1288,19366.1328,25695.6756,8679.5556,0
4655,31933.4268,19072.6764,25771.7952,7545.2232,0
4656,30736.6896,16801.3788,25028.928,6661.5504,0
4657,30090.636,13103.5536,24849.9072,5956.0752,0
4658,29762.7468,10906.422,24512.3148,5743.9524,0
4659,29824.2288,9348.9924,24095.478,5734.7064,0
4660,29536.4124,9622.3524,23537.2548,5743.3764,0
4661,29455.1928,10680.2772,23182.5708,5796.6324,0
4662,29785.9008,13474.3716,23159.0616,5842.5672,0
4663,30736.8708,16510.1736,25046.916,6008.802,0
4664,34333.866,15813.9708,28835.0652,6634.6212,0
4665,39689.2728,15721.5108,28857.8724,7203.006,0
4666,43758.882,15835.4268,26586.4932,7601.6292,0
4667,46453.3644,15285.4164,25010.6952,7972.3416,0
4668,47339.9736,15055.212,23245.974,8162.5032,0
4669,46475.106,14957.946,20989.3692,8169.3672,0
4670,45089.6424,16355.7372,21839.2164,8241.7188,0
4671,43967.9772,16171.3572,23323.0764,9304.8168,0
4672,42790.0188,16346.5872,24170.1324,11171.9208,0
4673,42874.5348,18142.9224,24517.2852,11626.1328,0
4674,43213.5924,19138.0608,23759.0328,12741.4584,0
4675,45642.2232,19627.956,25573.7316,13997.616,0
4676,43376.0232,19716.7032,27290.4876,13888.9704,0
4677,41873.3688,19738.3248,27504.24,12558.9996,0
4678,40383.6084,19721.9736,27597.0708,11542.6896,0
4679,37365.318,19756.4964,27607.1736,9527.0388,0
4680,33662.874,19049.6028,26766.8532,8036.5332,0
4681,32719.9944,15506.6604,25840.5792,7408.422,0
4682,32495.6664,12789.816,25281.7284,7437.8892,0
4683,32115.0552,11049.7752,25083.6048,7465.182,0
4684,31751.1648,10599.9012,24937.8852,7480.8432,0
4685,31666.2672,11377.2336,24443.7288,7434.4896,0
4686,31848.4872,12967.9452,25607.5632,7375.9884,0
4687,32366.1156,15748.8552,27026.2728,7509.1272,0
4688,36239.9724,17535.012,27098.052,8047.122,0
4689,39321.8292,18052.1784,26606.8332,7998.4368,0
4690,43714.9188,14988.5184,26392.9344,8213.7828,0
4691,46945.1256,13795.5732,25231.2624,8610.5148,0
4692,46969.2852,13354.7688,24360.3036,8781.3384,0
4693,46354.7808,13101.3708,23197.7076,8753.9628,0
4694,45330.3876,13981.0416,23777.8836,9514.7232,0
4695,43436.0856,15900.432,24530.6928,9721.1772,0
4696,41800.878,16961.7708,25443.9468,10765.8336,0
4697,44582.2824,17689.6428,23079.9516,12053.4372,0
4698,45528.3252,19215.2916,21729.1248,13242.0912,0
4699,46487.622,20048.3772,24902.2464,14661.9348,0
4700,45078.012,20223.7344,26687.9436,12753.1944,0
4701,42999.9564,20377.0296,26994.8208,11322.1008,0
4702,40785.6672,20488.0404,27867.3204,10047.7392,0
4703,37976.508,20072.4888,27298.5204,8606.0484,0
4704,34627.9596,19502.7768,25637.0484,7540.0068,0
4705,32593.4772,15904.5732,25386.3204,7365.3144,0
4706,31473.852,12255.6192,25738.5564,7292.7324,0
4707,31273.344,10377.186,25519.8936,7330.5888,0
4708,30932.4672,9879.6276,25255.3884,7173.1944,0
4709,31352.208,9790.3032,24924.0612,7273.0812,0
4710,31765.002,12196.4472,24817.5432,7123.8336,0
4711,32459.8812,15470.3772,26332.3188,7383.6288,0
4712,36031.8912,17226.8604,27450.084,7773.1032,0
4713,39652.0656,17668.824,26816.394,7798.248,0
4714,44248.386,16356.6564,24144.4296,8117.4432,0
4715,46376.2236,16039.32,24056.5668,8582.0208,0
4716,46514.5368,15911.2764,23883.1728,8617.8528,0
4717,46804.0608,13815.252,22510.6872,8508.414,0
4718,46084.6152,14217.204,24574.4412,8424.936,0
4719,45959.694,14833.0104,25177.6596,8395.8252,0
4720,45282.0012,17180.1612,24210.678,9202.29,0
4721,46228.6776,19254.5712,21882.1932,10596.9996,0
4722,46781.6184,19934.6076,21447.2592,11599.9392,0
4723,48057.6216,20323.1892,24952.1004,13134.6312,0
4724,45614.5632,19312.2732,26768.9712,12973.7832,0
4725,43229.358,19942.6188,27311.1516,11020.3272,0
4726,42266.19,20289.0612,27443.142,9401.9292,0
4727,39453.5412,20065.6584,27292.8492,7987.1172,0
4728,35107.4784,19304.6832,26519.8188,7540.0752,0
4729,33265.5804,15935.9376,26281.1352,7554.186,0
4730,32401.5684,12748.968,26396.5824,7583.7384,0
4731,31729.0272,10506.5808,26692.2636,7543.0584,0
4732,30087.696,10803.8976,26444.8764,7808.34,0
4733,29353.7256,11700.1308,26337.0432,8015.2644,0
4734,29456.6628,14830.4292,26072.0076,7629.5796,0
4735,30112.5864,18558.3972,26280.1056,7846.3344,0
4736,34798.4472,18420.8436,26339.448,8457.066,0
4737,40552.0116,16965.168,25565.0676,8895.3552,0
4738,42750.2628,15452.0352,25558.5168,9258.1164,0
4739,44882.178,13882.2756,26033.6616,9516.5676,0
4740,45781.4124,14466.0744,25405.0284,9382.7232,0
4741,46490.7684,13513.0236,24225.2328,9303.2304,0
4742,45917.1144,15674.4792,23814.4008,9962.6616,0
4743,45587.7552,17302.7028,24083.8488,9864.0672,0
4744,47212.2684,17435.3844,23409.84,9773.0772,0
4745,48351.5508,19024.506,21675.9672,11391.6816,0
4746,48784.9092,20640.1008,19859.004,12975.4368,0
4747,50159.2272,21573.2028,21817.4052,14563.8636,0
4748,47343.9648,21189.7692,23754.1536,14647.1436,0
4749,44666.3088,20416.3104,25969.3248,12948.1452,0
4750,42521.532,20064.8616,27599.9928,11210.4252,0
4751,39710.0592,20265.9816,27797.1612,9825.4224,0
4752,36703.2648,19145.52,26736.8736,8767.908,0
4753,33180.4584,17451.5292,26281.236,7727.9724,0
4754,32669.9736,13833.75,26570.5488,7729.8852,0
4755,31605.2388,12395.8752,26747.874,7750.974,0
4756,30563.7228,12024.9924,26715.1356,7730.7096,0
4757,30864.6708,12448.6668,26004.5172,7706.6424,0
4758,32019.8352,14490.2568,25418.3352,7662.0048,0
4759,32502.432,17574.0768,26863.1328,7804.2372,0
4760,36680.8632,17403.342,27804.5364,8348.256,0
4761,41536.3224,16869.69,26823.126,8877.4692,0
4762,44673.9948,16014.3684,24953.4816,9142.0068,0
4763,46907.0892,15853.3008,24070.4712,9492.8148,0
4764,48033.624,15294.1728,22644.816,9675.4452,0
4765,48216.1968,14222.8212,21380.382,9634.902,0
4766,47548.3212,15355.2564,22005.1068,9425.13,0
4767,47477.0472,15023.8044,23399.49,9386.1048,0
4768,46527.5328,15364.7604,23847.528,10542.8064,0
4769,46412.5392,17267.4324,22026.8772,11353.0656,0
4770,45888.402,19201.77,20508.5004,14730.828,0
4771,47209.4136,19916.2536,23964.984,15689.4264,0
4772,44544.5508,19468.5132,26203.2852,14679.5736,0
4773,42088.5648,19327.0464,27914.5632,12242.4396,0
4774,41069.9712,19709.7468,28340.7312,10376.7672,0
4775,39084.474,19885.3596,27297.4632,9264.0828,0
4776,37119.8604,19216.3644,25794.8172,8022.2172,0
4777,34826.796,16815.0672,25012.008,7857.1092,0
4778,33782.3868,14201.934,24612.2268,7900.6596,0
4779,32858.6916,13069.2984,23867.5152,7880.0976,0
4780,31899.1344,13021.4484,23363.022,7776.402,0
4781,31206.5988,12707.6892,23939.5044,7685.5596,0
4782,30083.1924,13238.5608,24427.9104,8557.1808,0
4783,29928.0276,14074.7304,25264.8048,8812.4868,0
4784,32975.5644,13716.3648,25620.9492,9414.2484,0
4785,37145.2968,13745.9064,23820.1692,9438.4392,0
4786,39407.9088,13913.2248,22813.9284,9318.8916,0
4787,41679.3468,14430.4368,19835.7732,9582.1092,0
4788,42717.0876,14791.296,17598.2556,9605.6076,0
4789,42769.9332,14992.4316,16257.7224,9055.2516,0
4790,41807.8188,14699.1804,16584.5616,8862.8424,0
4791,40277.1696,14288.3328,18205.2456,8575.7736,0
4792,39795.5736,13750.974,19944.2856,8633.4012,0
4793,38640.336,14756.3568,21128.1024,10552.0368,0
4794,40084.4124,16863.8568,22589.9544,12530.9064,0
4795,43346.9616,18419.5548,26638.3092,12945.4896,0
4796,41627.5008,18424.3416,26798.952,11613.6192,0
4797,39289.5216,18451.0212,27018.1092,9233.856,0
4798,37289.094,18602.514,27214.6248,7027.326,0
4799,34522.7676,17902.788,27345.2556,6768.7068,0
4800,32903.1492,16548.2448,26192.4996,6842.8452,0
4801,31125.6096,14082.2712,25681.8552,6939.6804,0
4802,30095.9688,11242.71,26445.9264,6817.5732,0
4803,28729.3368,9758.304,26782.2192,6827.6808,0
4804,27798.96,9603.894,26341.4988,6721.254,0
4805,27497.4768,9695.7216,25553.7636,6607.998,0
4806,26816.4972,10196.9748,25283.8212,6660.0852,0
4807,27109.4844,9984.7536,25573.578,6502.5108,0
4808,30346.2372,9156.4632,24539.676,6223.6008,0
4809,35221.1592,9882.222,19479.0564,6506.4156,0
4810,38294.4048,10736.076,16374.96,6955.3356,0
4811,40709.6628,11158.5468,14788.1052,7369.0488,0
4812,41752.9896,11807.7384,14193.4116,7579.53,0
4813,41300.046,11891.2824,13940.7252,7600.7304,0
4814,40065.3888,11276.334,13829.1264,7367.3268,0
4815,38498.3004,10460.9808,15134.8752,7024.476,0
4816,37371.9636,9684.9204,18095.5164,6848.592,0
4817,36566.6676,11220.9204,19596.7416,9119.5356,0
4818,38621.5788,14795.1768,20415.4188,11206.0956,0
4819,41120.7084,18351.4272,23524.56,11177.3988,0
4820,38460.7404,18647.01,25677.9792,10585.9668,0
4821,36694.4232,18996.3528,26224.7916,9387.0024,0
4822,35243.6916,18975.3732,27248.9952,7533.648,0
4823,33925.7952,18781.5972,26349.8724,6556.554,0
4824,31224.6204,17025.852,26114.1636,6720.9096,0
4825,30406.296,13462.8264,26301.3324,6785.4744,0
4826,29182.8132,11809.1652,26371.962,6735.456,0
4827,28258.4088,11490.054,26113.2192,6221.3076,0
4828,27746.8188,11346.516,25998.7668,6147.2484,0
4829,28500.1176,11240.3232,25791.7116,6309.5736,0
4830,29700.2592,12878.2044,25436.8284,6627.4092,0
4831,30498.3744,16806.288,25886.166,6628.38,0
4832,35736.3108,16829.502,26353.482,7075.8372,0
4833,39957.2184,16791.0624,26600.4816,7458.9144,0
4834,42495.3564,15387.8832,26630.1744,7574.6964,0
4835,44681.1096,15496.3632,25417.2144,7976.3196,0
4836,46162.41,14834.508,24522.5952,8175.2808,0
4837,45991.4904,14309.472,22668.4824,8256.6324,0
4838,45699.2088,15382.0584,22951.4772,8402.3448,0
4839,45107.1036,15524.4012,23863.9428,9324.3336,0
4840,43834.29,15684.3084,23368.9512,12343.146,0
4841,43616.1024,18671.2212,20575.1532,14073.8652,0
4842,43631.712,20785.9752,18896.874,16420.8984,0
4843,45347.7684,20811.786,23243.7888,16815.7884,0
4844,43966.4796,20799.4728,25504.4484,15401.8116,0
4845,41921.6628,20741.0196,27039.5808,12786.1704,0
4846,40360.7844,20698.1388,27754.5036,11367.4344,0
4847,36942.246,20615.2428,27440.022,10571.808,0
4848,33496.446,19235.352,26979.186,9281.5464,0
4849,31937.9916,17415.474,26727.7104,7721.3352,0
4850,31743.9,14131.824,26566.8696,7563.3744,0
4851,31727.0748,11887.5612,26250.888,7614.9024,0
4852,31851.5016,11451.3744,25691.8716,7599.9312,0
4853,32123.7228,11503.0656,25629.0456,7593.0876,0
4854,32035.902,13741.5768,25837.3068,7577.0088,0
4855,31989.6576,16822.6728,27592.2684,7662.8928,0
4856,36231.846,17060.352,28935.984,7938.3792,0
4857,41641.9332,16127.7756,26811.4056,8548.2468,0
4858,44288.238,14680.5444,25505.0748,9007.602,0
4859,45769.6092,15585.1404,24988.8264,9155.0784,0
4860,47050.8372,15143.064,23826.0936,9281.9112,0
4861,46816.0428,15502.0968,20944.6776,9385.3236,0
4862,47711.8404,15892.1088,21173.7984,10213.4328,0
4863,47149.2684,16177.896,22655.4,11308.0536,0
4864,46377.6372,16697.394,23067.8868,12451.0356,0
4865,45276.3108,20032.9392,20676,14579.3256,0
4866,45504.1452,21115.7112,19573.3992,15628.0236,0
4867,46928.238,21095.7408,23890.6512,16188.672,0
4868,45388.1904,20993.1048,26758.1124,14469.0828,0
4869,42748.7976,21275.808,28029.9924,13019.4192,0
4870,41101.9092,21305.0616,28823.8212,11862.5928,0
4871,38524.6176,21211.1592,28286.31,10657.2108,0
4872,35351.3688,20749.662,26883.8556,9050.6256,0
4873,33931.356,16314.4212,26321.106,8983.314,0
4874,33269.808,13458.0468,26291.6304,8242.434,0
4875,32616.6816,13081.8312,25370.4624,7814.4708,0
4876,32559.4692,12772.608,24519.4644,7797.6996,0
4877,32581.9896,13588.4412,23895,7777.17,0
4878,33258.6804,15296.1588,23985.5916,7811.4996,0
4879,34529.3304,17567.3712,25255.6332,7959.2892,0
4880,39049.8564,16190.1852,27706.536,8518.5972,0
4881,42674.8152,14487.3648,27601.5924,9131.9856,0
4882,44958.408,13974.87,26547.3768,8866.2888,0
4883,46390.1808,14929.4016,25619.328,8718.4848,0
4884,47538.3984,15271.4424,24174.8748,8873.8332,0
4885,47465.9016,15234.312,22250.1948,8999.112,0
4886,48395.778,15446.5224,22918.5192,9664.296,0
4887,48056.0448,16222.29,22952.9592,9928.3344,0
4888,48622.7412,16164.8616,23528.1612,10210.458,0
4889,47858.7576,19579.7328,21627.9324,12004.974,0
4890,46259.5608,20717.6112,19323.8748,15590.316,0
4891,46223.2656,21177.1548,23348.1792,16877.4144,0
4892,45761.5704,21146.0556,25027.9212,14761.3152,0
4893,45423.5592,21051.0216,26200.662,11421.072,0
4894,44114.0292,21070.3008,26950.5312,9996.0516,0
4895,40406.988,20684.9808,27409.4256,9742.584,0
4896,36205.338,19369.4256,27044.8692,9269.0856,0
4897,33973.1136,16444.7112,26521.284,8807.0376,0
4898,33057.3852,13556.79,26678.0724,8121.9636,0
4899,32495.3376,12743.6928,26000.7216,7750.9716,0
4900,32124.2616,12485.2476,25419.87,7736.1504,0
4901,31604.1684,13224.3108,25537.6332,7624.8984,0
4902,32013.0216,15459.4788,25795.2204,7737.6888,0
4903,33221.5608,17900.6772,26608.5972,7824.5208,0
4904,38247.5184,17307.912,27607.3392,8279.8128,0
4905,42992.3544,16555.0272,27604.722,8654.0064,0
4906,45009.8112,16370.4492,26899.8756,8459.8788,0
4907,46442.1984,17272.5072,26336.1384,8655.1524,0
4908,46360.5432,18713.9076,25050.192,9019.0488,0
4909,46131.7416,17890.9332,23806.824,9147.2376,0
4910,46818.5796,17708.9184,24517.4604,9180.0156,0
4911,47480.526,18201.7884,24820.0044,9275.2428,0
4912,47484.1488,18352.6764,25419.3528,10127.43,0
4913,44908.818,20586.3168,24579.6948,11588.0856,0
4914,43193.5632,21775.7004,22694.3568,15124.3452,0
4915,44027.3472,22011.3768,25263.9852,16817.6472,0
4916,42512.796,21641.0772,27903.66,14978.2548,0
4917,41664.0024,21614.7216,28811.31,12034.914,0
4918,39873.2916,22369.2384,29132.6184,10458.1608,0
4919,36689.046,22498.4292,28551.5832,10041.1824,0
4920,34507.8228,20702.37,27133.9992,9066.6036,0
4921,34011.6636,14643.3684,27286.776,9292.998,0
4922,33485.8248,11569.8912,27426.4644,8789.1792,0
4923,32756.5284,10986.2316,26988.7272,7992.33,0
4924,31664.8056,10797.8328,27139.9716,7942.6872,0
4925,31755.0396,10582.1016,27415.9704,7824.3732,0
4926,32796.2748,12532.8708,27394.7892,7617.8592,0
4927,35189.7576,14272.008,27379.7496,7819.5204,0
4928,40067.298,15201.1824,26920.95,8086.4712,0
4929,43635.0396,15013.2132,26807.43,8682.0096,0
4930,44500.5276,14900.2584,26214.342,9452.736,0
4931,45171.3288,16108.2,25490.1828,9514.8012,0
4932,45771.4896,16339.956,25273.3092,9293.172,0
4933,45385.9488,16242.8268,24209.3256,9135.7476,0
4934,45073.1304,16502.8752,25204.7988,9160.1952,0
4935,44590.3776,17152.7016,26389.5216,9193.7556,0
4936,45261.1068,16653.5208,26205.8772,9542.1828,0
4937,45247.5084,18194.6484,23375.8284,10960.3932,0
4938,43967.604,21356.28,20476.308,13720.674,0
4939,45009.2292,21501.8952,22224.06,15603.7788,0
4940,42635.8536,21395.8068,26657.3328,13228.512,0
4941,40848.1932,21380.3832,28228.6944,9993.486,0
4942,40041.5424,21322.5876,28721.3676,8123.3628,0
4943,37794.948,20965.9032,27969.3804,8083.9452,0
4944,34444.8936,20319.528,26486.4216,8302.272,0
4945,32069.1936,18027.18,26457.8508,7930.0524,0
4946,30701.2836,16260.7944,26130.8208,7735.8312,0
4947,30205.0872,13887.7872,25842.4992,7838.7408,0
4948,29477.2116,13247.3052,25367.6568,8007.1536,0
4949,29032.7772,13329.6636,24946.2396,8502.2568,0
4950,29091.0048,13706.88,24454.7664,9276.9684,0
4951,29067.936,15811.3308,23345.076,9298.98,0
4952,31179.4164,15255.528,24714.852,9126.3552,0
4953,33991.074,15413.022,24684.2184,9191.1684,0
4954,36937.8648,14569.1832,24129.8508,9546.4956,0
4955,38844.5328,14275.8396,23198.6712,9634.308,0
4956,39861.2868,15071.9556,21291.7188,9696.894,0
4957,39821.2872,14815.2696,21162.6204,9109.512,0
4958,39013.6068,14010.996,21482.52,9550.0092,0
4959,37807.3764,14598.6276,22076.1504,8899.0572,0
4960,37183.632,15259.5432,22073.478,9014.9808,0
4961,36543.1836,17064.3228,22001.1948,10682.6292,0
4962,39455.6928,19641.1632,20548.3956,12485.9172,0
4963,42404.6304,20629.7484,23026.3944,14550.3828,0
4964,40310.8008,21177.0564,25663.122,11850.0456,0
4965,38270.1444,20966.31,27334.4184,8279.3508,0
4966,36863.7288,19775.4648,28279.6896,6391.9824,0
4967,34211.1336,18651.0756,28585.8864,6162.2628,0
4968,31619.3268,17980.614,27588.204,6333.636,0
4969,29840.6652,15284.6136,27640.7388,6148.2912,0
4970,29208.6408,12718.6404,27706.5624,6082.338,0
4971,28664.262,11536.824,27496.98,5974.074,0
4972,27737.1024,10767.342,27657.9576,5762.7768,0
4973,27505.6152,10376.2056,27494.7036,5706.51,0
4974,27399.936,10689.282,26895.108,5698.1172,0
4975,27648.5172,11164.5948,25698.966,5763.2172,0
4976,29899.2072,11460.864,23369.7024,6040.5828,0
4977,33245.112,11253.0408,20481.5484,6566.2968,0
4978,37274.91,10860.936,17939.52,7040.412,0
4979,40304.3148,10997.8392,16791.3156,7361.8884,0
4980,41264.1756,11671.05,17153.4696,7499.4312,0
4981,41484.0996,11806.5324,16969.0668,7539.8856,0
4982,40699.9068,11349.9156,17536.7604,7405.3464,0
4983,38944.764,11986.2324,17687.2116,7321.8528,0
4984,37294.9236,12132.5892,19449.4284,7170.8964,0
4985,35786.8992,15206.1204,20711.7072,8010.1968,0
4986,37131.4236,19950.0684,19896.5028,10519.554,0
4987,39846.1044,22056.5616,22660.9332,11657.406,0
4988,37335.2424,21776.9496,25783.0728,10431.318,0
4989,36257.856,21825.3096,27111.6732,8225.8068,0
4990,35540.1156,21671.7444,27641.2212,6465.7632,0
4991,33285.3624,21420.2076,27236.9016,6351.552,0
4992,30841.3644,20436.7728,26420.2044,6316.6404,0
4993,30194.9472,17284.2984,25666.5492,6186.0684,0
4994,31074.2304,13389.0336,25533.0348,6124.9392,0
4995,31043.1888,11547.168,25403.226,5987.1108,0
4996,30808.7448,10755.54,25693.8252,5924.1948,0
4997,30988.062,11584.6212,24957.6,6054.8112,0
4998,32440.7604,13629.612,24126.6384,6465.4476,0
4999,33809.3304,16240.5768,24561.018,6872.2764,0
5000,37152.8412,15866.2788,26511.3948,7432.4004,0
5001,40254.3264,16685.4432,26451.738,8174.9256,0
5002,43154.1732,16382.5248,25048.1256,8871.06,0
5003,46502.6064,16230.2352,23730.1932,9204.6756,0
5004,48654.1548,16139.7432,23099.184,9322.1844,0
5005,48788.1192,15102.9768,22441.5288,9245.1348,0
5006,49700.3556,16038.7344,21009.06,9589.7676,0
5007,50310.4008,17012.1048,19021.392,10218.492,0
5008,50600.2704,17868.93,18120.5808,10732.5228,0
5009,49851.2628,20526.5772,15723.876,12817.3968,0
5010,47452.224,21927.2232,15018.8496,15155.64,0
5011,48701.646,22717.1184,17268.7116,16172.16,0
5012,47659.89,22589.2056,18566.1624,15778.4244,0
5013,45961.716,22569.5064,19480.6032,14775.6348,0
5014,45250.6368,22604.9484,19792.2024,13865.946,0
5015,43207.8372,22221.7788,19245.0144,12059.9976,0
5016,40071.294,19932.1704,19154.7072,11317.6644,0
5017,37829.712,19908.7548,18197.3496,9071.9544,0
5018,34896.9516,19690.2024,17774.6952,8501.6016,0
5019,33229.6308,19374.4056,18000.7932,7769.5104,0
5020,32538.1152,18870.762,17834.5836,7847.0856,0
5021,32173.3644,20290.7364,17035.9704,7998.9276,0
5022,35200.632,21220.7328,16020.696,7905.3552,0
5023,39398.838,21222.8004,16296.2832,8079.1572,0
5024,41265.4296,20689.938,19266.9468,8544.7224,0
5025,45027.5928,17879.0376,21345.4392,8992.866,0
5026,46804.6308,15594.258,22096.2936,8733.4236,0
5027,47443.6056,15630.1116,21948.5844,8872.428,0
5028,48423.3348,14720.172,21623.3364,8996.5644,0
5029,48113.2776,13387.4136,20978.4444,9071.4624,0
5030,48105.7248,14857.5624,19950.318,9172.398,0
5031,48371.7504,14802.1884,19853.5344,9655.6884,0
5032,49023.3468,14925.4692,19404.9708,10083.9552,0
5033,49544.3172,18107.3928,16316.1276,11594.2272,0
5034,49115.3892,20338.3536,14772.5412,13736.73,0
5035,48846.1452,21638.5116,17887.4904,17094.5952,0
5036,47580.6936,21617.9484,19344.5892,16378.764,0
5037,46718.0964,21364.4568,20157.33,14402.514,0
5038,44822.13,21350.7924,20726.8704,13832.952,0
5039,42986.3892,20932.5828,18809.1432,13031.2932,0
5040,39234.276,20018.5308,18251.4156,11441.8416,0
5041,36570.5232,18636.7932,18228.966,9198.5496,0
5042,34449.2784,18415.59,17775.4548,7969.4172,0
5043,32943.6636,18724.764,16843.074,7646.6052,0
5044,32246.8752,18710.6376,16696.3788,7425.3276,0
5045,32339.364,18989.9148,16687.8444,7304.1192,0
5046,33773.8488,19507.5756,17116.734,7183.854,0
5047,35797.1508,19874.5692,18854.034,7977.7788,0
5048,37634.478,18974.6136,22729.6776,8080.9464,0
5049,41402.4588,15722.4264,25126.3008,8317.2492,0
5050,43318.4736,13688.8272,25052.154,8663.2356,0
5051,45050.7108,13820.2056,23494.1616,9103.308,0
5052,46208.6988,13882.0176,21932.574,9299.4888,0
5053,46233.0228,13032.0624,20066.7036,9216.084,0
5054,46138.2324,13557.1848,20702.184,9365.922,0
5055,46515.3084,13868.76,21524.268,9168.8844,0
5056,46608.2364,14710.7916,21170.0916,9533.9388,0
5057,45476.184,18315.294,20493.5004,10676.8416,0
5058,45079.7532,20842.41,21107.4156,11388.8664,0
5059,45183.5964,21566.3868,25463.0112,14055.0576,0
5060,43203.1644,21842.7744,27982.8624,12752.718,0
5061,40770.9456,22055.4588,29581.8972,10816.9644,0
5062,39062.5752,22186.5516,29801.3892,9663.2616,0
5063,36622.518,21733.6452,29017.266,8491.0308,0
5064,34355.448,19417.1412,27511.7292,8200.7184,0
5065,31688.4756,16853.8524,26690.616,7733.4696,0
5066,30510.2868,13990.9596,26891.7852,7502.6688,0
5067,29701.4988,12125.4876,27193.4784,7476.6252,0
5068,29146.9992,11183.8512,27446.4144,7643.7588,0
5069,28850.358,12321.4824,27097.9812,7509.738,0
5070,29277.4872,14493.846,26831.1816,7700.9052,0
5071,29992.4784,17232.474,28267.4352,7601.1204,0
5072,33965.1504,17528.0448,29389.2012,7989.4392,0
5073,38493.0348,15540.3948,29170.9776,8436.7884,0
5074,41481.0924,13674.768,27411.3312,8627.6364,0
5075,43798.0716,13648.1088,25470.6408,8996.4492,0
5076,44682.3468,13725.372,24755.7936,9002.8452,0
5077,43983.9084,13532.1768,22428.9504,8803.5564,0
5078,43800.138,13482.2964,23733.0684,9040.464,0
5079,42910.6248,12914.1432,27447.588,8959.4436,0
5080,42023.46,15192.042,27625.9356,8590.2156,0
5081,41221.9812,16456.7796,29178.9288,9034.9776,0
5082,41666.13,19338.8256,27878.9556,10117.4112,0
5083,44364.8628,20894.3496,29653.0956,10947.1152,0
5084,44801.952,22491.024,27641.1564,10106.3928,0
5085,41936.6748,22450.5348,28576.1556,9298.0932,0
5086,40809.6528,21986.1,28786.7592,8614.2444,0
5087,36908.6172,21995.8272,28108.3404,8662.062,0
5088,32918.7576,20774.0136,27463.0692,8197.842,0
5089,30267.4116,18270.6084,26898.4464,7687.0452,0
5090,29563.2492,15200.0556,26650.8972,7658.9292,0
5091,29477.5092,12935.454,26277.7308,7634.3676,0
5092,29216.2872,12156.9972,26210.2836,7629.6528,0
5093,29057.6232,13017.9924,25750.5264,7617.2448,0
5094,29253.6684,15640.2036,25648.3956,7587.672,0
5095,30156.1476,18837.2772,26345.2788,7685.1888,0
5096,36151.5768,16736.8764,27728.28,8280.8232,0
5097,40424.1468,16098.6024,27002.2056,8677.536,0
5098,42857.0244,14226.4908,26686.8408,8816.7468,0
5099,44484.8172,14517.1536,25850.9952,9283.7676,0
5100,45218.9496,14302.4004,25146.3372,9266.7576,0
5101,45427.014,13793.67,22130.5968,9201.5412,0
5102,44588.514,14332.1544,23989.746,9209.5368,0
5103,43580.9808,14480.4888,26618.412,9120.054,0
5104,43203.3108,16402.71,26202.1932,8751.3996,0
5105,42579.2892,18636.6216,25592.4768,8617.0212,0
5106,41735.2428,20479.1856,24890.418,10821.8352,0
5107,42895.6956,21806.6604,27564.1524,12973.1556,0
5108,41891.418,22185.2556,28574.0832,11549.238,0
5109,40132.4496,22313.1228,28897.3092,8876.8764,0
5110,39196.0908,22285.4088,28725.6396,7572.0612,0
5111,36289.1928,21824.676,28221.8112,7586.5968,0
5112,33517.4448,19589.3952,27505.374,7595.2644,0
5113,30500.5824,17081.5296,26808.4752,7572.6912,0
5114,29176.152,14153.658,26870.952,7375.2336,0
5115,27899.7276,12508.9872,26964.7296,7220.3412,0
5116,27254.4132,12091.2024,26631.984,7119.5556,0
5117,27171.738,12350.8056,26103.8484,6906.7212,0
5118,27483.0624,12568.932,25968.4404,6885.1644,0
5119,28115.2704,12440.0976,26742.1068,7038.744,0
5120,32056.542,9798.3096,27903.1044,7557.882,0
5121,36452.2548,10312.8372,25034.0124,7817.9952,0
5122,40063.1592,10973.0868,20886.0108,8112.5052,0
5123,42576.3156,11723.3052,18144.7992,8327.3088,0
5124,43248.834,12402.4008,16947.864,8414.712,0
5125,43354.9236,12175.4184,16073.634,8416.3404,0
5126,42486.4464,12073.1904,16403.4756,8334.9684,0
5127,40741.4748,12258.5736,18047.49,8219.2236,0
5128,39836.7192,11452.3764,21082.5576,8127.5484,0
5129,38373.4752,13535.742,23756.5452,8186.4204,0
5130,38333.7468,16195.668,26202.2088,9259.4208,0
5131,42246.6084,18594.8112,27409.5204,10307.2392,0
5132,41339.0508,17924.7672,27980.6076,9113.3088,0
5133,37875.7704,18194.3304,28037.7804,7693.6008,0
5134,34858.122,18744.5376,28073.4048,7279.9944,0
5135,32174.34,17769.69,27622.968,7084.728,0
5136,30222.8508,16109.2596,27559.5648,7097.9064,0
5137,27864.3468,13745.706,27852.7416,7064.1924,0
5138,26937.306,11653.8216,27182.0808,6897.2604,0
5139,26569.6992,10156.9392,27051.0576,6671.2344,0
5140,26290.6668,9630.6912,26535.1392,6666.2448,0
5141,26359.9944,9882.4692,25054.8576,6884.4216,0
5142,26186.8824,9645.258,25324.7472,6718.6932,0
5143,26351.802,9051.2964,25305.54,6799.4556,0
5144,30057.87,9165.0816,21492.216,6451.3788,0
5145,33677.6808,9336.246,18046.848,7001.7888,0
5146,37142.8164,9493.8912,15203.8872,7561.782,0
5147,39141.8868,10016.7084,13688.1696,8009.358,0
5148,40310.0292,10489.026,13768.1292,8203.542,0
5149,40652.2584,9774.0576,14272.4808,8188.4112,0
5150,39972.6312,9482.718,14085.1956,8159.4972,0
5151,39985.6104,9313.3524,14133.8388,7675.998,0
5152,38025.2628,9713.112,17603.1348,7253.2608,0
5153,35896.4472,11451.6048,21899.4648,7431.7416,0
5154,35601.6276,17181.5196,21834.288,9157.3584,0
5155,40260.0276,18756.966,22471.0968,11701.4052,0
5156,39572.7948,17656.9152,24539.1204,10522.6728,0
5157,37405.6656,17414.3964,26595.1296,8709.7536,0
5158,34923.996,17905.9056,27564.3672,7240.5564,0
5159,31356.2232,17606.5716,28113.8616,7110.5352,0
5160,29211.0576,16488.9024,26339.0232,7238.7912,0
5161,28459.8648,13100.6364,25532.1468,7317.0288,0
5162,27760.0752,10348.968,26723.0256,6952.4772,0
5163,27682.6008,9671.4744,25571.9604,7063.9656,0
5164,27297.6636,8990.2512,25867.7076,7053.4128,0
5165,27344.2704,9436.5744,25768.6272,7197.9648,0
5166,28364.742,12055.326,25773.0756,7153.8336,0
5167,30203.7972,14471.2572,27881.0892,7088.9004,0
5168,34539.2496,14074.9428,28718.1912,7222.2636,0
5169,38755.11,13964.058,28683.7104,7727.2296,0
5170,41585.4024,14228.0832,27736.7124,7996.224,0
5171,43804.4676,14549.2728,27640.3668,8402.2368,0
5172,45022.926,14643.2436,26258.364,8696.0364,0
5173,45111.7704,12392.2884,24721.7496,9361.0764,0
5174,45599.9412,13459.9296,24503.3124,9423.0132,0
5175,46506.4908,14370.2472,24629.418,9131.934,0
5176,45579.3204,15539.3724,24974.9136,9252.9204,0
5177,44501.5644,16060.4124,25888.8864,10350.6744,0
5178,43404.708,16773.7452,24774.7668,12610.7628,0
5179,43492.7904,18638.2512,26990.712,14254.8876,0
5180,43370.5536,18899.0352,27949.542,13111.878,0
5181,43287.954,19001.5536,27965.31,10676.7588,0
5182,41263.2216,18999.1644,29666.3856,8894.5332,0
5183,38361.2604,18226.974,29487.5184,8280.3204,0
5184,34242.9372,17103.0348,28049.2116,7841.3448,0
5185,31980.4692,15186.3252,26625.0228,7568.1072,0
5186,30067.566,14320.212,25620.4692,7388.1204,0
5187,29277.7464,13284.6528,25193.6508,7448.3064,0
5188,29208.0624,12845.8992,24716.2404,7581.66,0
5189,29771.0292,12964.3224,24461.4864,7660.5804,0
5190,31394.9052,14448.5964,24839.7744,7717.3056,0
5191,33442.9344,16787.2296,26738.8224,7872.9252,0
5192,36827.1888,17092.0992,27569.5716,8296.0044,0
5193,41163.1512,17548.8516,26148.3624,8846.9256,0
5194,44244.7716,16073.5548,25309.4424,9451.1568,0
5195,45499.3752,16353.4872,25009.2,9869.1864,0
5196,45758.4144,15858.7476,25163.1048,9986.7312,0
5197,44837.01,14154.4068,24432.6732,9656.22,0
5198,45442.32,15305.2548,24290.5008,9514.38,0
5199,45541.77,16136.4492,25276.0716,9429.6504,0
5200,44465.3388,17491.452,25146.678,9855.0972,0
5201,45007.2,18116.4132,23376.9288,11412.6276,0
5202,44272.5888,17875.4472,22858.5516,13394.8092,0
5203,44272.4076,19299.9576,26888.2608,14141.8728,0
5204,42890.5572,19932.4704,28849.02,12764.178,0
5205,42057.6516,19256.0604,31284.4164,10009.6548,0
5206,41394.6876,19703.088,29937.534,9362.9676,0
5207,38220.5952,19204.7388,29003.1252,8767.5324,0
5208,33551.7792,17851.3104,29157.87,8024.4264,0
5209,30524.4444,14925.1152,29555.4456,7625.0352,0
5210,29601.1632,12914.8884,28750.6284,7469.3892,0
5211,29197.1784,11609.5188,28025.682,7458.3972,0
5212,28683.6564,10938.7188,27917.4672,7555.3128,0
5213,28935.8508,11187.2532,28005.2148,7618.902,0
5214,29313.7728,13778.4588,28273.8204,7610.1324,0
5215,31922.6904,17499.2316,27238.2084,7809.6168,0
5216,34386.4536,17030.9784,30137.0472,8178.4632,0
5217,38850.4956,15809.5188,28666.6092,8741.5404,0
5218,42472.608,13784.6304,27519.1944,8908.7556,0
5219,44320.824,14257.3008,26277.6252,9097.938,0
5220,45336.4404,14161.6608,25689.7452,9330.2076,0
5221,45346.0476,12527.0616,24559.1628,9286.1928,0
5222,45358.2,13465.5756,24936.786,8993.9688,0
5223,44607.3108,14856.294,25805.1912,9083.6964,0
5224,43121.1228,17732.2272,25022.6076,9327.2448,0
5225,42877.0056,19323.3576,24384.1728,9897.654,0
5226,41949.5916,19815.5412,23971.7748,11972.628,0
5227,42936.222,20652.3768,26894.952,13657.8096,0
5228,41342.1648,20408.124,29694.5172,12259.5948,0
5229,41186.934,19744.4688,30984.2316,10260.972,0
5230,39992.8068,19769.064,31846.2276,8701.4892,0
5231,37342.3884,18711.4944,31061.9532,8720.6484,0
5232,33027.0924,17989.0608,30507.0204,7711.9692,0
5233,30423.2088,14913.2892,29932.7916,7711.62,0
5234,29550.2424,12277.68,29057.4132,7623.2592,0
5235,28966.4244,10587.9612,28966.6956,7545.768,0
5236,28647.5052,10209.1128,28662.2388,7542.3084,0
5237,28814.6448,11032.2336,28068.9912,7495.6632,0
5238,29577.6504,12992.7228,28494.888,7623.426,0
5239,31232.982,16502.6436,29022.6036,7755.1536,0
5240,35238.8688,15940.9656,29780.2008,8113.9296,0
5241,40414.4124,14708.844,27750.552,8715.3132,0
5242,42613.17,13781.952,27150.5448,9003.2832,0
5243,44100.8232,14567.5092,25908.6732,9346.5984,0
5244,45429.0912,14531.2356,25537.8876,9372.9276,0
5245,45018.3024,13674.9888,23532.06,9249.8988,0
5246,44841.7608,15017.8956,23465.1252,9022.9716,0
5247,45754.1556,15416.8668,23956.3428,9463.5768,0
5248,44342.904,17154.1332,24237.4212,10141.8768,0
5249,44591.8632,18484.7688,24266.0112,10615.8864,0
5250,42697.4928,18971.664,24984.0528,12703.0872,0
5251,43897.5324,19555.9224,28526.3352,14277.6876,0
5252,44051.4252,19144.1184,30252.93,12453.78,0
5253,42741.7572,19404.6528,31046.202,10235.532,0
5254,40403.2572,20244.1692,31652.382,9056.8404,0
5255,37577.2128,19239.2772,31466.9352,8483.6124,0
5256,33785.5956,18609.006,30059.022,7933.1292,0
5257,30269.9304,16883.5536,29046.6828,7801.8228,0
5258,29323.2216,14296.398,28373.142,7655.742,0
5259,28587.072,13250.2764,27555.7188,7649.0988,0
5260,28550.9544,13032.4488,26592.8652,7710.762,0
5261,28916.2128,13098.6624,26601.8496,7620.4992,0
5262,30143.8356,15315.5772,26432.1168,7670.4348,0
5263,31603.5504,18645.3312,26746.602,8156.6196,0
5264,36846.756,18634.1184,25708.1184,8409.4008,0
5265,41759.4792,16782.0312,26349.8364,8724.084,0
5266,44255.1444,15826.6296,26676.6048,9054.0024,0
5267,44273.8416,17907.4728,26418.5064,9342.3876,0
5268,44970.678,18483.408,25097.724,9251.4348,0
5269,44775.3348,16944.726,23359.6908,9191.1348,0
5270,45830.0796,17625.4404,22693.3152,9374.6736,0
5271,44853.2412,18799.1436,23542.26,9438.5796,0
5272,43220.0532,20271.702,22992.7164,9560.166,0
5273,43583.7876,21410.0688,20108.016,10417.2924,0
5274,44144.3616,21147.642,17887.8732,14378.1,0
5275,44988.954,21200.3688,21699.4716,16072.6032,0
5276,43536.0828,21054.3444,23555.3652,14825.3484,0
5277,42318.888,20143.6608,24798.2628,12617.436,0
5278,40985.0496,20175.9768,25997.856,11093.346,0
5279,38564.5836,19826.8212,25841.0676,10612.428,0
5280,35562.9312,18946.7064,24446.25,10144.3068,0
5281,32154.8868,17902.3992,24024.7656,8512.0752,0
5282,29652.1296,17036.6352,23292.1668,7777.734,0
5283,28534.7628,16083.2352,22806.5088,7670.502,0
5284,28267.008,15579.4584,21864.8064,7662.5256,0
5285,28414.9068,15904.6188,20816.3484,7618.9704,0
5286,29417.9604,16762.032,19406.1,7522.7724,0
5287,29918.7336,16019.6772,21194.85,7573.6092,0
5288,31796.7912,13204.416,24827.058,7866.6456,0
5289,36900.9984,11464.9608,24268.3212,7952.3052,0
5290,40703.5764,11265.0132,21599.5932,7821.8628,0
5291,42963.4728,10788.054,20192.1528,7826.6628,0
5292,44440.3332,10413.7032,19004.3268,8145.6984,0
5293,44198.4636,10091.8332,18332.172,8242.3788,0
5294,43759.77,9695.6388,18062.9712,7837.6236,0
5295,42958.1256,9340.7592,18373.7316,7856.37,0
5296,41524.6704,9677.9184,19186.4232,8451.5256,0
5297,42633.8676,12376.8552,17346.0564,9141.7956,0
5298,43678.1064,17336.2812,15451.2084,11826.8796,0
5299,45528.7056,19289.8644,17852.0196,14445.8292,0
5300,43481.8308,19326.3852,19096.35,14333.9052,0
5301,40666.7556,19547.2464,20073.906,12135.5136,0
5302,38733.8436,19171.5108,21039.5184,10045.902,0
5303,36283.8168,18812.2728,20371.014,9746.6496,0
5304,32946.276,18254.5428,20245.8012,9167.8584,0
5305,30561.5436,16420.074,19921.9644,8216.9472,0
5306,29181.9816,14813.1144,20105.6856,7286.9412,0
5307,28653.1596,13191.594,19704.1644,7183.6908,0
5308,28593.4524,12272.2164,19023.1008,7141.74,0
5309,28663.3116,12487.7856,17812.9188,7134.3528,0
5310,28337.1336,12596.5224,17430.7536,7109.3376,0
5311,28338.4968,11024.1348,18832.4808,7251.3324,0
5312,30794.2812,10306.278,17989.0968,7096.686,0
5313,34868.4444,10809.7584,14250.7872,7357.8336,0
5314,37412.4492,10766.5572,12334.5504,7885.62,0
5315,39374.874,11296.9476,11502.6516,8121.108,0
5316,40360.7484,11767.1952,10989.0972,8296.584,0
5317,40190.3892,11178.9396,10102.4268,8066.1864,0
5318,39217.9464,10245.3444,9139.7916,7873.5216,0
5319,37701.924,10301.178,8744.382,7640.0256,0
5320,37494.51,9639.2796,11052.4596,7278.6804,0
5321,38064.0372,9950.0304,14457.7908,7919.2116,0
5322,38307.822,15464.9088,17232.726,9314.9832,0
5323,40969.494,18216.8292,19753.1928,11701.2108,0
5324,40131.054,17811.8436,20647.0764,12175.5936,0
5325,38795.9376,18019.8336,21080.6796,10838.1048,0
5326,38710.3044,18253.506,21004.7832,8916.234,0
5327,35932.1652,18000.99,21097.3188,7961.9016,0
5328,31584.1464,16175.1108,22832.2128,7322.8476,0
5329,29492.4348,15382.0836,21362.9316,7208.5728,0
5330,28823.1612,13667.904,20661.252,7167.1704,0
5331,28324.9284,11917.8552,21281.982,7151.9196,0
5332,28182.6108,11715.1332,21064.8972,7110.7428,0
5333,28736.1792,11908.3176,20899.3356,7024.0404,0
5334,29836.3104,14449.8084,20737.8408,7000.212,0
5335,31786.392,16076.0136,23068.2144,7198.524,0
5336,35335.3224,14730.618,25314.8856,7569.612,0
5337,40030.4304,12356.43,26309.8452,7940.8128,0
5338,43136.9592,12323.478,24053.5008,8535.0396,0
5339,45277.1976,13175.952,22103.292,8933.7264,0
5340,46243.7268,14155.0416,20052.9708,9502.1724,0
5341,45620.5824,13775.2512,16354.8408,10677.5268,0
5342,44760.75,13877.4168,15715.1712,12156.3048,0
5343,43346.2032,13913.8416,18486.138,12040.7124,0
5344,43147.032,13733.172,19866.84,12228.36,0
5345,44762.7852,15042.9168,18919.5036,12541.4208,0
5346,44552.598,18649.4148,18338.8404,13268.2248,0
5347,45438.0948,19019.0604,22450.1484,15583.626,0
5348,44306.7792,19167.5616,24898.0692,14859.7836,0
5349,42337.524,19462.9788,26138.6004,12825.648,0
5350,40726.794,19496.1648,26576.7864,11421.648,0
5351,38455.5072,19319.7168,26398.218,8982.9072,0
5352,34023.1248,18285.5772,26223.45,7256.7936,0
5353,31297.44,16804.62,24489.1176,7169.094,0
5354,30011.5056,15273.8304,23566.2444,6958.1244,0
5355,29395.1052,14377.5276,23081.6136,6661.6368,0
5356,29126.2944,13975.4076,22598.6448,6691.5636,0
5357,29556.0792,14034.2592,22333.692,6653.9796,0
5358,30305.6136,16342.0656,22619.2236,6715.3236,0
5359,32435.2764,18225.8064,24165.6768,6952.0284,0
5360,37870.6284,14576.2992,27743.9904,7206.342,0
5361,42177.798,13061.616,27033.294,7754.9352,0
5362,43733.0352,12828.5184,25534.7328,8141.0376,0
5363,45929.0856,13039.3848,24189.0468,8438.8248,0
5364,46418.9952,13683.9168,23696.7972,8380.896,0
5365,46021.902,12760.2204,21917.6112,8150.6916,0
5366,46205.3376,12870.7896,22312.812,7886.2764,0
5367,45096.3372,12699.0108,23851.1352,8823.3732,0
5368,44062.6068,14083.2132,23622.1332,9117.2496,0
5369,45257.3544,16232.8176,22441.806,9121.278,0
5370,44739.6408,18198.9108,21940.9308,10654.6632,0
5371,45294.7944,19781.7708,25942.6944,12868.3656,0
5372,45159.3924,19414.116,27586.2432,12349.4124,0
5373,44604.0708,19374.5148,28214.0328,9937.6188,0
5374,42695.0784,19006.692,29685.6936,8063.4924,0
5375,37943.706,19537.8264,29767.08,6982.4148,0
5376,33816.2172,17382.2196,29103.4908,6882.1104,0
5377,31306.29,14329.5612,28146.3156,6921.7452,0
5378,30090.9636,11620.8948,28321.3116,6918.7716,0
5379,29412.8928,10257.3144,28341.9444,6849.8892,0
5380,28969.7688,10653.9528,27594.2904,6717.462,0
5381,29482.4412,10965.8772,27128.1384,6690.3204,0
5382,30823.9284,12636.0348,27364.6272,6726.882,0
5383,33407.0244,14598.9336,28416.0864,6950.0064,0
5384,37005.3192,15258.0048,28548.1284,7506.8052,0
5385,40611.4824,15095.8764,27682.248,7904.1372,0
5386,43021.6704,14325.4644,25776.7536,8050.5708,0
5387,45940.3656,14703.3804,23653.6884,7986.9648,0
5388,47886.672,14582.928,22250.6856,8151.2304,0
5389,47891.064,14252.952,19144.5588,8177.9724,0
5390,47947.848,13623.5256,20346.0456,8292.9408,0
5391,46971.0216,13940.7492,22400.8896,8357.0376,0
5392,46363.866,14398.59,24407.2944,8140.8804,0
5393,45498.6072,17266.056,24186.4176,9147.156,0
5394,45076.1052,18144.2748,24015.0288,10866.9228,0
5395,46696.5204,18992.3892,26530.4976,13709.2908,0
5396,46139.364,18954.2508,27933.0744,12751.314,0
5397,44929.1244,18931.5456,29351.8824,10345.8492,0
5398,43622.8884,18859.5288,30041.4936,8576.9892,0
5399,40263.084,18023.664,29741.5644,7698.9108,0
5400,37373.9424,16421.9532,27779.0364,7277.2644,0
5401,34058.2236,13960.4736,26761.4208,7230.102,0
5402,32427.8472,11704.5816,26733.984,7290.7932,0
5403,31699.5612,10861.5672,26556.834,7205.5572,0
5404,31545.2112,10019.4468,26426.262,7230.0864,0
5405,31402.0668,10765.2552,26102.0652,7219.3188,0
5406,31482.522,14098.6548,26024.0232,6980.7684,0
5407,33919.7952,16154.4948,27610.3656,7073.9016,0
5408,37952.7972,15788.1096,28247.3256,7509.8616,0
5409,41715.5064,15015.9672,27312.7908,7997.7756,0
5410,42994.9812,13930.6764,27588.2184,8138.838,0
5411,44766.1104,14022.5724,27254.0304,8546.7612,0
5412,47817.3024,14425.4976,24446.6196,8645.076,0
5413,48452.7996,12654.7308,22158.7752,8445.6804,0
5414,48730.5732,12936.2364,22557.4908,8626.7052,0
5415,48103.512,13342.3836,24172.6716,8706.3408,0
5416,48480.5052,13836.7872,23477.5932,9024.294,0
5417,48619.8012,16672.5,22374.546,9490.3632,0
5418,46749.7728,19707.8652,20795.2632,12199.2948,0
5419,47066.9508,19987.6536,24324.6264,15277.4772,0
5420,47020.5588,19940.2476,26664.4704,13350.8316,0
5421,46306.674,20232.048,26477.0112,11070.4812,0
5422,45002.4456,20141.8464,26621.4288,10011.96,0
5423,39732.0276,19460.646,28695.732,9483.8976,0
5424,36064.482,17895.744,27424.362,8890.1724,0
5425,35070.1368,13788.3012,26520.5184,7886.3916,0
5426,33741.3,11928.3012,26492.6952,7231.824,0
5427,33024.0648,10708.7892,26178.2028,7214.808,0
5428,32819.3784,10001.8176,25994.6868,7082.9508,0
5429,33461.5044,9777.4164,26098.9188,6932.0496,0
5430,34055.214,12520.518,25772.8668,7008.1104,0
5431,35350.662,15329.7984,26844.258,7390.1016,0
5432,39042.0084,15747.3636,27080.1204,7655.082,0
5433,42229.0428,16947.3732,25913.418,7995.5448,0
5434,43737.7704,15103.4088,26321.2644,8537.5188,0
5435,45838.4148,14337.8832,25544.5632,9234.87,0
5436,46948.8816,14198.1324,23869.902,10056.9708,0
5437,47495.742,13271.436,20771.0052,10314.3696,0
5438,47271.2064,13116.5676,20264.73,11650.782,0
5439,46491.3396,13360.6656,21757.89,12131.268,0
5440,46407.1632,14638.3368,21682.3452,11862.4272,0
5441,46848.696,15905.4456,21446.6436,11501.5872,0
5442,44830.0704,18584.5152,22698.09,12757.7736,0
5443,45070.9116,20412.9168,25406.646,14675.7312,0
5444,44908.1124,20672.9748,27386.7672,12337.9068,0
5445,43885.4952,20353.812,27677.502,9860.9772,0
5446,42197.7168,20053.8756,28947.9672,8394.6108,0
5447,40085.8044,19963.9992,28165.9536,7852.4832,0
5448,38034.354,17163.8844,26995.254,7894.6788,0
5449,34092.1944,15423.432,26475.2136,7630.2684,0
5450,31506.774,15219.6072,25918.5936,7129.5612,0
5451,30251.7972,14091.2004,25869.6768,6972.6516,0
5452,29365.1124,13718.526,25168.5732,6787.7928,0
5453,29076.0204,14318.5872,24549.0528,6722.8788,0
5454,28982.7192,15140.3508,24163.746,6766.0656,0
5455,30111.2256,14571.054,24784.6644,6913.8108,0
5456,35136.5616,11025.7068,26127.33,7464.0024,0
5457,38665.1532,11059.3212,25197.9144,7615.4616,0
5458,41518.3236,11224.5948,22598.2248,7798.8,0
5459,43894.722,11907.7128,19520.1396,8240.4804,0
5460,45113.5656,11994.2148,18295.5732,8735.9112,0
5461,45372.1956,11667.6396,17320.6824,8745.2808,0
5462,44879.418,11336.6256,16875.576,8800.542,0
5463,44611.3044,10794.4116,17591.952,8359.5576,0
5464,44333.9724,11070.8532,19169.0004,8154.2808,0
5465,43699.9452,12597.8952,20546.6436,8436.144,0
5466,41986.6596,15863.9748,25201.6716,9329.2728,0
5467,43866.0276,17732.5236,28414.6392,11380.9092,0
5468,43471.3272,17997.414,28817.802,9616.8912,0
5469,41057.178,17089.7928,29313.7512,8300.5728,0
5470,38435.124,16267.4256,29453.8824,7738.3476,0
5471,35288.4888,15399.1464,29305.2588,7621.4868,0
5472,32691.9372,14680.7976,28478.0544,7378.32,0
5473,29745.7884,14316.5208,27312.8688,7277.3412,0
5474,28092.798,12518.1036,27282.9408,7030.6356,0
5475,27320.3868,10809.2412,27241.8468,7051.902,0
5476,27204.6048,9946.6056,26711.9376,7051.8336,0
5477,27195.144,9777.8616,26164.7652,7116.4848,0
5478,27083.6424,10631.6904,25017.7776,7090.272,0
5479,27654.0444,10552.5864,23853.9828,7086.5412,0
5480,30665.7228,10253.9928,21763.4508,7098.9144,0
5481,33898.7004,9984.2856,18879.144,7436.8632,0
5482,37040.07,10561.7124,15305.322,7685.4672,0
5483,39768.102,11535.5832,12378.438,8092.4796,0
5484,41075.6844,12558.1008,11832.5412,8503.7124,0
5485,41159.6748,12424.2072,11521.6128,8619.5124,0
5486,40343.7276,12185.484,11387.5236,8523.1944,0
5487,38668.8696,11287.3044,13015.5264,8020.9344,0
5488,37182.6792,10866.5664,16405.974,7833.0564,0
5489,35727.7008,11848.7868,22214.5968,7710.6192,0
5490,34911.4788,15326.5728,26081.2944,9265.4844,0
5491,39139.38,16936.7172,28121.3076,11410.9992,0
5492,39503.7192,17291.8752,28569.3888,9762.4692,0
5493,37929.3084,17762.8824,28826.2932,8307.1824,0
5494,36006.1908,17835.5256,29003.5428,7865.3124,0
5495,32584.2492,17603.154,29031.5052,7839.6888,0
5496,30521.3124,15381.7584,28450.7388,7802.2764,0
5497,30041.5896,12188.9472,27616.3872,7674.4668,0
5498,29508.0828,10544.9004,27144.678,7552.0128,0
5499,29034.1416,10143.3888,26345.4084,7511.9724,0
5500,28886.4924,9931.206,25906.2432,7400.5932,0
5501,28970.1396,10230.6684,26164.1832,7336.5396,0
5502,29427.3996,12684.9036,26698.9452,7604.2992,0
5503,32052.204,15609.1344,27190.2732,7752.9216,0
5504,37261.1136,15129.8292,26278.0824,8412.6636,0
5505,42403.1952,14809.8768,24528.6216,8787.9216,0
5506,44512.8852,14278.4076,24025.4364,9180.4884,0
5507,47234.5272,13492.542,23521.4328,9432.8256,0
5508,48277.1124,13621.1148,23030.7012,9585.7284,0
5509,47594.2176,12974.046,22064.5632,9521.6268,0
5510,47600.3028,13938.9696,23038.3728,9358.1268,0
5511,48921.474,14150.3676,24081.888,8753.4,0
5512,49551.1152,14924.358,24034.9332,8515.3296,0
5513,49258.0884,17263.476,23065.2144,8423.9028,0
5514,44979.8532,18894.1356,24026.334,10850.9712,0
5515,44660.7084,20262.8304,26680.8624,13770.4956,0
5516,43769.9172,21658.1508,28581.3912,11615.9148,0
5517,43325.5416,21766.1556,29129.7384,9193.3128,0
5518,42192.8484,21610.644,29007.7848,8317.3788,0
5519,38991.9516,21042.6636,28705.8516,7642.7232,0
5520,35080.1736,18575.7,28237.8696,7651.2324,0
5521,34831.5852,12656.1648,27750.9924,7334.0484,0
5522,35568.8532,8682.9192,27722.6208,7217.688,0
5523,34691.4816,7478.7336,27637.5336,7189.6812,0
5524,34197.9696,7398.8124,27179.3904,7360.7232,0
5525,34427.2128,7529.0616,27100.4304,7371.0684,0
5526,36061.4916,8777.6568,27121.2132,7559.1804,0
5527,37385.4312,12609.2064,27673.6428,7471.8264,0
5528,40098.51,13267.3152,28374.8088,7805.4216,0
5529,42416.0292,14347.1076,27672.504,8030.5848,0
5530,45194.1468,13928.1936,25818.3444,8616.8568,0
5531,47886.1272,13791.4056,25201.8,8920.74,0
5532,48598.386,15903.2328,23560.4388,8797.0272,0
5533,48397.0224,14686.7652,21492.2928,8795.304,0
5534,48211.2984,14184.7428,23367.0948,9045.9564,0
5535,48422.1396,14738.0508,25565.292,8444.0616,0
5536,48867.5436,14816.5236,26995.8228,7921.9968,0
5537,49567.5468,16700.304,26276.8764,7698.6684,0
5538,45970.848,18687.0384,26008.2048,9711.4704,0
5539,45710.0952,19498.4004,28943.5788,12011.0772,0
5540,45412.6824,19544.1924,31078.458,10009.542,0
5541,44940.3036,19818.6768,31208.5224,8234.1084,0
5542,43675.62,19979.196,31221.5544,7196.0868,0
5543,41075.5848,18571.2516,29925.4812,7223.1024,0
5544,39308.6544,15200.7528,28607.784,7227.33,0
5545,38164.2528,11332.206,27905.5872,7182.39,0
5546,36943.032,8745.168,27414.1104,7204.2612,0
5547,34997.0412,8453.7252,27322.0344,7202.376,0
5548,33670.5804,8286.3744,27403.4748,7188.9948,0
5549,34011.5952,8398.758,27108.2964,7184.4024,0
5550,36264.4776,9463.08,26967.9504,7181.6436,0
5551,37073.9376,12382.1256,28587.7644,7311.9252,0
5552,39949.386,13227.7128,29400.678,7808.37,0
5553,43609.6152,14065.2096,27627.6984,8310.1548,0
5554,47696.538,13544.9832,24210.8076,8714.0328,0
5555,48517.0164,13803.0744,23859.3108,9265.1184,0
5556,48310.902,14355.0216,24045.9312,9481.038,0
5557,47490.1776,13253.6112,23502.3768,9384.0504,0
5558,48593.2884,13800.8616,24022.3224,9272.0124,0
5559,48837.6336,14439.0432,24440.4516,10106.1276,0
5560,48934.7904,15022.0188,24795.168,10206.6,0
5561,49426.8912,16187.4636,24074.244,10080.9888,0
5562,45993.2292,18688.89,22215.1272,13103.2956,0
5563,46146.5976,19406.8008,24152.3112,16139.1264,0
5564,45420.51,19855.2912,27240.6612,13022.952,0
5565,45228.2652,20041.8036,29350.404,9206.718,0
5566,43281.384,19671.0552,29968.0404,9113.526,0
5567,40512.7032,18519.3768,29506.482,9036.9348,0
5568,38677.2504,15269.3976,28603.5408,8824.7736,0
5569,38017.794,11640.2328,27435.1344,8175.2892,0
5570,36967.494,8959.584,27168.8508,7980.324,0
5571,36112.8468,7902.384,27472.494,7465.9452,0
5572,35302.1784,7865.226,27283.5588,7442.3076,0
5573,35303.9196,8184.2112,26981.3736,7464.9048,0
5574,36912.0516,9973.554,26611.8408,7507.3536,0
5575,37699.4964,12989.1552,28108.332,7677.8556,0
5576,42210.2856,12797.0592,27968.3796,8235.7716,0
5577,45466.7784,13036.8156,26688.786,8564.5164,0
5578,47742.9804,12632.1276,25483.5108,8890.5624,0
5579,49579.0548,13461.2196,23720.0652,9231.0576,0
5580,49934.7804,14403.0264,22956.6456,9385.8852,0
5581,49792.9248,12990.0084,22068.6696,9328.5312,0
5582,50230.0164,13858.08,23881.3056,9188.4744,0
5583,50967.2412,14329.2864,26083.7508,8908.3908,0
5584,52333.4136,14656.416,26030.2692,8630.4468,0
5585,53241.8124,15755.8644,25248.3108,8234.2944,0
5586,49362.6396,17326.9152,25462.4784,10718.6244,0
5587,48718.7628,18475.074,27656.4012,13032.366,0
5588,47617.7808,19465.362,29974.7316,10436.112,0
5589,46385.4684,19741.5936,30545.6544,8382.5604,0
5590,44807.6148,19799.514,31280.7972,7504.5444,0
5591,42974.7492,18321.018,30533.5812,7523.1624,0
5592,40390.0296,15543.0876,29786.3964,7630.5936,0
5593,38453.8032,11205.8424,28780.3812,7662.8304,0
5594,36700.2384,8586.6936,29355.6816,7689.6144,0
5595,35457.0048,8065.5024,29216.5296,7429.8432,0
5596,34905.2988,7921.3212,28834.7784,7242.732,0
5597,34797.7776,8755.458,28357.296,7247.2212,0
5598,36074.3832,10605.774,28035.342,7202.6772,0
5599,37747.14,12749.6148,28434.1812,7472.0604,0
5600,42487.0284,13233.0276,28015.5408,7986.1452,0
5601,44773.8552,13725.3036,28157.5056,8494.4724,0
5602,46345.11,13819.0356,27295.488,8900.808,0
5603,48840.5148,14268.0588,26050.488,9161.9016,0
5604,50453.2152,13671.7536,25969.818,9057.1044,0
5605,49583.5704,13239.666,24846.918,9040.3512,0
5606,49554.3516,13792.5408,26188.2336,8917.896,0
5607,49763.2764,15495.4392,26625.3768,8449.962,0
5608,49994.3376,16028.3064,27182.9628,8069.9592,0
5609,50266.512,16690.2648,27106.7148,7560.2916,0
5610,47286.4452,19323.1512,25731.9324,9338.1516,0
5611,47962.6548,19572.9708,28439.7276,10976.5356,0
5612,48106.4832,19398.8148,29653.8,9014.8788,0
5613,46880.6208,18468.3612,30035.5428,7760.3664,0
5614,44888.046,19060.3692,30304.2396,7063.0056,0
5615,41998.5924,17616.7056,31343.0916,7061.7732,0
5616,39033.1608,16457.67,30285.8304,7136.1468,0
5617,38121.3408,12723.738,30133.1076,7139.6364,0
5618,37396.6644,9416.2272,29859.3984,7135.0332,0
5619,36613.0416,8172.5076,29342.3916,7128.1872,0
5620,35416.32,7715.808,29274.8496,7130.7852,0
5621,35128.4892,7681.5072,28676.9592,7035.7668,0
5622,35695.3944,8166.6552,27695.844,7084.8432,0
5623,36483.9588,8212.17,27163.8624,7233.438,0
5624,39479.8008,8239.6404,26981.4852,7590.2892,0
5625,42435.0384,8172.096,26456.5632,8014.116,0
5626,44190.3744,8143.3752,26075.73,8139.0216,0
5627,46006.2564,8432.0784,25504.2468,8595.2604,0
5628,46863.0612,8988.0336,25063.6812,8792.2152,0
5629,47584.272,9000.8076,23468.6616,8628.0396,0
5630,48008.0016,8839.8732,22865.5104,8405.0604,0
5631,47762.412,8449.2252,23600.0532,8226.5604,0
5632,46457.3748,8834.214,25879.1892,8077.11,0
5633,44487.6612,12957.1452,26007.9936,7877.6532,0
5634,44204.3208,15846.0144,25669.3704,9545.622,0
5635,47778.6072,15360.306,27404.4744,11928.204,0
5636,47732.118,15237.684,28855.656,9721.2732,0
5637,45388.2792,15348.528,29934.852,7529.7612,0
5638,43145.7276,14973.948,29825.2164,7133.1276,0
5639,41446.7592,15191.1036,27697.3704,7136.7732,0
5640,39057.3216,13432.5888,27181.2768,7116.8496,0
5641,36950.4612,11570.844,26575.7172,7106.2044,0
5642,35424.2532,9917.5548,25991.6976,7053.7896,0
5643,33894.5964,8631.1404,26060.772,7020.7548,0
5644,32627.4192,7809.1476,26195.9988,6953.5032,0
5645,31580.1216,7502.4492,26242.6932,6975.3384,0
5646,31329.3756,7693.1148,25633.2276,6962.0088,0
5647,31309.572,6587.6472,26331.8832,6994.8996,0
5648,33663.5472,4817.3676,26321.6424,7267.8816,0
5649,36754.3824,4900.698,23631.9012,7560.918,0
5650,40098.3036,5386.788,20823.7584,7870.5084,0
5651,42359.64,7119.5964,18244.1604,8240.2932,0
5652,43651.4688,7868.2716,17884.14,8839.9404,0
5653,43759.4568,7676.004,17342.8344,8846.9568,0
5654,42913.3812,7210.326,16963.4652,8853.9852,0
5655,42145.2468,6804.06,17550.7452,8332.284,0
5656,41318.4444,7471.9044,19063.1868,7923.5232,0
5657,41589.7668,9199.9164,20522.9292,7866.1548,0
5658,39164.8992,16460.196,22286.6652,8578.1304,0
5659,41406.6012,17859.3684,25873.974,10783.0116,0
5660,41235.168,16637.2476,28780.632,9313.6368,0
5661,39134.3064,16155.3264,30585.6564,8247.2664,0
5662,38052.69,15445.614,30385.6512,7502.6844,0
5663,36582.3552,14770.0884,28586.0844,7500.27,0
5664,34336.872,12677.55,28109.442,7511.4984,0
5665,32120.2344,11187.504,27558.9168,7428.534,0
5666,32126.8884,8503.926,27315.8568,7225.3728,0
5667,31762.8552,7118.6808,27205.7196,7387.9776,0
5668,31572.8604,6817.5312,27041.5068,7280.8488,0
5669,32189.2992,6995.3892,26914.758,7207.062,0
5670,32619.4236,8274.5928,28589.4744,7360.4064,0
5671,34791.6612,10719.4032,29806.9464,7550.7936,0
5672,39624.6528,12031.56,27146.0436,8094.8856,0
5673,43390.5768,13231.6536,25855.9188,8583.1572,0
5674,47025.9252,11650.1064,25277.7636,8933.9952,0
5675,49981.4616,11300.4312,24691.7544,9296.4792,0
5676,49508.046,12912.0576,23848.0884,9434.2296,0
5677,49107.1584,12058.638,22392.462,9371.1744,0
5678,50462.5404,12288.4344,22359.2796,9523.1556,0
5679,51255.96,12421.7532,23842.092,9205.6536,0
5680,51421.8444,12371.388,25263.6876,8738.4972,0
5681,51814.1892,13468.5504,26133.2628,8337.99,0
5682,48687.5172,15625.8972,26912.9532,9098.7828,0
5683,49467.9324,15746.4816,29674.434,11073.072,0
5684,49254.924,15321.4716,31867.71,9568.3752,0
5685,48530.07,14869.0056,32461.3728,8044.9068,0
5686,47302.9752,15356.658,31336.758,7838.9712,0
5687,43822.284,16124.5548,29287.0068,7571.094,0
5688,39765.0324,14367.6348,28202.4408,7540.5936,0
5689,35915.3184,12323.6484,27964.2108,7550.9796,0
5690,33096.0144,11422.4916,28000.266,7534.5036,0
5691,31326.6756,10661.9352,27947.7444,7534.6404,0
5692,30577.404,10476.7356,27675.0336,7523.568,0
5693,30530.2644,11136.7164,27654.3648,7516.5204,0
5694,32582.8248,12732.0636,27437.8188,7528.4112,0
5695,36076.722,13578.672,28541.646,7679.862,0
5696,42783.102,11726.7024,28439.6772,8083.032,0
5697,44939.2092,12413.3544,28255.6596,8661.0564,0
5698,46081.4436,12766.722,27833.0244,9108.2412,0
5699,47524.722,13837.1184,27188.5704,9385.3356,0
5700,48371.0556,15333.7824,25996.0152,9472.3056,0
5701,47564.4612,13502.514,25134.51,9511.9368,0
5702,47738.7432,13249.9032,26659.7424,9387.522,0
5703,47519.5248,13965.6648,27921.768,9074.7312,0
5704,47368.4544,15060.9012,27966.8376,8656.9476,0
5705,50032.3356,15674.9184,25325.3292,8131.0464,0
5706,48761.2104,16690.446,24810.744,9038.7648,0
5707,47835.156,19392.7332,27326.5152,11001.6888,0
5708,48747.9168,18277.464,29317.3764,9740.514,0
5709,47533.8528,17602.2204,30626.1456,8034.7248,0
5710,46077.486,16982.6628,31308.4632,7585.4136,0
5711,43388.5536,16985.5536,29220.3564,7504.6752,0
5712,39373.662,14535.9108,28655.1288,7429.8468,0
5713,35150.2044,13282.9164,27835.9932,7422.9924,0
5714,32246.3028,12247.2324,27554.7468,7423.1388,0
5715,31072.6044,10990.5048,27551.4984,7434.7248,0
5716,30922.572,10176.3264,27321.57,7468.4376,0
5717,31126.9392,9949.0224,27817.3716,7481.5608,0
5718,32827.2312,11153.8308,27978.8952,7491.1272,0
5719,35186.8956,13793.6172,28512.7428,7648.1676,0
5720,39808.9296,13312.524,28201.7328,8093.9232,0
5721,42319.2372,13506.3792,28078.6668,8527.962,0
5722,45945.7488,12444.6768,25961.6808,8869.8036,0
5723,47605.7352,13569.4212,24863.0976,9050.1768,0
5724,48254.412,14681.6424,23883.2172,9179.9676,0
5725,47092.3176,13318.4796,22692.2952,9150.6396,0
5726,47772.9372,13739.2356,23092.7508,9172.7148,0
5727,48397.98,13674.0672,23936.7216,9137.5896,0
5728,49892.9568,13081.944,24397.4436,8572.6512,0
5729,53924.538,13456.7028,23494.884,7948.4292,0
5730,50822.3916,15804.942,24032.976,8933.85,0
5731,50569.6404,16857.78,28140.2004,10797.558,0
5732,50307.0948,17604.0648,28431.4104,9578.5752,0
5733,48070.62,18955.6512,28702.5048,7724.4588,0
5734,45458.184,18810.66,29467.3512,7565.6196,0
5735,42349.464,17639.0136,29784.6444,7503.7404,0
5736,38650.0104,14872.206,29746.4652,7432.7052,0
5737,35161.3308,13258.6716,28834.3716,7426.5912,0
5738,32327.1144,12210.3108,28640.7732,7382.6424,0
5739,30875.3112,10889.1612,28810.4796,7395.7836,0
5740,30289.806,10292.4756,28857.5376,7360.9236,0
5741,30416.6028,10634.4552,28514.3796,7326.8172,0
5742,31146.6888,13230.9048,28264.38,7286.418,0
5743,33610.0608,15386.9988,28891.932,7503.9984,0
5744,38369.2344,14745.6372,27674.94,8042.2044,0
5745,41973.456,14499.6684,26250.3768,8528.0292,0
5746,44585.994,12510.7068,25879.776,9183.1944,0
5747,46920.4872,12474.8316,25590.8172,9324.2316,0
5748,47694.0732,12849.6588,25487.6832,9324.1572,0
5749,46700.8008,12584.97,23788.6452,9057.9588,0
5750,46906.77,13284.1908,24660.6828,9104.2656,0
5751,47482.3452,14335.3104,25326.756,8942.8764,0
5752,48373.6284,14900.3508,26202.1488,8302.284,0
5753,50385.606,16040.0496,25475.2272,7945.2048,0
5754,47785.2924,18340.1376,25672.698,8783.3148,0
5755,47960.862,18559.4148,28803.762,10736.5104,0
5756,47756.2392,18374.3484,30628.8336,9310.7448,0
5757,46274.6904,18128.9664,31212.7248,8104.074,0
5758,44619.7224,18455.382,31846.7112,7494.732,0
5759,41866.8696,18248.616,30586.0644,7475.166,0
5760,38161.992,17670.7836,28273.5024,7397.2056,0
5761,35836.8648,14846.784,27597.3108,7356.2688,0
5762,33285.1176,13514.6556,27224.514,7319.478,0
5763,31880.7636,13771.1592,25765.7028,7328.1804,0
5764,31396.17,12863.0616,25709.7492,7364.4048,0
5765,31820.7324,12680.0412,25673.2296,7335.1896,0
5766,33034.9872,14465.2536,25669.644,7208.238,0
5767,34102.4436,15600.6444,28489.6596,7283.7912,0
5768,37798.662,15609.8604,28572.5088,7830.234,0
5769,41253.7044,16072.7484,27670.9092,8364.486,0
5770,44299.614,14726.6904,27333.876,8860.17,0
5771,46766.16,14928.3096,26178.882,9131.4312,0
5772,47751.2904,15160.1556,25728.4284,9107.3448,0
5773,47194.8804,14389.128,23570.7576,8969.5092,0
5774,46958.46,14908.7724,24636.8496,8817.2304,0
5775,47194.3512,14748.0396,25671.5016,8575.0884,0
5776,46542.1284,15067.554,26880.3612,8217.5304,0
5777,46622.8692,16385.3304,26180.622,7719.8748,0
5778,45540.0192,19150.0476,25318.1784,8726.7408,0
5779,46087.2732,19015.6428,28785.3444,10973.7744,0
5780,45095.9568,19866.4464,30631.2708,8908.3368,0
5781,43352.5548,19509.2292,30887.946,8042.76,0
5782,40890.4992,19298.802,32460.3708,7319.2272,0
5783,38484.1344,18377.2488,32338.9104,7310.8512,0
5784,36101.2116,16250.7312,31278.828,7314.7632,0
5785,33996.2724,13158.8352,30659.6424,7354.8036,0
5786,32870.1708,11164.6344,29561.5812,7252.5144,0
5787,31750.0932,10238.7,29344.9548,7100.9124,0
5788,30738.7656,9755.736,29593.434,7030.8564,0
5789,30646.9392,9912.9624,29293.5828,6966.8856,0
5790,31186.2588,10464.0708,28525.0356,6887.1888,0
5791,31922.4972,11598.726,26856.1752,7064.244,0
5792,34716.8808,11727.6864,26266.1856,7098.204,0
5793,36715.8612,12005.6928,26059.4172,7000.5708,0
5794,38661.7848,12094.8432,24450.0216,7173.4632,0
5795,41242.2888,13102.0644,21690.102,7541.718,0
5796,43139.9436,13338.7956,19873.338,7852.3104,0
5797,42886.3008,13335.312,18961.47,7727.562,0
5798,42091.4064,13291.8372,18892.1532,7543.626,0
5799,41417.0916,13074.8772,19303.7676,7340.022,0
5800,39156.6168,13739.5392,20250.5028,7043.202,0
5801,39753.8388,14611.7184,21202.8072,6706.2864,0
5802,41762.1108,16805.3472,22086.936,8711.0628,0
5803,44546.3448,17999.034,25810.8,10924.776,0
5804,43527.8736,18544.9884,28342.4136,8068.3524,0
5805,39524.5056,18649.5624,29815.278,6599.124,0
5806,36711.9468,17328.27,30737.8368,6176.2032,0
5807,34877.898,15947.0232,30467.9112,6066.0456,0
5808,33123.768,15129.1608,29174.6712,5979.1332,0
5809,30516.8664,13413.0888,29199.4944,6051.1836,0
5810,29625.9072,10912.128,29084.5896,6064.2648,0
5811,29029.086,10241.862,28480.5936,5989.4448,0
5812,28660.068,10114.9404,27781.7292,5671.6272,0
5813,28406.0676,10262.3268,27063.2352,5612.6868,0
5814,27939.852,10516.6776,26766.0636,5552.688,0
5815,28433.61,8668.7748,26929.3728,5666.9916,0
5816,30738.6924,8056.6068,24443.202,5954.7648,0
5817,33788.73,9215.052,18853.812,6874.0404,0
5818,37619.6772,9832.7424,14771.712,7119.7452,0
5819,39517.8132,10847.3292,13348.62,7421.544,0
5820,40634.124,11501.7972,13305.3744,7662.57,0
5821,40825.8708,11682.3,13135.362,7483.2228,0
5822,40097.5596,11220.2532,13465.4484,7357.4016,0
5823,39291.4872,10733.52,14518.3896,7067.6496,0
5824,37929.0648,10966.314,17282.2008,6641.2068,0
5825,37437.7212,12241.0452,20711.3088,6238.9656,0
5826,37748.46,15669.0708,22884.2244,7712.6724,0
5827,40257.0684,18065.1096,26266.7076,9389.772,0
5828,39647.1564,18556.6308,28123.9788,7749.696,0
5829,37756.9152,18125.3484,29692.5528,6297.8784,0
5830,35995.2528,16725.7344,31412.676,5920.344,0
5831,33616.6392,16338.48,30833.22,5906.4228,0
5832,30816.924,15658.518,29422.704,5860.1268,0
5833,28152.4356,14840.9628,28901.1708,5471.5776,0
5834,26669.214,13362.0024,28853.9952,5477.82,0
5835,26233.6944,12415.4832,28584.0696,5465.6364,0
5836,25826.412,12010.35,28699.752,5467.428,0
5837,26067.93,12245.5464,28709.7108,5459.9016,0
5838,27756.9276,14171.9292,28307.3052,5456.6256,0
5839,30064.0068,15488.3736,29597.3484,5646.2424,0
5840,34519.6992,14747.7816,29322.9432,6233.526,0
5841,36996.024,15497.6316,29618.964,6805.8564,0
5842,37758.6108,15800.5452,30568.8768,7368.8844,0
5843,39992.5944,16037.9772,31302.126,7808.016,0
5844,42011.5356,16242.0048,30418.2828,8067.2988,0
5845,41809.7964,14463.8172,29352.1068,8117.7996,0
5846,42341.9844,15426.024,29881.872,8064.732,0
5847,43543.5732,16195.2636,29155.176,8319.264,0
5848,45322.2576,15799.0332,28209.5796,7982.7804,0
5849,47682.6792,15279.3516,27480.27,7805.4876,0
5850,44314.9608,17298.6288,28281.7932,8832.306,0
5851,45615.8868,17181.5436,30731.052,10417.1712,0
5852,46721.1276,17449.0872,31281.1488,8993.2836,0
5853,46011.3444,17545.68,31339.9452,8117.2056,0
5854,43653.042,18479.9844,31506.9168,7593.4296,0
5855,41507.0688,17370.1464,31228.212,7138.5,0
5856,39190.3728,13826.6904,30289.1172,7203.7104,0
5857,36862.5204,11841.6432,28678.4652,7150.236,0
5858,33730.0488,11362.83,28651.1736,7131.006,0
5859,30673.8024,11158.6968,29388.2604,7180.398,0
5860,30617.28,10302.5424,29472.7164,6949.1184,0
5861,30509.4216,11111.6508,29125.488,6881.646,0
5862,31378.4784,12819.5328,29350.5432,6858.7248,0
5863,33073.7988,15051.0684,30127.662,7044.0852,0
5864,37432.1268,15133.2864,29144.3616,7629.7596,0
5865,39580.2072,16513.4208,28438.962,8115.7884,0
5866,42215.4336,16500.336,27818.1948,8131.5456,0
5867,44963.7468,15800.184,26962.0512,8522.85,0
5868,45521.0316,15894.9,26741.028,8617.4124,0
5869,44727.5016,15793.782,25173.804,8533.3596,0
5870,44588.6952,15723.498,27969.2472,8446.3968,0
5871,44017.2492,16146.3552,30228.2808,8341.7628,0
5872,44128.1376,16234.8336,31302.9144,7756.1412,0
5873,45908.4048,15865.2864,31449.618,7307.3544,0
5874,44507.4468,17225.832,30822.7428,8306.8548,0
5875,45503.7936,18436.7232,32497.8444,10060.6044,0
5876,46247.0748,18932.5572,32560.7844,8742.4836,0
5877,45202.554,19513.5036,32283.93,7587.1764,0
5878,43753.578,18954.846,32823.4992,6981.1368,0
5879,42479.8884,16838.9544,31607.7768,6838.704,0
5880,40186.6128,13861.1712,30443.0796,6778.4208,0
5881,36290.208,11679.8388,30304.512,7007.6844,0
5882,34012.9932,10688.2524,29316.4188,7119.36,0
5883,31890.1512,10689.2556,29409.9792,6960.4968,0
5884,31134.1812,10676.13,29030.1324,6930.2652,0
5885,30622.5636,11367.7512,29013.1692,6895.0524,0
5886,30846.2052,13745.6844,29163.006,6932.6208,0
5887,32665.2,16032.0456,29821.014,6798.3408,0
5888,37469.8056,14544.6108,30042.1836,7169.784,0
5889,40541.6268,14495.0052,29222.9088,8026.8912,0
5890,42214.188,14000.7132,29439.2424,8083.566,0
5891,43814.37,14729.8872,29019.4308,8338.422,0
5892,44586.0936,15868.8816,27308.352,8452.5108,0
5893,43894.6776,15492.7584,25219.602,8474.2512,0
5894,44528.6136,15766.794,26283.0804,8534.7492,0
5895,42862.5024,16614.8388,29985.9432,8536.5684,0
5896,42383.9784,17554.524,31021.6044,8245.8888,0
5897,44169.6816,18623.682,30269.8752,7681.476,0
5898,44492.2512,17516.6472,31148.9976,8581.1256,0
5899,46159.008,18642.3156,32444.5104,10380.012,0
5900,47008.7292,19769.9748,31864.4304,9120.3168,0
5901,46245.582,19446.8616,32363.8116,7470.1572,0
5902,45511.8024,18613.1004,32575.554,6978.3528,0
5903,42176.5632,17668.3848,31873.5468,7054.356,0
5904,39217.848,15062.3364,30676.9644,6989.0364,0
5905,36703.98,12215.9424,30567.1836,6888.288,0
5906,34140.438,11543.0916,30263.5044,6830.7,0
5907,32608.9716,11107.0788,29871.4812,6812.1696,0
5908,31170.9684,11169.8604,29990.2956,6962.1276,0
5909,31173.8364,12011.2596,29397.0228,6797.3664,0
5910,31727.598,14608.2096,29130.7368,6843.3684,0
5911,33882.0264,16805.322,29491.53,6781.9848,0
5912,40486.8216,15401.2872,26629.3152,7197.0072,0
5913,42751.818,14883.8604,27050.4288,7847.8884,0
5914,43578.6528,14356.1496,27914.5968,8253.3672,0
5915,44518.2588,15214.0116,28510.2288,8566.1652,0
5916,45297.3756,15537.4056,28249.1808,8781.5856,0
5917,44131.6236,14744.4276,27699.5964,8837.2752,0
5918,45804.0096,15361.95,28059.066,8647.9476,0
5919,47292.8832,16707.7344,27677.3436,8266.6872,0
5920,46980.0768,17475.5076,27899.082,7926.546,0
5921,48106.5348,17804.3112,27906.8916,7407.2832,0
5922,46602.0084,18142.818,29019.2004,8261.0844,0
5923,47551.9668,18591.5076,31827.3588,10262.8644,0
5924,47713.4988,19630.968,31874.9868,8752.1796,0
5925,46750.746,19576.962,32608.9968,7313.8068,0
5926,45854.046,19166.3556,32387.6124,6947.3316,0
5927,42378.5112,19317.9744,31593.0024,6845.0832,0
5928,40454.7948,16136.0328,30400.5456,6819.0792,0
5929,37137.162,13697.6772,29704.5888,6800.5596,0
5930,34156.1376,12723.9096,29234.5224,6832.5972,0
5931,31490.5476,12809.2332,29340.0408,6857.148,0
5932,29939.406,13169.9004,29107.1076,6869.3856,0
5933,29729.448,13930.9176,28559.304,6859.8156,0
5934,29764.3584,16404.99,29120.244,6803.256,0
5935,32478.804,17251.7352,30136.5264,6735.6612,0
5936,39311.3124,14795.3424,29652.8964,6912.5268,0
5937,44570.5476,13646.4576,27588.6612,7508.2692,0
5938,46218.66,13511.0904,27052.572,8171.334,0
5939,48024.1836,14314.926,27026.9028,8690.4456,0
5940,47737.8444,15628.962,27171.12,9063.0192,0
5941,46979.9016,15795.1092,25400.1912,9233.0868,0
5942,47819.0532,16133.4252,26375.5764,9090.486,0
5943,49081.314,16781.112,25979.2044,8980.6788,0
5944,49453.32,16998.8352,25773.012,8424.3024,0
5945,50178.672,18465.0624,24494.964,7634.6988,0
5946,48821.4096,18828.438,24605.106,8755.2996,0
5947,48656.2968,19307.16,27638.9796,10606.7316,0
5948,48036.0564,19023.366,29102.1108,9347.0184,0
5949,47277.4428,19007.6136,29016.006,7660.8036,0
5950,45328.044,18551.07,29601.0264,7615.6332,0
5951,42915.084,17871.2136,28795.8684,8298.564,0
5952,40511.7468,16240.992,27483.8412,8398.5528,0
5953,36473.7396,14436.312,26725.9788,8492.5368,0
5954,33128.3916,14165.1744,26071.1412,8508.0048,0
5955,30665.9316,13381.9848,26177.148,8515.2756,0
5956,30097.008,12397.9188,25940.6688,8501.328,0
5957,29778.9168,12375.6852,25621.5468,8477.304,0
5958,29963.0436,12584.8104,25338.8724,8398.8,0
5959,30790.7712,12891.6,25229.9964,7746.0864,0
5960,34505.7936,12119.49,24685.284,7614.57,0
5961,37318.2996,12061.0404,24104.9556,7624.3824,0
5962,40149.5436,11987.046,22100.0916,8012.31,0
5963,42026.5416,12141.5304,21098.676,8460.006,0
5964,43103.2596,12422.6772,20502.996,8511.9936,0
5965,42615.444,12474.5556,19487.8308,8454.5268,0
5966,42018.2172,11806.632,19584.8016,8254.9752,0
5967,40426.62,11720.4816,20892.6156,8016.9228,0
5968,38843.3424,11287.7388,23520.0876,8456.7564,0
5969,40363.4544,13999.2324,21833.3292,7949.4372,0
5970,41878.3728,16720.4856,22449.6996,8893.4364,0
5971,43643.1108,17521.8768,26424.876,11076.864,0
5972,44171.64,17640.3828,27311.076,9317.4528,0
5973,41451.6516,17491.8048,28274.7768,7662.72,0
5974,38964.6468,17103.6552,29060.2332,7178.1744,0
5975,36320.916,16472.5248,28658.2248,7131.0924,0
5976,33777.6948,14940.372,28508.8476,7154.0004,0
5977,30672.9816,14039.7756,27561.294,7153.8804,0
5978,28115.232,13109.4804,27437.6316,7091.1576,0
5979,26688.3684,11757.2736,27479.1696,7081.908,0
5980,25362.6144,11882.2128,26922.6792,7003.5408,0
5981,24981.9792,11557.5444,26626.788,6919.092,0
5982,25036.584,10968.2028,26608.674,6788.9892,0
5983,26015.9388,9759.3048,25615.6284,7017.15,0
5984,29251.926,8908.68,23746.6464,7042.3836,0
5985,32131.1064,9006.9144,20509.6128,7213.566,0
5986,35417.9424,10227.7068,15862.8564,7665.1644,0
5987,38082.8892,10959.2904,13868.3712,8222.3592,0
5988,39786.5448,11030.4984,14720.79,8286.0072,0
5989,40121.5416,10843.4136,14898.1212,8203.9212,0
5990,39656.6232,10422.1512,14781.4548,7924.1124,0
5991,38147.7228,10117.2588,16171.9908,7633.5312,0
5992,35990.826,11741.0724,18420.7704,7274.562,0
5993,33619.5204,12756.2868,23581.2828,7276.3764,0
5994,32673.0528,16434.0612,26566.554,8479.5492,0
5995,36471.5124,17632.278,27896.5956,10750.1268,0
5996,37045.326,18571.4496,28349.7252,9269.0676,0
5997,36360.9396,18974.1324,28677.198,7297.1388,0
5998,35625.7368,18010.3056,28687.7976,7207.5564,0
5999,33676.8504,17102.9184,28130.0508,7121.106,0
6000,32227.5972,14705.862,27804.9636,7167.15,0
6001,29052.21,13956.258,27857.6724,7192.7028,0
6002,27519.0924,13516.9992,27285.096,7058.0724,0
6003,26505.0744,13559.7048,26530.7616,6988.5264,0
6004,26225.1168,13127.9196,26198.4048,6974.7804,0
6005,26897.9184,12895.1664,26279.8656,6987.8316,0
6006,29815.374,12898.7856,26679.3852,6942.0864,0
6007,33687.6744,12570.7692,28580.9448,6812.8848,0
6008,36930.2256,13446.7224,28273.206,7185,0
6009,39011.9484,14650.6752,28355.286,7822.5492,0
6010,41174.7516,14595.3684,27724.914,8181.258,0
6011,43477.284,14266.9188,27548.9052,8583.2292,0
6012,44557.0704,14907.7356,27490.4904,8781.03,0
6013,43815.8232,13754.9172,27028.9272,8895.7956,0
6014,44167.7652,15063.7788,27541.896,9014.5992,0
6015,45404.7348,16361.6244,28130.0592,8830.9308,0
6016,46546.2768,16851.8088,28611.234,8349.6108,0
6017,48212.3484,17063.922,28746.1212,8255.0292,0
6018,44883.39,17131.4424,29769.5616,9849.3876,0
6019,45309.2844,19080.6276,30607.6752,12145.4832,0
6020,45776.8992,20107.6908,31691.9952,10412.4456,0
6021,45889.1448,19548.5172,32222.7888,8630.928,0
6022,45220.47,19168.5468,32704.29,7423.8,0
6023,42122.7732,18236.04,32555.6532,7348.8732,0
6024,37752.1284,17186.2728,31506.2232,7309.4484,0
6025,33144.7668,16866.8556,30328.5,7334.6772,0
6026,30997.4352,15590.6388,29666.9856,7343.778,0
6027,29287.4928,14915.586,29251.8012,7393.8216,0
6028,28876.2084,14832.5736,28236.5196,7453.146,0
6029,29148.0996,15050.9172,27931.0344,7443.0156,0
6030,30202.1988,16137.3312,28451.0172,7453.7088,0
6031,32749.974,16341.0084,29967.5532,7695.2832,0
6032,36038.1048,16653.7884,30500.0436,8245.7256,0
6033,39561.15,16266.252,31095.96,8870.874,0
6034,43378.416,16495.6608,28474.902,9160.872,0
6035,45075.4824,16976.8536,28355.6928,9448.7076,0
6036,46975.7484,17159.3508,26311.6212,9509.2884,0
6037,46113.6516,16405.6068,25504.7064,9416.022,0
6038,47338.0812,16047.5808,25967.2788,9691.3368,0
6039,48817.0848,14956.0164,26455.002,9460.8312,0
6040,49982.5836,15230.88,24836.4216,9094.494,0
6041,50972.5092,16779.6984,23446.944,9584.0952,0
6042,46860.3732,18933.5748,22078.6524,12195.6396,0
6043,47140.2936,19669.47,24898.3968,14176.8948,0
6044,47109.1872,20127.7092,28224.8652,12135.5052,0
6045,46934.5944,20167.8624,30458.202,8969.2188,0
6046,45774.6576,20213.8524,31441.614,7738.3284,0
6047,42059.6172,19697.802,31132.0488,7444.0704,0
6048,38584.5564,17002.7676,30866.9472,7366.7808,0
6049,34285.5636,15527.4804,30268.476,7046.6352,0
6050,30766.7244,15665.2248,29326.386,7072.134,0
6051,28629.6,16080.5052,27983.4156,7063.6452,0
6052,27972.5136,16252.116,26950.836,7060.8852,0
6053,28221.8664,16411.0056,26698.3092,7066.944,0
6054,30127.5096,17682.3132,26195.5464,7035.6648,0
6055,32848.9956,17126.1168,28279.1784,7231.524,0
6056,35909.3916,16132.1976,30095.8344,7882.2804,0
6057,39856.2912,15480.1512,28049.5596,8477.3268,0
6058,43118.7684,15820.1124,24651.6588,8727.7452,0
6059,45022.554,16319.562,23768.6184,9084.0084,0
6060,46310.922,16913.8536,23131.3752,9308.5068,0
6061,46013.3772,15526.1892,22320.6888,8984.64,0
6062,46800.1656,15090.3096,24047.8104,9059.424,0
6063,47243.7996,14917.7352,26319.1704,9128.6568,0
6064,46735.038,15489.282,27107.3244,9690.1416,0
6065,48536.79,17826.0108,24614.7516,9955.176,0
6066,46231.1748,18926.412,23883.8148,12213.0132,0
6067,45419.1624,18517.914,27939.1008,14937.4488,0
6068,45779.8692,18700.7712,30462.1272,12788.9064,0
6069,45714.8496,18420.1668,31845.5436,9870.9732,0
6070,44944.2036,18894.636,32174.6724,8440.0356,0
6071,41288.9856,19302.6108,31176.6936,8385.9204,0
6072,37831.4136,18666.408,30043.5,7272.306,0
6073,33709.4724,17370.8448,28807.0464,7533.4536,0
6074,30386.4348,16914.942,28381.9668,7527.3708,0
6075,28434.9132,15794.4108,28639.9464,7502.5992,0
6076,27899.4312,14612.3676,28944.1896,7488.2724,0
6077,27839.6472,14869.4256,28944.21,7478.676,0
6078,28632.9348,17005.8156,28960.8876,7497.7392,0
6079,31111.2708,17829.3672,29642.0316,7666.818,0
6080,37122.9036,16365.2952,29470.6368,7945.7808,0
6081,41175.6744,13763.6088,30343.11,8458.4772,0
6082,44588.064,12054.9876,28888.6092,8992.1952,0
6083,47271.4176,12478.1964,27077.0868,9384.768,0
6084,48730.6692,12986.4288,25649.6112,9583.7328,0
6085,48621.7176,12191.9688,23620.3092,9764.1744,0
6086,49572.3252,13106.5176,24039.8436,9595.2072,0
6087,49063.968,14319.1908,26300.9868,9349.5696,0
6088,48123.5832,15619.3092,28132.1676,8782.2768,0
6089,48664.5768,18272.9688,27392.286,8573.298,0
6090,46703.2068,19214.1588,26282.4024,10225.3116,0
6091,47289.9384,20339.6052,27998.7072,12072.2832,0
6092,47220.4308,20286.3,30809.3256,9754.8576,0
6093,46009.806,19997.7168,32459.2824,7988.316,0
6094,44810.7384,19928.178,32557.7472,7735.2744,0
6095,42330.378,19571.238,31683.9384,7602.576,0
6096,38031.4224,18700.026,30482.2548,7505.0544,0
6097,33278.0148,18100.3596,29647.524,7354.8108,0
6098,30038.2812,16438.5468,30612.5808,7299.318,0
6099,28775.118,14629.392,30231.9864,7473.1968,0
6100,28588.4496,13921.4964,29675.7588,7481.2524,0
6101,28475.1396,14886.6588,28954.7484,7445.6112,0
6102,29314.2468,16056.912,29414.8128,7474.788,0
6103,31295.1276,17164.518,30117.1884,7623.51,0
6104,36118.9152,15992.6076,30233.7984,7897.9428,0
6105,40069.1892,15181.4712,29859.4476,8380.4112,0
6106,43100.7,14384.3616,28358.4552,8848.8936,0
6107,46110.1308,14827.7868,26525.6448,9156.51,0
6108,47674.0992,15118.9596,25096.6608,9312.9756,0
6109,47447.6724,14415.7368,22790.8848,9267.3516,0
6110,47439.3348,14048.6376,24903.5376,9117.4152,0
6111,46434.3312,14791.4316,27541.4112,8807.9028,0
6112,45506.1708,16305.3024,28554.9624,8420.6832,0
6113,47150.07,18153.4116,26584.5084,8166.7476,0
6114,46320.0648,18452.7504,26757.2016,10149.1332,0
6115,46691.9076,17909.6208,30623.5188,11862.6,0
6116,46895.7756,18439.2936,32285.6916,9585.0924,0
6117,45116.2548,19065.4776,32704.4964,7697.1504,0
6118,44020.4856,19177.1952,32189.952,7360.638,0
6119,41211.0684,18801.828,32148.6036,7354.8672,0
6120,36811.0596,18074.8116,32030.0328,7244.4636,0
6121,35187.0312,15619.0776,31362.1896,7280.4048,0
6122,33771.6036,14122.5912,30316.4196,7259.4084,0
6123,31711.1664,13513.818,29892.2484,7260.3972,0
6124,30009.9444,13938.0144,29541.72,7238.2572,0
6125,29584.7508,14239.2732,28787.0544,7215.5448,0
6126,29672.952,14503.098,28640.4612,7140.2964,0
6127,30247.9356,13947.708,28668.4128,7178.2788,0
6128,30925.5912,14749.4004,29395.7232,7000.0968,0
6129,33504.438,15398.5524,27975.36,6768.9528,0
6130,36900.6732,14709.2028,25342.7712,7137.8556,0
6131,40074.702,15754.806,22080.8628,7257.5244,0
6132,41780.7948,16222.7688,20834.07,7400.9532,0
6133,42029.5524,16025.7048,19733.0136,7492.7736,0
6134,40929.6612,15799.05,19783.7256,7309.9956,0
6135,39454.2756,14826.2148,21727.782,7063.0632,0
6136,38805.2208,13963.3968,24163.5612,6960.0336,0
6137,40603.8684,15589.6836,23626.1316,6876.942,0
6138,42604.7796,16998.5532,24427.6524,8547.3996,0
6139,44010.7044,16702.89,28748.8068,11349.576,0
6140,43653.3672,17129.0604,31128.0288,9013.3968,0
6141,42433.6044,17278.1112,31500.492,6050.0448,0
6142,38768.2932,16762.3884,32446.65,5938.7964,0
6143,34529.7216,17358.4524,32729.088,5930.214,0
6144,33318.93,15802.9416,31643.6064,5835.5412,0
6145,29980.8048,15068.0352,31334.5584,5834.61,0
6146,28415.0484,13715.9172,30887.0532,5915.2524,0
6147,26287.1292,13217.2776,31075.0488,5964.7284,0
6148,25340.1396,12607.1676,30872.1792,5963.5368,0
6149,25584.5184,11056.2012,31154.9472,5991.4188,0
6150,26149.7424,10428.978,30547.6128,5945.1384,0
6151,26861.7744,10482.6888,28540.8384,5712.8196,0
6152,29241.4452,10665.5196,25089.312,6053.5284,0
6153,32778.4992,11537.4936,20403.48,6469.2384,0
6154,35462.2956,12034.5252,17446.1928,6958.7784,0
6155,37830.8688,12576.618,15719.1012,7473.7524,0
6156,39461.9208,13003.3368,16076.7648,7761.2928,0
6157,39056.718,13310.586,16040.2236,7749.1908,0
6158,38199.6984,12969.3012,15903.3144,7501.9812,0
6159,37199.2632,12300.0072,17090.9052,7011.2952,0
6160,35776.9944,12253.7268,20018.6292,6552.2364,0
6161,36135.7188,13960.2768,22514.7744,6243.834,0
6162,35043.4704,16521.6168,28229.4312,7512.936,0
6163,37209.6276,18445.1808,31666.7148,9092.0616,0
6164,38516.2716,18981.9888,32493.9924,7524.7476,0
6165,38317.8948,18612.3336,32943.8028,5963.4888,0
6166,37650.2712,17923.1556,32693.9112,5703.3948,0
6167,34866.2796,17401.4928,32675.9772,5775.486,0
6168,32474.4408,15939.7872,31861.6896,5734.65,0
6169,31154.3088,13380.5808,30742.1352,5627.4936,0
6170,29924.3868,11897.8584,30849.3396,5614.6956,0
6171,28602.996,11336.952,30678.7956,5620.842,0
6172,28441.8336,11057.112,30210.228,5604.9468,0
6173,28948.2264,11176.3644,30004.1388,5594.9448,0
6174,29715.1824,13229.6544,30248.0076,5574.7752,0
6175,32162.5788,13955.982,31224.8424,5848.7364,0
6176,37420.2528,12943.6896,30533.1192,6470.7708,0
6177,41525.2752,12860.4312,29907.9312,7190.0544,0
6178,45141.9036,13347.4656,27430.6764,7495.3116,0
6179,46952.9736,14584.116,26932.4916,7828.818,0
6180,47524.5456,14778.4548,27603.0156,8124.1164,0
6181,47358.2544,14092.9968,25768.5564,8265.324,0
6182,47645.9688,15483.7308,25823.9784,8765.9316,0
6183,47128.1772,16854.6276,28273.788,8570.1444,0
6184,46077.7392,18941.1828,29453.5644,8123.2008,0
6185,45541.5624,20326.6644,30482.6412,7959.6984,0
6186,43086.7812,20835.4128,30389.8884,9113.8644,0
6187,44431.9236,20636.0688,31673.5104,10983.6408,0
6188,46136.8392,20655.7044,32679.0192,8739.9984,0
6189,46204.8792,20577.7008,32170.6956,7664.5764,0
6190,44985.096,20343.0672,32661.192,7050.078,0
6191,41469.132,20134.1088,32798.8872,6883.5624,0
6192,38387.8584,17668.5996,32036.4024,6905.9508,0
6193,34565.3592,16069.1316,30520.314,6868.5468,0
6194,33909.402,14037.6192,29315.538,6893.4828,0
6195,33084.9384,12627.9672,29180.4912,6896.6436,0
6196,31816.3212,12395.724,29062.9524,6900.5568,0
6197,31754.2572,12923.5524,28866.99,6870.7308,0
6198,32489.3064,14300.3244,28739.4768,6870.9024,0
6199,34898.9016,14880.3144,29616.0936,7125.948,0
6200,39951.1872,13526.9544,29787.264,7675.3308,0
6201,42993.846,14286.2796,30043.2588,8261.4816,0
6202,44680.1964,14928.8028,29416.8108,8745.51,0
6203,47322.3156,14955.2652,28583.1612,9429.4128,0
6204,48154.8744,15544.4208,27620.6004,9556.9908,0
6205,47125.0488,15431.3412,25716.3456,8956.4592,0
6206,47754.6324,16148.7456,26325.9684,8858.85,0
6207,49046.7828,17332.9332,26793.9552,8083.0668,0
6208,49379.8788,17451.2232,26289.7476,8822.076,0
6209,50082.3564,18847.224,24600.6144,9173.6064,0
6210,48075.1176,19875.522,23271.4968,10759.3236,0
6211,47332.4424,20298.0636,26275.218,12669.972,0
6212,47747.4996,20530.2864,28490.9568,10754.0772,0
6213,46253.8668,20724.1488,29627.3808,9223.5492,0
6214,44842.098,20663.9016,30383.8092,8411.2716,0
6215,41923.1796,20331.216,30691.6728,7773.5892,0
6216,38327.5008,18843.234,29784.5736,7432.2408,0
6217,34706.1456,18437.6844,28527.5628,6872.1204,0
6218,32936.9136,15865.7916,28550.9478,6893.4708,0
6219,32371.8492,13829.9724,28416.9852,6891.3276,0
6220,32047.3212,13136.4732,28211.274,6894.3804,0
6221,32416.4784,13203.3396,27982.2534,6908.3496,0
6222,32593.6776,15590.1924,27781.941,6944.1648,0
6223,34323.972,16123.5672,29717.2512,7180.5552,0
6224,38673.414,15691.9212,29960.7954,7697.8716,0
6225,41693.8848,15807.546,29594.4324,8272.1628,0
6226,42825.0708,15447.9756,29144.9658,8736.3048,0
6227,45109.8876,16103.0796,27639.7758,8974.4748,0
6228,46862.202,16142.9016,26084.5722,9160.5516,0
6229,46386.4932,15692.1552,23257.743,9150.1368,0
6230,48000.2376,17695.4172,22300.2732,9000.228,0
6231,48967.89,18565.3512,22584.6252,8955.4308,0
6232,47889.3204,19096.2072,24052.1166,9514.158,0
6233,48817.4376,21355.5684,22461.618,9415.3596,0
6234,46046.604,21692.9808,22548.0168,11529.6384,0
6235,45114.2016,21518.4024,27423.3738,12782.2308,0
6236,45187.1052,21765.6048,29756.3364,11139.2544,0
6237,45188.8392,21763.0884,30674.4888,8556.468,0
6238,44533.242,21590.1744,31009.038,7387.0956,0
6239,42416.1924,21352.5336,29635.1112,7263.7248,0
6240,39081.966,19808.43,28566.993,6977.5296,0
6241,36360.114,17091.3456,27659.3004,6983.8164,0
6242,33733.9116,16019.9928,26762.802,6985.7628,0
6243,33488.556,13517.1096,26540.5788,6983.0748,0
6244,33143.088,12461.7156,26551.9536,6956.2872,0
6245,34007.1912,11739.0156,26516.7288,6952.4808,0
6246,35324.226,13000.6044,26744.37,6987.48,0
6247,36143.1756,13741.104,29256.54,7172.0856,0
6248,38912.622,13635.9444,29999.6688,7819.92,0
6249,41669.0844,13675.8372,29492.6244,8526.1548,0
6250,43115.5056,13306.53,29154.822,8941.6812,0
6251,45060.1812,14272.368,27975.6708,9337.1856,0
6252,47094.2616,14645.6592,26533.7964,9595.7184,0
6253,47365.4376,14791.2648,24687.672,8998.722,0
6254,46751.4204,15156.054,27739.926,8926.2456,0
6255,47525.0556,14976.6768,30012.978,8758.4304,0
6256,48470.106,16756.47,28468.7856,8416.3104,0
6257,48470.3448,19081.8528,26763.7884,8252.3496,0
6258,45003.6396,19724.5968,26844.8892,10650.828,0
6259,46395.2832,19747.1376,28995.4416,12462.6852,0
6260,47444.0532,19937.2572,30748.794,10608.0348,0
6261,46751.3508,19764.2208,31784.6916,8335.9404,0
6262,45960.78,19629.1752,32198.688,7729.3116,0
6263,42952.2924,19382.808,30169.5012,8310.2748,0
6264,40716.4032,16354.422,29278.6068,8517.8364,0
6265,37244.8488,14728.4268,29221.4772,8303.034,0
6266,35936.4492,12282.5556,29098.4472,8264.9604,0
6267,35545.2924,10023.1404,29239.9104,8259.3288,0
6268,35401.452,8541.0804,30306.4368,7514.1144,0
6269,35833.2072,8734.866,30165.78,7151.6484,0
6270,36555.5208,10190.7456,30204.9456,7272.9324,0
6271,37497.6852,13172.8272,30094.9932,7280.85,0
6272,39494.5416,14177.5368,31288.4088,7743.57,0
6273,43300.368,15788.6484,29384.9208,8387.784,0
6274,44803.62,15942.4788,29250.6372,8825.7912,0
6275,46395.78,16863.198,29054.1528,9065.2692,0
6276,46723.2828,17768.3292,28676.5032,8977.998,0
6277,46930.6404,16772.5404,26973.0168,8939.586,0
6278,47950.2012,16903.0956,28145.0952,9436.914,0
6279,49917.4608,17583.4008,27738.8844,9250.8996,0
6280,50614.5204,17525.574,27785.0448,8832.738,0
6281,49457.148,17849.4948,28294.7016,8766.9876,0
6282,48053.8236,17826.0696,27022.206,10972.716,0
6283,47055.1392,18300.2736,29883.642,13472.1024,0
6284,46262.4492,19788.9672,31934.082,10626.2088,0
6285,45277.992,19563.7836,32226.0492,8413.0644,0
6286,45137.2356,18289.5348,32142.5856,8119.1292,0
6287,43858.2324,16752.9324,32241.1632,7571.5752,0
6288,41646.96,15557.2488,31725.1212,7290.4344,0
6289,37859.4108,14997.7668,31360.794,7273.2288,0
6290,35203.7328,14080.3992,30898.8132,7280.6148,0
6291,33487.7256,13202.418,30569.0844,7301.4204,0
6292,32700.4812,12718.0416,30180.954,7301.544,0
6293,32651.6544,12130.2672,30088.4856,7303.5588,0
6294,32833.8336,11478.6444,30370.5768,7299.2112,0
6295,34073.2632,10385.5476,30341.9184,7256.754,0
6296,34828.4724,12569.8056,29698.0152,7675.1508,0
6297,37488.9336,13131.816,28146.6492,8027.7336,0
6298,40635.0396,14088.882,24959.592,8430.8352,0
6299,42945.9456,15260.1996,22892.2872,8668.7964,0
6300,44500.5216,15356.8836,22447.242,8938.1856,0
6301,44715.2988,15462.2916,21482.0304,8627.4684,0
6302,44165.724,14468.9004,22131.6228,8506.278,0
6303,43563.1476,13756.4916,22777.1112,8651.9844,0
6304,43825.3344,13068.732,24325.5072,8395.2312,0
6305,43843.4088,16273.1616,23684.16,8413.5084,0
6306,42251.1612,19390.3572,24702.2064,9676.7532,0
6307,44266.3008,19717.1748,28575.978,11321.616,0
6308,42444.4788,20172.1428,30919.842,10415.0952,0
6309,41401.728,19711.2144,32127.1632,7837.0848,0
6310,38965.8252,19090.5612,32954.0136,7404.786,0
6311,37179.6084,17757.744,33096.4092,7431.4104,0
6312,35326.3584,17435.502,31891.2228,7221.1224,0
6313,31708.0032,16859.5344,31722.6108,7375.41,0
6314,29849.088,16337.9004,31207.5312,7297.458,0
6315,29172.4164,14987.1912,30675.5424,7313.784,0
6316,28775.682,14204.1252,29991.2916,7290.8592,0
6317,28824.3576,13454.484,29494.3296,7234.8,0
6318,28487.3268,13320.4164,28703.3772,7198.9176,0
6319,28852.4496,13173.4908,26868.306,7305.3384,0
6320,31841.2716,10207.5432,27248.2704,7085.9772,0
6321,36127.6128,9821.718,22738.968,7427.268,0
6322,40603.6248,10268.1924,18577.4412,7939.6404,0
6323,43094.5152,10388.3112,17425.1172,8268.5436,0
6324,44098.4652,11415.7872,17582.0124,8433.606,0
6325,44151.2364,12100.9032,17314.1268,8441.8044,0
6326,42991.212,12183.2172,17400.186,8235.156,0
6327,40954.3428,11899.2024,20583.1308,8034.288,0
6328,39359.526,12941.9964,22313.8752,8289.9324,0
6329,38139.0996,17829.1944,21864.5292,7890.7356,0
6330,39296.9232,19132.176,22950.1548,9615.9324,0
6331,41925.816,18632.4336,27136.7304,12045.2532,0
6332,42464.6772,18835.3476,30195.462,9454.8312,0
6333,41612.7792,20059.9032,30612.504,7898.46,0
6334,40110.1836,20327.3604,30793.3944,7756.0908,0
6335,38912.8188,19619.9184,30712.4568,7638.5124,0
6336,35511.9612,18812.6304,30889.116,7404.4128,0
6337,32544.5952,17848.464,30485.4912,7349.994,0
6338,32448.1788,14934.426,30073.194,7320.3996,0
6339,31973.8452,13613.2404,29668.524,7329.8472,0
6340,31463.7648,13154.2296,29249.472,7333.6524,0
6341,31988.556,13015.2696,28865.6532,7327.9992,0
6342,33865.2384,13336.1412,28822.6236,7313.4108,0
6343,36901.7736,14588.8032,28232.1756,7511.1612,0
6344,40417.5876,15728.568,28467.8292,7971.306,0
6345,44673.3,16059.9756,29561.6136,8504.5836,0
6346,47900.9364,16945.7256,28634.2836,9029.6412,0
6347,49169.5224,17654.3736,28953.4788,9452.1132,0
6348,49902.384,17541.2988,27976.4676,9697.3968,0
6349,48680.9388,17615.34,26812.3524,9752.4012,0
6350,49018.7604,17890.8732,26680.314,9691.9356,0
6351,47361.702,18259.6416,26192.4636,9734.2248,0
6352,47652.9516,19682.5956,24487.9236,10233.558,0
6353,48225.5988,20427.7944,22369.0524,10684.9908,0
6354,45470.532,19556.1024,22978.1916,11731.692,0
6355,44765.1972,18800.3724,26765.628,12647.7828,0
6356,44462.0076,18914.5932,28879.668,12334.8876,0
6357,43976.8944,19378.7064,29720.3892,10259.5884,0
6358,43813.1592,19723.6884,30135.2196,8636.532,0
6359,42363.468,19328.1804,29493.2988,7639.6068,0
6360,39060.8964,18760.9272,28552.5972,7424.082,0
6361,36305.4888,17207.616,27209.0304,7274.5404,0
6362,35454.588,15674.9892,25789.572,7250.8716,0
6363,34567.5012,14532.552,25685.9292,7252.2732,0
6364,34617.8448,13234.1172,25557.12,7263.5412,0
6365,34752.5124,13015.488,25800.7608,7263.876,0
6366,34676.4252,14618.3928,26539.2276,7271.31,0
6367,35410.1376,15917.4096,28384.4556,7427.4732,0
6368,38541.8772,17409.6576,27981.312,7825.7124,0
6369,40885.0512,17278.7244,28593.2592,8406.1692,0
6370,43209.1644,16969.5984,26807.9292,8815.2036,0
6371,44872.734,17691.5004,25085.6496,9189.312,0
6372,46124.6388,18005.76,24226.0968,9414.3036,0
6373,45516.4248,17175.372,22683.2088,9260.79,0
6374,45496.2072,17272.2144,23306.4816,9195.7788,0
6375,45047.4108,18063.1992,24347.9772,8751.5316,0
6376,44276.7504,18464.886,25887.858,8179.0896,0
6377,44807.124,18524.8944,28351.446,7684.2444,0
6378,43819.3824,17739.0336,29968.254,8618.244,0
6379,44211.2076,18028.758,32214.546,11045.8212,0
6380,46621.7784,18532.2588,32270.0808,9653.1432,0
6381,46839.756,18110.7996,32314.7868,7743.7344,0
6382,44640.7392,18065.094,33298.1748,7424.8884,0
6383,40319.9316,18412.8108,33371.946,7110.1632,0
6384,37110.2568,15717.4608,32525.7708,7108.3212,0
6385,34643.706,12955.0416,32070.7428,7090.6896,0
6386,33079.0056,11475.8916,31258.2528,7084.1976,0
6387,31480.8804,11008.278,30929.4012,7097.1408,0
6388,30841.032,11206.7112,30009.7812,7092.264,0
6389,30995.754,12048.03,29263.068,7088.6712,0
6390,33297.3288,12461.6712,29419.146,7134.4308,0
6391,35174.022,13990.7496,30606.882,7170.5232,0
6392,37959.696,14774.8824,30880.6632,7684.1688,0
6393,40854.3612,15220.1076,30574.782,8030.7,0
6394,43097.082,15046.9476,29140.086,8136.93,0
6395,44524.1088,15429.5136,28229.4276,8732.7312,0
6396,45191.5272,16092.0528,27366.558,8947.5672,0
6397,44474.2524,15774.4932,25198.9368,8747.9124,0
6398,44459.814,17035.26,25942.752,8848.9152,0
6399,44197.5132,17355.2472,27075.5232,8972.508,0
6400,44257.764,16005.8028,29395.6344,8446.7316,0
6401,44880.1068,16419.4404,30635.8368,8140.596,0
6402,44438.3496,15791.3064,30905.5368,8987.8068,0
6403,45173.9604,16614.0252,33173.6148,10962.318,0
6404,46162.488,16954.1064,33760.6872,9642.33,0
6405,45573.9384,16928.1444,33500.214,8125.452,0
6406,44107.9068,17183.8152,33380.8728,7390.5108,0
6407,40987.5,16303.8096,33314.3208,7256.43,0
6408,38491.7856,13516.0212,32698.8312,7148.5944,0
6409,36332.9256,11232.2172,30886.5108,7076.8428,0
6410,33470.9148,10348.8204,30605.826,6968.5416,0
6411,31070.4252,10856.0088,30139.1688,6963.564,0
6412,30565.2216,11286.0084,29013.888,6938.1228,0
6413,30932.232,11463.6528,28864.98,6907.2816,0
6414,33595.5444,10872.1668,29386.2684,6928.4856,0
6415,35331.078,11858.1324,30958.0656,7003.3116,0
6416,35790.2616,14347.2552,31222.2264,7266.7212,0
6417,37401.0396,15218.6304,31296.5304,7474.6308,0
6418,38997.9108,14676.8568,30269.8824,8130.4368,0
6419,40790.5608,15589.1184,29060.1528,8552.6808,0
6420,41481.8484,15632.2656,28550.0604,8697.954,0
6421,41154.306,15392.658,26149.3164,8612.7564,0
6422,42837.1344,15320.7108,26357.2128,8467.1448,0
6423,43577.2584,15466.374,27052.4952,8419.9896,0
6424,44904.0744,15074.2524,27807.3816,7945.4436,0
6425,45189.9624,15840.1668,28124.0112,7585.722,0
6426,43841.2704,18170.6796,28057.6608,8450.3328,0
6427,44566.3404,19084.7628,29042.5296,11593.7076,0
6428,44789.2128,20369.6328,30280.0476,10163.4744,0
6429,43725.4212,20546.4924,30670.6644,8157.0768,0
6430,42683.7132,20703.384,30968.1576,6937.5228,0
6431,39514.4748,20292.2016,30217.926,6780.1332,0
6432,37443.9648,16372.7544,29945.5332,6581.988,0
6433,35777.2272,13070.0892,29349.5724,6466.854,0
6434,33641.3172,12147.3684,28217.31,6206.106,0
6435,31941.4404,11601.8664,28092.3456,6029.4192,0
6436,30759.5748,11456.2176,28162.0116,6215.8428,0
6437,30803.6124,11386.1196,28666.458,6061.62,0
6438,31793.8308,11927.2464,29326.608,6321.9108,0
6439,34156.5072,12088.2864,31159.116,6467.8332,0
6440,36032.7564,13507.0764,31202.1252,6981.216,0
6441,39089.5656,13956.1476,28999.1808,7433.0568,0
6442,42425.2212,14806.5324,24650.646,7907.5452,0
6443,44850.3396,15758.6484,23041.314,8282.8812,0
6444,45218.4048,16401.966,22390.9608,8331.8208,0
6445,43713.966,16284.6588,20858.4288,8253.2124,0
6446,44283.33,16026.9096,21876.3528,7979.1276,0
6447,44123.4708,15070.7664,24193.6968,8088.924,0
6448,44336.5452,14662.122,25422.426,7973.1984,0
6449,44213.8512,17539.6512,24842.8788,7373.0412,0
6450,41648.0592,20220.9696,27487.0728,8482.6776,0
6451,42690.0372,20566.5252,30262.4232,10184.1144,0
6452,42810.2172,21920.4144,31731.144,8393.034,0
6453,41936.0172,21067.9584,31925.2728,6870.6096,0
6454,40721.112,20041.1964,31995.786,6698.8104,0
6455,38934.6648,17769.0996,31955.0124,6662.094,0
6456,38163.0228,14396.3736,30980.4384,6530.544,0
6457,34678.6008,12772.2468,30396.9828,6457.8312,0
6458,31006.782,12148.8192,30601.3188,6451.746,0
6459,29696.7216,11429.1696,30186.3072,5883.726,0
6460,28967.8164,11358.63,29781.2868,5475.0816,0
6461,29197.8828,11300.7912,29088.4512,5530.986,0
6462,29995.2672,11609.3388,27662.9232,5536.3284,0
6463,31056.1008,11023.8672,27525.0552,5579.304,0
6464,34301.3016,10549.5156,26215.7004,6054.4824,0
6465,38172.9588,11194.9884,21470.2296,6420.2304,0
6466,41016.1152,12108.456,18107.9688,6882.5664,0
6467,42828.156,12595.8192,17144.0436,7269.1116,0
6468,44090.8236,12898.4952,16561.308,7501.098,0
6469,43306.5636,12999.9336,16652.3364,7459.7892,0
6470,42669.7728,12261.4308,16872.8592,7208.94,0
6471,41358.0372,11792.3136,18178.2432,6832.488,0
6472,37800.6636,12569.4144,22500.4296,6436.512,0
6473,38481.6828,13680.3732,25828.2348,6078.7932,0
6474,38464.2012,18393.7056,26439.6336,7304.898,0
6475,41484.5784,18868.95,28815.5016,10472.7624,0
6476,41804.4108,19611.852,29000.1444,9229.0584,0
6477,40339.9548,19016.7492,29650.4808,6732.2364,0
6478,38432.6016,18334.4604,29872.1316,5819.9856,0
6479,36996.0168,16094.3052,29554.1784,5725.41,0
6480,35110.4436,14337.366,29037.0108,5612.9112,0
6481,31606.8732,13713.0984,28661.1912,5587.3848,0
6482,28490.2908,13517.4648,28230.162,5603.4636,0
6483,27032.7276,12401.472,28087.2888,5599.8648,0
6484,26133.8292,11637.9372,27982.056,5511.7248,0
6485,25931.6052,11278.9836,27598.812,5480.2752,0
6486,26190.5604,10968.4236,26870.748,5473.5672,0
6487,28075.428,9210.9144,25820.7192,5532.3684,0
6488,31000.4364,9268.9296,21702.3468,5881.1868,0
6489,35633.9628,9444.036,17340.798,6268.8084,0
6490,38993.7552,9062.9436,15067.2336,6867.7812,0
6491,41365.8324,9184.446,14302.6368,7444.7364,0
6492,42507.2172,9922.6548,14930.442,7613.6664,0
6493,42735.6516,10380.582,13923.5976,7540.2852,0
6494,41584.7412,10531.0008,14027.2008,7295.8764,0
6495,40106.8872,11472.0108,13919.994,6803.3508,0
6496,37797.5292,12671.3412,16587.372,6459.3612,0
6497,36772.026,13952.736,20823.12,6201.066,0
6498,36722.916,16278.5952,25727.5368,6430.8528,0
6499,39251.3904,17551.6116,28059.0732,9440.7696,0
6500,39340.3584,18118.3776,28648.3224,9123.5796,0
6501,39192.3036,18536.286,28787.1072,7035.2004,0
6502,38145.1332,18667.3656,28707.8244,5947.0596,0
6503,36624.924,18315.5232,27849.2796,5851.9284,0
6504,33955.1232,16972.1544,27548.7768,5656.14,0
6505,31993.1088,14463.7044,27148.0728,5606.1252,0
6506,29785.6968,12885.126,27633.3468,5610.8388,0
6507,28834.0404,11810.394,27740.9952,5621.7828,0
6508,28546.9968,11020.2492,27850.548,5655.9156,0
6509,29529.7908,10908.3312,27629.6676,5598.5352,0
6510,31461.5556,11607.978,27833.9352,5608.1172,0
6511,34906.3368,12406.2204,27623.9952,6293.766,0
6512,38522.16,12246.5808,27512.8344,6947.0328,0
6513,42448.4028,11025.4884,27874.9164,7766.1528,0
6514,45367.4208,11884.3752,26178.126,7748.7948,0
6515,48011.2272,12732.438,25003.926,8175.1776,0
6516,50632.0332,13315.0068,23573.0664,8177.2404,0
6517,51091.8492,12740.7024,21418.5216,8034.1896,0
6518,51384.0648,12568.224,22780.5828,8449.9344,0
6519,50569.8492,14010.408,25259.5344,8104.9908,0
6520,49457.9928,16290.8988,26233.4496,7525.4616,0
6521,49307.178,19673.0508,25067.8416,7744.9752,0
6522,47045.1036,20142.4812,24474.7404,9918.888,0
6523,44845.0896,19976.3688,27729.8088,13057.1376,0
6524,46185.4692,21084.9012,28776.4896,10889.1108,0
6525,45389.0208,21069.2592,29981.2608,9333.3564,0
6526,44815.0404,20982.9888,30406.7148,8488.89,0
6527,42984.6312,20595.8124,30014.226,7169.4768,0
6528,41461.9836,16817.4996,28982.4312,6675.9048,0
6529,38856.3396,14651.838,28113.3144,6551.8452,0
6530,35449.8132,12924.8148,29091.7404,6540.6336,0
6531,33874.236,12096.3984,28836.9828,6606.2532,0
6532,33090.228,11425.4892,28628.6952,6638.2308,0
6533,32707.236,11623.5108,28777.9968,6636.324,0
6534,33332.4288,13162.6428,28817.9412,6653.658,0
6535,37985.9244,13906.4808,27085.4028,6899.91,0
6536,44479.68,12802.668,24264.8316,7448.7036,0
6537,47853.774,12572.304,24683.034,8077.8096,0
6538,48829.1232,13333.8336,25714.0308,8579.1468,0
6539,50901.0684,14131.6584,25930.4172,8768.2548,0
6540,52013.4432,14533.6392,26142.9024,8892.8232,0
6541,51827.9952,14036.2176,24428.0364,8993.6352,0
6542,52690.7604,14972.7468,25267.1928,8940.6624,0
6543,53550.1176,16022.3976,25449.3492,8574.378,0
6544,53854.2012,16542.5844,26049.99,8445.4824,0
6545,51825.1524,18988.8828,26519.664,8723.9772,0
6546,47777.706,19885.5432,27605.154,9252.6252,0
6547,46509.7956,19503.48,29504.0508,12135.474,0
6548,46134.1872,20060.346,30366.0756,11379.3528,0
6549,46184.8548,20204.778,30942.2088,8883.8424,0
6550,45692.46,20145.246,31875.5796,7231.9032,0
6551,43887.6984,19697.1876,31960.5216,6993.7668,0
6552,41369.0916,17195.1072,30180.7764,6908.556,0
6553,38275.8504,14911.524,29335.0356,6714.8964,0
6554,34925.0964,13333.7652,29910.204,6608.214,0
6555,33440.142,11649.0036,30020.364,6610.3872,0
6556,33133.0872,10492.2288,30024.03,6617.5728,0
6557,33547.5444,10269.2628,29515.5072,6629.3832,0
6558,34136.4384,12255.3516,29120.5644,6737.7816,0
6559,39509.34,13063.4832,26764.9932,6927.378,0
6560,45024.8628,11540.7588,25893.1416,7566.8424,0
6561,46575.6648,12899.9976,26525.7012,8250.1656,0
6562,47905.668,13716.8328,25768.8984,8675.778,0
6563,50081.6772,14333.9256,25480.3932,8656.3068,0
6564,51018.2172,14558.2068,25287.78,8678.4624,0
6565,49917.9588,14917.494,23509.212,8547.7896,0
6566,49310.6724,15719.88,25629.8136,8683.422,0
6567,48867.4572,17349.8448,27411.1932,8274.9432,0
6568,50495.4564,16999.5492,26266.7868,8093.9304,0
6569,51359.0556,17787.4284,24746.9004,8818.3032,0
6570,46475.7948,20430.036,24901.374,9858.9876,0
6571,45110.334,20261.4516,27977.4204,12001.188,0
6572,45845.9556,18756.9072,29263.4604,12103.038,0
6573,46133.4348,18090.7164,30645.3612,9775.9608,0
6574,45558.3,17925.7224,31087.542,9298.764,0
6575,43829.7024,17667.2328,30980.1648,8430.7512,0
6576,41076.066,16172.3388,29718.264,7529.6976,0
6577,36962.9232,15801.3612,29122.3056,6846.7764,0
6578,34374.678,13947.3612,29352.7044,6712.6296,0
6579,33670.0752,11749.6968,29460.3144,6690.8496,0
6580,33602.9268,10550.6736,29395.2156,6666.5364,0
6581,33613.9272,10537.746,29583.4128,6657.3612,0
6582,35920.9128,12341.748,27747.7236,6685.7496,0
6583,40526.046,13030.6308,26370.3288,6797.796,0
6584,46465.7112,11419.578,25021.5048,7490.9532,0
6585,48932.0256,12287.694,24992.5272,8005.8624,0
6586,49599.3252,12748.7916,24760.2384,8500.3932,0
6587,50978.1876,13455.1116,24575.9736,8829.2232,0
6588,51037.2492,13355.1012,25167.7596,8959.806,0
6589,49438.9536,11877.9336,25106.2092,8929.8264,0
6590,49856.7228,13478.526,25892.232,8663.0544,0
6591,51383.34,14088.6168,26465.7024,8313.7932,0
6592,52860.2772,14828.9412,25847.9112,7958.2008,0
6593,52735.6632,18135.354,24079.0872,8332.2156,0
6594,49407.7212,20288.8488,23712.3084,9291.0048,0
6595,48049.308,19208.8164,27189.6744,12545.1504,0
6596,48063.4512,19347.0132,29675.4288,10765.0008,0
6597,47327.8464,19716.6948,30214.2756,8711.01,0
6598,46146.48,20258.9952,30676.8792,7416.9204,0
6599,43599.6396,20064.5916,30655.6452,7205.1852,0
6600,40341.3408,18246.042,29956.152,6923.118,0
6601,37933.2084,15819.5436,29376.2856,6544.9236,0
6602,36047.1648,13056.216,29339.4456,6535.2732,0
6603,34420.6032,12361.2288,29331.2736,6704.4972,0
6604,33225.432,12829.5324,28860.864,6660.2136,0
6605,32844.426,13105.6032,29175.648,6693.15,0
6606,34590.2472,13615.8612,28996.0968,6810.204,0
6607,38453.6616,14110.308,27931.9068,7045.866,0
6608,44887.026,12747.5016,25794.3384,7695.9708,0
6609,47079.9,14069.6676,25953.2172,8351.364,0
6610,48331.356,14562.6084,26185.6572,8548.5324,0
6611,50271.9144,15575.4468,25883.076,8906.6736,0
6612,51132.168,15805.6764,26001.5844,9090.462,0
6613,49226.022,15210.2424,25414.53,9253.0068,0
6614,50245.3632,15673.3284,25758.7128,9194.208,0
6615,51484.0908,16629.5424,25330.8252,8694.5124,0
6616,50722.7088,16802.7288,26920.1616,8012.7216,0
6617,49650.9792,17761.2276,27620.88,7726.8252,0
6618,45901.2012,19325.304,29943.894,8035.4424,0
6619,46408.0596,18187.0812,31199.3508,11037.7404,0
6620,46016.2968,19082.256,31186.7568,10882.5936,0
6621,45158.6964,19445.406,31504.2612,9024.894,0
6622,44310.0624,19767.6072,31758.4464,7922.868,0
6623,42538.4484,19343.3928,31228.6848,7656.4836,0
6624,39206.844,17510.046,32712.1248,6849.2868,0
6625,35767.5624,16168.8,31951.4568,6600.948,0
6626,32782.764,15215.8932,31652.5284,6434.79,0
6627,31736.436,13321.4028,31400.928,6416.8404,0
6628,31522.3812,12085.824,31145.7972,6562.6968,0
6629,30809.3352,12838.6176,30564.2556,6310.4736,0
6630,30236.4408,13401.4008,30090.2544,6222.9996,0
6631,32750.6868,12702.0192,27992.1492,5853.7392,0
6632,36277.5708,11781.1776,27050.3376,6305.7612,0
6633,38905.5204,12852.5484,25533.9492,6926.7984,0
6634,40639.2528,13577.0184,23238.5904,7276.2348,0
6635,41990.7312,14614.566,21726.9288,7670.2836,0
6636,42765.2064,15497.3208,21341.55,7865.3868,0
6637,41970.516,16179.966,21104.3052,7854.7404,0
6638,40249.3824,15502.806,23082.2172,7741.08,0
6639,38984.7744,14956.4832,24798.6552,7469.1168,0
6640,38163.3684,15801.5964,25780.3044,7253.142,0
6641,39334.5168,16179.4356,27959.1108,6799.5084,0
6642,41388.4356,17395.7172,29450.766,6743.8836,0
6643,42614.9076,18598.6248,32179.4496,9192.1368,0
6644,41698.2504,19464.1236,32772.9444,9292.266,0
6645,41542.9476,18813.5964,32298.5292,7219.0836,0
6646,39985.9824,18271.0824,32478.0156,6439.6356,0
6647,37106.1744,18088.2156,32438.7948,6343.3188,0
6648,34045.3296,17230.572,32446.6584,6237.8124,0
6649,30985.6152,16403.4648,31810.7184,6259.1688,0
6650,29441.7744,15076.5024,31440.1344,6170.4912,0
6651,28174.1604,13771.3368,31045.662,6144.2136,0
6652,27564.3768,13412.8008,30058.6668,5996.6916,0
6653,27546.4308,12915.546,29552.7156,5973.1344,0
6654,27289.194,11702.6004,29579.0088,6012.3564,0
6655,28292.1444,11256.0504,27384.6564,6087.894,0
6656,31567.3764,11808.438,22200.318,6091.1028,0
6657,34909.1544,12665.1984,18226.0536,6426.1488,0
6658,37632.0792,13232.574,15297.7272,6959.4168,0
6659,39564.7968,14453.2056,13757.7084,7411.5192,0
6660,40403.5476,15079.896,14377.2828,7738.6896,0
6661,40232.8476,15024.9492,14591.91,7724.8788,0
6662,39244.83,14618.6448,15126.858,7542.5736,0
6663,37896.054,13714.278,17407.9104,7264.7136,0
6664,36493.2552,13851.0552,20852.238,7022.1372,0
6665,37122.2328,13903.8132,25883.6412,6723.6612,0
6666,36180.2832,17546.7972,30405.8508,6969.9732,0
6667,39495.5268,19731.1668,30828.7956,9509.1744,0
6668,40739.532,20513.6868,30889.3872,9570.084,0
6669,40979.7156,20767.1568,31308.9492,7398.45,0
6670,40902.9708,20656.9236,31356.036,6541.9164,0
6671,39013.1052,20083.1196,31537.182,6518.2704,0
6672,35963.0328,18555.3816,32291.826,6478.8588,0
6673,33061.3428,17210.862,31469.4168,6427.8744,0
6674,32427.1692,15211.4328,30983.6388,6367.6788,0
6675,30851.8776,14561.4792,30900.1032,6385.3224,0
6676,29820.2964,14398.8624,30685.9956,6413.2056,0
6677,29654.3088,14692.254,30532.302,6380.8164,0
6678,31332.24,14879.076,30495.5112,6403.1352,0
6679,35808.6444,14364.8736,29380.6776,6904.236,0
6680,41775.7944,13167.9864,28271.7828,7695.1656,0
6681,45245.5116,14914.164,28177.9128,8440.4844,0
6682,48215.6136,15374.2404,28248.6144,8780.5488,0
6683,50384.8668,17316.3612,27230.844,9100.6308,0
6684,51621.1548,18298.2732,26324.2452,9363.894,0
6685,51869.1,17390.7588,25272.756,9194.712,0
6686,52938.4344,17913.4608,25803.3648,9403.2624,0
6687,53495.8968,17442.5472,27157.6332,9392.9748,0
6688,53208.036,18200.3628,27843.7008,9157.8864,0
6689,52931.0052,19609.8828,27137.8968,9118.386,0
6690,48744.9672,20470.5,27213.6768,10747.974,0
6691,46676.5452,20070.3912,29879.9844,12673.3404,0
6692,48141.7584,19896.6876,31657.2288,10424.868,0
6693,49246.8324,20083.278,32002.8144,8390.9604,0
6694,49569.936,20632.5756,31749.1416,7459.0584,0
6695,47501.2968,20263.008,30824.946,7688.2056,0
6696,44831.8824,18714.204,29879.0064,7704.7416,0
6697,40782.9864,18367.35,28348.2264,7222.2516,0
6698,35074.8024,18121.23,29804.4432,6951.3408,0
6699,32550.9084,15680.9064,31728.6432,6779.9472,0
6700,32264.6472,14536.926,31755.0252,6681.858,0
6701,32358.1164,14629.7304,31173.6384,6602.1348,0
6702,34048.7496,15980.2776,29740.0392,6555.1536,0
6703,39815.9712,15759.0156,27832.2696,6740.4024,0
6704,46767.396,15498.9312,24738.5652,7401.0276,0
6705,49504.2996,15994.626,25879.3368,8111.8092,0
6706,50707.716,15801.5088,26218.4724,8658.2052,0
6707,51683.3124,15289.1508,26933.3532,9049.4412,0
6708,51714.6012,16068.3708,25878.9096,9193.9716,0
6709,50090.5116,15602.1096,25183.686,9194.2404,0
6710,51638.2044,16168.4088,24957.0744,9074.286,0
6711,52975.446,16014.6396,25204.4928,9177.5616,0
6712,51990.594,16753.2636,26028.984,8888.7576,0
6713,50140.4112,20414.7348,24823.3056,9007.9668,0
6714,45850.218,20552.1384,26530.6368,9684.636,0
6715,44546.0928,19026.3324,30130.9932,11933.124,0
6716,44687.0868,19078.9404,31999.9848,11190.8364,0
6717,44773.284,19134.6228,32036.2656,9763.2996,0
6718,43787.8728,19115.3556,32868.5748,8789.0892,0
6719,42964.2384,18281.0136,33163.0992,7271.1312,0
6720,38940.1836,16375.1856,33119.5044,7007.574,0
6721,35761.7088,14597.6748,32707.1544,6946.2048,0
6722,33593.5404,13020.78,32405.6364,6922.0428,0
6723,31657.5576,12621.0528,32090.9844,6936.102,0
6724,30977.6868,12164.9664,31970.994,6930.3696,0
6725,30921.4152,12587.4228,31555.0608,6927.5904,0
6726,32184.1596,13869.174,30791.394,6956.9976,0
6727,36645.342,14957.2992,28259.1804,7367.2428,0
6728,40669.9656,15297.0156,26969.3292,7888.9068,0
6729,43478.7792,15114.5796,27809.2584,8347.008,0
6730,45733.2816,14324.8824,27645.33,8749.6788,0
6731,47042.4468,14604.6264,27529.368,9069.798,0
6732,47498.9448,15044.9556,27527.448,9222.4956,0
6733,46676.2236,14728.5084,26565.7644,9023.8296,0
6734,47654.7828,15264.7152,26865.636,8826.8796,0
6735,49788.966,15328.578,26476.854,8323.5288,0
6736,50922.1416,15435.3948,27156.4968,7945.134,0
6737,49332.5988,16416.018,28168.7748,8695.4844,0
6738,45161.4996,16951.3704,28373.8608,9996.9108,0
6739,45200.0604,16843.1556,31378.536,11240.6484,0
6740,46134.1644,17369.0664,32371.8768,9971.532,0
6741,45172.002,18090.42,33093.9948,7765.4856,0
6742,43174.5204,18717.7572,33629.9904,7377.0024,0
6743,40735.7004,17775.5136,33406.4052,7351.5588,0
6744,37117.086,16829.7168,33094.7052,7282.7964,0
6745,35036.6544,14226.318,32166.5388,7165.2492,0
6746,32455.7136,12710.1,32170.3296,7091.106,0
6747,30893.3832,12105.726,31859.352,6996.546,0
6748,30028.5636,11991.3864,31505.628,7025.9064,0
6749,29928.4212,12347.3568,31031.7144,7039.8276,0
6750,30642.216,13840.62,31167.4836,7080.4056,0
6751,35271.5988,15686.8812,29328.6252,7321.38,0
6752,42188.7864,14535.8112,27955.8636,7963.002,0
6753,45880.7604,14874.7824,27524.7024,8629.4028,0
6754,48971.9016,12870.2004,27849.5412,9028.0764,0
6755,50352.714,12777.2304,27773.604,9203.3232,0
6756,50645.2308,12912.0372,27342.4584,9389.0856,0
6757,48600.2364,12663.8352,25995.6276,9379.2336,0
6758,48140.0256,12112.1652,27708.6444,9642.0084,0
6759,49941.156,12452.3808,27897.6684,9225.114,0
6760,50791.3728,13244.3916,28438.0404,8622.6324,0
6761,48969.3144,15793.6128,30071.7084,8200.5552,0
6762,44996.9508,17643.0228,31360.302,8867.1516,0
6763,44926.8288,19053.8568,32296.9068,10415.7768,0
6764,46156.5072,20006.7768,31489.9092,9980.2584,0
6765,45529.1748,20144.4144,31834.9344,8261.7576,0
6766,44834.55,18968.3568,32292.402,8425.8408,0
6767,42149.6976,17853.2376,32174.43,8450.1084,0
6768,38526.5712,16937.1492,31200.2892,7811.9592,0
6769,36167.4804,14992.392,30113.0184,7264.0248,0
6770,33571.4976,13149.558,30293.6712,7157.1072,0
6771,31965.8688,12309.9372,30115.1952,7086.5928,0
6772,31336.452,11926.4244,29926.2516,7093.8804,0
6773,31411.5564,11794.6836,29995.134,7059.7956,0
6774,32181.0888,13132.5156,29941.6836,7076.448,0
6775,36810.7164,13512.174,29023.7844,7326.726,0
6776,41527.926,13302.0288,28660.7928,8200.836,0
6777,44341.2444,14371.4124,29034.5412,8390.286,0
6778,44544.09,15396.2688,29504.6472,8826.6876,0
6779,45682.326,16547.3808,29434.8744,9169.2612,0
6780,45399.9048,16753.722,29451.894,9167.2536,0
6781,45949.5768,15861.3984,26454.8616,9074.1612,0
6782,46099.7316,17079.048,27128.2008,9045.438,0
6783,47289.5652,17757.4128,27170.6784,8757.8904,0
6784,47604.6732,17190.9804,27496.188,8355.384,0
6785,50036.5632,17690.5896,24982.74,8192.6196,0
6786,47601.9576,18861.4344,25682.3772,9421.9404,0
6787,46622.1876,19025.6808,27834.756,12060.0468,0
6788,44495.9076,20436.0744,30095.2728,11328.9564,0
6789,43793.4108,20129.31,31316.028,8603.9496,0
6790,43133.772,19592.5068,32031.8352,7498.71,0
6791,40348.1352,19156.8636,32122.6956,7543.734,0
6792,38830.8624,17052.9804,31051.3224,7449.012,0
6793,36204.6768,15406.284,30148.7328,7194.7056,0
6794,32631.2352,15028.8264,30022.3596,7041.6384,0
6795,31293.3756,13572.3696,29794.9512,7006.938,0
6796,30988.3608,11882.2584,30123.756,7004.0616,0
6797,30716.1396,11430.5436,30224.7588,6961.9152,0
6798,30641.6388,12297.096,28989.2676,6966.2472,0
6799,31439.6844,12553.212,28324.7508,7024.1712,0
6800,34449.5028,12666.5556,28229.9712,7254.0228,0
6801,37648.5432,13514.0496,25831.7592,7577.1144,0
6802,40270.9536,14504.9388,23299.5672,8102.5212,0
6803,41927.8452,15360.9072,21353.4924,8484.9996,0
6804,42669.2232,15715.0836,20756.1336,8815.3896,0
6805,42129.408,15301.32,20625.8232,8670.6516,0
6806,41054.058,14794.488,21766.6932,8325.06,0
6807,39380.7072,14422.0584,24266.1744,7920.4224,0
6808,38392.2528,14682.2676,25930.7892,7770.5328,0
6809,38975.1636,16917.27,24109.1316,8010.3384,0
6810,39918.7692,19290.1068,24335.19,8639.9796,0
6811,40244.382,21268.446,27173.3556,10925.628,0
6812,40253.172,21425.9472,28602.8316,10584.8376,0
6813,38660.1312,20957.6448,29161.6248,9293.1768,0
6814,37227.8388,20283.786,29599.0944,8178.8088,0
6815,34765.6776,19444.2144,29528.2908,8262.1968,0
6816,33682.7112,17518.1208,29633.8704,7833.5028,0
6817,31590.1584,17015.7744,28804.6728,7455.1812,0
6818,28300.5132,16813.8528,28624.5816,7129.5876,0
6819,26273.3268,16542.0168,28693.9296,6626.8212,0
6820,25032.8328,15804.4848,28760.5404,6567.702,0
6821,24729.7704,15298.0056,28466.154,6502.4604,0
6822,24760.0536,14478.6048,27993.9348,6543.4908,0
6823,28095.4752,11042.2872,26742.8928,6429.816,0
6824,32319.1764,9033.744,25099.1424,6966.1092,0
6825,36252.1332,9013.7796,22615.7448,7329.1452,0
6826,39318.7584,9001.7028,20945.79,7701.5604,0
6827,40946.43,9468.186,20384.2356,7816.3296,0
6828,41723.112,10291.8732,20939.3784,7926.7008,0
6829,41003.646,10614.876,20918.6508,7939.1136,0
6830,39789.8448,10734.2064,20370.6192,7727.7012,0
6831,37795.092,10875.0852,21665.9112,7413.4884,0
6832,35602.428,11549.1108,24136.4892,7200.6192,0
6833,35542.1256,14179.1988,24929.7612,7072.8864,0
6834,35463.5868,18231.0516,25002.4188,7514.1432,0
6835,36632.3808,19700.4228,26763.8184,10092.6804,0
6836,35925.1128,20453.7792,28193.6856,10367.382,0
6837,35883.834,20509.1724,28889.4888,8635.2636,0
6838,35241.2928,19564.0572,30437.622,7545.7716,0
6839,33804.9516,18880.7904,30801.1908,7316.3544,0
6840,31884.7128,17734.5732,29999.1852,7139.478,0
6841,31189.596,16037.5404,28737.0996,6543.9744,0
6842,30218.4012,13746.108,28906.074,6468.3,0
6843,29226.408,12614.256,29078.9952,6465.1524,0
6844,28813.5972,11875.4064,29269.416,6459.1776,0
6845,28727.604,12434.31,29314.6668,6444.8184,0
6846,29108.1252,14379.5988,29499.9516,6497.2212,0
6847,30993.9972,16898.556,30350.4444,6751.9068,0
6848,35867.5956,18804.1572,29160.4896,7379.9976,0
6849,39754.6488,20007.4056,30251.9676,7974.8844,0
6850,43335.8148,19838.8008,30008.8476,8571.2172,0
6851,46681.992,19740.0072,29558.082,8947.2036,0
6852,47997.2628,19965.2868,28201.1688,9515.0472,0
6853,47514.8184,18671.8224,27335.646,9968.9892,0
6854,48928.8528,18265.7856,27812.5656,9640.626,0
6855,50276.838,18495.114,28368.6384,9060.0648,0
6856,50271.3936,18759.2976,27702.7968,9005.8164,0
6857,48622.1652,21413.5704,25753.0908,8864.2692,0
6858,47252.3064,21258.5868,24637.6716,9291.4752,0
6859,47107.1064,19903.8324,27005.7768,11696.5488,0
6860,45668.1768,21127.566,29691.7908,11751.7752,0
6861,45159.9252,21192.4176,31084.512,9967.8732,0
6862,45165.4548,21108.1464,31097.7504,8572.6428,0
6863,42146.8632,21129.5076,30608.196,7761.6324,0
6864,38919.4956,19800.3408,29737.9752,6776.7192,0
6865,35672.5224,14774.9988,29030.85,6520.8036,0
6866,39077.3052,9147.8904,27078.9732,7050.3792,0
6867,37124.6628,10359.7824,26874.9384,7045.4016,0
6868,35210.3544,11783.7408,26762.562,6447.8724,0
6869,35161.9416,12046.7148,26276.6976,6736.2624,0
6870,35715.1176,12384.3192,27407.9592,7307.544,0
6871,38546.8344,12998.5188,28838.5488,7597.1484,0
6872,42288.606,14449.1712,29052.9756,8330.5572,0
6873,45130.2744,16149.204,29128.9008,8177.8104,0
6874,46196.742,16196.6592,29133.954,8595.3048,0
6875,46839.0228,17046.4812,29668.0368,8843.6328,0
6876,47461.9464,17644.3116,29115.2232,8886.5292,0
6877,46136.8164,17266.5216,27025.5924,8820.2268,0
6878,46180.1196,19005.5184,26687.6124,8576.0724,0
6879,47246.0376,20322.1572,26316.9012,8234.8272,0
6880,47734.9212,20826.0936,25801.5072,8220.2256,0
6881,48676.1076,20818.4508,23842.8108,9893.1216,0
6882,47979.5616,20117.8128,22697.3532,11610.1536,0
6883,46285.2732,19498.8552,25714.8144,14312.166,0
6884,45646.2972,19506.5076,28552.8384,14120.3748,0
6885,46025.2824,19195.4604,29278.6032,11560.3704,0
6886,46379.6376,18532.1784,29626.7868,9872.8296,0
6887,43229.1096,17969.5896,29867.9856,9824.9712,0
6888,38890.776,17660.5452,29922.6372,8705.262,0
6889,35359.932,17730.7452,28719.5844,7257.4248,0
6890,32519.8524,17049.0864,28904.91,6651.5544,0
6891,31236.9312,15398.2896,28971.3,6607.542,0
6892,29192.4252,15985.146,29056.1652,6599.0832,0
6893,29314.5072,15659.094,29241.6132,6596.7372,0
6894,30563.4528,15021.954,29833.1856,6631.9524,0
6895,32911.3476,15915.6492,29649.2052,6938.34,0
6896,38571.678,17113.0248,27051.2736,7518.8628,0
6897,41820.5508,16631.0472,27045.378,8165.514,0
6898,43474.746,16783.9908,26505.3684,8446.596,0
6899,45642.3264,18219.3624,25522.4604,8675.64,0
6900,46395.7392,18922.2372,25271.5632,8774.2116,0
6901,45369.2232,18867.4212,24275.5356,8585.4372,0
6902,44907.804,18327.72,27137.6808,8623.3008,0
6903,46672.5888,18029.1084,27915.2064,8381.7216,0
6904,47040.186,19631.3136,27084.8448,8161.1148,0
6905,47488.5132,20994.4776,25761.8112,8411.658,0
6906,46372.308,21637.7064,25116.126,9408.7764,0
6907,45424.2948,21008.8296,27396.6924,12508.6464,0
6908,44269.2324,21024.9228,30413.244,12937.806,0
6909,43785.4176,21176.3124,31149.042,10820.3448,0
6910,43228.452,20926.2672,32100.4296,9303.8592,0
6911,40155.4596,20632.686,32253.1668,8922.7224,0
6912,37279.4064,19424.8032,30963.0348,8304.3492,0
6913,34444.0284,18022.4076,29807.9424,7555.9824,0
6914,32199.8412,16603.7904,29901.336,6638.436,0
6915,31234.8084,15174.4344,29795.3352,6559.3908,0
6916,30425.3136,14499.0672,29917.9812,6549.8052,0
6917,29867.2656,14774.5596,30140.7684,6559.6212,0
6918,30240.0372,15725.5596,30381.096,6597.876,0
6919,33435.4452,15930.0096,30389.3424,6913.5372,0
6920,39867.7944,16013.946,27995.8608,7537.0704,0
6921,44622.1164,15463.7376,27288.108,8108.1144,0
6922,47184.9468,14998.686,26698.6404,8685.0228,0
6923,48530.4972,15919.3392,26958.8652,9039.7548,0
6924,48461.106,16789.1736,27918.1152,9004.4544,0
6925,47608.2216,16669.8096,27556.0344,8835.4848,0
6926,47803.122,18725.1876,28156.3596,8972.5812,0
6927,50357.0544,18334.806,28739.2296,8503.0728,0
6928,51096.3996,18224.646,28772.8284,8756.622,0
6929,49781.6424,20566.3032,27301.254,9734.4624,0
6930,46034.118,20029.3764,27897.8352,11629.8636,0
6931,45843.6324,19574.7828,29276.1828,14092.7436,0
6932,47202.846,19440.3804,29636.2188,13613.2512,0
6933,46461.4908,19537.3812,30981.282,11076.8412,0
6934,45279.726,19542.93,31949.4504,10382.2596,0
6935,41846.5812,19651.7244,32597.6844,9757.8252,0
6936,38685.7032,19449.504,31581.3888,8757.1932,0
6937,34627.0992,18688.9944,30871.9248,8484.618,0
6938,32154.4644,18552.3492,30377.604,7423.7844,0
6939,30727.1736,18186.1392,29852.6352,6679.206,0
6940,29415.0324,18054.5256,29643.3444,6656.4468,0
6941,29488.6296,17968.2468,29123.1756,6573.4644,0
6942,30068.6436,17833.9632,30055.4784,6613.3368,0
6943,33936.2904,17038.7304,30243.8484,7011.3168,0
6944,41305.9044,16797.6708,27506.7048,7466.7168,0
6945,46003.194,17092.1916,27164.6592,8134.4388,0
6946,49276.3212,16938.1536,26633.5224,8513.6172,0
6947,51607.0872,17348.0016,26676.6036,8836.7652,0
6948,51173.6676,17258.5884,27994.9104,8946.5916,0
6949,51493.5144,16829.5056,26697.1392,9004.5192,0
6950,52412.3172,19082.5272,26952.7116,9051.8316,0
6951,52247.8404,19440.9684,27830.1864,9267.2424,0
6952,51539.8572,20760.3744,27522.5184,9179.4612,0
6953,51451.1388,21190.524,26061.0732,10533.174,0
6954,48123.0768,21101.7804,25461.3312,12626.0856,0
6955,46331.148,20752.0584,28394.8932,14735.3676,0
6956,45316.9296,20546.3952,30523.8156,13873.0704,0
6957,44659.428,20432.8728,31556.9448,11519.1864,0
6958,43547.0448,20652.9048,32194.872,9991.1004,0
6959,41450.448,20177.5884,32206.734,9471.3168,0
6960,39803.5848,19257.84,31553.8752,9451.8288,0
6961,36722.832,17767.4688,31830.7104,8961.0612,0
6962,33204.7536,17730.0912,31685.3832,8258.4468,0
6963,31324.1088,17623.2444,31448.7924,7602.8748,0
6964,30488.9016,17404.0488,31239.5592,6987.6972,0
6965,29277.7524,18241.6944,31153.9464,6781.1532,0
6966,29144.01,17888.2104,30534.1476,6623.328,0
6967,32602.6296,14436.7176,30106.4328,6690.1896,0
6968,36441.06,14021.7852,28399.9488,7565.1696,0
6969,40328.0136,14092.836,28784.7276,8381.9136,0
6970,42016.1292,15672.132,28373.0904,8733.1884,0
6971,42786.7656,17412.546,27056.7204,9042.324,0
6972,42118.1904,18651.396,26542.0776,9140.9904,0
6973,40726.7292,19057.8108,25356.6228,9083.6832,0
6974,39613.7724,18653.8884,25638.606,8654.2716,0
6975,39794.5776,18133.1076,24981.732,8332.4676,0
6976,39126.3444,18492.2244,24400.8,8566.7976,0
6977,39545.7552,19942.9296,22161.5472,9942.4224,0
6978,40850.9208,21065.9568,20895.7836,11486.2236,0
6979,41485.7412,21233.7624,24089.1492,13400.8764,0
6980,41121.7728,21063.288,26654.8224,12362.0412,0
6981,39190.2252,20991.4908,27706.38,10765.7028,0
6982,37773.2832,20992.8876,28651.2852,9192.414,0
6983,36942.5472,20403.9732,28257.6396,7700.7036,0
6984,36855.342,16973.802,28045.8816,7354.3956,0
6985,32637.8376,17758.7688,26442.996,6798.8004,0
6986,29025.1476,17704.2864,26209.7532,6962.9652,0
6987,27981.9252,16226.436,26189.3748,6884.6316,0
6988,27720.5796,15954.5304,25485.5616,6470.0004,0
6989,27597.6696,15752.0172,24611.4444,6513.9804,0
6990,27175.1688,15730.7328,23652.2088,6282.4836,0
6991,28910.6292,13647.0792,23017.0272,6303.0096,0
6992,32313.5004,12952.9752,20300.7012,6385.2924,0
6993,34831.2252,12314.148,17850.2772,6931.4496,0
6994,35691.7332,12792.1428,16462.5588,7410.1152,0
6995,37535.34,13644.8064,15482.1708,7796.5152,0
6996,38989.3536,14256.2376,15349.6176,8027.0748,0
6997,39024.726,14439.0732,15124.602,7953.8124,0
6998,38109.8916,13729.1952,15604.5144,7719.0012,0
6999,36847.8504,13953.2964,16676.8692,7407.366,0
7000,34956.2196,14569.7076,18116.43,7000.0884,0
7001,36599.8548,14198.9244,19301.694,7133.3088,0
7002,37904.2008,15589.8372,21304.86,8437.404,0
7003,39047.7192,15990.204,23674.9836,12505.1352,0
7004,39768.2772,18153.9864,23034.9432,12639.6192,0
7005,38780.3676,20371.4472,21780.9696,11125.3692,0
7006,37190.5104,20723.2572,22100.4996,10052.6448,0
7007,35558.3268,20772.6468,21445.8204,9367.7196,0
7008,33977.4912,19193.7384,21124.7616,8283.96,0
7009,32542.3644,19427.208,18680.0604,7691.2416,0
7010,31657.5408,19336.2192,17841.6324,6720.0252,0
7011,31495.3956,19340.3184,16860.1764,6539.5656,0
7012,31735.2,19440.2604,15719.8572,6516.4548,0
7013,32879.484,18728.9976,15571.5612,6523.4664,0
7014,33258.282,18528.8556,17286.198,6588.6972,0
7015,33800.3412,17990.1516,21983.6052,6599.6304,0
7016,35212.296,16808.4732,25370.568,6844.3128,0
7017,38438.2608,15452.5896,26947.2192,7216.9464,0
7018,41758.014,16525.5804,23559.4164,7990.8972,0
7019,43725.642,17141.832,23475.7872,8324.898,0
7020,44488.3536,17610.6684,23864.214,8515.4256,0
7021,43874.0448,16719.1044,22578.294,8494.5876,0
7022,44883.1128,16583.8656,22386.8664,8462.9496,0
7023,44287.1112,16605.6648,23550.7596,8147.79,0
7024,44410.4784,16896.9624,24649.7208,7842.6012,0
7025,44342.6436,18438.1752,25406.1744,7301.3148,0
7026,42955.6572,17995.8828,26416.3692,7633.542,0
7027,42442.9044,18899.5104,28168.7652,10258.5312,0
7028,43427.6652,19192.2324,30193.2336,10662.4668,0
7029,42919.1904,18876.7548,30629.5488,8785.572,0
7030,42035.5104,17943.7428,31613.724,7774.4328,0
7031,39603.978,15988.302,31524.0024,7577.0256,0
7032,36605.88,13653.198,30110.724,6935.178,0
7033,31003.9536,14751.7584,30069.1668,6089.2344,0
7034,28236.9216,15130.8108,29224.416,5478.186,0
7035,27563.6748,13889.6748,28897.446,5372.2476,0
7036,27189.1368,14638.116,27500.3064,5355.0768,0
7037,27497.592,15472.1688,26552.8644,5395.5528,0
7038,27703.7976,17064.3936,27095.3304,5368.7088,0
7039,30972.6636,15730.3416,29611.2864,5588.3772,0
7040,35950.9404,14635.9776,29259.0516,5823.2676,0
7041,40542.162,15126.7752,25620.0096,6431.784,0
7042,43518.7584,15695.5668,22926.1152,6835.9524,0
7043,45135.528,16608.5808,22961.7432,7182.1812,0
7044,45494.088,16871.4948,23002.1928,7271.982,0
7045,44373.5628,16763.214,21343.4016,7201.7544,0
7046,43673.5128,17947.326,22120.728,7169.9988,0
7047,41492.1048,17962.4772,25983.468,6685.878,0
7048,41549.0628,16325.9148,29186.5944,6512.7744,0
7049,43466.2584,17122.35,28093.908,6530.8356,0
7050,41672.1828,17632.5084,29612.0892,6730.0956,0
7051,41332.7208,18816.8664,32174.4948,8699.322,0
7052,41964.3792,19871.8356,32387.6388,9416.4864,0
7053,41159.6388,20204.07,32796.8496,7432.1916,0
7054,39825.9768,20186.5632,32446.4976,6504.036,0
7055,37694.3004,18528.684,31864.7064,5977.6956,0
7056,35625.0396,15083.3472,30800.2308,5589.3924,0
7057,32268.1452,13495.0272,30152.7504,5462.0424,0
7058,28965.9384,13174.1424,29791.9692,5446.008,0
7059,27170.6664,12220.5624,30332.6184,5430.2256,0
7060,26593.3344,11683.8924,30769.6812,5342.5476,0
7061,26838.7488,12023.5032,30575.4048,5249.5428,0
7062,27868.308,12855.6924,30814.7952,5474.748,0
7063,32555.4636,15348.8376,27389.1156,5786.6148,0
7064,38057.466,14580.2304,25068.8928,6143.0556,0
7065,40384.9608,15331.968,23613.9204,6448.6536,0
7066,42907.1616,16249.0752,21592.0188,6879.4272,0
7067,45036.2784,16919.5104,21243.702,7473.3192,0
7068,45398.5476,17402.7624,21998.9952,7701.414,0
7069,44631.2772,17293.2684,20157.5088,7296.2652,0
7070,44390.9244,17200.224,21051.7188,7555.0296,0
7071,44361.0804,17255.8056,22786.3464,7616.304,0
7072,44454.7956,18296.0772,23921.7756,7026.8976,0
7073,47013.0912,17791.6164,24421.3728,6775.0476,0
7074,43472.0604,17623.896,28834.7424,6938.4888,0
7075,42608.322,17819.394,32281.1772,9445.182,0
7076,42290.916,19800.7476,32358.3252,9800.5296,0
7077,41983.8,19944.7764,32807.2344,7690.6812,0
7078,40671.7872,20159.5632,32381.6556,7034.9256,0
7079,38576.7084,18882.3864,31686.2196,6239.286,0
7080,36802.92,15710.442,30902.3712,5843.7348,0
7081,34310.9604,12113.5428,30793.8408,5672.3892,0
7082,31423.1784,10971.4164,30995.8908,5566.8396,0
7083,29123.664,10855.5852,30915.3288,5583.3828,0
7084,27385.9764,11667.024,30638.5248,5583.576,0
7085,27328.4364,12458.9052,30353.9748,5441.3484,0
7086,28688.2752,13188.6288,30441.0684,5382.2316,0
7087,33368.952,13721.0244,29391.9852,5755.176,0
7088,37877.7528,13649.9184,26819.6724,6167.7528,0
7089,41041.4652,14818.26,23785.3164,6547.6572,0
7090,43628.2152,15811.278,21369.546,7042.7832,0
7091,45696.9252,16714.5564,21141,7364.07,0
7092,46534.1904,17200.8936,21410.4576,7451.616,0
7093,45755.6964,16862.9484,20150.4456,7434.2592,0
7094,45357.588,17469.0864,21534.1644,7505.862,0
7095,43972.5744,16898.9352,25485.4152,7282.452,0
7096,44520.3828,15566.154,28800.9036,6731.8644,0
7097,45182.2308,17038.9548,29333.0784,6469.0704,0
7098,44071.5108,17322.4896,30371.3508,6792.1536,0
7099,43302.3612,18145.2132,32353.3404,9208.0632,0
7100,43515.0768,19851.2868,32474.1264,9284.0508,0
7101,43244.8644,19811.0568,32761.8156,7178.178,0
7102,42507.288,20490.378,32343.1188,6167.1216,0
7103,40294.1772,18445.8,32349.4512,6110.8044,0
7104,38477.7156,14617.9284,32097.4248,5962.7328,0
7105,36377.0988,12013.716,31313.256,5650.3644,0
7106,32758.6032,11499.7188,31394.6256,5664.7476,0
7107,29578.2312,11892.3252,31517.0436,5689.3956,0
7108,28660.1136,12130.2852,31431.0624,5541.5988,0
7109,28189.3884,13037.55,31312.3716,5573.3784,0
7110,29908.2264,14096.2224,30483.7416,5556.954,0
7111,34223.97,14677.8276,29880.3576,5869.7772,0
7112,38101.8312,15093.3468,27871.1316,6441.5004,0
7113,41763.1524,15477.3156,25957.476,6829.1868,0
7114,44731.2888,16327.6908,23242.6488,7183.8384,0
7115,46853.718,17535.948,22282.536,7510.728,0
7116,47621.3628,18520.122,21970.134,7706.082,0
7117,46967.7924,17584.7664,21101.1252,7616.4804,0
7118,46448.5668,19316.478,22013.5956,7443.708,0
7119,46291.5864,18487.5,24876.2724,7080.5388,0
7120,45555.0456,17412.156,27457.4976,6894.9792,0
7121,46325.0484,17346.9456,27919.6944,6748.2192,0
7122,44673.018,19585.578,27253.1412,7142.8752,0
7123,42907.746,19892.292,29835.5352,10752.078,0
7124,43433.2284,20652.378,31881.9384,10372.3464,0
7125,42833.2596,20684.4396,32531.6484,7644.2592,0
7126,42024.3948,20670.3948,33100.4724,6401.9604,0
7127,39090.5388,20099.0616,33198.4356,6312.3036,0
7128,37772.88,17502.1596,32220.1296,6090.0492,0
7129,34934.634,15669.33,31642.866,5796.3672,0
7130,30922.1784,15037.0176,31908.1188,5741.5392,0
7131,28797.5232,14632.8012,31593.3144,5747.6412,0
7132,27987.936,14174.6964,31171.5804,5771.3592,0
7133,27681.798,14413.1772,30580.4904,5778.1164,0
7134,27597.6312,14261.748,29968.2012,5730.9588,0
7135,31365.5916,12793.6584,27666.6132,6297.3072,0
7136,35184.9468,13045.1724,25321.1748,6574.0956,0
7137,39208.7604,13192.1568,23243.346,7073.3352,0
7138,42061.1544,13867.2636,21380.5176,7574.9904,0
7139,44028.9576,14421.4548,21351.198,7534.092,0
7140,44092.6308,15222.0024,21800.874,7821.5388,0
7141,43086.1356,15109.4292,21672.5772,8159.118,0
7142,41731.404,14667.6288,22570.5108,8076.786,0
7143,39935.5728,14592.7212,24724.0728,7784.1036,0
7144,39022.2576,15028.1784,26858.7504,7487.0184,0
7145,39990.4176,16271.3208,27320.5944,7070.7468,0
7146,40809.474,17493.7884,28205.5332,7939.32,0
7147,40585.3512,19519.9848,30195.816,11647.7736,0
7148,41084.628,19980.5868,31395.0972,11121.2592,0
7149,40223.844,19760.3436,32599.3908,7981.1712,0
7150,38616.9,19532.8152,32889.084,6591.234,0
7151,36610.7928,18668.9568,32480.6508,6380.16,0
7152,34709.622,17582.97,31350.0396,6365.1036,0
7153,31559.1012,16658.142,30817.3536,6350.0952,0
7154,28186.6752,15967.7928,31019.022,6392.712,0
7155,26998.1292,14720.3568,30575.9496,6438.1128,0
7156,26245.1016,13809.4896,30502.9152,6430.9044,0
7157,25883.0508,13290.594,30277.2336,6384.7524,0
7158,26051.4552,12087.5604,29577.6828,6241.1688,0
7159,28250.6652,10446.6288,28933.5888,6041.2428,0
7160,33230.8788,10832.2596,22237.566,6699.8076,0
7161,37134.9276,11359.6032,18169.56,7183.998,0
7162,39699.3216,11752.9092,16576.6128,7748.6568,0
7163,41111.3616,11736.3756,16568.4624,8165.5692,0
7164,41390.9064,12365.7516,17518.1376,8257.8132,0
7165,41049.9564,11859.372,18824.2812,8163.6684,0
7166,40303.7616,11433.5448,19208.6316,7940.9664,0
7167,38641.5132,10888.05,21384.8424,7646.4516,0
7168,36593.4648,11957.2608,24327.9084,7287.762,0
7169,35958.6144,13867.2528,27308.8404,6728.0892,0
7170,36012.2448,16793.1,29972.3364,6988.5648,0
7171,37219.6668,18667.0452,31439.7792,9910.7688,0
7172,38296.7784,19472.3208,31912.608,10004.9724,0
7173,38159.9664,19606.7616,31986.2064,7876.3848,0
7174,37688.9424,19754.1084,31897.3008,6550.92,0
7175,36145.1376,19602.6456,31727.4312,6350.0016,0
7176,34088.8584,18633.1884,31075.6932,6423.402,0
7177,31971.5496,16515.2736,31198.8012,6281.8968,0
7178,29935.8516,15737.7204,30887.5932,6139.512,0
7179,29036.7528,14689.362,30718.7892,6163.3536,0
7180,28131.9684,14409.6612,30365.3112,6381.8772,0
7181,29034.096,14049.138,29766.2268,6426.2244,0
7182,30984.0204,13787.1396,29413.7868,6429.4092,0
7183,36301.374,13391.7108,28625.964,6723.1044,0
7184,40751.1888,15210.5568,27479.5464,7309.7844,0
7185,43101.0984,17488.6164,27518.6364,7895.6532,0
7186,44765.0604,17705.1228,27423.9396,8459.1096,0
7187,46864.4688,17951.7048,27083.6892,8988.8664,0
7188,48552.318,18534.162,24995.91,9348.5136,0
7189,47519.0124,17691.5424,23674.608,9385.7232,0
7190,47543.1576,18796.332,23987.8872,9941.0088,0
7191,47329.242,19790.5188,25420.524,9861.642,0
7192,46256.2656,20061.5508,27163.8516,9519.0804,0
7193,47542.26,20122.9968,26262.06,9751.848,0
7194,44658.9936,19685.7,26733.4752,11131.7052,0
7195,43504.5132,18581.5572,29256.7524,13015.4952,0
7196,44137.5204,19538.7288,31504.5552,11299.638,0
7197,44392.8552,20355.0492,32152.5984,7789.836,0
7198,43409.892,20719.1028,32410.1736,7005.354,0
7199,40477.878,20617.0248,32210.5332,6784.5828,0
7200,36884.9796,19208.3568,32024.7108,6784.7064,0
7201,33938.4672,17094.9996,31673.5476,6775.4412,0
7202,31075.1448,16459.9632,31474.6716,6625.1172,0
7203,30380.9688,14691.7476,31361.952,6560.796,0
7204,30051.6516,14046.3288,31026.9384,6650.0844,0
7205,30574.4412,13975.362,30855.1932,6469.1928,0
7206,31159.7292,15228.7956,30800.6064,6354.228,0
7207,36170.4432,15896.3448,28884.2268,6580.392,0
7208,39395.9136,18176.2296,28351.8612,7525.7652,0
7209,43224.3396,18333.8172,29357.8356,8511.246,0
7210,44965.7688,18174.654,29969.124,8960.5992,0
7211,47375.0064,18237.6192,29968.4388,9598.8684,0
7212,47781.5016,18597.9708,29670.6684,9838.4148,0
7213,46719.1176,17205.2568,28420.2432,9539.844,0
7214,47938.5,18583.7928,27733.5288,9986.0136,0
7215,48557.3748,20062.0056,27401.4228,9990.4332,0
7216,48394.6044,20791.6248,27207.5772,9794.6352,0
7217,46725.0144,21253.1844,27532.9836,10367.1456,0
7218,43013.2596,20752.8288,27460.8264,10585.5816,0
7219,44053.3824,19800.9804,28400.694,12426.9312,0
7220,45242.1228,21020.2752,29856.3696,10466.5272,0
7221,45000.9408,20955.1272,29199.0576,9702.7284,0
7222,43102.9908,20835.2304,30338.6328,9718.0632,0
7223,39704.9196,20558.5416,31654.9332,9262.4076,0
7224,36715.0764,18580.0296,31492.014,8707.1376,0
7225,35041.776,15076.0692,31338.4188,8181.5448,0
7226,33489.0492,13368.6888,31337.6928,7232.37,0
7227,32490.2904,12385.2432,31163.4588,6739.1244,0
7228,31567.1076,12121.5456,30803.0052,6720.2412,0
7229,31324.1508,12999.4896,30394.5816,6609.0696,0
7230,32066.1528,14091.5148,30348.846,6624.0996,0
7231,35658.6516,14943.1668,29492.2704,6775.3992,0
7232,39295.962,16187.7516,29972.256,7285.416,0
7233,43876.3584,17121.7944,30065.526,7654.6308,0
7234,48176.9712,16694.4468,29206.7184,8427.4128,0
7235,49766.2524,16922.0928,29735.838,9019.1232,0
7236,50784.6444,17402.0508,27776.4036,9216.9204,0
7237,49854.5136,16003.236,27630.8136,8970.4104,0
7238,48191.556,18577.218,27125.8884,9602.496,0
7239,49053.9732,19250.9772,27292.5996,9604.0584,0
7240,49045.1136,18771.4884,28794.654,9113.892,0
7241,49669.2516,18985.7832,26865.4008,10146.5244,0
7242,46827.5544,19221.8532,26337.9876,10445.0196,0
7243,46577.8944,17453.4804,29535.1296,12026.8572,0
7244,45900.7836,20098.5564,31178.6532,10108.5612,0
7245,46219.8516,19693.5216,30375.8736,9247.9152,0
7246,45280.1688,18313.8744,31416.63,9412.71,0
7247,41022.7248,18513.7356,31886.4264,9544.8336,0
7248,38696.166,16031.976,32030.5512,8708.3532,0
7249,36578.682,13981.554,31841.4252,7740.9348,0
7250,34424.724,12775.3332,31728.3132,6911.9496,0
7251,33860.7528,11651.8152,31150.5588,6523.986,0
7252,33398.8512,11394.5976,30642.0804,6438.0276,0
7253,32879.85,12260.6028,30590.0772,6418.6032,0
7254,33802.0464,13425.5376,30442.962,6421.6224,0
7255,37676.25,14403.6,29825.9784,6586.0836,0
7256,41621.1948,16384.7328,29227.0476,7180.2132,0
7257,44389.062,17768.0892,29464.7856,7844.9532,0
7258,45722.196,18430.914,29093.4996,8412.2832,0
7259,47748.4788,19271.3748,27756.492,8827.6956,0
7260,48301.3608,20344.5432,26876.4564,8921.6868,0
7261,46985.7984,19176.6372,26780.7684,8745.756,0
7262,46277.0364,19371.3948,27759.3396,9087.7464,0
7263,45233.2272,19670.3328,28847.916,9361.1496,0
7264,44918.8464,19939.458,28195.644,9861.0156,0
7265,45156.3924,21572.67,25641.5388,10360.5372,0
7266,45937.9956,18787.4928,24777.498,10616.5428,0
7267,45099.0312,17622.6108,28988.1456,11529.1572,0
7268,44271.8064,18123.4836,31797.096,11847.4896,0
7269,42688.974,17692.0092,32479.11,10983.5904,0
7270,41819.04,17675.2056,33324.0852,9540.5256,0
7271,39069.2868,18148.8756,32933.0628,8768.7192,0
7272,37722.1632,15122.0328,31956.4992,8189.3712,0
7273,34410.9168,14382.666,31445.6028,7134.744,0
7274,31623.3828,13241.208,31603.8672,7005.1308,0
7275,29514.8148,12871.3428,31492.7976,6964.0704,0
7276,28812.2904,11930.2524,31820.928,6890.0448,0
7277,28769.3532,12407.1228,31660.818,6811.6056,0
7278,29692.0332,13659.612,31464.8412,6829.3116,0
7279,32924.5932,15291.8544,31309.974,6748.1892,0
7280,38336.6844,16187.1504,30451.0044,7155.0264,0
7281,41605.1124,16874.4636,30823.4484,7677.4824,0
7282,44009.7492,16596.3228,29804.1576,8248.2948,0
7283,46934.3436,17468.3832,27070.6908,8717.5572,0
7284,47370.6408,18063.5616,26225.6016,8911.1928,0
7285,46626.0384,17784.186,25183.4724,8757.5772,0
7286,46045.3656,18697.4556,25240.5636,8547.798,0
7287,44976.846,18103.1664,27422.2596,8460.2244,0
7288,44937.8928,17769.0972,27710.3184,8726.6064,0
7289,45442.1268,18957.1128,25871.268,8993.7348,0
7290,44473.7772,18317.754,26275.8552,9712.578,0
7291,43464.1596,17426.82,29919.3396,11651.4516,0
7292,43112.8764,17285.844,32784.4764,11392.2288,0
7293,42215.4648,17404.3104,33358.1484,9043.2336,0
7294,41023.326,17661.8268,33682.2876,7912.3776,0
7295,39388.698,16754.9844,33737.0016,7502.4384,0
7296,37497.7224,15291.5244,32756.5536,7175.3088,0
7297,34711.2852,14994.4956,30888.2412,6795.6804,0
7298,32168.8032,14015.3316,30192.1776,6791.4888,0
7299,31390.9008,12646.062,29176.17,6766.2324,0
7300,30825.7584,12597.5664,27968.8092,6742.1208,0
7301,30865.6092,12429.54,27569.8656,6677.4744,0
7302,30008.3388,12566.2776,27272.22,6659.3508,0
7303,31929.3084,11932.0008,26908.8708,6600.4776,0
7304,36995.1432,12708.1212,24934.1028,6753.9072,0
7305,40258.782,13889.7756,22097.868,7481.1636,0
7306,42822.1584,14546.5284,19793.5836,7941.45,0
7307,43957.9896,15263.4912,18912.1824,8138.7312,0
7308,44112.5376,15949.2084,18972.4932,8208.0756,0
7309,43885.8972,15535.3704,18896.3412,8094.5472,0
7310,43240.9728,15191.9628,19363.5852,7977.0648,0
7311,41026.6092,13995.2628,23249.7132,7826.652,0
7312,39798.096,14593.0632,25717.284,7666.4724,0
7313,40757.3664,16141.8324,25920.2364,7580.9916,0
7314,42675.4596,15865.182,26526.618,8331.8028,0
7315,43198.5168,17116.404,29571.5784,10345.3332,0
7316,42623.9844,17833.6512,31025.7396,9802.1832,0
7317,41306.778,16743.4164,31909.8528,8513.3856,0
7318,40033.65,16321.998,32135.9892,7253.3808,0
7319,38513.7636,15352.5516,31785.12,6582.7932,0
7320,37427.5056,14478.2196,30271.3572,6248.2428,0
7321,34509.2592,14212.3176,29648.7024,6224.748,0
7322,32189.6076,12680.7708,29521.2924,6530.466,0
7323,30774.2328,11851.8096,29096.2368,6378.1248,0
7324,30189.8736,11293.9512,28060.4388,6281.0328,0
7325,29605.9464,12013.5444,26690.5932,6268.986,0
7326,28314.3828,11603.592,26541.6852,6209.9316,0
7327,30525.2388,10388.4324,25498.9056,6187.7496,0
7328,33635.5608,10366.164,22938.7344,6329.4144,0
7329,37034.7276,11290.62,19789.5324,6741.8412,0
7330,38631.9984,12503.0496,18096.1908,7161.714,0
7331,39618.3216,13269.8076,17887.3572,7573.0368,0
7332,41014.2864,14092.1808,17840.6028,7675.602,0
7333,41122.4724,14125.068,18239.0424,7622.2212,0
7334,40078.728,13928.3208,18462.774,7590.7356,0
7335,38184.4884,13377.2652,20195.8056,7530.2184,0
7336,36492.8664,13724.91,23121.1788,7163.3436,0
7337,38097.7308,15848.8608,21906.8928,7115.8968,0
7338,37677.2196,17799.4836,23153.7852,7754.3532,0
7339,38918.0808,17927.4396,26947.65,9543.4752,0
7340,39143.2704,17403.7752,30226.1412,9002.196,0
7341,38829.5484,17217.5112,30980.6016,7678.1616,0
7342,37576.4316,17386.8636,30718.8228,7290.1476,0
7343,36168.3144,17394.2028,29809.386,6695.0796,0
7344,35319.804,15573.36,28150.092,6701.0112,0
7345,34333.656,14006.0172,26670.1008,6623.8236,0
7346,33138.4548,13004.2896,26146.0176,6569.9112,0
7347,32760.5808,12338.9064,25482.726,6527.7504,0
7348,32640.9732,12360.4656,24623.8608,6601.4064,0
7349,32767.7844,12912.6612,24303.162,6676.6536,0
7350,34210.566,13294.1688,24394.6836,6857.8716,0
7351,35524.6152,14585.9148,26976.7044,7180.884,0
7352,37847.7264,16133.0184,29011.35,7753.4196,0
7353,40874.2224,19337.28,27706.9536,8282.0856,0
7354,43615.1664,19683.0348,27685.506,8429.1564,0
7355,47359.5948,18797.3148,27025.098,8840.79,0
7356,48656.9748,18669.1956,26637.6732,8950.3224,0
7357,47556.024,17178.258,26399.8512,8965.5432,0
7358,48388.116,18054.7896,25244.0592,9110.9112,0
7359,48606.9804,19541.5596,23678.6484,9825.648,0
7360,48551.16,21384.6672,22015.1868,9632.268,0
7361,49958.9556,21722.9292,20658.5832,10339.932,0
7362,50848.5984,20112.5664,19737.5268,11191.2,0
7363,50181.84,19245.2436,22038.8208,13293.3216,0
7364,51605.8896,20042.3628,23117.5044,13734.3528,0
7365,51681.216,19538.3364,22977.7392,13091.634,0
7366,50956.5432,19895.3352,23335.3164,11406.1896,0
7367,47346.7572,18895.2432,23368.9872,11339.2392,0
7368,42890.0412,17827.374,23552.2068,10574.682,0
7369,40850.658,14555.9316,22451.8392,10525.1328,0
7370,39958.8996,12365.6664,22482.4692,9561.0624,0
7371,39836.1396,10494.1368,22762.9104,8410.7712,0
7372,39175.3068,10228.4628,22775.0844,7984.5828,0
7373,38528.5356,11154.7056,22456.4556,8239.5756,0
7374,38123.982,13123.9176,22134.0528,8269.9212,0
7375,38175.5556,14299.8468,25413.1512,8569.392,0
7376,40581.198,15727.9728,25985.8272,9160.8612,0
7377,43485.9876,15487.398,26298.3216,9654.3,0
7378,46047.4968,15888.7692,24634.3008,10190.1708,0
7379,47960.9544,17553.9648,24059.5812,10619.94,0
7380,48744.1812,17979.0504,24074.2116,10735.9632,0
7381,46997.3328,17930.9292,23487.2424,10640.0196,0
7382,47665.0584,18451.8996,25043.4804,10679.9244,0
7383,48918.0492,20619.1656,25751.8812,10209.1968,0
7384,49232.5668,21923.4468,25597.1256,9960.51,0
7385,49990.2684,22983.114,24011.1108,11402.1,0
7386,48324.4284,21358.7868,24061.1712,11597.4492,0
7387,48173.3076,20064.0984,25986.702,13060.806,0
7388,48882.4188,20392.9896,27684.0264,13451.6508,0
7389,48680.8548,20127.072,28672.5936,11850.072,0
7390,48405.6072,19733.5512,29785.3872,10075.4364,0
7391,45501.9408,18723.7536,30440.1336,8914.7796,0
7392,41989.8756,17268.102,29202.534,8531.6676,0
7393,40513.2864,14069.9052,29251.8684,8350.302,0
7394,38901.3744,12117.1284,28471.7544,8311.3452,0
7395,38004.222,10269.33,28110.6144,8368.536,0
7396,37478.568,10084.1664,26872.794,8539.4016,0
7397,37424.5428,10520.682,26161.7664,8512.266,0
7398,36860.7852,12255.0816,26676.0612,8221.872,0
7399,38316.1044,13109.5656,28656.324,8639.2944,0
7400,41433.1284,14913.8988,28804.2048,9127.4748,0
7401,44741.6412,17651.7,27456.6456,9788.028,0
7402,48208.5432,18325.7868,26124.0096,10336.0068,0
7403,50154.2532,20404.9104,24764.8188,10712.1348,0
7404,50797.8816,20752.5708,24788.4816,10779.7008,0
7405,50001.8832,19965.414,24469.6272,10656.78,0
7406,51629.5884,19963.0812,25560.192,10651.2204,0
7407,51781.2072,20592.1092,27932.3676,10581.9672,0
7408,50983.08,21458.7792,28122.0756,10520.0928,0
7409,49970.388,21892.9848,27739.9812,10602.7056,0
7410,47259.0972,20726.4324,27632.7108,10023.138,0
7411,47707.482,19498.7964,28413.7584,12342.0312,0
7412,48801.5544,19641.066,29218.6056,12997.5144,0
7413,48944.598,19883.6724,28828.7772,12155.4744,0
7414,49169.9064,20267.7708,28147.404,10898.4168,0
7415,48316.3188,19401.9012,26407.266,10524.6636,0
7416,46256.988,19206.3516,23764.6872,9545.5032,0
7417,43954.3932,19274.8728,20241.0648,8855.3652,0
7418,43605.1896,17710.464,17981.8128,9147.1116,0
7419,42854.9484,16666.854,16315.6116,9570.7764,0
7420,41511.498,16482.7188,15618.2952,10221.7248,0
7421,41474.4516,17519.8428,13856.7456,10984.8888,0
7422,42858.5724,17870.9532,12713.6508,11609.0772,0
7423,43336.2948,17679.174,16562.1972,11016.4428,0
7424,46535.4084,16610.274,20626.4316,9191.3808,0
7425,49533.4848,15910.3332,21770.8332,9471.2604,0
7426,50518.9776,16358.76,21008.8572,9953.3712,0
7427,50815.9296,17613.0252,21775.8828,10364.4192,0
7428,51246.492,18153.9348,21805.7808,10309.4904,0
7429,49530.756,17888.8884,20787.066,10185.804,0
7430,51149.2776,17760.27,21295.7676,9990.45,0
7431,52738.3116,18056.5188,21419.1084,9504.0576,0
7432,52438.818,19530.216,19888.71,9520.1328,0
7433,52550.6316,21613.5468,16397.8488,11394.2172,0
7434,52758.3108,20366.592,16247.9976,12103.4616,0
7435,53203.0416,18907.2,18089.3112,13669.194,0
7436,54277.644,18436.5564,18623.9304,15758.358,0
7437,54514.7364,19541.3604,17903.0304,14157.9192,0
7438,55512.138,19831.9164,17049.4068,12695.6064,0
7439,53392.4328,19029.9108,16459.7532,12413.8488,0
7440,50089.1772,19132.7688,15454.9464,12250.7244,0
7441,46855.4868,19247.3532,12707.9352,11900.6496,0
7442,43480.8792,18703.2216,12452.9532,11114.2308,0
7443,41669.8344,18391.2384,11663.3964,11145.6552,0
7444,41169.3552,17780.7144,10930.494,11511.3564,0
7445,41201.7636,18513.0252,10325.5536,11527.578,0
7446,41643.6528,18207.1992,11489.7936,11554.4988,0
7447,42840.996,17160.8568,16679.2932,9954.882,0
7448,45810.1848,15504.2544,20945.5704,8949.7488,0
7449,48494.3964,14897.5872,23579.4672,9480.2172,0
7450,50709.6012,14363.7888,24188.166,10154.364,0
7451,52341.27,15129.432,24374.9076,10498.926,0
7452,53523.114,15397.5,24370.71,10562.1732,0
7453,52516.5036,13835.1624,24181.1496,10526.9868,0
7454,53711.4636,14496.5784,24041.1156,10434.3744,0
7455,54978.4836,15486.2796,23352.996,10036.728,0
7456,53145.5532,18222.5424,22509.498,10124.4216,0
7457,52422.0096,19554.762,20838.5964,9921.5376,0
7458,50866.182,21017.0796,19717.2264,10341.888,0
7459,50538.4596,21156.0636,20330.6184,12805.6812,0
7460,51480.468,20881.1652,20921.724,13434.3384,0
7461,49568.8704,20861.346,21064.1472,12874.5312,0
7462,48340.1268,20729.5344,21041.556,12895.1568,0
7463,46447.1604,20045.5452,20478.4116,12657.9084,0
7464,44465.6136,18464.808,20069.8236,11704.5216,0
7465,42617.7252,16723.998,18775.8588,11602.0056,0
7466,40297.092,15893.724,18211.0128,11121.9696,0
7467,37383.576,15629.0412,18368.5836,10977.9444,0
7468,36619.962,15390.9144,17910.1812,10012.6884,0
7469,36101.7528,15558.3216,18018.5112,9355.0356,0
7470,35640.2412,15040.0884,19384.6296,8700.4536,0
7471,34427.1408,13665.1176,23860.9404,8098.2252,0
7472,34563.5724,14853.3588,26077.7916,8001.792,0
7473,37213.314,14995.8744,26701.5744,8637.7428,0
7474,39930.5352,14533.8396,26425.6428,9130.4928,0
7475,42022.722,14124.6252,25915.062,9513.5076,0
7476,43323.3024,13276.6596,25217.8248,9652.6464,0
7477,43843.3332,12675.6936,23994.1056,9638.0112,0
7478,43174.2468,12754.2984,23224.6668,9422.592,0
7479,41225.1168,13103.9268,23996.4,9217.1988,0
7480,41775.0492,14103.2292,22523.0772,8895.2772,0
7481,43268.124,15089.8656,20093.3592,9987.1296,0
7482,44223.516,16568.8512,18978.7536,11130.9492,0
7483,45986.0292,17410.6788,19919.8356,13349.0004,0
7484,46894.7292,17968.2216,20471.3364,13373.5884,0
7485,45740.6496,17486.8068,20316.8304,12463.9176,0
7486,44810.4612,17335.9008,19246.4004,11978.928,0
7487,42695.0364,17063.4012,19003.4196,11355.1992,0
7488,40670.7864,16531.2864,17757.9612,11264.0556,0
7489,38195.0328,15895.188,17188.4868,10679.8692,0
7490,36361.854,15298.086,16440.282,10153.5792,0
7491,34648.77,15363.6096,15803.3472,9930.7416,0
7492,33280.4988,14574.3564,16832.118,9047.2668,0
7493,31987.3344,14655.3888,17541.636,8534.2764,0
7494,30392.0364,13836.708,18212.0076,8069.9388,0
7495,30730.7352,12690.2316,20097.7548,7135.6224,0
7496,34546.4268,12159.6492,17978.1888,7378.4724,0
7497,36870.7092,12813.246,15324.858,7939.74,0
7498,38650.1964,13999.032,13685.6904,8318.1804,0
7499,40308.8352,14962.2624,13199.7564,8640.5904,0
7500,41370.8364,15103.9812,13337.0352,8765.7732,0
7501,41665.2276,14525.3328,13367.8164,8597.0316,0
7502,40502.748,13938.5292,13614.2088,8453.2284,0
7503,38499.2736,13341.9876,15367.2204,8136.7776,0
7504,36470.418,12573.2712,19187.3004,8024.982,0
7505,38901.948,13282.7124,18982.7532,8127.1068,0
7506,41598.3384,14032.1928,18531.9312,9414.2544,0
7507,40805.058,15969.3756,21278.6268,12577.7316,0
7508,41342.25,16843.17,22707.042,13360.9836,0
7509,41694.6372,17322.8892,23037.0876,11734.4652,0
7510,42142.074,16080.6336,23018.4036,11282.31,0
7511,40688.7204,15418.2012,22673.8536,10906.3572,0
7512,38943.5688,14885.2992,20764.7436,10369.9128,0
7513,36755.364,14669.0124,20209.4712,9243.822,0
7514,34503.108,14131.4472,20365.0728,8506.1616,0
7515,33007.0008,13665.5196,20442.2148,8404.6188,0
7516,33161.7792,11843.6076,21270.9384,8205.7692,0
7517,33318.3264,11191.344,22008.8868,8258.9292,0
7518,34148.8572,10642.1916,23059.6464,8432.8032,0
7519,34958.982,12789.0012,26225.9652,8375.9616,0
7520,37989.8028,13695.4068,26985.0744,8520.27,0
7521,40479.7224,15247.416,26151.6684,8877.5196,0
7522,42827.5668,16209.8148,24343.5576,9310.4988,0
7523,45098.0556,17433.51,23541.36,9648.522,0
7524,45843.9564,18106.2132,23961.7152,9758.5476,0
7525,45573.3876,17280.1248,22955.2224,9626.6244,0
7526,44656.6392,17718.8592,24227.2524,9533.9172,0
7527,45251.1804,16380.2256,25559.7264,9303.8592,0
7528,45366.2736,15347.6484,27442.314,8862.87,0
7529,48215.43,14478.8496,27301.2864,8685.738,0
7530,47291.622,13435.3896,28376.778,8776.2228,0
7531,46324.344,13398.0852,31301.5992,10388.6856,0
7532,47517.3984,14574.2064,33550.5276,10227.0684,0
7533,47518.1724,14886.2844,33281.8128,8851.2264,0
7534,46662,14467.1724,33871.8864,8133.5112,0
7535,44041.7844,13269.9588,33522.1068,7922.076,0
7536,39423,11522.8008,32762.9352,7955.724,0
7537,34511.8044,11328.9048,31845.3708,7830.7644,0
7538,31917.4284,11218.0944,30916.7412,7404.0816,0
7539,29904.5388,11529.3168,30280.7292,7271.0868,0
7540,29280.3,11332.7364,29975.466,7222.1496,0
7541,29556.822,11669.4024,29531.5104,7206.3744,0
7542,30369.5952,12150.072,29496.7284,7299.9372,0
7543,35273.796,12960.6696,28650.192,7575.84,0
7544,39478.0008,14790.0384,26990.9304,7933.5888,0
7545,42271.6392,15161.4444,27498.0408,8257.2192,0
7546,45074.0664,15381.9996,26127.2568,8757.6564,0
7547,47744.4876,16749.0672,24436.4796,9107.418,0
7548,48403.8408,17755.1316,23744.1456,9291.816,0
7549,47703.1032,17192.1696,22691.3004,9206.1144,0
7550,48537.3288,17168.394,23520.4476,9219.7572,0
7551,47998.4112,16718.4612,26146.7232,9324.2832,0
7552,47557.6296,16804.0728,27626.2212,8915.7768,0
7553,48183.6564,16702.9356,28772.6772,8425.086,0
7554,45291.7932,16613.5128,30204.1128,8235.7716,0
7555,43409.3988,16937.5884,32031.6264,10201.2852,0
7556,44677.02,19365.3084,32867.7912,9726.8868,0
7557,44108.76,19418.6304,33026.7252,9144.8328,0
7558,44052.6936,19421.6988,32993.3988,8460.5184,0
7559,42141.8316,17639.472,32745.6348,7716.0648,0
7560,40733.1216,13616.1648,31422.6876,7714.044,0
7561,35657.4144,12354.4464,32164.5816,7744.644,0
7562,32291.2932,11920.9848,32212.872,7699.3284,0
7563,30353.6688,11745.6984,31523.9472,7623.918,0
7564,29634.5616,11507.5776,30585.7416,7722.8616,0
7565,29586.888,11652.0768,30644.184,7852.1976,0
7566,30888.1956,12978.0276,29836.908,7695.7176,0
7567,37221.3516,13052.4564,28464.7428,7908.8808,0
7568,41985.8748,14135.004,27175.1136,8342.4876,0
7569,45597.6384,14422.5996,27304.3512,8514.5412,0
7570,48573.3648,15011.4456,25936.242,8875.6284,0
7571,50748.6324,16455.5028,25458.7404,9244.0896,0
7572,51536.2908,17097.9888,25358.7624,9560.7,0
7573,50844.6156,16079.7612,24077.2632,9667.2456,0
7574,50417.4108,17352.2424,25987.1088,9593.3292,0
7575,48992.4432,18897.2532,28396.4328,9304.6692,0
7576,48989.7312,19359.33,29457.3156,9078.426,0
7577,49999.1952,19742.55,28971.4224,9014.2008,0
7578,46260.2364,19480.9848,29460.3168,9117.318,0
7579,45036.9924,18313.3584,31849.9092,11391.9828,0
7580,47184.0408,19695.9456,31936.3272,10859.6868,0
7581,46781.112,19251.7944,32699.8668,9756.5304,0
7582,46604.0892,19643.682,32622.8484,8587.914,0
7583,43975.14,18481.3188,32062.5816,8461.566,0
7584,41562.4308,14924.406,31767.9528,8287.9692,0
7585,38904.1644,11866.6428,31850.9844,8249.4864,0
7586,35357.124,11129.7,32037.7116,8169.5028,0
7587,33468.1116,11129.7996,31596.0504,8143.9584,0
7588,31939.0212,11036.1252,31620.2136,8115.7656,0
7589,31432.3008,11433.3528,31517.2224,8015.1012,0
7590,33445.8588,11917.5972,29964.252,8008.5324,0
7591,40168.206,12953.0976,26554.5672,8323.8492,0
7592,45315.8676,15229.0728,23662.5696,9081.8748,0
7593,47469.2316,16761.1404,24483.8412,9768.0588,0
7594,48954.2676,17646.3324,24245.3928,10170.504,0
7595,49976.592,18245.112,25133.574,10510.9092,0
7596,51382.0044,19085.1648,24566.2284,10667.952,0
7597,51014.0232,18261.1956,23386.9428,10513.728,0
7598,51679.4136,17998.7472,24920.0004,10478.3484,0
7599,51761.2956,18241.608,25606.5912,11048.7144,0
7600,50714.6088,17780.6172,28492.35,9506.358,0
7601,51874.8636,17384.9328,28163.658,8904.9828,0
7602,48161.838,18136.9944,28427.202,8919.4908,0
7603,46969.4424,18098.4336,29761.182,11089.5012,0
7604,47748.0444,18247.254,31226.5944,11735.2836,0
7605,47280.7368,17861.3376,32628.0012,10224.7416,0
7606,46774.5876,18772.5732,33475.2312,8779.1424,0
7607,44882.3412,17445.9216,32728.5192,8471.4228,0
7608,42005.5188,14661.9228,32121.8904,8301.3672,0
7609,39436.974,12189.372,31451.3148,8252.166,0
7610,35122.7532,12500.418,31163.778,8266.1472,0
7611,32732.2296,12782.004,30596.9916,8264.9292,0
7612,31744.0284,12690.3324,30139.2996,8149.7664,0
7613,31385.9532,13351.4124,29774.9784,8079.5376,0
7614,32801.7756,14053.9608,28775.628,8079.348,0
7615,39097.9968,13693.1868,26733.1704,8253.5028,0
7616,44009.0592,14777.0976,24877.6512,8867.544,0
7617,47666.3196,15589.5768,25083.66,9504.8916,0
7618,49738.4028,15917.5428,25344.8256,10003.5984,0
7619,51237.846,17051.916,25863.5808,10304.0604,0
7620,52427.3388,17518.5108,25076.6976,10552.0116,0
7621,51236.2332,16491.9672,24211.6236,10415.0208,0
7622,51924.2844,16390.5132,24356.4672,10335.4944,0
7623,52440.7776,16885.2624,24861.6984,9935.9484,0
7624,52513.962,17457.45,25847.4972,9368.1204,0
7625,52376.4756,17901.6912,25974.4116,8766.726,0
7626,50059.7328,18968.34,25988.4816,8793.2196,0
7627,48145.008,18831.9384,28185.7992,11082.0312,0
7628,48067.1436,18261.4548,30591.2064,11717.9472,0
7629,47039.7384,17576.1552,32317.5876,9712.8024,0
7630,46895.9712,17849.0772,32396.1684,8328.0804,0
7631,44190.054,17862.3264,32560.9752,8309.6316,0
7632,39844.4676,17233.7964,32741.5524,8272.0632,0
7633,36927.9264,15998.04,31908.3912,8150.3448,0
7634,34752.546,13892.8476,31801.2132,8056.0824,0
7635,31817.2884,14004.474,31313.946,8004.5148,0
7636,30445.8336,13794.8928,30927.474,7996.5264,0
7637,30097.1724,13366.9656,30412.446,7996.1364,0
7638,30129.792,11481.5148,30166.7148,7986.6636,0
7639,33221.8884,11055.6996,26675.5608,8550.8496,0
7640,37006.38,12369.7656,22133.7552,8984.4636,0
7641,41560.6224,12641.31,18324.4092,9376.1244,0
7642,44292.27,12984.5316,16700.6952,9932.9544,0
7643,46046.7036,14020.458,16241.298,9819.0576,0
7644,46594.4292,14679.3996,16395.012,9904.236,0
7645,46496.3304,14655.642,16804.9704,9864.3852,0
7646,46666.0344,14073.3492,17634.1764,9747.7668,0
7647,45951.0948,14501.1156,18512.0208,9405.4848,0
7648,44377.4304,15953.6772,19154.4348,9031.5672,0
7649,44495.5572,15482.2272,21683.1396,8537.0016,0
7650,43507.9968,16347.09,25331.67,8694.21,0
7651,44542.0824,16460.7756,27603.0072,10831.9128,0
7652,45083.49,15927.246,29961.4596,11053.8492,0
7653,42848.5392,16193.6616,30958.3908,9887.3988,0
7654,41955.048,16317.5592,31228.0632,8559.06,0
7655,39815.6652,16304.526,31129.0488,8152.7172,0
7656,38714.424,14184.3624,30823.3548,8150.7024,0
7657,34964.1348,14179.764,30610.2132,8045.3592,0
7658,31319.9028,14239.6128,30468.1944,7949.4816,0
7659,28746.9684,14069.8476,30270.6372,7833.3828,0
7660,27381.7572,13489.8492,29899.2384,8145.8292,0
7661,26935.4448,13472.7408,29354.1984,7949.4732,0
7662,26972.9424,13329.8196,28540.83,7598.364,0
7663,30932.9184,13054.9128,25365.9264,7607.5392,0
7664,33778.7244,13219.2564,22230.7152,8005.2,0
7665,37232.4948,14236.314,18681.8328,8623.6644,0
7666,39418.3596,14677.6716,17318.1672,9113.9076,0
7667,41126.934,14783.3964,17199.786,9392.1432,0
7668,42083.298,15229.296,17887.6848,9545.9484,0
7669,42062.514,15015.3588,17825.478,9555.654,0
7670,41127.8352,14837.5068,18161.5656,9579.9948,0
7671,40891.722,15702.2088,18828.0744,9068.436,0
7672,41600.496,15170.3964,20798.7024,8655.7788,0
7673,39343.6764,16274.1588,23096.6232,8520.126,0
7674,39281.8356,18428.1816,24805.2168,8745.354,0
7675,38101.8216,20158.128,27291.0528,11401.86,0
7676,39068.7084,19213.6464,30536.4684,11463.918,0
7677,39036.1716,19668.5868,31178.5284,10098.1188,0
7678,38725.3728,20235.6852,31131.1956,8799.0144,0
7679,36931.014,20631.0096,31090.7472,8260.3416,0
7680,35930.0208,17560.0716,31048.6716,8212.6932,0
7681,33461.1312,15413.5464,31443.2256,8084.5404,0
7682,31374.7416,15215.5764,30548.1348,8018.9484,0
7683,30073.3776,14579.3964,30262.4808,7946.8488,0
7684,29804.2164,13858.6848,30152.2056,7928.388,0
7685,29937.4476,14020.5468,30128.982,7917.5364,0
7686,31169.4936,14759.8308,29878.8552,7932.0192,0
7687,36016.5408,15498.8904,28996.41,8079.4176,0
7688,42688.2048,16319.4132,27438.7476,8730.2796,0
7689,47884.7016,18112.434,25850.8416,9403.5768,0
7690,51670.422,18507.4368,24917.946,9975.78,0
7691,53710.0692,19644.9048,24912.5616,10314.5136,0
7692,54346.5228,20319.8244,24757.308,10401.018,0
7693,53409.4956,19105.8492,23446.1232,10340.4228,0
7694,53525.5752,19077.714,24366.7944,10216.05,0
7695,53474.4756,18218.3172,25846.7892,10106.3376,0
7696,53474.7768,18804.5232,25729.6476,9481.8036,0
7697,50586.0324,20571.8748,26767.0296,9881.3376,0
7698,48201.5724,19000.0464,25219.1532,11659.1064,0
7699,47747.466,17668.0164,28005.2472,12659.67,0
7700,48604.9308,18235.0668,30178.446,12685.6356,0
7701,47814.3336,19412.8704,30375.2388,11031.7476,0
7702,46951.4748,19631.3676,30767.7432,10190.6064,0
7703,45756.5268,18942.8124,30271.6092,8557.7004,0
7704,44198.6532,15614.2776,29295.6816,8265.4404,0
7705,40901.3388,13747.0416,29295.4548,8062.5348,0
7706,38674.788,12309.9612,29299.5792,7936.8732,0
7707,37498.2744,10444.5468,29274.8052,7928.5824,0
7708,37412.6808,10434.7716,27801.1296,7970.25,0
7709,37960.8168,10584.6624,27010.9932,8021.106,0
7710,38256.756,11485.884,27158.5848,8128.1064,0
7711,38795.9148,14059.032,28488.564,8292.2148,0
7712,42546.4272,15845.274,27823.9956,8859.2172,0
7713,47293.0692,16770.0612,27066.2436,9476.2524,0
7714,49784.6388,18194.406,25342.6692,10030.9632,0
7715,51950.172,19278.7248,24923.22,10402.7568,0
7716,52807.9212,19931.67,24016.752,10534.9932,0
7717,51515.352,19202.8404,23177.2884,10128.0036,0
7718,52003.056,19560.93,24960.9984,10000.7364,0
7719,51790.1748,19404.0336,26510.1984,10252.7532,0
7720,52273.5264,19496.6136,25173.1236,9775.632,0
7721,52996.488,21277.1256,22235.5236,10032.9312,0
7722,51141.36,20653.7916,20786.7072,10869.0672,0
7723,50146.7304,18010.95,23281.5912,13609.3236,0
7724,51087.4116,19617.9276,24847.1304,13969.728,0
7725,49860.0516,21364.542,24722.4876,12615.5124,0
7726,50946.1956,21486.1332,23683.5528,11246.2296,0
7727,48973.2288,21420.4584,21621.4188,11308.8888,0
7728,46931.598,19347.126,19558.656,11366.76,0
7729,45387.8904,17080.8936,17531.8872,11122.8624,0
7730,43408.6596,16262.502,17147.4108,9814.608,0
7731,42478.9944,16088.1264,16414.0092,8945.3856,0
7732,42129.0996,15821.2572,15479.2224,8964.4776,0
7733,42797.1972,15798.0552,14698.2024,9103.6692,0
7734,43914.1104,16291.5036,14483.0868,9207.0528,0
7735,45186.7308,16879.296,17547.2928,8884.3008,0
7736,46169.16,16675.7652,21280.176,8837.826,0
7737,49692.8568,14988.3408,22835.76,9222.6276,0
7738,51693.9192,15752.7912,22114.026,9580.932,0
7739,53565.702,16646.5032,21584.9004,9951.9384,0
7740,54004.434,17171.9364,21400.9068,10137.4788,0
7741,52608.2472,16989.678,20081.1636,10113.3564,0
7742,52560.9732,17583.144,20875.944,9850.5336,0
7743,53393.7228,17231.982,22745.2776,9283.932,0
7744,55658.2956,16919.8632,21647.1348,8901.48,0
7745,57446.5572,18185.2476,19292.31,8801.4744,0
7746,55726.0524,17437.7712,18698.9136,9475.89,0
7747,55055.9316,16994.5692,19594.2096,10807.4112,0
7748,55127.502,18751.2168,19293.4332,12970.2012,0
7749,55229.7048,19280.6472,17615.2044,13052.7144,0
7750,55466.9928,19134.402,16348.8936,13164.4824,0
7751,54787.9164,19365.3852,15783.1356,11641.782,0
7752,50548.6824,19998.8148,14911.1028,11415.276,0
7753,48702.558,19614.4404,12641.4012,11266.2228,0
7754,47126.1036,19501.734,9944.226,11234.0256,0
7755,44302.6548,19310.9388,9436.5816,11288.5872,0
7756,42815.8008,19109.2344,8880.87,11538.0252,0
7757,42223.7352,18839.3088,8863.0284,11594.6184,0
7758,40508.6844,18745.6032,9974.3196,11040.564,0
7759,41412.6,16070.34,12736.332,10629.5244,0
7760,43433.5236,15302.0544,15364.9752,9380.076,0
7761,45124.7232,15074.304,16285.1184,9123.0864,0
7762,46543.9008,15400.8876,15632.5452,9398.3544,0
7763,48243.5244,16056.8904,14910.2208,9878.5188,0
7764,49021.3968,16780.0368,14818.2516,10020.7824,0
7765,48166.0884,16386.6168,14981.538,9893.592,0
7766,47376.7536,16694.754,15448.4196,9929.0964,0
7767,45997.0092,15960.108,17547.258,9972.4824,0
7768,45793.5744,15852.2304,18170.2344,10170.8688,0
7769,46227.8136,16522.9644,17768.478,10376.4648,0
7770,44039.0088,19551.714,17976.1596,11748.9972,0
7771,44565.6108,21433.9452,19482.0708,13258.7052,0
7772,48953.0652,21466.0404,19005.444,14014.4712,0
7773,49304.6784,21615.6672,17869.3104,13241.5512,0
7774,49339.722,21541.5996,17823.9468,11673.3312,0
7775,47805.924,21531.5196,16670.1816,11587.8504,0
7776,44907.174,21138.5244,15542.346,11429.6076,0
7777,41864.3496,20782.6068,14340.4884,11462.7276,0
7778,38422.9332,19826.2248,14698.3296,11512.3992,0
7779,35099.754,18881.4084,15742.662,11579.4228,0
7780,33776.0244,18497.0004,16509.2736,10791.588,0
7781,33347.0856,18356.5848,16869.8976,10575.0672,0
7782,32688.0312,17875.14,17762.4804,10443.8292,0
7783,34508.0676,18208.5648,20662.1808,9371.9604,0
7784,38392.5372,15940.6032,24971.0196,8706.7572,0
7785,43092.5292,16429.8456,23973.4896,8795.778,0
7786,47564.208,16800.882,21358.7124,9163.4736,0
7787,50576.7936,17766.7548,20071.3668,9286.896,0
7788,51919.6872,18413.2068,19744.6056,9575.6208,0
7789,51085.3032,18686.0088,19212.7044,9712.3956,0
7790,49367.2512,20823.8904,20392.038,9717.1584,0
7791,48424.0944,21051.2472,23007.5208,9329.5632,0
7792,48570.9888,20816.2812,23542.5948,9228.024,0
7793,48632.4612,21282.6144,21324.0624,10592.886,0
7794,48065.1,20612.7096,21308.988,11682.6936,0
7795,45693.6816,20467.6536,23810.5128,13309.6152,0
7796,47286.5616,20657.8524,25934.8464,13539.1644,0
7797,45713.7444,20724.0852,26856.0192,12544.1808,0
7798,45156.9576,20675.8944,27304.4856,11552.568,0
7799,43827.144,20672.448,25840.8048,11147.3544,0
7800,41611.9596,20476.0824,23678.6604,11144.4468,0
7801,39000.5424,20032.1532,22964.2752,9998.5044,0
7802,37983.5412,19001.1264,22314.5172,8538.8844,0
7803,36310.4028,18865.9812,21109.08,8639.1516,0
7804,35555.8392,18509.2032,20317.65,8626.968,0
7805,34886.046,17498.2308,20950.9464,8455.6116,0
7806,34243.3212,16684.9056,20957.5392,8368.9056,0
7807,35084.43,15620.8788,23682.1068,7927.908,0
7808,38978.5188,13508.6364,26065.824,7713.7416,0
7809,43248.5352,13024.74,24719.9016,8127.8076,0
7810,46331.0592,13372.4952,22781.088,8583.2256,0
7811,47985.3732,14474.7552,21766.6644,8909.5596,0
7812,48584.9328,14938.698,21613.9668,9013.9164,0
7813,48593.0652,14625.0048,21661.6236,8999.3304,0
7814,47444.1936,14595.7452,22005.2592,8851.9428,0
7815,44612.1312,15915.8424,22893.09,8779.458,0
7816,42980.7024,16395.0588,24146.5668,8732.8464,0
7817,45262.5804,17017.2972,22261.8708,8564.3292,0
7818,43536.3288,19710.174,22022.3844,10256.5176,0
7819,43890.9348,18826.2816,25421.0316,12509.1312,0
7820,45352.8492,18358.6152,26643.5076,13153.6692,0
7821,44248.872,17718.9912,27433.5156,12082.0188,0
7822,42954.468,17614.794,28484.676,9990.2544,0
7823,41250.8232,16936.89,28396.308,9137.9856,0
7824,39496.812,16569.0132,28234.7532,8100.6612,0
7825,36454.0296,16589.466,27381.9276,7846.548,0
7826,34613.3808,15704.3784,26809.1664,7760.1852,0
7827,32651.3352,14649.9228,26736.6036,7758.612,0
7828,31027.782,15106.8144,25902.2916,7752.0324,0
7829,30716.1192,14968.5516,25389.4248,7750.6932,0
7830,30420.3696,13191.72,25436.916,7653.8544,0
7831,31246.524,12333.5244,26167.7508,7398.846,0
7832,34071.7308,12637.956,24222.8952,7724.1324,0
7833,37635.63,13221.3804,20031.2724,8176.1724,0
7834,40945.428,13049.1756,17722.7544,8484.252,0
7835,42732.0516,13198.9524,17552.6496,8694.3552,0
7836,43947.1044,13812.72,18133.6368,8783.3232,0
7837,43383.1188,13594.6704,18190.6656,8767.9056,0
7838,42273.8352,13272.9228,18227.9412,8639.8992,0
7839,39325.3092,13859.5464,20236.9872,8587.6848,0
7840,37527.8256,13921.9704,23300.6604,8478.2892,0
7841,37703.4264,15349.9032,24557.0928,8001.816,0
7842,37888.6344,17619.3828,25668.6672,7980.63,0
7843,39302.0124,17073.306,28441.116,10860.834,0
7844,40921.7052,17438.9556,29438.8176,11055.6492,0
7845,41406.7332,17474.9748,29453.5176,10018.5648,0
7846,41951.9628,17156.9316,29094.1404,8554.8828,0
7847,40836.2724,15623.7672,28628.3016,8512.194,0
7848,39049.6728,13678.2816,28132.5708,8546.232,0
7849,37052.9292,11265.6888,28276.0464,8475.0156,0
7850,35039.0904,10274.7672,28432.65,8322.4236,0
7851,33923.6796,10235.4048,27936.3708,8239.3908,0
7852,33405.0396,10263.2604,27588.0756,8224.902,0
7853,34026.246,10292.6952,27328.7184,8274.8016,0
7854,36001.0116,10267.404,26567.3652,8401.9368,0
7855,37654.3824,13244.8356,27732.576,8654.5296,0
7856,40961.1636,15460.4772,27171.144,9072.8808,0
7857,45114.084,16072.0296,26493.4284,9405.222,0
7858,47674.8264,15657.2604,25969.32,9768.72,0
7859,49819.6296,16061.0448,26102.7,9940.9764,0
7860,50905.2516,17128.4712,25961.2092,10172.964,0
7861,50512.2408,15870.9264,25533.5352,10100.3856,0
7862,51285.8976,16084.224,25604.6064,10124.082,0
7863,51376.3356,17406.0552,25700.4288,9960.0588,0
7864,51750.7692,18959.79,24409.2012,9570.5148,0
7865,52830.2244,19939.434,22024.4544,10097.2872,0
7866,50265.126,19806.2832,22160.2188,10306.1232,0
7867,48630.3132,17274.972,26738.5092,11721.9612,0
7868,49131.7524,18135.3108,27608.5176,12852.3492,0
7869,47885.7948,19608.288,27577.464,12276.75,0
7870,46557.3024,19336.7688,28228.806,11861.046,0
7871,43469.574,20548.2132,27404.67,10783.5384,0
7872,41198.9568,19450.308,24958.068,10497.7572,0
7873,40635.2304,17481.882,22461.4152,9600.2304,0
7874,40334.5164,14562.9312,22352.9076,8991.6252,0
7875,38713.902,13601.1108,22323.5232,8735.3328,0
7876,37742.3316,12799.0512,23073.2664,8318.3388,0
7877,37850.1864,13320.8148,22649.1804,8330.3916,0
7878,39293.0688,11852.5032,23540.142,8751.1104,0
7879,41129.994,12587.646,26566.3068,8547.9864,0
7880,42754.896,13650.06,27851.6052,9149.8896,0
7881,44473.2564,15255.942,28126.0056,9440.6232,0
7882,47190.966,15456.4008,26211.4008,9749.7684,0
7883,49009.1376,16887.8352,24989.148,10260.5964,0
7884,50076.8676,17528.9508,24557.1492,10384.7712,0
7885,49349.3928,17047.7352,23515.7532,10219.6668,0
7886,50891.9124,17305.9956,24206.7276,10197.1608,0
7887,53087.3652,17102.61,24947.514,9995.1228,0
7888,53293.8588,18631.9908,23765.2296,10033.4088,0
7889,54157.3164,20174.9772,21446.5104,10554.7908,0
7890,52716.4452,18309.0312,20766.972,11859.384,0
7891,50495.2548,17477.5488,23130.2952,13397.9064,0
7892,50610.5772,19175.1864,24515.1012,14304.3696,0
7893,49868.5236,19897.1916,25040.1972,13465.392,0
7894,48263.7096,19695.2988,25962.1584,13073.3472,0
7895,46161.1044,19616.0712,25923.4296,11306.574,0
7896,44171.4684,18290.9736,24277.8936,10912.0128,0
7897,43018.5996,15636.1224,22739.3664,10018.3548,0
7898,41624.1576,12803.1936,23364.798,9019.3608,0
7899,39957.768,11224.4364,24315.786,8528.13,0
7900,38851.5204,10626.4788,24495.8424,8421.5988,0
7901,39080.034,10877.6412,23926.6356,8402.6988,0
7902,40580.31,10560.0924,24410.5824,8250.672,0
7903,40909.9044,11804.4288,27512.8512,8419.9176,0
7904,43491.1524,13833.366,26814.3684,8982.2532,0
7905,46994.6556,15293.2224,26165.4432,9293.7636,0
7906,50709.7092,15458.658,24309.3204,9402.6936,0
7907,52728.9096,16762.1232,23750.8236,9683.6652,0
7908,54284.4408,16298.3472,24529.4424,9714.5436,0
7909,52691.862,16650.666,22711.3524,9857.2824,0
7910,53747.3916,16715.6604,23137.566,10171.692,0
7911,53463.6564,17299.4952,25054.6368,9973.296,0
7912,52555.2408,18632.4816,25529.7048,9782.2284,0
7913,53843.6736,19530.5472,23599.074,10103.2332,0
7914,51210.114,19762.8696,22414.6164,10942.8456,0
7915,49370.8296,18232.9824,23806.0044,13560.0252,0
7916,50531.4192,18478.1556,25778.7444,14371.7076,0
7917,49873.0356,18339.1296,26876.5044,13389.636,0
7918,48915.012,18569.6844,27931.4052,12486.4884,0
7919,46146.768,18816.8472,27817.944,11279.7168,0
7920,42281.4072,17673.9012,27074.7864,10689.8904,0
7921,40181.8296,15130.098,26214.282,10012.0644,0
7922,39388.1688,12831.9096,26901.996,8756.9064,0
7923,37172.0988,12013.398,27624.0252,7864.2276,0
7924,36494.4564,11506.8084,27136.0812,7805.5212,0
7925,36422.316,12045.4848,26654.1564,7810.7712,0
7926,37186.8588,11932.602,27107.9628,7841.5848,0
7927,38334.8712,13926.6744,29078.1084,8116.758,0
7928,42011.7444,14925.108,29070.8976,8589.7308,0
7929,45401.0508,14479.9896,30275.6412,9053.3172,0
7930,48549.5976,14343.0048,29003.3604,9402.8856,0
7931,51284.6628,15042.4764,27589.17,9636.5268,0
7932,53308.05,14617.5564,27795.7176,9774.9288,0
7933,52783.4052,14229.0504,26444.9784,9736.4532,0
7934,50445.6408,15718.2132,29953.3968,10028.0604,0
7935,49852.2492,17978.5536,30638.286,9877.5984,0
7936,52120.8108,18126.8448,29383.7208,9477.114,0
7937,51939.3288,19358.7372,29541.5556,9046.7976,0
7938,48920.9712,18381.4632,30663.6972,9298.7316,0
7939,47289.3384,17761.1328,31640.2344,10757.874,0
7940,48477.6768,18562.0536,32759.4264,10854.0048,0
7941,48349.7736,19400.3676,32364.1284,9700.2792,0
7942,46476.366,20995.8456,32858.334,8915.016,0
7943,44503.5264,20186.6676,32471.262,8866.5528,0
7944,42500.2044,16948.6236,32834.1888,8399.274,0
7945,41584.7352,12268.4016,32661.81,8357.5584,0
7946,39651.624,10687.3044,31664.3388,8352.4884,0
7947,37687.1304,10501.6476,31234.8372,8306.7312,0
7948,36276.684,10080.8964,31521.3984,8241.6936,0
7949,36120.8688,10887.1068,30160.0896,8130.7632,0
7950,36871.6956,11581.4388,30117.9348,8155.2792,0
7951,40504.9032,13909.3008,28846.9236,8207.7504,0
7952,42937.2108,16593.7848,28721.4516,8692.848,0
7953,46877.4408,17364.7512,28541.7888,9215.4612,0
7954,49843.9308,18035.9304,26602.4388,9632.4708,0
7955,52167.8988,20353.7784,25002.5796,9965.7456,0
7956,53153.0088,21054.4356,24810.1956,10082.1072,0
7957,52998.5628,19607.424,24414.6132,9979.3416,0
7958,52525.8864,20200.896,27130.6752,9953.3544,0
7959,53993.7156,19247.5476,29288.5776,9642.7068,0
7960,56079.9,18381.75,28890.0528,9365.784,0
7961,55500.5772,19705.2156,26793.5448,8991.8868,0
7962,52493.0196,19906.47,26236.068,9308.9196,0
7963,49791.2088,17967.8472,28455.51,13004.1396,0
7964,49702.4028,19054.926,30329.8644,13418.3616,0
7965,48794.6244,19413.528,31239.3924,11418.1068,0
7966,47088.9228,20328.174,31826.1876,10511.214,0
7967,45873.8268,20151.4788,31599.408,9487.9716,0
7968,44491.0056,17525.4792,32363.2356,8584.2456,0
7969,40621.0308,15885.6888,31871.994,8540.964,0
7970,38940.3876,14697.9732,29986.11,8348.7012,0
7971,37456.074,12797.6376,30136.9416,8077.2216,0
7972,36087.6492,12611.2488,29591.3376,8024.9448,0
7973,34886.292,12926.25,29094.8964,8034.3516,0
7974,33866.2128,11770.974,29492.4912,8103.4896,0
7975,36813.7668,12223.5216,27858.8652,8326.8276,0
7976,42666.3948,13369.3284,23006.67,8583.5784,0
7977,44859.3084,13328.9988,24094.146,8810.424,0
7978,46695.1404,13965.18,23442.6936,9133.5144,0
7979,48286.1616,15073.3956,22057.7652,9523.8492,0
7980,49247.9604,15957.5136,20989.8276,9802.0836,0
7981,49130.964,16084.7604,20038.9296,9778.176,0
7982,48458.3724,15348.1092,20456.6004,9630.6828,0
7983,46938.8844,15392.6088,22155.8028,9523.464,0
7984,48310.0956,15336.7836,21591.5904,9326.922,0
7985,49472.8644,16273.5528,21237.2844,8985.3408,0
7986,48376.404,16717.1208,22150.8096,11621.5896,0
7987,46453.1712,17829.3276,25082.412,13209.8508,0
7988,47448.1752,17774.7096,26646.834,13926.498,0
7989,46393.2132,16906.8744,27243.8772,13614.8244,0
7990,45345.1164,16643.8464,27239.7144,13654.8048,0
7991,44028.3852,16887.564,25776.024,13537.7916,0
7992,42769.7364,17600.07,24061.5444,12362.6784,0
7993,40629.4164,17676.264,22399.2816,11776.1628,0
7994,37733.7252,17391.9132,21589.242,11667.8928,0
7995,36442.62,17369.79,19759.8264,11766.93,0
7996,35751.114,16743.3276,18776.85,11729.9748,0
7997,35091.468,16300.722,18635.6736,11378.3616,0
7998,34529.0892,14366.232,19150.8636,10582.5372,0
7999,36659.5956,12300.6348,20099.7948,9494.802,0
8000,38702.712,13601.6328,17560.8624,8833.668,0
8001,40318.7016,14184.1008,15932.7324,8641.0944,0
8002,42235.6872,14644.1184,14701.7148,8896.4412,0
8003,44280.4164,15243.282,14466.6348,9195.6648,0
8004,45420.87,16364.5848,15045.8016,9335.8452,0
8005,44970.39,16010.334,16433.0556,9228.8652,0
8006,43939.6668,15306.7332,17330.7684,8974.4784,0
8007,43109.0868,14798.0292,18425.316,8671.1484,0
8008,43388.7672,14421.3948,20178.6828,8798.1216,0
8009,45940.1964,15003.1092,18381.4812,9803.352,0
8010,44780.4876,17822.0376,19093.782,11043.186,0
8011,44192.8392,19613.5248,21487.8492,12673.5216,0
8012,44844.0624,20346.2124,22601.784,14414.6724,0
8013,44538.7092,20578.9176,22858.0824,14447.856,0
8014,44486.0988,20603.5716,22169.4528,14540.4252,0
8015,44186.1912,20454.0648,22894.7172,12500.892,0
8016,42789.0192,19790.9064,22003.7592,11959.4532,0
8017,39242.7288,19365.5436,21829.7568,11752.8504,0
8018,36629.574,18788.304,21812.358,11425.9848,0
8019,34604.6568,18452.8656,22226.766,10928.3472,0
8020,33988.2564,17374.7244,22331.5104,10866.9768,0
8021,33666.7932,17187.7716,22386.6384,10872.6588,0
8022,34997.526,16549.698,23044.3944,10521.612,0
8023,38878.2888,16092.6816,25434.5112,9298.3668,0
8024,43239.5292,17702.2572,26503.1604,8862.3012,0
8025,48499.776,18142.6752,26971.9404,9491.628,0
8026,52289.5116,17727.2112,26425.4724,9996.228,0
8027,55445.8164,17805.6288,26216.4384,10334.3376,0
8028,56888.082,17373.246,26775.138,10531.1436,0
8029,56379.654,15998.2992,26850.9948,10415.3316,0
8030,57485.6784,17231.1144,25834.9536,11500.6656,0
8031,55582.0212,19705.6896,25368.2568,12790.5984,0
8032,55543.2696,21844.3848,24739.152,12694.5312,0
8033,56057.5692,21384.9288,24418.968,12394.116,0
8034,51658.878,20841.3204,24168.9792,12444.8664,0
8035,50136.084,20259.7992,25042.512,12469.824,0
8036,51843.858,20172.0036,25850.316,13674.504,0
8037,50353.8324,20271.9684,26565.4692,14334.2004,0
8038,50300.6496,19902.264,26437.6248,14507.076,0
8039,49533.9804,19137.5568,25646.9556,13614.0216,0
8040,46235.8176,19676.5572,24678.924,12259.4496,0
8041,43429.3056,19148.6148,22779.8616,11927.4684,0
8042,41665.8528,17476.3332,21822.3492,11773.7844,0
8043,39537.8364,17658.3564,21168.5172,11435.8332,0
8044,39041.1084,17933.8416,19951.4604,11285.1468,0
8045,38896.4148,17952.9216,19884.7224,11270.4936,0
8046,38387.3508,18468.0384,20918.5248,11224.9332,0
8047,40258.1616,18226.9416,23924.0916,10297.176,0
8048,45431.7492,15936.4296,28151.9076,9505.2372,0
8049,49157.856,17963.6628,28188.0468,9606.696,0
8050,53336.1072,17134.4568,26362.3128,10036.248,0
8051,56688.4236,17791.4364,24605.6628,10359.444,0
8052,57733.8504,18096.966,23299.6212,10406.3784,0
8053,56096.4228,18126.5892,22437.792,10319.8224,0
8054,54355.536,19794.3396,24891.648,10577.6268,0
8055,54663.8124,19990.6164,25996.932,10898.8764,0
8056,54129.0276,21570.5448,25995.5748,11544.48,0
8057,54631.0728,21967.3188,24819.5412,12121.2516,0
8058,51799.4076,21198.3768,25071.576,11479.7568,0
8059,51548.154,19696.5552,25884.2712,11578.53,0
8060,53923.716,17644.0812,27318.8892,12915.2196,0
8061,54038.8032,17316.2784,27833.5368,12622.3512,0
8062,54169.356,17931.402,26867.9628,12398.6772,0
8063,53348.7252,18354.8808,24366.2988,11702.2992,0
8064,51454.2888,18904.2888,20882.3808,10723.4988,0
8065,48483.0108,19170.4332,18830.634,10846.8036,0
8066,45172.5312,19336.2408,18056.1444,10666.0068,0
8067,43177.9644,19440.708,16888.5456,10331.208,0
8068,41551.5228,19508.6328,16843.992,9964.3548,0
8069,40577.9772,19522.6332,17149.2864,10064.7132,0
8070,40064.6616,18892.5312,18572.4744,10082.4084,0
8071,41573.9664,18659.1012,21758.8692,9889.4544,0
8072,45449.7276,17032.5036,26091.0408,9410.274,0
8073,49442.0484,16892.3412,27510.7488,9722.9904,0
8074,53213.9244,15612.6876,27151.1304,10115.4564,0
8075,54710.9412,17023.5648,26996.4276,10425.4632,0
8076,54452.6496,17301.1296,26604.4776,10407.348,0
8077,52431.1008,16230.4632,25750.9176,10280.6268,0
8078,53252.658,16624.02,26333.2836,10865.5416,0
8079,56531.8176,17318.5836,25791.0732,11058.9024,0
8080,56632.2108,19200.9108,24518.9736,11025.3816,0
8081,57304.9608,19855.8612,23889.822,11155.9116,0
8082,54505.9944,19914.6072,23266.488,10754.2212,0
8083,53559.4272,19704.4488,24038.5836,10992.6864,0
8084,53533.4772,19714.38,24752.1588,12314.7456,0
8085,53517.6372,19811.7468,24588.2328,12130.4724,0
8086,53752.7436,19927.2588,23934.09,11672.5008,0
8087,53174.49,19904.424,22720.8648,10308.4668,0
8088,50701.3716,19863.4212,21382.9788,9294.36,0
8089,47037.366,19507.5744,20042.2584,9243.9804,0
8090,44708.3004,17893.0356,19309.5132,9133.1724,0
8091,42491.1288,17782.392,19433.0892,8390.8956,0
8092,41020.2852,17055.6888,20140.8948,8174.6088,0
8093,40771.9956,16064.3712,21114.9276,8153.1924,0
8094,40602.7668,15858.1788,22076.9844,8138.5692,0
8095,40053.4908,17238.8088,25327.848,8351.9508,0
8096,41181.396,17649.9624,28389.5052,8798.1696,0
8097,44686.0812,17623.5384,29109.024,9398.7396,0
8098,46891.734,17372.1588,28245.9384,9918.042,0
8099,48848.0556,18376.008,27083.6364,10209.0972,0
8100,49218.9036,19448.4264,26371.7268,10375.116,0
8101,49710.486,18330.534,24852.5508,10230.1752,0
8102,51756.4908,19033.4472,25759.1556,9990.1128,0
8103,52863.1092,19718.31,26641.5036,9618.7224,0
8104,53274.06,20276.3244,26009.8956,9114.7656,0
8105,54050.394,22267.116,24060.5928,8988.8412,0
8106,53296.0824,20364.0504,23223.6984,9726.3252,0
8107,53319.5436,19330.74,24129.3012,10182.012,0
8108,54474.0624,19220.3784,24280.8984,11400.4944,0
8109,53856.0888,20566.7268,23210.5392,11141.7288,0
8110,53462.8932,21034.8192,22590.54,10957.716,0
8111,52927.7184,21331.7076,20983.3908,9397.3668,0
8112,50995.6776,21198.0744,18412.3116,9362.4204,0
8113,48294.9372,20906.8944,15254.2128,10130.8992,0
8114,46749.504,19234.4292,13744.2156,10481.928,0
8115,44887.4916,17913.3348,14120.0052,9995.436,0
8116,43206.7488,18056.3412,14114.328,9905.3736,0
8117,42585.798,18095.3592,13970.6448,10286.0208,0
8118,42530.4684,18095.7864,13864.8708,11188.4808,0
8119,44028.9132,18447.342,17151.3228,11125.1352,0
8120,45807.444,16935.366,21583.512,10646.838,0
8121,46733.5068,19073.8272,23222.4756,10538.91,0
8122,49044.0528,17972.472,24729.9216,10603.7472,0
8123,49620.3264,19187.5272,26014.2408,10620.552,0
8124,50314.0908,18900.5004,26317.9716,10630.5024,0
8125,50253.6264,17323.626,25901.6436,10303.2156,0
8126,50041.1664,21658.2108,24710.3376,10381.0572,0
8127,53396.7852,21414.5832,23404.1772,11330.736,0
8128,53868.8004,21106.4784,23645.2356,11646.0708,0
8129,54427.7952,21222.8172,22862.6544,11513.0508,0
8130,53818.4952,20363.3712,22334.6652,11288.5428,0
8131,54571.9692,18675.696,22459.35,11627.1072,0
8132,55362.9372,17862.7956,23188.1712,13287.162,0
8133,53457.348,17652.0132,23358.8928,13825.5408,0
8134,51729.4296,18719.7,22671.2964,13875.6192,0
8135,51890.4132,18916.8816,21726.3312,12142.0416,0
8136,49822.1544,18909.7164,20920.3008,11524.6524,0
8137,47560.6908,18112.2012,19176.06,11456.31,0
8138,45636.3192,16497.2208,18328.6596,11346.1788,0
8139,42246.3744,15836.388,19022.4672,11181.846,0
8140,38959.4724,15177.138,21330.3252,10882.6824,0
8141,38218.482,15126.4056,21556.9848,10181.3088,0
8142,38027.9328,14533.1604,21015.5364,9543.096,0
8143,38701.86,14920.5168,22247.7444,8778.0588,0
8144,40513.8804,14829.3876,24902.1276,7851.3672,0
8145,41468.226,15455.0532,26048.4732,8106.6156,0
8146,42425.01,15972.9624,25880.5284,8591.79,0
8147,44251.23,16731.9504,25257.1224,8848.8108,0
8148,45398.2104,17162.6544,25098.75,9010.4508,0
8149,45696.696,16879.9416,24258.4164,8935.7844,0
8150,44510.3292,17410.92,24746.2908,8826.2568,0
8151,44335.6752,17596.4928,24999.108,8723.4456,0
8152,46286.9388,16850.3712,24700.8312,8781.2208,0
8153,46185.078,17199.4176,24226.0836,9598.5612,0
8154,45502.1508,17810.262,25602.1356,10531.4352,0
8155,45770.4108,19640.7504,27375.036,10946.8692,0
8156,47507.9472,19709.4372,27282.9924,12705.6204,0
8157,46752.6588,19305.546,26658.8916,12967.7316,0
8158,45357.1728,19341.0924,25569.0372,12940.9224,0
8159,44292.1224,19397.3064,25474.7352,11015.9172,0
8160,41787.5688,19437.2592,24710.5896,10763.7612,0
8161,40017.9552,19035.414,22835.3064,10748.6832,0
8162,38541.8424,17394.4824,22360.3308,10755.0468,0
8163,37619.202,16085.208,21968.4588,10424.8968,0
8164,37404.9948,16659.8064,19684.8732,10186.2012,0
8165,37523.01,16791.7248,18365.5692,9712.9908,0
8166,36511.4328,15358.5828,18681.1056,9145.272,0
8167,35669.4552,15739.6272,19758.8736,8307.3432,0
8168,35113.098,16237.4856,20638.7988,7786.8348,0
8169,36061.4712,14943.2556,22480.9248,7833.8424,0
8170,38893.0668,15074.5152,20667.1788,8338.3788,0
8171,40765.2432,16097.2764,18610.8732,8656.3704,0
8172,40991.3652,16852.3308,18530.976,8768.7372,0
8173,41284.218,16735.7856,18804.684,8915.3964,0
8174,40905.7524,16304.0088,19964.424,8977.4472,0
8175,40775.0136,17100.4236,21154.4292,8824.248,0
8176,42380.4336,17118.804,21077.0292,9023.2956,0
8177,43504.6116,17917.5816,21354.018,9108.8808,0
8178,43637.064,19863.4464,21342.006,9748.2456,0
8179,44347.0032,20868.5784,23261.1444,10079.6748,0
8180,45514.6032,20628.4476,24362.73,11337.3876,0
8181,45917.8632,19147.4364,24600.3072,12124.02,0
8182,45076.4832,19614.1128,24627.5376,12351.762,0
8183,44278.6212,19533.6036,24544.182,11558.622,0
8184,42601.962,18335.364,24565.7568,10514.8584,0
8185,40240.3188,16627.854,25724.7528,9236.1156,0
8186,39571.4868,15278.1132,25592.2272,7946.5716,0
8187,38170.1796,13511.4132,26715.2592,7753.0848,0
8188,36612.696,13662.0624,26655.6792,7656.6072,0
8189,36693.6012,13691.052,26372.892,7628.8152,0
8190,37039.3752,13531.7628,26924.7708,7536.7476,0
8191,39365.7216,15739.95,26315.3916,7483.3476,0
8192,43763.364,17124.7608,25732.668,8046.5844,0
8193,47449.3524,18242.0376,27502.4556,8602.8828,0
8194,50278.2708,18187.5792,27427.4196,9008.5644,0
8195,52506.7128,18848.2332,26177.3952,9442.5168,0
8196,53664.0876,18510.4812,25755.1176,9928.7664,0
8197,53454.7116,17121.7008,24667.1808,10191.0384,0
8198,54277.4484,17552.7876,24903.522,10368.9996,0
8199,53247.8724,18199.2096,27529.0464,10257.7668,0
8200,52986.0324,18150.8304,28108.9824,10194.4752,0
8201,52665.342,18533.814,27698.9712,9885.1944,0
8202,48919.3836,20041.056,26457.9144,9423.8448,0
8203,48031.4256,20359.0236,28190.1564,9306.156,0
8204,48705.9576,19720.3596,30080.202,10445.4672,0
8205,47471.9592,19752.312,30183.8304,11478.4884,0
8206,46672.866,20043.4248,30025.9668,11427.6792,0
8207,45179.6148,19278.8388,29624.9448,10331.1948,0
8208,42985.3068,16964.4432,29710.7484,9361.23,0
8209,40169.9196,16321.512,28164.696,8861.0688,0
8210,38767.47,14695.4844,27216.7932,8636.0232,0
8211,38289.5724,13279.2084,26459.2632,8570.1624,0
8212,38000.1984,13130.2404,25578.7284,8418.498,0
8213,38518.8288,13390.392,24763.3056,8304.4164,0
8214,39120.8532,13205.3868,25206.5472,8289.1128,0
8215,40424.4024,13169.7552,26644.7208,8196.9624,0
8216,44328.2292,15001.1436,26671.5432,8728.6116,0
8217,46370.1864,16052.1108,28411.6404,9345.5484,0
8218,47858.5776,16319.352,28636.3728,9783.474,0
8219,50539.95,16343.0712,27579.252,10076.9952,0
8220,51845.8728,16333.1628,26830.5756,10402.7328,0
8221,50543.8668,15597.3036,25206.1632,10547.6412,0
8222,51307.1472,17123.2188,24744.8412,10328.5884,0
8223,51410.7216,17758.4544,26435.6376,9945.9996,0
8224,52815.0348,17247.0084,25559.8836,9754.3392,0
8225,53353.6044,18581.8332,24012.4092,9799.38,0
8226,50491.1244,20502.8184,23016.1716,9369.1404,0
8227,50891.4624,19728.3564,24768.9444,9540.744,0
8228,51525.9768,19721.9496,25672.4964,11218.4856,0
8229,51164.8968,19301.7396,25198.86,11732.3736,0
8230,50089.5096,18751.0428,25357.9548,11775.3756,0
8231,48252.6516,17620.35,24869.2356,10611.924,0
8232,46030.8576,16502.9568,23345.7276,9321.6396,0
8233,42429.1188,15581.1012,23014.0536,9185.9256,0
8234,39861.8172,15157.5972,22232.6772,8884.4268,0
8235,38299.368,13516.5396,22547.5896,8696.1696,0
8236,37386.1464,13432.1916,22360.5852,8616.3276,0
8237,36972.7524,14282.0964,22259.148,8291.2572,0
8238,36889.1892,15258.2928,22177.1268,8281.8864,0
8239,38250.7536,14057.1312,25439.1264,8365.992,0
8240,41758.6272,14531.3184,28098.0468,8687.2968,0
8241,47796.3696,14797.9368,26885.1048,9276.72,0
8242,50679.8496,15719.3388,25228.5576,9768.9276,0
8243,52575.3948,16649.1828,24476.1468,10174.83,0
8244,53287.7928,16558.0104,23537.0112,10375.8924,0
8245,51836.3604,15352.9236,22482.7368,10224.378,0
8246,52601.0364,15592.7388,22319.6052,9830.3556,0
8247,52969.0356,15795.3864,23146.0944,9781.5468,0
8248,52706.4348,16480.1712,24041.2956,9630.966,0
8249,52267.5624,19724.7732,22206.1824,9211.7256,0
8250,51050.3568,20639.8128,20892.0492,8988.3108,0
8251,50653.95,20126.6088,22407.93,10009.0776,0
8252,51173.466,19327.644,23277.4632,13176.0144,0
8253,50780.8344,18567.6408,23830.0176,14298.7368,0
8254,49882.062,18409.9044,23648.2644,14276.3412,0
8255,48085.7964,19233.7452,23965.458,11576.262,0
8256,46125.9048,19950.4308,22476.3252,9760.5948,0
8257,44426.3688,19164.1008,19745.6424,9280.3764,0
8258,42043.4928,18644.016,18053.8728,9724.83,0
8259,41235.5892,16826.2776,17710.5936,9823.4436,0
8260,40446.612,16988.8272,16844.8116,9674.7528,0
8261,41368.9212,17027.016,15848.4,9522.4644,0
8262,41942.0472,16492.788,15849.684,9742.0428,0
8263,42912.9168,15426.6696,20632.998,8987.1396,0
8264,43430.0892,15615.06,25559.6016,8770.206,0
8265,46034.4492,15800.2512,26760.108,9334.5168,0
8266,48989.2056,16351.002,26105.4948,9879.0024,0
8267,51582.8364,17071.9644,25093.3572,10278.6936,0
8268,52989.1752,17365.1388,24841.5744,10195.3308,0
8269,52608.9984,16941.7092,22719.546,10030.5744,0
8270,54812.0892,17008.5852,23014.4688,9316.1244,0
8271,56239.4892,17400.5964,24210.93,8690.304,0
8272,56781.378,18021.2892,24476.8668,8531.2872,0
8273,55762.7676,21762.9168,22828.2852,8434.854,0
8274,53806.1352,21724.02,21894.5364,9189.5916,0
8275,52488.3396,20762.22,23258.874,10336.6368,0
8276,54193.0776,19446.6132,24713.0736,12407.3028,0
8277,54424.65,19099.8576,24064.176,13302.852,0
8278,54150.9288,19017.7152,23648.9796,13270.392,0
8279,53765.034,19631.3232,21375.822,12350.6832,0
8280,52154.9664,19281.5904,19281.2724,11048.9532,0
8281,48601.4628,18771.7056,18382.6032,10971.0768,0
8282,47946.5016,17736.0288,15244.5624,11171.7048,0
8283,45888.8976,17416.8192,14301.81,11083.6884,0
8284,43015.3452,17942.7432,14746.2,10912.122,0
8285,42832.6872,18633.522,14042.2308,10521.372,0
8286,42612.0792,18724.8744,14054.0112,10572.918,0
8287,45304.0992,15599.2968,18547.3944,9861.4008,0
8288,47267.508,15270.1992,24312.5232,8901.3804,0
8289,51737.6184,14785.0512,26995.5216,9085.248,0
8290,54666.6624,16059.4548,26618.394,9531.2256,0
8291,56452.5264,17081.0196,27252.8208,9794.1564,0
8292,56670.546,17893.6332,26940.234,9904.86,0
8293,54997.638,17304.0588,26552.8224,9793.6848,0
8294,57432.4992,17893.716,25744.9176,10009.8288,0
8295,56875.0788,19507.6836,24938.5284,11192.232,0
8296,55597.5684,20635.5276,23344.278,12468.6144,0
8297,54107.8584,20825.5884,21886.5348,12882.0072,0
8298,53072.7684,19399.8516,20759.232,13344.4656,0
8299,52978.6128,18807.5676,22663.4772,13010.5104,0
8300,53353.1388,19755.1656,23095.0128,13815.6336,0
8301,52812.522,19244.2224,22366.6452,14090.2068,0
8302,52564.3332,19655.3364,21024.7512,14127.6888,0
8303,51920.8656,20115.9084,18885.6696,14154.5292,0
8304,50557.9152,19604.2296,17032.2636,13908.2652,0
8305,48464.394,17929.068,16003.9356,13297.8396,0
8306,46941.2556,15969.9276,15249.6144,13054.6332,0
8307,45073.6488,14749.98,15246.8544,12971.6724,0
8308,44282.4996,14578.8804,15461.196,11794.176,0
8309,43624.4796,15671.1228,15925.284,10804.9836,0
8310,43301.754,15464.184,16245.5436,10168.6764,0
8311,42536.0856,12928.464,20169.102,10177.1916,0
8312,42726.8664,12277.6464,25669.5432,8577.2364,0
8313,44778.6804,13174.434,26099.2776,8674.3716,0
8314,47263.9452,13130.8788,24578.6076,9268.2312,0
8315,49226.9328,12861.0252,24083.8224,9575.694,0
8316,49793.1648,13618.728,23788.5996,9653.2476,0
8317,49209.036,14266.5228,23325.3744,9372.0708,0
8318,46965.3684,14101.7724,24637.302,9063.3528,0
8319,46583.9832,14167.6524,24459.5616,8912.1384,0
8320,45735.4404,15648.9564,22254.144,9722.7036,0
8321,45766.0164,18195.9216,20310.4356,10339.4028,0
8322,47235.7704,19875.7764,19905.9924,10067.7516,0
8323,49309.7892,19260.708,22711.266,11019.18,0
8324,49025.196,18926.4864,23592.5496,13254.8856,0
8325,46856.1516,18323.832,23831.7168,14729.3316,0
8326,44495.3604,17320.5576,23803.9224,15498.0228,0
8327,42673.89,17183.8188,21551.7756,16425.7656,0
8328,41098.9404,17115.2592,20003.6508,15839.4096,0
8329,39106.3368,16478.5884,19482.4668,15071.6268,0
8330,37333.818,16308.5484,19663.9128,13200.5268,0
8331,36542.088,15909.5388,20112.2736,10929.1956,0
8332,35824.9992,15519.6156,20029.4424,10073.16,0
8333,35310.5544,15593.982,20071.6236,9365.322,0
8334,33562.59,15054.0132,21265.038,8175.822,0
8335,34043.1504,12438.9288,22805.8104,8196.4524,0
8336,34935.5352,12750.3024,22637.544,8358.5352,0
8337,37448.2956,12841.7376,20200.23,8556.174,0
8338,39624.8712,13251.4308,18522.5712,8891.1192,0
8339,41911.4316,14305.1136,17397.1488,9195.4164,0
8340,43518.9816,15023.9112,18006.8148,9354.0024,0
8341,42941.766,14769.7464,18422.7504,9310.9464,0
8342,41857.7292,14718.7152,18462.0924,9008.772,0
8343,39891.4668,15277.8444,19350.0132,9007.038,0
8344,37065.2172,16387.0716,21703.0656,8957.2776,0
8345,38514.5724,17473.4052,22555.6452,8461.0716,0
8346,42189.4692,18540.6336,22115.064,8641.1676,0
8347,42774.7164,18592.5228,25052.8512,9968.2284,0
8348,43785.3756,17576.9544,26906.952,12052.6368,0
8349,43925.1012,17325.318,26535.2208,13427.5224,0
8350,44114.5716,17206.9512,26012.2836,13416.4836,0
8351,43116.7824,17044.0524,24336.6444,14003.364,0
8352,41311.8408,16565.9172,23749.6884,13300.1076,0
8353,40285.8384,15794.5308,23363.964,11218.1304,0
8354,40439.0328,13403.814,22988.8656,10287.2964,0
8355,40916.3688,9896.0412,22865.8284,10995.1812,0
8356,40325.3856,8245.6812,23252.1708,11559.1992,0
8357,40134.3888,9028.506,22511.7816,11646.0288,0
8358,40222.008,9634.6032,22375.812,11539.458,0
8359,41477.0664,10398.0552,26069.3688,10289.0316,0
8360,45974.3136,11941.2888,28611.7236,8913.1704,0
8361,49087.0476,13575.0588,29341.674,9175.3836,0
8362,52068.264,14580.7584,28416.7116,9507.642,0
8363,54754.674,15008.16,28313.8692,9797.5908,0
8364,57914.94,14732.3088,26859.4644,10010.448,0
8365,56927.5044,14119.0536,25870.8276,10543.5528,0
8366,58513.1616,15063.7992,25610.0436,11452.3764,0
8367,58364.7252,17987.7504,24705.6288,12034.2816,0
8368,57640.7028,18755.4684,23434.4664,13605.9036,0
8369,55418.7804,20651.1528,21382.4964,14512.7508,0
8370,52650.5376,20592.366,21311.3568,13862.7408,0
8371,50765.2944,18534.9828,24876.0672,14143.1556,0
8372,52360.7676,18154.0728,26491.4076,14765.8872,0
8373,51310.62,17744.5044,27021.0492,15968.6952,0
8374,49936.854,17845.9656,27059.856,16357.9248,0
8375,47590.6248,18254.2836,25194.2496,16537.0128,0
8376,45461.4192,17788.3308,23588.6484,15444.7032,0
8377,45643.2516,15357.558,22457.6724,13462.0008,0
8378,43976.7168,14646.1956,23004.6924,11130.3072,0
8379,43094.9772,12752.9916,23725.7568,10054.7724,0
8380,42736.1256,11381.382,23647.3848,10047.3696,0
8381,42795.9432,11533.0812,22899.0792,10090.8984,0
8382,42267.5436,12035.718,22940.7912,10078.8924,0
8383,43851.4608,11920.7016,25951.3392,9235.9896,0
8384,47249.6808,13879.0716,27788.6508,9390.9552,0
8385,49845.4884,17196.6132,28465.3248,9271.104,0
8386,51783.9084,17458.668,28851.3108,9319.2168,0
8387,54120.9204,18001.3764,26483.7828,9681.8016,0
8388,55321.5192,17739.03,25215.1872,9816.8844,0
8389,52724.2368,16683.6276,25092.6912,9712.4796,0
8390,54162.1464,17296.6008,24247.9116,9787.914,0
8391,55833.3384,18677.9148,23625.3768,9762.8844,0
8392,54449.3556,21812.082,22599.24,9929.214,0
8393,55042.362,22158.8772,20728.956,11263.5732,0
8394,53527.3572,20739.1644,20082.9084,11514.1356,0
8395,53151.6432,19683.5484,21643.1208,11985.336,0
8396,52965.0372,18479.5428,23499.4452,14846.7768,0
8397,52655.208,18216.4848,23601.144,15117.2556,0
8398,51629.166,18416.4048,22916.6676,15740.3568,0
8399,50190.396,18481.4376,21060.6744,15648.1764,0
8400,48340.8108,16523.8572,20283.2592,14951.298,0
8401,45583.9212,16084.3164,20039.6676,12682.7496,0
8402,45681.1812,13482.4368,19866.8412,11029.8444,0
8403,46102.1892,11948.0292,18799.404,10115.43,0
8404,45940.38,11408.3184,18940.0008,8944.1664,0
8405,46221.8388,11876.9196,18066.3408,8648.9892,0
8406,46107.3468,12070.1544,17747.724,8900.1324,0
8407,44317.7916,12766.422,21047.766,8968.8492,0
8408,43258.3764,14398.0176,24840.006,8689.6044,0
8409,44829.6492,15205.9632,25119.4836,9139.5372,0
8410,46963.9632,13931.8548,24929.8944,9612.714,0
8411,49775.2188,13868.5416,23423.8632,9796.6176,0
8412,50786.538,13918.8276,21890.5728,9847.5096,0
8413,48850.8288,13393.452,21431.6736,9803.2452,0
8414,50586.1584,13919.2632,22460.9412,9687.7056,0
8415,52479.5712,13995.81,22540.8468,9390.4956,0
8416,52384.074,15385.0776,22074.546,9667.386,0
8417,51521.1648,17920.4304,20524.0512,10199.3784,0
8418,50070.1392,17042.1972,20688.3864,11380.7952,0
8419,49375.008,15206.6256,23945.5248,12463.854,0
8420,49694.3568,14824.4784,25233.9756,14123.6664,0
8421,47911.5924,15909.066,25107.2292,14833.038,0
8422,45810.4488,17763.744,23717.0796,14880.5136,0
8423,43946.43,17752.6368,22333.4796,14451.366,0
8424,42354.9396,16734.9264,21491.5812,12370.8864,0
8425,41106.5328,14524.4412,21755.7648,10455.366,0
8426,39258.3792,13989.0336,21137.5368,9455.1696,0
8427,39089.1504,12647.0652,20889.1644,8514.3288,0
8428,39234.9744,10873.272,21208.662,8476.536,0
8429,39827.6676,10415.8992,20894.8356,8474.6712,0
8430,39519.7812,9908.7492,21882.642,8460.1992,0
8431,38408.4576,12017.334,24845.58,8352.0348,0
8432,40813.3032,12767.8716,27514.254,8381.058,0
8433,43266.1512,14043.0564,27047.4624,8887.9272,0
8434,45632.6796,15125.6184,24178.8012,9351.5376,0
8435,47010.2964,15727.854,23264.4684,9637.4064,0
8436,48621.8748,16825.5864,20791.7544,9638.9928,0
8437,48550.5672,17773.4316,18766.6128,9511.6596,0
8438,49298.7288,18508.698,18909.7548,10044.0624,0
8439,50734.4016,19325.2512,18431.5848,10341.5892,0
8440,51906.9072,19466.2668,18681.036,10050.2196,0
8441,50868.7284,20858.3748,19508.6112,9880.3236,0
8442,49195.8744,20456.1708,20175.93,10332.2328,0
8443,49591.0524,18582.0084,22414.4592,10850.7468,0
8444,50303.484,16381.3236,25076.2284,12812.892,0
8445,48333.2988,15646.7496,25819.5,14835.81,0
8446,47139.9444,16321.554,25262.3616,14850.8124,0
8447,45777.5664,15675.918,23970.0264,14721.7968,0
8448,41520.5712,14685.9216,24383.6088,14017.8,0
8449,37844.0724,14201.1408,23922.6096,12880.92,0
8450,36417.9276,13986.6972,24158.5764,9708.6816,0
8451,34643.718,12977.358,24888.5364,8879.8404,0
8452,34052.7012,12560.7252,24494.9688,8658.5664,0
8453,34455.0408,12090.7764,24292.578,8727.4512,0
8454,35935.2024,11148.0228,24262.0488,8715.402,0
8455,38311.7052,11321.9424,26987.4648,8121.7044,0
8456,41424.5256,12386.16,28186.0644,8479.1148,0
8457,43335.2016,13866.354,28966.0308,9079.5996,0
8458,46038.3024,14327.7348,27677.2908,9582.7572,0
8459,48247.392,15112.2276,25807.8564,9884.4804,0
8460,49515.0132,15254.2392,24428.8632,9943.0428,0
8461,50265.2664,15162.2448,22694.556,10024.7268,0
8462,51681.0876,15184.956,22312.1088,10595.952,0
8463,50490.5148,14506.5756,22663.7376,12535.7892,0
8464,50262.5748,14798.6688,21612.6012,13433.6232,0
8465,48173.8152,16961.0112,19780.5984,14620.5228,0
8466,47036.5332,17215.1904,20353.656,15223.6704,0
8467,45000.9348,16964.0952,23224.1136,16958.5164,0
8468,45381.522,16555.8972,25125.1032,17902.6524,0
8469,43459.0764,17010.9708,25746.924,17694.4788,0
8470,41631.1404,17478.2808,25958.5092,17521.422,0
8471,41153.6448,16839.15,25122.564,16874.8332,0
8472,39077.0124,15239.0688,25642.812,16072.584,0
8473,37182.1332,14363.808,26177.2296,13247.5464,0
8474,35721.1488,12789.9156,26633.8884,11782.4928,0
8475,35329.2708,10935,27675.0828,9868.2744,0
8476,35192.94,9899.91,27797.754,8852.6976,0
8477,35224.8456,9421.152,27685.9248,8403.2832,0
8478,35124.06,9001.2852,27723.9504,7448.67,0
8479,36995.6868,9150.6804,28026.2412,6521.994,0
8480,38680.98,10570.188,27433.83,6610.632,0
8481,40378.4784,11849.8116,26203.2564,7074.1716,0
8482,42806.5668,13483.0236,24505.2816,7432.2192,0
8483,45752.412,14268.4116,21818.6148,7752.312,0
8484,46313.4996,14517.3756,20238.7128,7875.1152,0
8485,45917.8104,14552.5428,19034.8272,7864.5756,0
8486,45652.3116,14773.2996,18227.304,8358.9588,0
8487,45815.9376,15418.8384,17631.99,8226.228,0
8488,47174.6424,15133.6512,16065.462,8500.326,0
8489,45734.8944,15186.6468,18068.2704,10325.5572,0
8490,42571.3224,16551.4812,22222.1592,12303.7008,0
8491,40634.7912,18124.614,23977.7484,15844.0284,0
8492,41338.8876,18985.4184,26089.5816,16360.8636,0
8493,40754.4564,18617.316,26586.348,16035.3648,0
8494,39485.3856,18287.2032,26770.1376,14998.3896,0
8495,38111.0484,16749.6348,27601.9068,14320.0932,0
8496,36605.5608,15758.2152,27743.7276,13352.4012,0
8497,36135.9468,12735.6288,27588.0108,12629.088,0
8498,35126.2464,9875.8248,28712.3688,11569.2612,0
8499,33061.05,10802.5728,28039.6068,10154.4576,0
8500,32733.4296,11054.7132,26330.1444,9730.9536,0
8501,32653.6656,10918.0416,25285.8264,9670.1316,0
8502,32429.9376,10197.0672,24950.1288,8170.644,0
8503,35437.9488,9354.162,24095.9124,6647.448,0
8504,37540.086,9351.1464,21974.982,6386.322,0
8505,39751.602,10691.3424,18723.024,6693.0576,0
8506,41991.6984,11012.7,17615.7,7060.5048,0
8507,44464.2528,11679.804,17132.7312,7267.8816,0
8508,45754.6692,12121.002,17648.6808,7458.8592,0
8509,45946.4208,12119.814,17697.3636,7572.372,0
8510,45129.2952,12176.5668,17535.5292,7361.3112,0
8511,44436.7524,11893.038,18426.462,7170.9864,0
8512,45113.862,11470.2216,19793.5176,7198.8408,0
8513,45998.6232,11427.5664,21399.6288,8190.6492,0
8514,44445.372,12278.4432,24188.1936,10321.5108,0
8515,41587.02,14104.8732,26596.6524,12771.036,0
8516,42718.488,15381.126,27608.8752,14057.202,0
8517,43138.02,16074.126,26589.8052,14238.6264,0
8518,42842.6568,16839.8808,26048.3352,13769.898,0
8519,42446.5932,16600.4892,25341.2508,13476.3384,0
8520,41129.382,16326.8292,24402.6012,12759.0648,0
8521,40974.486,13958.454,23929.3284,11313.3744,0
8522,41337.3384,12898.1364,22769.6664,9172.9932,0
8523,41053.7664,12075.33,22020.3708,8083.3296,0
8524,40079.382,10930.968,22477.6224,8009.4072,0
8525,39117.6372,9890.5176,24083.4156,7984.6968,0
8526,38015.2032,10190.784,24958.6212,7642.9044,0
8527,40070.5992,11435.6808,24994.1856,7109.2128,0
8528,43246.4052,13474.1496,24874.1124,7426.9764,0
8529,47584.8804,14378.8644,24972.57,7550.634,0
8530,50309.2644,14829.18,24055.1196,8139.8136,0
8531,54961.6548,16090.5372,19939.5996,8516.6328,0
8532,57156.9396,16200.6552,19793.154,8728.0344,0
8533,57105.1296,15656.484,19412.1804,8747.3064,0
8534,57200.67,15921.408,20713.1484,9233.8488,0
8535,57319.7532,15946.8024,20688.7416,9589.3188,0
8536,57381.7272,14998.2396,20588.4144,10272.486,0
8537,58336.4376,13938.1536,20081.766,10864.9824,0
8538,54607.6836,15518.3052,20355.8916,11223.2748,0
8539,50308.5948,17529.9816,21631.5408,12766.446,0
8540,51048.072,18876.1116,21796.182,15142.026,0
8541,51634.98,18559.776,21178.386,15560.6976,0
8542,51841.6776,19461.1128,20200.2132,15591.0948,0
8543,51430.9872,19322.2212,20216.754,14488.9704,0
8544,49443.5112,19120.9032,19372.5624,12679.5,0
8545,46163.7924,18889.206,18141.762,12288.5544,0
8546,44210.8944,16201.9608,17935.9752,12241.3776,0
8547,44325.8988,13736.2284,17150.8968,12449.9208,0
8548,43426.8552,13050.816,17159.9208,12096.0576,0
8549,42733.0116,13025.838,18002.4624,10821.7368,0
8550,42750.6816,13552.0044,18043.122,9526.878,0
8551,44603.8692,13779.6168,19306.4424,8312.3784,0
8552,46996.338,12817.8852,22672.3308,8177.3952,0
8553,49363.626,13219.2816,25159.6128,8392.2156,0
8554,51612.7716,13654.6776,24671.5536,8702.0352,0
8555,53928.2568,14214.2604,23719.944,9271.4964,0
8556,55479.1752,14799.1704,23185.1676,9502.4616,0
8557,56211.606,14017.9308,22596.9804,9622.236,0
8558,57028.044,14336.5392,22343.1024,9705.9876,0
8559,56901.0996,14711.3676,22989.5952,9656.4744,0
8560,54999.7176,14168.73,24575.7996,10876.7136,0
8561,53449.5648,13260.0624,26043.228,12111.2052,0
8562,49383.1332,14046.246,26691.9804,13258.0152,0
8563,46424.4,15487.2504,27774.282,14625.3132,0
8564,49696.2324,17252.8308,26261.3064,14770.0524,0
8565,49471.8888,17415.936,26903.9088,14536.7508,0
8566,48869.6808,17650.53,27339.0348,14541.9396,0
8567,48062.2548,17708.4864,26337.0588,14777.7732,0
8568,44256.8508,17461.662,27002.3892,14387.0136,0
8569,42227.346,16729.1268,26494.9152,12546.8388,0
8570,41594.9544,15876.1164,26787.1728,9102.8016,0
8571,40865.9496,14252.9496,26437.896,8316.684,0
8572,40254.7848,12021.4044,26738.5584,8435.6388,0
8573,39436.326,11274.474,26899.584,8258.2344,0
8574,37698.2112,11310.5952,26676.768,8049.8892,0
8575,39200.2824,10182.99,27234.5628,7768.4148,0
8576,41975.1252,10346.7288,27239.3508,8213.28,0
8577,44380.4256,10585.9044,27604.362,7872.3924,0
8578,47304.9996,11191.1316,24564.6084,8087.0904,0
8579,48076.1628,12175.2384,23672.0856,8389.9392,0
8580,48913.9524,12492.2508,24207.7512,8575.7172,0
8581,48946.6668,12367.0416,23658.7344,8533.7616,0
8582,48084.0888,12386.2884,24052.7508,8501.1456,0
8583,47654.0784,12431.832,24773.9376,8183.9664,0
8584,49328.1528,11024.6304,24552.6648,8998.7112,0
8585,50593.7808,11277.5496,22306.6884,10872.5736,0
8586,47781.1704,12599.4912,23911.1232,13215.0756,0
8587,46597.6716,14380.5432,26142.2808,14575.5072,0
8588,47763.1824,16896.1176,27270.7764,14336.0436,0
8589,45602.7396,16256.7888,27303.456,13076.592,0
8590,41631.42,15335.196,27168.084,11841.0444,0
8591,39056.304,13845.4248,26915.3136,11098.7844,0
8592,37750.3044,13153.6824,27615.858,9645.6876,0
8593,37318.794,14264.1864,27102.8316,8080.6716,0
8594,36407.8776,15975.1332,27147.3228,7494.924,0
8595,36031.1796,16513.392,26667.7944,7349.5068,0
8596,35412.6324,15726.0192,26519.9172,7236.0816,0
8597,34746.6936,14633.8824,26223.4392,7417.422,0
8598,33502.026,12896.436,26184.0312,7149.0048,0
8599,36959.2164,11912.262,22524.7908,6635.4528,0
8600,39203.5872,9862.4448,21985.1256,6289.9992,0
8601,41844.6816,8865.642,19156.5564,6618.9168,0
8602,43571.544,9817.05,15675.7716,7307.3616,0
8603,45350.2752,10659.3648,14358.54,7568.682,0
8604,46156.404,10879.884,14378.3784,7743.564,0
8605,45880.6776,9939.0936,14449.5708,7857.9744,0
8606,44808.6096,9458.2128,14180.6208,7774.2864,0
8607,42901.0068,9174.09,15567.0996,7601.8728,0
8608,40668.516,8986.746,18163.2036,7184.3172,0
8609,41299.5084,9541.3404,19801.4532,7725.6276,0
8610,41965.0692,12531.9372,19583.2476,9116.6148,0
8611,41805.8892,14432.0268,21990.8808,10970.1276,0
8612,44348.4276,15013.8252,23870.9676,12916.8,0
8613,44772.9156,14952.8112,25218.9564,13765.3848,0
8614,44791.3968,15030.2148,26067.9396,13994.0688,0
8615,44153.6472,15521.1312,25917.6504,13860.1584,0
8616,41443.4256,15812.7408,25346.778,13938.7572,0
8617,39866.238,15262.5804,24768.0684,12217.47,0
8618,38153.9376,15128.712,25233.6888,10191.4812,0
8619,37817.2788,14515.4304,26202.5388,7669.1976,0
8620,37319.7084,14380.8792,25611.2088,7076.0976,0
8621,37094.4564,13970.7576,25185.8256,7056.2652,0
8622,37355.8596,13250.472,24602.5776,7067.7684,0
8623,40144.6704,11738.0604,24282.1224,6942.3444,0
8624,44229.8292,11398.1136,23055.7452,7781.6988,0
8625,47448.5568,12582.7056,21980.5188,8054.328,0
8626,49496.8272,13587.6132,21478.8432,8318.916,0
8627,51073.1124,14716.1808,20941.3584,8700.6708,0
8628,52334.7468,15222.9,21598.1952,8907.1932,0
8629,52633.8612,15118.176,22940.7504,8922.0264,0
8630,52013.6808,15154.4148,24433.8324,9151.6596,0
8631,52686.1356,15794.8728,23288.2596,9062.4492,0
8632,53979.6204,14955.3924,22468.5156,10137.33,0
8633,55687.3584,13893.6072,22070.2392,11120.5188,0
8634,53770.7388,14696.4504,21355.4472,12570.6564,0
8635,51319.7544,15676.1592,21987.4164,14168.1396,0
8636,51300.7572,17287.0668,24180.8076,14960.4972,0
8637,50744.8476,17167.1412,25157.9916,15286.7052,0
8638,50520.0252,16975.488,25434.9624,15769.4448,0
8639,49806.6612,16945.7892,24020.5152,16392.3108,0
8640,47824.992,17153.082,23374.3572,15842.8296,0
8641,45621.2472,17080.6836,23558.1048,13573.56,0
8642,43789.0572,16987.0956,23655.4932,11508.822,0
8643,42118.4472,16540.0764,24166.9308,10055.898,0
8644,40357.0596,16522.968,24046.182,9585.3408,0
8645,40519.1472,16261.1112,22774.0284,9494.8092,0
8646,40627.4412,14953.4928,22045.284,9320.0496,0
8647,41179.9908,12006.072,24482.3988,9077.2032,0
8648,43818.8028,11411.0712,25128.7716,8790.8244,0
8649,45337.5204,12500.7384,24410.8968,8518.5948,0
8650,46718.2116,13715.6964,22798.4928,8973.8952,0
8651,48805.2936,15004.4616,21121.482,9400.0716,0
8652,50252.0124,16181.4888,20511.8268,9592.5756,0
8653,50909.1276,16253.7204,19979.1324,9476.6124,0
8654,51506.3736,15623.982,20176.6512,9120.744,0
8655,51281.0784,14306.5032,21368.8224,8859.3756,0
8656,48928.2012,14763.6984,22484.9052,10173.2652,0
8657,47814.246,15194.4084,20884.542,12572.2656,0
8658,47524.1676,16150.0488,20316.1644,14851.9572,0
8659,47380.5084,17113.1496,21997.6428,16210.8408,0
8660,48552.834,16897.1916,24762.3372,17311.5432,0
8661,47655.21,16580.0196,26059.8588,17673.1824,0
8662,46490.5932,16811.0424,25977.5952,17921.3556,0
8663,46289.4816,16746.8556,24242.4756,17952.588,0
8664,45142.404,16587.3072,23133.9444,17162.3676,0
8665,43267.0116,16268.1144,22699.0332,15982.2492,0
8666,41494.59,15704.4876,23660.9628,13741.9344,0
8667,40465.0692,15517.7172,23744.2536,11907.72,0
8668,39960.5136,15626.7492,23080.3836,10550.7444,0
8669,40016.5164,15738,21461.5272,10102.8048,0
8670,39793.104,15161.5692,20596.5744,9156.3528,0
8671,39920.9844,12497.496,22588.2432,8416.8468,0
8672,41672.3508,10897.548,22802.4168,8022.4812,0
8673,43488.66,11252.2236,21116.3496,7896.2064,0
8674,45267.5832,12458.4036,18639.2232,8395.098,0
8675,47234.8728,13211.4108,17283.6672,8841.7872,0
8676,48674.1564,13372.6344,18169.6104,8993.49,0
8677,49001.7816,12875.1336,19158.0924,8827.0992,0
8678,48370.0908,11973.138,19540.3392,8649.09,0
8679,48623.4576,11505.6732,19779.4476,8763.7032,0
8680,48570.8868,11077.8372,21115.1676,9187.8468,0
8681,48111.7572,10357.6068,21201.2484,11245.062,0
8682,47512.4856,12253.5552,20063.58,14330.1348,0
8683,46459.3164,15569.6568,20368.7976,15999.1176,0
8684,46781.7516,16250.9592,22491.3624,17424.468,0
8685,46262.2272,15937.5516,23602.9044,18237.54,0
8686,45969.9276,16154.7672,23315.3316,18784.386,0
8687,47189.472,17095.254,20875.5264,18672.2304,0
8688,46566.336,17029.2312,19597.1076,17657.6136,0
8689,44937.1644,16209.1956,19654.9392,16334.5176,0
8690,43790.8584,16760.5848,18927.666,14182.9332,0
8691,43788.51,16689.9156,18046.0092,12396.924,0
8692,43675.608,16923.7788,17130.6036,11271.3732,0
8693,43902.0084,16953.312,16197.8256,10933.3224,0
8694,43416.8196,16446.2424,16485.3276,10614.1284,0
8695,43109.82,15337.8792,19492.9884,9924.7992,0
8696,45598.6812,14978.5224,21219.2136,9407.5512,0
8697,49664.4504,14103.36,22397.6388,9522.1392,0
8698,52655.1144,13825.4856,22170.2292,9804.9372,0
8699,55011.7164,14712.4212,20777.3892,9895.4616,0
8700,55687.4712,15106.8468,21133.656,9979.8288,0
8701,55857.282,14358.4608,21670.1196,10129.3584,0
8702,57103.7076,13667.214,22856.3712,10160.298,0
8703,57790.1736,13663.8732,23847.684,10075.1676,0
8704,56707.0068,14222.5236,24804.1716,10780.8852,0
8705,55844.3604,15081.8916,24553.9032,12333.5364,0
8706,55029.4032,14745.8412,21623.7636,15597.5988,0
8707,51862.5324,14059.4952,22349.2524,17559.738,0
8708,52710.018,13761.798,24312.5376,18208.644,0
8709,52372.2972,13839.0912,25279.7772,18982.3692,0
8710,52311.0576,14264.736,25253.3124,19034.5332,0
8711,50930.5908,14720.6796,24248.2104,19088.1144,0
8712,47847.798,15678.366,22756.1964,18266.946,0
8713,44645.4,18320.064,19723.5588,15928.1328,0
8714,43701.9192,19526.8872,17347.9128,14820.8916,0
8715,44918.658,19535.8968,15514.5696,12518.6244,0
8716,46162.3392,19461.9108,13813.518,11028.0972,0
8717,45208.8684,19480.5552,14200.9164,10417.2912,0
8718,44096.112,19254.318,14206.6752,10344.6384,0
8719,44454.1776,15490.9164,17968.4748,10021.92,0
8720,44908.3812,15951.8196,20757.27,9664.278,0
8721,47829.804,16144.7364,21840.3192,9509.5404,0
8722,50564.8224,15251.6508,21229.1796,9823.758,0
8723,53469.7824,14519.0412,20961.3672,10065.6372,0
8724,55044.4032,14617.8036,22248.3936,10179.4344,0
8725,55073.9892,14658.7692,22772.4948,10112.0592,0
8726,53331.4068,14661.0444,25343.0616,10179.114,0
8727,51528.168,15490.0392,27219.4656,10017.6816,0
8728,50076.8364,16278.8568,27263.0988,10552.1916,0
8729,47455.5216,17625.7788,26033.2044,13298.28,0
8730,46134.63,18475.2504,23179.0872,15504.9924,0
8731,46786.3344,16877.9112,23798.9808,16808.0652,0
8732,48060.2736,16421.5368,25066.338,19474.2408,0
8733,48322.0524,16596.708,24980.2056,20087.8536,0
8734,48320.5956,16889.4264,24758.0256,20092.8036,0
8735,47449.668,17092.4244,24094.5876,20092.9968,0
8736,45088.9752,16985.484,23571.852,19688.6616,0
8737,42270.2592,18725.82,21407.088,18171.0396,0
8738,42532.728,17503.8396,19378.9992,16670.424,0
8739,42314.2344,17238.8652,18916.1448,14101.1916,0
8740,41665.1904,17586.9672,18630.042,11930.298,0
8741,41027.7708,18177.2676,17780.0664,11555.868,0
8742,40595.5524,18014.2896,17321.178,10657.452,0
8743,39723.27,16015.3728,20341.9752,9865.9524,0
8744,43027.0176,12707.1,24216.828,9206.5944,0
8745,45825.2004,13116.258,25241.8788,9050.8332,0
8746,49012.9032,13428.6048,23404.1856,9253.836,0
8747,50341.1892,14022.8208,21578.3916,9594.7932,0
8748,50184.39,14748.2772,21148.1184,9678.6312,0
8749,49981.5168,15325.434,20184.6624,9168.252,0
8750,49830.7392,15469.254,19249.4616,8721.7956,0
8751,49967.286,14926.7076,17843.8704,8552.8392,0
8752,48187.56,14690.4588,17728.1496,9780.1128,0
8753,45888.9072,13842.612,20597.538,12787.7244,0
8754,45402.1464,14775.1356,20874.504,15564.3516,0
8755,44893.5132,15679.3332,21984.2016,17989.1004,0
8756,46820.2308,17513.118,21951.3756,19528.7988,0
8757,45962.0316,17515.3212,20783.1312,19552.2288,0
8758,43608.84,16132.4232,20102.5488,18711.1044,0
8759,39981.7164,15799.6992,20105.256,16793.7156,0
8760,38716.0416,15155.6736,18045.5664,16286.8716,0
