Time_Index,natgas,natgas_LNG,natgas_LNG_100_flexible,natgas_LNG_50_inflexible,natgas_NG_70_inflexible,natgas_NG_100_inflexible,uranium_source,coal_S,coal_NE
1,20.175789,41.818908,42.91941,39.61791,22.00995,18.34163,11.7272,22.8725,22.8725
2,20.175789,41.818908,42.91941,39.61791,22.00995,18.34163,11.7272,22.8725,22.8725
3,20.175789,41.818908,42.91941,39.61791,22.00995,18.34163,11.7272,22.8725,22.8725
4,20.175789,41.818908,42.91941,39.61791,22.00995,18.34163,11.7272,22.8725,22.8725
5,20.175789,41.818908,42.91941,39.61791,22.00995,18.34163,11.7272,22.8725,22.8725
6,20.175789,41.818908,42.91941,39.61791,22.00995,18.34163,11.7272,22.8725,22.8725
7,20.175789,41.818908,42.91941,39.61791,22.00995,18.34163,11.7272,22.8725,22.8725
8,20.175789,41.818908,42.91941,39.61791,22.00995,18.34163,11.7272,22.8725,22.8725
9,20.175789,41.818908,42.91941,39.61791,22.00995,18.34163,11.7272,22.8725,22.8725
10,20.175789,41.818908,42.91941,39.61791,22.00995,18.34163,11.7272,22.8725,22.8725
11,20.175789,41.818908,42.91941,39.61791,22.00995,18.34163,11.7272,22.8725,22.8725
12,20.175789,41.818908,42.91941,39.61791,22.00995,18.34163,11.7272,22.8725,22.8725
13,20.175789,41.818908,42.91941,39.61791,22.00995,18.34163,11.7272,22.8725,22.8725
14,20.175789,41.818908,42.91941,39.61791,22.00995,18.34163,11.7272,22.8725,22.8725
15,20.175789,41.818908,42.91941,39.61791,22.00995,18.34163,11.7272,22.8725,22.8725
16,20.175789,41.818908,42.91941,39.61791,22.00995,18.34163,11.7272,22.8725,22.8725
17,20.175789,41.818908,42.91941,39.61791,22.00995,18.34163,11.7272,22.8725,22.8725
18,20.175789,41.818908,42.91941,39.61791,22.00995,18.34163,11.7272,22.8725,22.8725
19,20.175789,41.818908,42.91941,39.61791,22.00995,18.34163,11.7272,22.8725,22.8725
20,20.175789,41.818908,42.91941,39.61791,22.00995,18.34163,11.7272,22.8725,22.8725
21,20.175789,41.818908,42.91941,39.61791,22.00995,18.34163,11.7272,22.8725,22.8725
22,20.175789,41.818908,42.91941,39.61791,22.00995,18.34163,11.7272,22.8725,22.8725
23,20.175789,41.818908,42.91941,39.61791,22.00995,18.34163,11.7272,22.8725,22.8725
24,20.175789,41.818908,42.91941,39.61791,22.00995,18.34163,11.7272,22.8725,22.8725
25,20.175789,41.818908,42.91941,39.61791,22.00995,18.34163,11.7272,22.8725,22.8725
26,20.175789,41.818908,42.91941,39.61791,22.00995,18.34163,11.7272,22.8725,22.8725
27,20.175789,41.818908,42.91941,39.61791,22.00995,18.34163,11.7272,22.8725,22.8725
28,20.175789,41.818908,42.91941,39.61791,22.00995,18.34163,11.7272,22.8725,22.8725
29,20.175789,41.818908,42.91941,39.61791,22.00995,18.34163,11.7272,22.8725,22.8725
30,20.175789,41.818908,42.91941,39.61791,22.00995,18.34163,11.7272,22.8725,22.8725
31,20.175789,41.818908,42.91941,39.61791,22.00995,18.34163,11.7272,22.8725,22.8725
32,20.175789,41.818908,42.91941,39.61791,22.00995,18.34163,11.7272,22.8725,22.8725
33,20.175789,41.818908,42.91941,39.61791,22.00995,18.34163,11.7272,22.8725,22.8725
34,20.175789,41.818908,42.91941,39.61791,22.00995,18.34163,11.7272,22.8725,22.8725
35,20.175789,41.818908,42.91941,39.61791,22.00995,18.34163,11.7272,22.8725,22.8725
36,20.175789,41.818908,42.91941,39.61791,22.00995,18.34163,11.7272,22.8725,22.8725
37,20.175789,41.818908,42.91941,39.61791,22.00995,18.34163,11.7272,22.8725,22.8725
38,20.175789,41.818908,42.91941,39.61791,22.00995,18.34163,11.7272,22.8725,22.8725
39,20.175789,41.818908,42.91941,39.61791,22.00995,18.34163,11.7272,22.8725,22.8725
40,20.175789,41.818908,42.91941,39.61791,22.00995,18.34163,11.7272,22.8725,22.8725
41,20.175789,41.818908,42.91941,39.61791,22.00995,18.34163,11.7272,22.8725,22.8725
42,20.175789,41.818908,42.91941,39.61791,22.00995,18.34163,11.7272,22.8725,22.8725
43,20.175789,41.818908,42.91941,39.61791,22.00995,18.34163,11.7272,22.8725,22.8725
44,20.175789,41.818908,42.91941,39.61791,22.00995,18.34163,11.7272,22.8725,22.8725
45,20.175789,41.818908,42.91941,39.61791,22.00995,18.34163,11.7272,22.8725,22.8725
46,20.175789,41.818908,42.91941,39.61791,22.00995,18.34163,11.7272,22.8725,22.8725
47,20.175789,41.818908,42.91941,39.61791,22.00995,18.34163,11.7272,22.8725,22.8725
48,20.175789,41.818908,42.91941,39.61791,22.00995,18.34163,11.7272,22.8725,22.8725
49,20.175789,41.818908,42.91941,39.61791,22.00995,18.34163,11.7272,22.8725,22.8725
50,20.175789,41.818908,42.91941,39.61791,22.00995,18.34163,11.7272,22.8725,22.8725
51,20.175789,41.818908,42.91941,39.61791,22.00995,18.34163,11.7272,22.8725,22.8725
52,20.175789,41.818908,42.91941,39.61791,22.00995,18.34163,11.7272,22.8725,22.8725
53,20.175789,41.818908,42.91941,39.61791,22.00995,18.34163,11.7272,22.8725,22.8725
54,20.175789,41.818908,42.91941,39.61791,22.00995,18.34163,11.7272,22.8725,22.8725
55,20.175789,41.818908,42.91941,39.61791,22.00995,18.34163,11.7272,22.8725,22.8725
56,20.175789,41.818908,42.91941,39.61791,22.00995,18.34163,11.7272,22.8725,22.8725
57,20.175789,41.818908,42.91941,39.61791,22.00995,18.34163,11.7272,22.8725,22.8725
58,20.175789,41.818908,42.91941,39.61791,22.00995,18.34163,11.7272,22.8725,22.8725
59,20.175789,41.818908,42.91941,39.61791,22.00995,18.34163,11.7272,22.8725,22.8725
60,20.175789,41.818908,42.91941,39.61791,22.00995,18.34163,11.7272,22.8725,22.8725
61,20.175789,41.818908,42.91941,39.61791,22.00995,18.34163,11.7272,22.8725,22.8725
62,20.175789,41.818908,42.91941,39.61791,22.00995,18.34163,11.7272,22.8725,22.8725
63,20.175789,41.818908,42.91941,39.61791,22.00995,18.34163,11.7272,22.8725,22.8725
64,20.175789,41.818908,42.91941,39.61791,22.00995,18.34163,11.7272,22.8725,22.8725
65,20.175789,41.818908,42.91941,39.61791,22.00995,18.34163,11.7272,22.8725,22.8725
66,20.175789,41.818908,42.91941,39.61791,22.00995,18.34163,11.7272,22.8725,22.8725
67,20.175789,41.818908,42.91941,39.61791,22.00995,18.34163,11.7272,22.8725,22.8725
68,20.175789,41.818908,42.91941,39.61791,22.00995,18.34163,11.7272,22.8725,22.8725
69,20.175789,41.818908,42.91941,39.61791,22.00995,18.34163,11.7272,22.8725,22.8725
70,20.175789,41.818908,42.91941,39.61791,22.00995,18.34163,11.7272,22.8725,22.8725
71,20.175789,41.818908,42.91941,39.61791,22.00995,18.34163,11.7272,22.8725,22.8725
72,20.175789,41.818908,42.91941,39.61791,22.00995,18.34163,11.7272,22.8725,22.8725
73,20.175789,41.818908,42.91941,39.61791,22.00995,18.34163,11.7272,22.8725,22.8725
74,20.175789,41.818908,42.91941,39.61791,22.00995,18.34163,11.7272,22.8725,22.8725
75,20.175789,41.818908,42.91941,39.61791,22.00995,18.34163,11.7272,22.8725,22.8725
76,20.175789,41.818908,42.91941,39.61791,22.00995,18.34163,11.7272,22.8725,22.8725
77,20.175789,41.818908,42.91941,39.61791,22.00995,18.34163,11.7272,22.8725,22.8725
78,20.175789,41.818908,42.91941,39.61791,22.00995,18.34163,11.7272,22.8725,22.8725
79,20.175789,41.818908,42.91941,39.61791,22.00995,18.34163,11.7272,22.8725,22.8725
80,20.175789,41.818908,42.91941,39.61791,22.00995,18.34163,11.7272,22.8725,22.8725
81,20.175789,41.818908,42.91941,39.61791,22.00995,18.34163,11.7272,22.8725,22.8725
82,20.175789,41.818908,42.91941,39.61791,22.00995,18.34163,11.7272,22.8725,22.8725
83,20.175789,41.818908,42.91941,39.61791,22.00995,18.34163,11.7272,22.8725,22.8725
84,20.175789,41.818908,42.91941,39.61791,22.00995,18.34163,11.7272,22.8725,22.8725
85,20.175789,41.818908,42.91941,39.61791,22.00995,18.34163,11.7272,22.8725,22.8725
86,20.175789,41.818908,42.91941,39.61791,22.00995,18.34163,11.7272,22.8725,22.8725
87,20.175789,41.818908,42.91941,39.61791,22.00995,18.34163,11.7272,22.8725,22.8725
88,20.175789,41.818908,42.91941,39.61791,22.00995,18.34163,11.7272,22.8725,22.8725
89,20.175789,41.818908,42.91941,39.61791,22.00995,18.34163,11.7272,22.8725,22.8725
90,20.175789,41.818908,42.91941,39.61791,22.00995,18.34163,11.7272,22.8725,22.8725
91,20.175789,41.818908,42.91941,39.61791,22.00995,18.34163,11.7272,22.8725,22.8725
92,20.175789,41.818908,42.91941,39.61791,22.00995,18.34163,11.7272,22.8725,22.8725
93,20.175789,41.818908,42.91941,39.61791,22.00995,18.34163,11.7272,22.8725,22.8725
94,20.175789,41.818908,42.91941,39.61791,22.00995,18.34163,11.7272,22.8725,22.8725
95,20.175789,41.818908,42.91941,39.61791,22.00995,18.34163,11.7272,22.8725,22.8725
96,20.175789,41.818908,42.91941,39.61791,22.00995,18.34163,11.7272,22.8725,22.8725
97,20.175789,41.818908,42.91941,39.61791,22.00995,18.34163,11.7272,22.8725,22.8725
98,20.175789,41.818908,42.91941,39.61791,22.00995,18.34163,11.7272,22.8725,22.8725
99,20.175789,41.818908,42.91941,39.61791,22.00995,18.34163,11.7272,22.8725,22.8725
100,20.175789,41.818908,42.91941,39.61791,22.00995,18.34163,11.7272,22.8725,22.8725
101,20.175789,41.818908,42.91941,39.61791,22.00995,18.34163,11.7272,22.8725,22.8725
102,20.175789,41.818908,42.91941,39.61791,22.00995,18.34163,11.7272,22.8725,22.8725
103,20.175789,41.818908,42.91941,39.61791,22.00995,18.34163,11.7272,22.8725,22.8725
104,20.175789,41.818908,42.91941,39.61791,22.00995,18.34163,11.7272,22.8725,22.8725
105,20.175789,41.818908,42.91941,39.61791,22.00995,18.34163,11.7272,22.8725,22.8725
106,20.175789,41.818908,42.91941,39.61791,22.00995,18.34163,11.7272,22.8725,22.8725
107,20.175789,41.818908,42.91941,39.61791,22.00995,18.34163,11.7272,22.8725,22.8725
108,20.175789,41.818908,42.91941,39.61791,22.00995,18.34163,11.7272,22.8725,22.8725
109,20.175789,41.818908,42.91941,39.61791,22.00995,18.34163,11.7272,22.8725,22.8725
110,20.175789,41.818908,42.91941,39.61791,22.00995,18.34163,11.7272,22.8725,22.8725
111,20.175789,41.818908,42.91941,39.61791,22.00995,18.34163,11.7272,22.8725,22.8725
112,20.175789,41.818908,42.91941,39.61791,22.00995,18.34163,11.7272,22.8725,22.8725
113,20.175789,41.818908,42.91941,39.61791,22.00995,18.34163,11.7272,22.8725,22.8725
114,20.175789,41.818908,42.91941,39.61791,22.00995,18.34163,11.7272,22.8725,22.8725
115,20.175789,41.818908,42.91941,39.61791,22.00995,18.34163,11.7272,22.8725,22.8725
116,20.175789,41.818908,42.91941,39.61791,22.00995,18.34163,11.7272,22.8725,22.8725
117,20.175789,41.818908,42.91941,39.61791,22.00995,18.34163,11.7272,22.8725,22.8725
118,20.175789,41.818908,42.91941,39.61791,22.00995,18.34163,11.7272,22.8725,22.8725
119,20.175789,41.818908,42.91941,39.61791,22.00995,18.34163,11.7272,22.8725,22.8725
120,20.175789,41.818908,42.91941,39.61791,22.00995,18.34163,11.7272,22.8725,22.8725
121,20.175789,41.818908,42.91941,39.61791,22.00995,18.34163,11.7272,22.8725,22.8725
122,20.175789,41.818908,42.91941,39.61791,22.00995,18.34163,11.7272,22.8725,22.8725
123,20.175789,41.818908,42.91941,39.61791,22.00995,18.34163,11.7272,22.8725,22.8725
124,20.175789,41.818908,42.91941,39.61791,22.00995,18.34163,11.7272,22.8725,22.8725
125,20.175789,41.818908,42.91941,39.61791,22.00995,18.34163,11.7272,22.8725,22.8725
126,20.175789,41.818908,42.91941,39.61791,22.00995,18.34163,11.7272,22.8725,22.8725
127,20.175789,41.818908,42.91941,39.61791,22.00995,18.34163,11.7272,22.8725,22.8725
128,20.175789,41.818908,42.91941,39.61791,22.00995,18.34163,11.7272,22.8725,22.8725
129,20.175789,41.818908,42.91941,39.61791,22.00995,18.34163,11.7272,22.8725,22.8725
130,20.175789,41.818908,42.91941,39.61791,22.00995,18.34163,11.7272,22.8725,22.8725
131,20.175789,41.818908,42.91941,39.61791,22.00995,18.34163,11.7272,22.8725,22.8725
132,20.175789,41.818908,42.91941,39.61791,22.00995,18.34163,11.7272,22.8725,22.8725
133,20.175789,41.818908,42.91941,39.61791,22.00995,18.34163,11.7272,22.8725,22.8725
134,20.175789,41.818908,42.91941,39.61791,22.00995,18.34163,11.7272,22.8725,22.8725
135,20.175789,41.818908,42.91941,39.61791,22.00995,18.34163,11.7272,22.8725,22.8725
136,20.175789,41.818908,42.91941,39.61791,22.00995,18.34163,11.7272,22.8725,22.8725
137,20.175789,41.818908,42.91941,39.61791,22.00995,18.34163,11.7272,22.8725,22.8725
138,20.175789,41.818908,42.91941,39.61791,22.00995,18.34163,11.7272,22.8725,22.8725
139,20.175789,41.818908,42.91941,39.61791,22.00995,18.34163,11.7272,22.8725,22.8725
140,20.175789,41.818908,42.91941,39.61791,22.00995,18.34163,11.7272,22.8725,22.8725
141,20.175789,41.818908,42.91941,39.61791,22.00995,18.34163,11.7272,22.8725,22.8725
142,20.175789,41.818908,42.91941,39.61791,22.00995,18.34163,11.7272,22.8725,22.8725
143,20.175789,41.818908,42.91941,39.61791,22.00995,18.34163,11.7272,22.8725,22.8725
144,20.175789,41.818908,42.91941,39.61791,22.00995,18.34163,11.7272,22.8725,22.8725
145,20.175789,41.818908,42.91941,39.61791,22.00995,18.34163,11.7272,22.8725,22.8725
146,20.175789,41.818908,42.91941,39.61791,22.00995,18.34163,11.7272,22.8725,22.8725
147,20.175789,41.818908,42.91941,39.61791,22.00995,18.34163,11.7272,22.8725,22.8725
148,20.175789,41.818908,42.91941,39.61791,22.00995,18.34163,11.7272,22.8725,22.8725
149,20.175789,41.818908,42.91941,39.61791,22.00995,18.34163,11.7272,22.8725,22.8725
150,20.175789,41.818908,42.91941,39.61791,22.00995,18.34163,11.7272,22.8725,22.8725
151,20.175789,41.818908,42.91941,39.61791,22.00995,18.34163,11.7272,22.8725,22.8725
152,20.175789,41.818908,42.91941,39.61791,22.00995,18.34163,11.7272,22.8725,22.8725
153,20.175789,41.818908,42.91941,39.61791,22.00995,18.34163,11.7272,22.8725,22.8725
154,20.175789,41.818908,42.91941,39.61791,22.00995,18.34163,11.7272,22.8725,22.8725
155,20.175789,41.818908,42.91941,39.61791,22.00995,18.34163,11.7272,22.8725,22.8725
156,20.175789,41.818908,42.91941,39.61791,22.00995,18.34163,11.7272,22.8725,22.8725
157,20.175789,41.818908,42.91941,39.61791,22.00995,18.34163,11.7272,22.8725,22.8725
158,20.175789,41.818908,42.91941,39.61791,22.00995,18.34163,11.7272,22.8725,22.8725
159,20.175789,41.818908,42.91941,39.61791,22.00995,18.34163,11.7272,22.8725,22.8725
160,20.175789,41.818908,42.91941,39.61791,22.00995,18.34163,11.7272,22.8725,22.8725
161,20.175789,41.818908,42.91941,39.61791,22.00995,18.34163,11.7272,22.8725,22.8725
162,20.175789,41.818908,42.91941,39.61791,22.00995,18.34163,11.7272,22.8725,22.8725
163,20.175789,41.818908,42.91941,39.61791,22.00995,18.34163,11.7272,22.8725,22.8725
164,20.175789,41.818908,42.91941,39.61791,22.00995,18.34163,11.7272,22.8725,22.8725
165,20.175789,41.818908,42.91941,39.61791,22.00995,18.34163,11.7272,22.8725,22.8725
166,20.175789,41.818908,42.91941,39.61791,22.00995,18.34163,11.7272,22.8725,22.8725
167,20.175789,41.818908,42.91941,39.61791,22.00995,18.34163,11.7272,22.8725,22.8725
168,20.175789,41.818908,42.91941,39.61791,22.00995,18.34163,11.7272,22.8725,22.8725
169,20.175789,41.818908,42.91941,39.61791,22.00995,18.34163,11.7272,22.8725,22.8725
170,20.175789,41.818908,42.91941,39.61791,22.00995,18.34163,11.7272,22.8725,22.8725
171,20.175789,41.818908,42.91941,39.61791,22.00995,18.34163,11.7272,22.8725,22.8725
172,20.175789,41.818908,42.91941,39.61791,22.00995,18.34163,11.7272,22.8725,22.8725
173,20.175789,41.818908,42.91941,39.61791,22.00995,18.34163,11.7272,22.8725,22.8725
174,20.175789,41.818908,42.91941,39.61791,22.00995,18.34163,11.7272,22.8725,22.8725
175,20.175789,41.818908,42.91941,39.61791,22.00995,18.34163,11.7272,22.8725,22.8725
176,20.175789,41.818908,42.91941,39.61791,22.00995,18.34163,11.7272,22.8725,22.8725
177,20.175789,41.818908,42.91941,39.61791,22.00995,18.34163,11.7272,22.8725,22.8725
178,20.175789,41.818908,42.91941,39.61791,22.00995,18.34163,11.7272,22.8725,22.8725
179,20.175789,41.818908,42.91941,39.61791,22.00995,18.34163,11.7272,22.8725,22.8725
180,20.175789,41.818908,42.91941,39.61791,22.00995,18.34163,11.7272,22.8725,22.8725
181,20.175789,41.818908,42.91941,39.61791,22.00995,18.34163,11.7272,22.8725,22.8725
182,20.175789,41.818908,42.91941,39.61791,22.00995,18.34163,11.7272,22.8725,22.8725
183,20.175789,41.818908,42.91941,39.61791,22.00995,18.34163,11.7272,22.8725,22.8725
184,20.175789,41.818908,42.91941,39.61791,22.00995,18.34163,11.7272,22.8725,22.8725
185,20.175789,41.818908,42.91941,39.61791,22.00995,18.34163,11.7272,22.8725,22.8725
186,20.175789,41.818908,42.91941,39.61791,22.00995,18.34163,11.7272,22.8725,22.8725
187,20.175789,41.818908,42.91941,39.61791,22.00995,18.34163,11.7272,22.8725,22.8725
188,20.175789,41.818908,42.91941,39.61791,22.00995,18.34163,11.7272,22.8725,22.8725
189,20.175789,41.818908,42.91941,39.61791,22.00995,18.34163,11.7272,22.8725,22.8725
190,20.175789,41.818908,42.91941,39.61791,22.00995,18.34163,11.7272,22.8725,22.8725
191,20.175789,41.818908,42.91941,39.61791,22.00995,18.34163,11.7272,22.8725,22.8725
192,20.175789,41.818908,42.91941,39.61791,22.00995,18.34163,11.7272,22.8725,22.8725
193,20.175789,41.818908,42.91941,39.61791,22.00995,18.34163,11.7272,22.8725,22.8725
194,20.175789,41.818908,42.91941,39.61791,22.00995,18.34163,11.7272,22.8725,22.8725
195,20.175789,41.818908,42.91941,39.61791,22.00995,18.34163,11.7272,22.8725,22.8725
196,20.175789,41.818908,42.91941,39.61791,22.00995,18.34163,11.7272,22.8725,22.8725
197,20.175789,41.818908,42.91941,39.61791,22.00995,18.34163,11.7272,22.8725,22.8725
198,20.175789,41.818908,42.91941,39.61791,22.00995,18.34163,11.7272,22.8725,22.8725
199,20.175789,41.818908,42.91941,39.61791,22.00995,18.34163,11.7272,22.8725,22.8725
200,20.175789,41.818908,42.91941,39.61791,22.00995,18.34163,11.7272,22.8725,22.8725
201,20.175789,41.818908,42.91941,39.61791,22.00995,18.34163,11.7272,22.8725,22.8725
202,20.175789,41.818908,42.91941,39.61791,22.00995,18.34163,11.7272,22.8725,22.8725
203,20.175789,41.818908,42.91941,39.61791,22.00995,18.34163,11.7272,22.8725,22.8725
204,20.175789,41.818908,42.91941,39.61791,22.00995,18.34163,11.7272,22.8725,22.8725
205,20.175789,41.818908,42.91941,39.61791,22.00995,18.34163,11.7272,22.8725,22.8725
206,20.175789,41.818908,42.91941,39.61791,22.00995,18.34163,11.7272,22.8725,22.8725
207,20.175789,41.818908,42.91941,39.61791,22.00995,18.34163,11.7272,22.8725,22.8725
208,20.175789,41.818908,42.91941,39.61791,22.00995,18.34163,11.7272,22.8725,22.8725
209,20.175789,41.818908,42.91941,39.61791,22.00995,18.34163,11.7272,22.8725,22.8725
210,20.175789,41.818908,42.91941,39.61791,22.00995,18.34163,11.7272,22.8725,22.8725
211,20.175789,41.818908,42.91941,39.61791,22.00995,18.34163,11.7272,22.8725,22.8725
212,20.175789,41.818908,42.91941,39.61791,22.00995,18.34163,11.7272,22.8725,22.8725
213,20.175789,41.818908,42.91941,39.61791,22.00995,18.34163,11.7272,22.8725,22.8725
214,20.175789,41.818908,42.91941,39.61791,22.00995,18.34163,11.7272,22.8725,22.8725
215,20.175789,41.818908,42.91941,39.61791,22.00995,18.34163,11.7272,22.8725,22.8725
216,20.175789,41.818908,42.91941,39.61791,22.00995,18.34163,11.7272,22.8725,22.8725
217,20.175789,41.818908,42.91941,39.61791,22.00995,18.34163,11.7272,22.8725,22.8725
218,20.175789,41.818908,42.91941,39.61791,22.00995,18.34163,11.7272,22.8725,22.8725
219,20.175789,41.818908,42.91941,39.61791,22.00995,18.34163,11.7272,22.8725,22.8725
220,20.175789,41.818908,42.91941,39.61791,22.00995,18.34163,11.7272,22.8725,22.8725
221,20.175789,41.818908,42.91941,39.61791,22.00995,18.34163,11.7272,22.8725,22.8725
222,20.175789,41.818908,42.91941,39.61791,22.00995,18.34163,11.7272,22.8725,22.8725
223,20.175789,41.818908,42.91941,39.61791,22.00995,18.34163,11.7272,22.8725,22.8725
224,20.175789,41.818908,42.91941,39.61791,22.00995,18.34163,11.7272,22.8725,22.8725
225,20.175789,41.818908,42.91941,39.61791,22.00995,18.34163,11.7272,22.8725,22.8725
226,20.175789,41.818908,42.91941,39.61791,22.00995,18.34163,11.7272,22.8725,22.8725
227,20.175789,41.818908,42.91941,39.61791,22.00995,18.34163,11.7272,22.8725,22.8725
228,20.175789,41.818908,42.91941,39.61791,22.00995,18.34163,11.7272,22.8725,22.8725
229,20.175789,41.818908,42.91941,39.61791,22.00995,18.34163,11.7272,22.8725,22.8725
230,20.175789,41.818908,42.91941,39.61791,22.00995,18.34163,11.7272,22.8725,22.8725
231,20.175789,41.818908,42.91941,39.61791,22.00995,18.34163,11.7272,22.8725,22.8725
232,20.175789,41.818908,42.91941,39.61791,22.00995,18.34163,11.7272,22.8725,22.8725
233,20.175789,41.818908,42.91941,39.61791,22.00995,18.34163,11.7272,22.8725,22.8725
234,20.175789,41.818908,42.91941,39.61791,22.00995,18.34163,11.7272,22.8725,22.8725
235,20.175789,41.818908,42.91941,39.61791,22.00995,18.34163,11.7272,22.8725,22.8725
236,20.175789,41.818908,42.91941,39.61791,22.00995,18.34163,11.7272,22.8725,22.8725
237,20.175789,41.818908,42.91941,39.61791,22.00995,18.34163,11.7272,22.8725,22.8725
238,20.175789,41.818908,42.91941,39.61791,22.00995,18.34163,11.7272,22.8725,22.8725
239,20.175789,41.818908,42.91941,39.61791,22.00995,18.34163,11.7272,22.8725,22.8725
240,20.175789,41.818908,42.91941,39.61791,22.00995,18.34163,11.7272,22.8725,22.8725
241,20.175789,41.818908,42.91941,39.61791,22.00995,18.34163,11.7272,22.8725,22.8725
242,20.175789,41.818908,42.91941,39.61791,22.00995,18.34163,11.7272,22.8725,22.8725
243,20.175789,41.818908,42.91941,39.61791,22.00995,18.34163,11.7272,22.8725,22.8725
244,20.175789,41.818908,42.91941,39.61791,22.00995,18.34163,11.7272,22.8725,22.8725
245,20.175789,41.818908,42.91941,39.61791,22.00995,18.34163,11.7272,22.8725,22.8725
246,20.175789,41.818908,42.91941,39.61791,22.00995,18.34163,11.7272,22.8725,22.8725
247,20.175789,41.818908,42.91941,39.61791,22.00995,18.34163,11.7272,22.8725,22.8725
248,20.175789,41.818908,42.91941,39.61791,22.00995,18.34163,11.7272,22.8725,22.8725
249,20.175789,41.818908,42.91941,39.61791,22.00995,18.34163,11.7272,22.8725,22.8725
250,20.175789,41.818908,42.91941,39.61791,22.00995,18.34163,11.7272,22.8725,22.8725
251,20.175789,41.818908,42.91941,39.61791,22.00995,18.34163,11.7272,22.8725,22.8725
252,20.175789,41.818908,42.91941,39.61791,22.00995,18.34163,11.7272,22.8725,22.8725
253,20.175789,41.818908,42.91941,39.61791,22.00995,18.34163,11.7272,22.8725,22.8725
254,20.175789,41.818908,42.91941,39.61791,22.00995,18.34163,11.7272,22.8725,22.8725
255,20.175789,41.818908,42.91941,39.61791,22.00995,18.34163,11.7272,22.8725,22.8725
256,20.175789,41.818908,42.91941,39.61791,22.00995,18.34163,11.7272,22.8725,22.8725
257,20.175789,41.818908,42.91941,39.61791,22.00995,18.34163,11.7272,22.8725,22.8725
258,20.175789,41.818908,42.91941,39.61791,22.00995,18.34163,11.7272,22.8725,22.8725
259,20.175789,41.818908,42.91941,39.61791,22.00995,18.34163,11.7272,22.8725,22.8725
260,20.175789,41.818908,42.91941,39.61791,22.00995,18.34163,11.7272,22.8725,22.8725
261,20.175789,41.818908,42.91941,39.61791,22.00995,18.34163,11.7272,22.8725,22.8725
262,20.175789,41.818908,42.91941,39.61791,22.00995,18.34163,11.7272,22.8725,22.8725
263,20.175789,41.818908,42.91941,39.61791,22.00995,18.34163,11.7272,22.8725,22.8725
264,20.175789,41.818908,42.91941,39.61791,22.00995,18.34163,11.7272,22.8725,22.8725
265,20.175789,41.818908,42.91941,39.61791,22.00995,18.34163,11.7272,22.8725,22.8725
266,20.175789,41.818908,42.91941,39.61791,22.00995,18.34163,11.7272,22.8725,22.8725
267,20.175789,41.818908,42.91941,39.61791,22.00995,18.34163,11.7272,22.8725,22.8725
268,20.175789,41.818908,42.91941,39.61791,22.00995,18.34163,11.7272,22.8725,22.8725
269,20.175789,41.818908,42.91941,39.61791,22.00995,18.34163,11.7272,22.8725,22.8725
270,20.175789,41.818908,42.91941,39.61791,22.00995,18.34163,11.7272,22.8725,22.8725
271,20.175789,41.818908,42.91941,39.61791,22.00995,18.34163,11.7272,22.8725,22.8725
272,20.175789,41.818908,42.91941,39.61791,22.00995,18.34163,11.7272,22.8725,22.8725
273,20.175789,41.818908,42.91941,39.61791,22.00995,18.34163,11.7272,22.8725,22.8725
274,20.175789,41.818908,42.91941,39.61791,22.00995,18.34163,11.7272,22.8725,22.8725
275,20.175789,41.818908,42.91941,39.61791,22.00995,18.34163,11.7272,22.8725,22.8725
276,20.175789,41.818908,42.91941,39.61791,22.00995,18.34163,11.7272,22.8725,22.8725
277,20.175789,41.818908,42.91941,39.61791,22.00995,18.34163,11.7272,22.8725,22.8725
278,20.175789,41.818908,42.91941,39.61791,22.00995,18.34163,11.7272,22.8725,22.8725
279,20.175789,41.818908,42.91941,39.61791,22.00995,18.34163,11.7272,22.8725,22.8725
280,20.175789,41.818908,42.91941,39.61791,22.00995,18.34163,11.7272,22.8725,22.8725
281,20.175789,41.818908,42.91941,39.61791,22.00995,18.34163,11.7272,22.8725,22.8725
282,20.175789,41.818908,42.91941,39.61791,22.00995,18.34163,11.7272,22.8725,22.8725
283,20.175789,41.818908,42.91941,39.61791,22.00995,18.34163,11.7272,22.8725,22.8725
284,20.175789,41.818908,42.91941,39.61791,22.00995,18.34163,11.7272,22.8725,22.8725
285,20.175789,41.818908,42.91941,39.61791,22.00995,18.34163,11.7272,22.8725,22.8725
286,20.175789,41.818908,42.91941,39.61791,22.00995,18.34163,11.7272,22.8725,22.8725
287,20.175789,41.818908,42.91941,39.61791,22.00995,18.34163,11.7272,22.8725,22.8725
288,20.175789,41.818908,42.91941,39.61791,22.00995,18.34163,11.7272,22.8725,22.8725
289,20.175789,41.818908,42.91941,39.61791,22.00995,18.34163,11.7272,22.8725,22.8725
290,20.175789,41.818908,42.91941,39.61791,22.00995,18.34163,11.7272,22.8725,22.8725
291,20.175789,41.818908,42.91941,39.61791,22.00995,18.34163,11.7272,22.8725,22.8725
292,20.175789,41.818908,42.91941,39.61791,22.00995,18.34163,11.7272,22.8725,22.8725
293,20.175789,41.818908,42.91941,39.61791,22.00995,18.34163,11.7272,22.8725,22.8725
294,20.175789,41.818908,42.91941,39.61791,22.00995,18.34163,11.7272,22.8725,22.8725
295,20.175789,41.818908,42.91941,39.61791,22.00995,18.34163,11.7272,22.8725,22.8725
296,20.175789,41.818908,42.91941,39.61791,22.00995,18.34163,11.7272,22.8725,22.8725
297,20.175789,41.818908,42.91941,39.61791,22.00995,18.34163,11.7272,22.8725,22.8725
298,20.175789,41.818908,42.91941,39.61791,22.00995,18.34163,11.7272,22.8725,22.8725
299,20.175789,41.818908,42.91941,39.61791,22.00995,18.34163,11.7272,22.8725,22.8725
300,20.175789,41.818908,42.91941,39.61791,22.00995,18.34163,11.7272,22.8725,22.8725
301,20.175789,41.818908,42.91941,39.61791,22.00995,18.34163,11.7272,22.8725,22.8725
302,20.175789,41.818908,42.91941,39.61791,22.00995,18.34163,11.7272,22.8725,22.8725
303,20.175789,41.818908,42.91941,39.61791,22.00995,18.34163,11.7272,22.8725,22.8725
304,20.175789,41.818908,42.91941,39.61791,22.00995,18.34163,11.7272,22.8725,22.8725
305,20.175789,41.818908,42.91941,39.61791,22.00995,18.34163,11.7272,22.8725,22.8725
306,20.175789,41.818908,42.91941,39.61791,22.00995,18.34163,11.7272,22.8725,22.8725
307,20.175789,41.818908,42.91941,39.61791,22.00995,18.34163,11.7272,22.8725,22.8725
308,20.175789,41.818908,42.91941,39.61791,22.00995,18.34163,11.7272,22.8725,22.8725
309,20.175789,41.818908,42.91941,39.61791,22.00995,18.34163,11.7272,22.8725,22.8725
310,20.175789,41.818908,42.91941,39.61791,22.00995,18.34163,11.7272,22.8725,22.8725
311,20.175789,41.818908,42.91941,39.61791,22.00995,18.34163,11.7272,22.8725,22.8725
312,20.175789,41.818908,42.91941,39.61791,22.00995,18.34163,11.7272,22.8725,22.8725
313,20.175789,41.818908,42.91941,39.61791,22.00995,18.34163,11.7272,22.8725,22.8725
314,20.175789,41.818908,42.91941,39.61791,22.00995,18.34163,11.7272,22.8725,22.8725
315,20.175789,41.818908,42.91941,39.61791,22.00995,18.34163,11.7272,22.8725,22.8725
316,20.175789,41.818908,42.91941,39.61791,22.00995,18.34163,11.7272,22.8725,22.8725
317,20.175789,41.818908,42.91941,39.61791,22.00995,18.34163,11.7272,22.8725,22.8725
318,20.175789,41.818908,42.91941,39.61791,22.00995,18.34163,11.7272,22.8725,22.8725
319,20.175789,41.818908,42.91941,39.61791,22.00995,18.34163,11.7272,22.8725,22.8725
320,20.175789,41.818908,42.91941,39.61791,22.00995,18.34163,11.7272,22.8725,22.8725
321,20.175789,41.818908,42.91941,39.61791,22.00995,18.34163,11.7272,22.8725,22.8725
322,20.175789,41.818908,42.91941,39.61791,22.00995,18.34163,11.7272,22.8725,22.8725
323,20.175789,41.818908,42.91941,39.61791,22.00995,18.34163,11.7272,22.8725,22.8725
324,20.175789,41.818908,42.91941,39.61791,22.00995,18.34163,11.7272,22.8725,22.8725
325,20.175789,41.818908,42.91941,39.61791,22.00995,18.34163,11.7272,22.8725,22.8725
326,20.175789,41.818908,42.91941,39.61791,22.00995,18.34163,11.7272,22.8725,22.8725
327,20.175789,41.818908,42.91941,39.61791,22.00995,18.34163,11.7272,22.8725,22.8725
328,20.175789,41.818908,42.91941,39.61791,22.00995,18.34163,11.7272,22.8725,22.8725
329,20.175789,41.818908,42.91941,39.61791,22.00995,18.34163,11.7272,22.8725,22.8725
330,20.175789,41.818908,42.91941,39.61791,22.00995,18.34163,11.7272,22.8725,22.8725
331,20.175789,41.818908,42.91941,39.61791,22.00995,18.34163,11.7272,22.8725,22.8725
332,20.175789,41.818908,42.91941,39.61791,22.00995,18.34163,11.7272,22.8725,22.8725
333,20.175789,41.818908,42.91941,39.61791,22.00995,18.34163,11.7272,22.8725,22.8725
334,20.175789,41.818908,42.91941,39.61791,22.00995,18.34163,11.7272,22.8725,22.8725
335,20.175789,41.818908,42.91941,39.61791,22.00995,18.34163,11.7272,22.8725,22.8725
336,20.175789,41.818908,42.91941,39.61791,22.00995,18.34163,11.7272,22.8725,22.8725
337,20.175789,41.818908,42.91941,39.61791,22.00995,18.34163,11.7272,22.8725,22.8725
338,20.175789,41.818908,42.91941,39.61791,22.00995,18.34163,11.7272,22.8725,22.8725
339,20.175789,41.818908,42.91941,39.61791,22.00995,18.34163,11.7272,22.8725,22.8725
340,20.175789,41.818908,42.91941,39.61791,22.00995,18.34163,11.7272,22.8725,22.8725
341,20.175789,41.818908,42.91941,39.61791,22.00995,18.34163,11.7272,22.8725,22.8725
342,20.175789,41.818908,42.91941,39.61791,22.00995,18.34163,11.7272,22.8725,22.8725
343,20.175789,41.818908,42.91941,39.61791,22.00995,18.34163,11.7272,22.8725,22.8725
344,20.175789,41.818908,42.91941,39.61791,22.00995,18.34163,11.7272,22.8725,22.8725
345,20.175789,41.818908,42.91941,39.61791,22.00995,18.34163,11.7272,22.8725,22.8725
346,20.175789,41.818908,42.91941,39.61791,22.00995,18.34163,11.7272,22.8725,22.8725
347,20.175789,41.818908,42.91941,39.61791,22.00995,18.34163,11.7272,22.8725,22.8725
348,20.175789,41.818908,42.91941,39.61791,22.00995,18.34163,11.7272,22.8725,22.8725
349,20.175789,41.818908,42.91941,39.61791,22.00995,18.34163,11.7272,22.8725,22.8725
350,20.175789,41.818908,42.91941,39.61791,22.00995,18.34163,11.7272,22.8725,22.8725
351,20.175789,41.818908,42.91941,39.61791,22.00995,18.34163,11.7272,22.8725,22.8725
352,20.175789,41.818908,42.91941,39.61791,22.00995,18.34163,11.7272,22.8725,22.8725
353,20.175789,41.818908,42.91941,39.61791,22.00995,18.34163,11.7272,22.8725,22.8725
354,20.175789,41.818908,42.91941,39.61791,22.00995,18.34163,11.7272,22.8725,22.8725
355,20.175789,41.818908,42.91941,39.61791,22.00995,18.34163,11.7272,22.8725,22.8725
356,20.175789,41.818908,42.91941,39.61791,22.00995,18.34163,11.7272,22.8725,22.8725
357,20.175789,41.818908,42.91941,39.61791,22.00995,18.34163,11.7272,22.8725,22.8725
358,20.175789,41.818908,42.91941,39.61791,22.00995,18.34163,11.7272,22.8725,22.8725
359,20.175789,41.818908,42.91941,39.61791,22.00995,18.34163,11.7272,22.8725,22.8725
360,20.175789,41.818908,42.91941,39.61791,22.00995,18.34163,11.7272,22.8725,22.8725
361,20.175789,41.818908,42.91941,39.61791,22.00995,18.34163,11.7272,22.8725,22.8725
362,20.175789,41.818908,42.91941,39.61791,22.00995,18.34163,11.7272,22.8725,22.8725
363,20.175789,41.818908,42.91941,39.61791,22.00995,18.34163,11.7272,22.8725,22.8725
364,20.175789,41.818908,42.91941,39.61791,22.00995,18.34163,11.7272,22.8725,22.8725
365,20.175789,41.818908,42.91941,39.61791,22.00995,18.34163,11.7272,22.8725,22.8725
366,20.175789,41.818908,42.91941,39.61791,22.00995,18.34163,11.7272,22.8725,22.8725
367,20.175789,41.818908,42.91941,39.61791,22.00995,18.34163,11.7272,22.8725,22.8725
368,20.175789,41.818908,42.91941,39.61791,22.00995,18.34163,11.7272,22.8725,22.8725
369,20.175789,41.818908,42.91941,39.61791,22.00995,18.34163,11.7272,22.8725,22.8725
370,20.175789,41.818908,42.91941,39.61791,22.00995,18.34163,11.7272,22.8725,22.8725
371,20.175789,41.818908,42.91941,39.61791,22.00995,18.34163,11.7272,22.8725,22.8725
372,20.175789,41.818908,42.91941,39.61791,22.00995,18.34163,11.7272,22.8725,22.8725
373,20.175789,41.818908,42.91941,39.61791,22.00995,18.34163,11.7272,22.8725,22.8725
374,20.175789,41.818908,42.91941,39.61791,22.00995,18.34163,11.7272,22.8725,22.8725
375,20.175789,41.818908,42.91941,39.61791,22.00995,18.34163,11.7272,22.8725,22.8725
376,20.175789,41.818908,42.91941,39.61791,22.00995,18.34163,11.7272,22.8725,22.8725
377,20.175789,41.818908,42.91941,39.61791,22.00995,18.34163,11.7272,22.8725,22.8725
378,20.175789,41.818908,42.91941,39.61791,22.00995,18.34163,11.7272,22.8725,22.8725
379,20.175789,41.818908,42.91941,39.61791,22.00995,18.34163,11.7272,22.8725,22.8725
380,20.175789,41.818908,42.91941,39.61791,22.00995,18.34163,11.7272,22.8725,22.8725
381,20.175789,41.818908,42.91941,39.61791,22.00995,18.34163,11.7272,22.8725,22.8725
382,20.175789,41.818908,42.91941,39.61791,22.00995,18.34163,11.7272,22.8725,22.8725
383,20.175789,41.818908,42.91941,39.61791,22.00995,18.34163,11.7272,22.8725,22.8725
384,20.175789,41.818908,42.91941,39.61791,22.00995,18.34163,11.7272,22.8725,22.8725
385,20.175789,41.818908,42.91941,39.61791,22.00995,18.34163,11.7272,22.8725,22.8725
386,20.175789,41.818908,42.91941,39.61791,22.00995,18.34163,11.7272,22.8725,22.8725
387,20.175789,41.818908,42.91941,39.61791,22.00995,18.34163,11.7272,22.8725,22.8725
388,20.175789,41.818908,42.91941,39.61791,22.00995,18.34163,11.7272,22.8725,22.8725
389,20.175789,41.818908,42.91941,39.61791,22.00995,18.34163,11.7272,22.8725,22.8725
390,20.175789,41.818908,42.91941,39.61791,22.00995,18.34163,11.7272,22.8725,22.8725
391,20.175789,41.818908,42.91941,39.61791,22.00995,18.34163,11.7272,22.8725,22.8725
392,20.175789,41.818908,42.91941,39.61791,22.00995,18.34163,11.7272,22.8725,22.8725
393,20.175789,41.818908,42.91941,39.61791,22.00995,18.34163,11.7272,22.8725,22.8725
394,20.175789,41.818908,42.91941,39.61791,22.00995,18.34163,11.7272,22.8725,22.8725
395,20.175789,41.818908,42.91941,39.61791,22.00995,18.34163,11.7272,22.8725,22.8725
396,20.175789,41.818908,42.91941,39.61791,22.00995,18.34163,11.7272,22.8725,22.8725
397,20.175789,41.818908,42.91941,39.61791,22.00995,18.34163,11.7272,22.8725,22.8725
398,20.175789,41.818908,42.91941,39.61791,22.00995,18.34163,11.7272,22.8725,22.8725
399,20.175789,41.818908,42.91941,39.61791,22.00995,18.34163,11.7272,22.8725,22.8725
400,20.175789,41.818908,42.91941,39.61791,22.00995,18.34163,11.7272,22.8725,22.8725
401,20.175789,41.818908,42.91941,39.61791,22.00995,18.34163,11.7272,22.8725,22.8725
402,20.175789,41.818908,42.91941,39.61791,22.00995,18.34163,11.7272,22.8725,22.8725
403,20.175789,41.818908,42.91941,39.61791,22.00995,18.34163,11.7272,22.8725,22.8725
404,20.175789,41.818908,42.91941,39.61791,22.00995,18.34163,11.7272,22.8725,22.8725
405,20.175789,41.818908,42.91941,39.61791,22.00995,18.34163,11.7272,22.8725,22.8725
406,20.175789,41.818908,42.91941,39.61791,22.00995,18.34163,11.7272,22.8725,22.8725
407,20.175789,41.818908,42.91941,39.61791,22.00995,18.34163,11.7272,22.8725,22.8725
408,20.175789,41.818908,42.91941,39.61791,22.00995,18.34163,11.7272,22.8725,22.8725
409,20.175789,41.818908,42.91941,39.61791,22.00995,18.34163,11.7272,22.8725,22.8725
410,20.175789,41.818908,42.91941,39.61791,22.00995,18.34163,11.7272,22.8725,22.8725
411,20.175789,41.818908,42.91941,39.61791,22.00995,18.34163,11.7272,22.8725,22.8725
412,20.175789,41.818908,42.91941,39.61791,22.00995,18.34163,11.7272,22.8725,22.8725
413,20.175789,41.818908,42.91941,39.61791,22.00995,18.34163,11.7272,22.8725,22.8725
414,20.175789,41.818908,42.91941,39.61791,22.00995,18.34163,11.7272,22.8725,22.8725
415,20.175789,41.818908,42.91941,39.61791,22.00995,18.34163,11.7272,22.8725,22.8725
416,20.175789,41.818908,42.91941,39.61791,22.00995,18.34163,11.7272,22.8725,22.8725
417,20.175789,41.818908,42.91941,39.61791,22.00995,18.34163,11.7272,22.8725,22.8725
418,20.175789,41.818908,42.91941,39.61791,22.00995,18.34163,11.7272,22.8725,22.8725
419,20.175789,41.818908,42.91941,39.61791,22.00995,18.34163,11.7272,22.8725,22.8725
420,20.175789,41.818908,42.91941,39.61791,22.00995,18.34163,11.7272,22.8725,22.8725
421,20.175789,41.818908,42.91941,39.61791,22.00995,18.34163,11.7272,22.8725,22.8725
422,20.175789,41.818908,42.91941,39.61791,22.00995,18.34163,11.7272,22.8725,22.8725
423,20.175789,41.818908,42.91941,39.61791,22.00995,18.34163,11.7272,22.8725,22.8725
424,20.175789,41.818908,42.91941,39.61791,22.00995,18.34163,11.7272,22.8725,22.8725
425,20.175789,41.818908,42.91941,39.61791,22.00995,18.34163,11.7272,22.8725,22.8725
426,20.175789,41.818908,42.91941,39.61791,22.00995,18.34163,11.7272,22.8725,22.8725
427,20.175789,41.818908,42.91941,39.61791,22.00995,18.34163,11.7272,22.8725,22.8725
428,20.175789,41.818908,42.91941,39.61791,22.00995,18.34163,11.7272,22.8725,22.8725
429,20.175789,41.818908,42.91941,39.61791,22.00995,18.34163,11.7272,22.8725,22.8725
430,20.175789,41.818908,42.91941,39.61791,22.00995,18.34163,11.7272,22.8725,22.8725
431,20.175789,41.818908,42.91941,39.61791,22.00995,18.34163,11.7272,22.8725,22.8725
432,20.175789,41.818908,42.91941,39.61791,22.00995,18.34163,11.7272,22.8725,22.8725
433,20.175789,41.818908,42.91941,39.61791,22.00995,18.34163,11.7272,22.8725,22.8725
434,20.175789,41.818908,42.91941,39.61791,22.00995,18.34163,11.7272,22.8725,22.8725
435,20.175789,41.818908,42.91941,39.61791,22.00995,18.34163,11.7272,22.8725,22.8725
436,20.175789,41.818908,42.91941,39.61791,22.00995,18.34163,11.7272,22.8725,22.8725
437,20.175789,41.818908,42.91941,39.61791,22.00995,18.34163,11.7272,22.8725,22.8725
438,20.175789,41.818908,42.91941,39.61791,22.00995,18.34163,11.7272,22.8725,22.8725
439,20.175789,41.818908,42.91941,39.61791,22.00995,18.34163,11.7272,22.8725,22.8725
440,20.175789,41.818908,42.91941,39.61791,22.00995,18.34163,11.7272,22.8725,22.8725
441,20.175789,41.818908,42.91941,39.61791,22.00995,18.34163,11.7272,22.8725,22.8725
442,20.175789,41.818908,42.91941,39.61791,22.00995,18.34163,11.7272,22.8725,22.8725
443,20.175789,41.818908,42.91941,39.61791,22.00995,18.34163,11.7272,22.8725,22.8725
444,20.175789,41.818908,42.91941,39.61791,22.00995,18.34163,11.7272,22.8725,22.8725
445,20.175789,41.818908,42.91941,39.61791,22.00995,18.34163,11.7272,22.8725,22.8725
446,20.175789,41.818908,42.91941,39.61791,22.00995,18.34163,11.7272,22.8725,22.8725
447,20.175789,41.818908,42.91941,39.61791,22.00995,18.34163,11.7272,22.8725,22.8725
448,20.175789,41.818908,42.91941,39.61791,22.00995,18.34163,11.7272,22.8725,22.8725
449,20.175789,41.818908,42.91941,39.61791,22.00995,18.34163,11.7272,22.8725,22.8725
450,20.175789,41.818908,42.91941,39.61791,22.00995,18.34163,11.7272,22.8725,22.8725
451,20.175789,41.818908,42.91941,39.61791,22.00995,18.34163,11.7272,22.8725,22.8725
452,20.175789,41.818908,42.91941,39.61791,22.00995,18.34163,11.7272,22.8725,22.8725
453,20.175789,41.818908,42.91941,39.61791,22.00995,18.34163,11.7272,22.8725,22.8725
454,20.175789,41.818908,42.91941,39.61791,22.00995,18.34163,11.7272,22.8725,22.8725
455,20.175789,41.818908,42.91941,39.61791,22.00995,18.34163,11.7272,22.8725,22.8725
456,20.175789,41.818908,42.91941,39.61791,22.00995,18.34163,11.7272,22.8725,22.8725
457,20.175789,41.818908,42.91941,39.61791,22.00995,18.34163,11.7272,22.8725,22.8725
458,20.175789,41.818908,42.91941,39.61791,22.00995,18.34163,11.7272,22.8725,22.8725
459,20.175789,41.818908,42.91941,39.61791,22.00995,18.34163,11.7272,22.8725,22.8725
460,20.175789,41.818908,42.91941,39.61791,22.00995,18.34163,11.7272,22.8725,22.8725
461,20.175789,41.818908,42.91941,39.61791,22.00995,18.34163,11.7272,22.8725,22.8725
462,20.175789,41.818908,42.91941,39.61791,22.00995,18.34163,11.7272,22.8725,22.8725
463,20.175789,41.818908,42.91941,39.61791,22.00995,18.34163,11.7272,22.8725,22.8725
464,20.175789,41.818908,42.91941,39.61791,22.00995,18.34163,11.7272,22.8725,22.8725
465,20.175789,41.818908,42.91941,39.61791,22.00995,18.34163,11.7272,22.8725,22.8725
466,20.175789,41.818908,42.91941,39.61791,22.00995,18.34163,11.7272,22.8725,22.8725
467,20.175789,41.818908,42.91941,39.61791,22.00995,18.34163,11.7272,22.8725,22.8725
468,20.175789,41.818908,42.91941,39.61791,22.00995,18.34163,11.7272,22.8725,22.8725
469,20.175789,41.818908,42.91941,39.61791,22.00995,18.34163,11.7272,22.8725,22.8725
470,20.175789,41.818908,42.91941,39.61791,22.00995,18.34163,11.7272,22.8725,22.8725
471,20.175789,41.818908,42.91941,39.61791,22.00995,18.34163,11.7272,22.8725,22.8725
472,20.175789,41.818908,42.91941,39.61791,22.00995,18.34163,11.7272,22.8725,22.8725
473,20.175789,41.818908,42.91941,39.61791,22.00995,18.34163,11.7272,22.8725,22.8725
474,20.175789,41.818908,42.91941,39.61791,22.00995,18.34163,11.7272,22.8725,22.8725
475,20.175789,41.818908,42.91941,39.61791,22.00995,18.34163,11.7272,22.8725,22.8725
476,20.175789,41.818908,42.91941,39.61791,22.00995,18.34163,11.7272,22.8725,22.8725
477,20.175789,41.818908,42.91941,39.61791,22.00995,18.34163,11.7272,22.8725,22.8725
478,20.175789,41.818908,42.91941,39.61791,22.00995,18.34163,11.7272,22.8725,22.8725
479,20.175789,41.818908,42.91941,39.61791,22.00995,18.34163,11.7272,22.8725,22.8725
480,20.175789,41.818908,42.91941,39.61791,22.00995,18.34163,11.7272,22.8725,22.8725
481,20.175789,41.818908,42.91941,39.61791,22.00995,18.34163,11.7272,22.8725,22.8725
482,20.175789,41.818908,42.91941,39.61791,22.00995,18.34163,11.7272,22.8725,22.8725
483,20.175789,41.818908,42.91941,39.61791,22.00995,18.34163,11.7272,22.8725,22.8725
484,20.175789,41.818908,42.91941,39.61791,22.00995,18.34163,11.7272,22.8725,22.8725
485,20.175789,41.818908,42.91941,39.61791,22.00995,18.34163,11.7272,22.8725,22.8725
486,20.175789,41.818908,42.91941,39.61791,22.00995,18.34163,11.7272,22.8725,22.8725
487,20.175789,41.818908,42.91941,39.61791,22.00995,18.34163,11.7272,22.8725,22.8725
488,20.175789,41.818908,42.91941,39.61791,22.00995,18.34163,11.7272,22.8725,22.8725
489,20.175789,41.818908,42.91941,39.61791,22.00995,18.34163,11.7272,22.8725,22.8725
490,20.175789,41.818908,42.91941,39.61791,22.00995,18.34163,11.7272,22.8725,22.8725
491,20.175789,41.818908,42.91941,39.61791,22.00995,18.34163,11.7272,22.8725,22.8725
492,20.175789,41.818908,42.91941,39.61791,22.00995,18.34163,11.7272,22.8725,22.8725
493,20.175789,41.818908,42.91941,39.61791,22.00995,18.34163,11.7272,22.8725,22.8725
494,20.175789,41.818908,42.91941,39.61791,22.00995,18.34163,11.7272,22.8725,22.8725
495,20.175789,41.818908,42.91941,39.61791,22.00995,18.34163,11.7272,22.8725,22.8725
496,20.175789,41.818908,42.91941,39.61791,22.00995,18.34163,11.7272,22.8725,22.8725
497,20.175789,41.818908,42.91941,39.61791,22.00995,18.34163,11.7272,22.8725,22.8725
498,20.175789,41.818908,42.91941,39.61791,22.00995,18.34163,11.7272,22.8725,22.8725
499,20.175789,41.818908,42.91941,39.61791,22.00995,18.34163,11.7272,22.8725,22.8725
500,20.175789,41.818908,42.91941,39.61791,22.00995,18.34163,11.7272,22.8725,22.8725
501,20.175789,41.818908,42.91941,39.61791,22.00995,18.34163,11.7272,22.8725,22.8725
502,20.175789,41.818908,42.91941,39.61791,22.00995,18.34163,11.7272,22.8725,22.8725
503,20.175789,41.818908,42.91941,39.61791,22.00995,18.34163,11.7272,22.8725,22.8725
504,20.175789,41.818908,42.91941,39.61791,22.00995,18.34163,11.7272,22.8725,22.8725
505,20.175789,41.818908,42.91941,39.61791,22.00995,18.34163,11.7272,22.8725,22.8725
506,20.175789,41.818908,42.91941,39.61791,22.00995,18.34163,11.7272,22.8725,22.8725
507,20.175789,41.818908,42.91941,39.61791,22.00995,18.34163,11.7272,22.8725,22.8725
508,20.175789,41.818908,42.91941,39.61791,22.00995,18.34163,11.7272,22.8725,22.8725
509,20.175789,41.818908,42.91941,39.61791,22.00995,18.34163,11.7272,22.8725,22.8725
510,20.175789,41.818908,42.91941,39.61791,22.00995,18.34163,11.7272,22.8725,22.8725
511,20.175789,41.818908,42.91941,39.61791,22.00995,18.34163,11.7272,22.8725,22.8725
512,20.175789,41.818908,42.91941,39.61791,22.00995,18.34163,11.7272,22.8725,22.8725
513,20.175789,41.818908,42.91941,39.61791,22.00995,18.34163,11.7272,22.8725,22.8725
514,20.175789,41.818908,42.91941,39.61791,22.00995,18.34163,11.7272,22.8725,22.8725
515,20.175789,41.818908,42.91941,39.61791,22.00995,18.34163,11.7272,22.8725,22.8725
516,20.175789,41.818908,42.91941,39.61791,22.00995,18.34163,11.7272,22.8725,22.8725
517,20.175789,41.818908,42.91941,39.61791,22.00995,18.34163,11.7272,22.8725,22.8725
518,20.175789,41.818908,42.91941,39.61791,22.00995,18.34163,11.7272,22.8725,22.8725
519,20.175789,41.818908,42.91941,39.61791,22.00995,18.34163,11.7272,22.8725,22.8725
520,20.175789,41.818908,42.91941,39.61791,22.00995,18.34163,11.7272,22.8725,22.8725
521,20.175789,41.818908,42.91941,39.61791,22.00995,18.34163,11.7272,22.8725,22.8725
522,20.175789,41.818908,42.91941,39.61791,22.00995,18.34163,11.7272,22.8725,22.8725
523,20.175789,41.818908,42.91941,39.61791,22.00995,18.34163,11.7272,22.8725,22.8725
524,20.175789,41.818908,42.91941,39.61791,22.00995,18.34163,11.7272,22.8725,22.8725
525,20.175789,41.818908,42.91941,39.61791,22.00995,18.34163,11.7272,22.8725,22.8725
526,20.175789,41.818908,42.91941,39.61791,22.00995,18.34163,11.7272,22.8725,22.8725
527,20.175789,41.818908,42.91941,39.61791,22.00995,18.34163,11.7272,22.8725,22.8725
528,20.175789,41.818908,42.91941,39.61791,22.00995,18.34163,11.7272,22.8725,22.8725
529,20.175789,41.818908,42.91941,39.61791,22.00995,18.34163,11.7272,22.8725,22.8725
530,20.175789,41.818908,42.91941,39.61791,22.00995,18.34163,11.7272,22.8725,22.8725
531,20.175789,41.818908,42.91941,39.61791,22.00995,18.34163,11.7272,22.8725,22.8725
532,20.175789,41.818908,42.91941,39.61791,22.00995,18.34163,11.7272,22.8725,22.8725
533,20.175789,41.818908,42.91941,39.61791,22.00995,18.34163,11.7272,22.8725,22.8725
534,20.175789,41.818908,42.91941,39.61791,22.00995,18.34163,11.7272,22.8725,22.8725
535,20.175789,41.818908,42.91941,39.61791,22.00995,18.34163,11.7272,22.8725,22.8725
536,20.175789,41.818908,42.91941,39.61791,22.00995,18.34163,11.7272,22.8725,22.8725
537,20.175789,41.818908,42.91941,39.61791,22.00995,18.34163,11.7272,22.8725,22.8725
538,20.175789,41.818908,42.91941,39.61791,22.00995,18.34163,11.7272,22.8725,22.8725
539,20.175789,41.818908,42.91941,39.61791,22.00995,18.34163,11.7272,22.8725,22.8725
540,20.175789,41.818908,42.91941,39.61791,22.00995,18.34163,11.7272,22.8725,22.8725
541,20.175789,41.818908,42.91941,39.61791,22.00995,18.34163,11.7272,22.8725,22.8725
542,20.175789,41.818908,42.91941,39.61791,22.00995,18.34163,11.7272,22.8725,22.8725
543,20.175789,41.818908,42.91941,39.61791,22.00995,18.34163,11.7272,22.8725,22.8725
544,20.175789,41.818908,42.91941,39.61791,22.00995,18.34163,11.7272,22.8725,22.8725
545,20.175789,41.818908,42.91941,39.61791,22.00995,18.34163,11.7272,22.8725,22.8725
546,20.175789,41.818908,42.91941,39.61791,22.00995,18.34163,11.7272,22.8725,22.8725
547,20.175789,41.818908,42.91941,39.61791,22.00995,18.34163,11.7272,22.8725,22.8725
548,20.175789,41.818908,42.91941,39.61791,22.00995,18.34163,11.7272,22.8725,22.8725
549,20.175789,41.818908,42.91941,39.61791,22.00995,18.34163,11.7272,22.8725,22.8725
550,20.175789,41.818908,42.91941,39.61791,22.00995,18.34163,11.7272,22.8725,22.8725
551,20.175789,41.818908,42.91941,39.61791,22.00995,18.34163,11.7272,22.8725,22.8725
552,20.175789,41.818908,42.91941,39.61791,22.00995,18.34163,11.7272,22.8725,22.8725
553,20.175789,41.818908,42.91941,39.61791,22.00995,18.34163,11.7272,22.8725,22.8725
554,20.175789,41.818908,42.91941,39.61791,22.00995,18.34163,11.7272,22.8725,22.8725
555,20.175789,41.818908,42.91941,39.61791,22.00995,18.34163,11.7272,22.8725,22.8725
556,20.175789,41.818908,42.91941,39.61791,22.00995,18.34163,11.7272,22.8725,22.8725
557,20.175789,41.818908,42.91941,39.61791,22.00995,18.34163,11.7272,22.8725,22.8725
558,20.175789,41.818908,42.91941,39.61791,22.00995,18.34163,11.7272,22.8725,22.8725
559,20.175789,41.818908,42.91941,39.61791,22.00995,18.34163,11.7272,22.8725,22.8725
560,20.175789,41.818908,42.91941,39.61791,22.00995,18.34163,11.7272,22.8725,22.8725
561,20.175789,41.818908,42.91941,39.61791,22.00995,18.34163,11.7272,22.8725,22.8725
562,20.175789,41.818908,42.91941,39.61791,22.00995,18.34163,11.7272,22.8725,22.8725
563,20.175789,41.818908,42.91941,39.61791,22.00995,18.34163,11.7272,22.8725,22.8725
564,20.175789,41.818908,42.91941,39.61791,22.00995,18.34163,11.7272,22.8725,22.8725
565,20.175789,41.818908,42.91941,39.61791,22.00995,18.34163,11.7272,22.8725,22.8725
566,20.175789,41.818908,42.91941,39.61791,22.00995,18.34163,11.7272,22.8725,22.8725
567,20.175789,41.818908,42.91941,39.61791,22.00995,18.34163,11.7272,22.8725,22.8725
568,20.175789,41.818908,42.91941,39.61791,22.00995,18.34163,11.7272,22.8725,22.8725
569,20.175789,41.818908,42.91941,39.61791,22.00995,18.34163,11.7272,22.8725,22.8725
570,20.175789,41.818908,42.91941,39.61791,22.00995,18.34163,11.7272,22.8725,22.8725
571,20.175789,41.818908,42.91941,39.61791,22.00995,18.34163,11.7272,22.8725,22.8725
572,20.175789,41.818908,42.91941,39.61791,22.00995,18.34163,11.7272,22.8725,22.8725
573,20.175789,41.818908,42.91941,39.61791,22.00995,18.34163,11.7272,22.8725,22.8725
574,20.175789,41.818908,42.91941,39.61791,22.00995,18.34163,11.7272,22.8725,22.8725
575,20.175789,41.818908,42.91941,39.61791,22.00995,18.34163,11.7272,22.8725,22.8725
576,20.175789,41.818908,42.91941,39.61791,22.00995,18.34163,11.7272,22.8725,22.8725
577,20.175789,41.818908,42.91941,39.61791,22.00995,18.34163,11.7272,22.8725,22.8725
578,20.175789,41.818908,42.91941,39.61791,22.00995,18.34163,11.7272,22.8725,22.8725
579,20.175789,41.818908,42.91941,39.61791,22.00995,18.34163,11.7272,22.8725,22.8725
580,20.175789,41.818908,42.91941,39.61791,22.00995,18.34163,11.7272,22.8725,22.8725
581,20.175789,41.818908,42.91941,39.61791,22.00995,18.34163,11.7272,22.8725,22.8725
582,20.175789,41.818908,42.91941,39.61791,22.00995,18.34163,11.7272,22.8725,22.8725
583,20.175789,41.818908,42.91941,39.61791,22.00995,18.34163,11.7272,22.8725,22.8725
584,20.175789,41.818908,42.91941,39.61791,22.00995,18.34163,11.7272,22.8725,22.8725
585,20.175789,41.818908,42.91941,39.61791,22.00995,18.34163,11.7272,22.8725,22.8725
586,20.175789,41.818908,42.91941,39.61791,22.00995,18.34163,11.7272,22.8725,22.8725
587,20.175789,41.818908,42.91941,39.61791,22.00995,18.34163,11.7272,22.8725,22.8725
588,20.175789,41.818908,42.91941,39.61791,22.00995,18.34163,11.7272,22.8725,22.8725
589,20.175789,41.818908,42.91941,39.61791,22.00995,18.34163,11.7272,22.8725,22.8725
590,20.175789,41.818908,42.91941,39.61791,22.00995,18.34163,11.7272,22.8725,22.8725
591,20.175789,41.818908,42.91941,39.61791,22.00995,18.34163,11.7272,22.8725,22.8725
592,20.175789,41.818908,42.91941,39.61791,22.00995,18.34163,11.7272,22.8725,22.8725
593,20.175789,41.818908,42.91941,39.61791,22.00995,18.34163,11.7272,22.8725,22.8725
594,20.175789,41.818908,42.91941,39.61791,22.00995,18.34163,11.7272,22.8725,22.8725
595,20.175789,41.818908,42.91941,39.61791,22.00995,18.34163,11.7272,22.8725,22.8725
596,20.175789,41.818908,42.91941,39.61791,22.00995,18.34163,11.7272,22.8725,22.8725
597,20.175789,41.818908,42.91941,39.61791,22.00995,18.34163,11.7272,22.8725,22.8725
598,20.175789,41.818908,42.91941,39.61791,22.00995,18.34163,11.7272,22.8725,22.8725
599,20.175789,41.818908,42.91941,39.61791,22.00995,18.34163,11.7272,22.8725,22.8725
600,20.175789,41.818908,42.91941,39.61791,22.00995,18.34163,11.7272,22.8725,22.8725
601,20.175789,41.818908,42.91941,39.61791,22.00995,18.34163,11.7272,22.8725,22.8725
602,20.175789,41.818908,42.91941,39.61791,22.00995,18.34163,11.7272,22.8725,22.8725
603,20.175789,41.818908,42.91941,39.61791,22.00995,18.34163,11.7272,22.8725,22.8725
604,20.175789,41.818908,42.91941,39.61791,22.00995,18.34163,11.7272,22.8725,22.8725
605,20.175789,41.818908,42.91941,39.61791,22.00995,18.34163,11.7272,22.8725,22.8725
606,20.175789,41.818908,42.91941,39.61791,22.00995,18.34163,11.7272,22.8725,22.8725
607,20.175789,41.818908,42.91941,39.61791,22.00995,18.34163,11.7272,22.8725,22.8725
608,20.175789,41.818908,42.91941,39.61791,22.00995,18.34163,11.7272,22.8725,22.8725
609,20.175789,41.818908,42.91941,39.61791,22.00995,18.34163,11.7272,22.8725,22.8725
610,20.175789,41.818908,42.91941,39.61791,22.00995,18.34163,11.7272,22.8725,22.8725
611,20.175789,41.818908,42.91941,39.61791,22.00995,18.34163,11.7272,22.8725,22.8725
612,20.175789,41.818908,42.91941,39.61791,22.00995,18.34163,11.7272,22.8725,22.8725
613,20.175789,41.818908,42.91941,39.61791,22.00995,18.34163,11.7272,22.8725,22.8725
614,20.175789,41.818908,42.91941,39.61791,22.00995,18.34163,11.7272,22.8725,22.8725
615,20.175789,41.818908,42.91941,39.61791,22.00995,18.34163,11.7272,22.8725,22.8725
616,20.175789,41.818908,42.91941,39.61791,22.00995,18.34163,11.7272,22.8725,22.8725
617,20.175789,41.818908,42.91941,39.61791,22.00995,18.34163,11.7272,22.8725,22.8725
618,20.175789,41.818908,42.91941,39.61791,22.00995,18.34163,11.7272,22.8725,22.8725
619,20.175789,41.818908,42.91941,39.61791,22.00995,18.34163,11.7272,22.8725,22.8725
620,20.175789,41.818908,42.91941,39.61791,22.00995,18.34163,11.7272,22.8725,22.8725
621,20.175789,41.818908,42.91941,39.61791,22.00995,18.34163,11.7272,22.8725,22.8725
622,20.175789,41.818908,42.91941,39.61791,22.00995,18.34163,11.7272,22.8725,22.8725
623,20.175789,41.818908,42.91941,39.61791,22.00995,18.34163,11.7272,22.8725,22.8725
624,20.175789,41.818908,42.91941,39.61791,22.00995,18.34163,11.7272,22.8725,22.8725
625,20.175789,41.818908,42.91941,39.61791,22.00995,18.34163,11.7272,22.8725,22.8725
626,20.175789,41.818908,42.91941,39.61791,22.00995,18.34163,11.7272,22.8725,22.8725
627,20.175789,41.818908,42.91941,39.61791,22.00995,18.34163,11.7272,22.8725,22.8725
628,20.175789,41.818908,42.91941,39.61791,22.00995,18.34163,11.7272,22.8725,22.8725
629,20.175789,41.818908,42.91941,39.61791,22.00995,18.34163,11.7272,22.8725,22.8725
630,20.175789,41.818908,42.91941,39.61791,22.00995,18.34163,11.7272,22.8725,22.8725
631,20.175789,41.818908,42.91941,39.61791,22.00995,18.34163,11.7272,22.8725,22.8725
632,20.175789,41.818908,42.91941,39.61791,22.00995,18.34163,11.7272,22.8725,22.8725
633,20.175789,41.818908,42.91941,39.61791,22.00995,18.34163,11.7272,22.8725,22.8725
634,20.175789,41.818908,42.91941,39.61791,22.00995,18.34163,11.7272,22.8725,22.8725
635,20.175789,41.818908,42.91941,39.61791,22.00995,18.34163,11.7272,22.8725,22.8725
636,20.175789,41.818908,42.91941,39.61791,22.00995,18.34163,11.7272,22.8725,22.8725
637,20.175789,41.818908,42.91941,39.61791,22.00995,18.34163,11.7272,22.8725,22.8725
638,20.175789,41.818908,42.91941,39.61791,22.00995,18.34163,11.7272,22.8725,22.8725
639,20.175789,41.818908,42.91941,39.61791,22.00995,18.34163,11.7272,22.8725,22.8725
640,20.175789,41.818908,42.91941,39.61791,22.00995,18.34163,11.7272,22.8725,22.8725
641,20.175789,41.818908,42.91941,39.61791,22.00995,18.34163,11.7272,22.8725,22.8725
642,20.175789,41.818908,42.91941,39.61791,22.00995,18.34163,11.7272,22.8725,22.8725
643,20.175789,41.818908,42.91941,39.61791,22.00995,18.34163,11.7272,22.8725,22.8725
644,20.175789,41.818908,42.91941,39.61791,22.00995,18.34163,11.7272,22.8725,22.8725
645,20.175789,41.818908,42.91941,39.61791,22.00995,18.34163,11.7272,22.8725,22.8725
646,20.175789,41.818908,42.91941,39.61791,22.00995,18.34163,11.7272,22.8725,22.8725
647,20.175789,41.818908,42.91941,39.61791,22.00995,18.34163,11.7272,22.8725,22.8725
648,20.175789,41.818908,42.91941,39.61791,22.00995,18.34163,11.7272,22.8725,22.8725
649,20.175789,41.818908,42.91941,39.61791,22.00995,18.34163,11.7272,22.8725,22.8725
650,20.175789,41.818908,42.91941,39.61791,22.00995,18.34163,11.7272,22.8725,22.8725
651,20.175789,41.818908,42.91941,39.61791,22.00995,18.34163,11.7272,22.8725,22.8725
652,20.175789,41.818908,42.91941,39.61791,22.00995,18.34163,11.7272,22.8725,22.8725
653,20.175789,41.818908,42.91941,39.61791,22.00995,18.34163,11.7272,22.8725,22.8725
654,20.175789,41.818908,42.91941,39.61791,22.00995,18.34163,11.7272,22.8725,22.8725
655,20.175789,41.818908,42.91941,39.61791,22.00995,18.34163,11.7272,22.8725,22.8725
656,20.175789,41.818908,42.91941,39.61791,22.00995,18.34163,11.7272,22.8725,22.8725
657,20.175789,41.818908,42.91941,39.61791,22.00995,18.34163,11.7272,22.8725,22.8725
658,20.175789,41.818908,42.91941,39.61791,22.00995,18.34163,11.7272,22.8725,22.8725
659,20.175789,41.818908,42.91941,39.61791,22.00995,18.34163,11.7272,22.8725,22.8725
660,20.175789,41.818908,42.91941,39.61791,22.00995,18.34163,11.7272,22.8725,22.8725
661,20.175789,41.818908,42.91941,39.61791,22.00995,18.34163,11.7272,22.8725,22.8725
662,20.175789,41.818908,42.91941,39.61791,22.00995,18.34163,11.7272,22.8725,22.8725
663,20.175789,41.818908,42.91941,39.61791,22.00995,18.34163,11.7272,22.8725,22.8725
664,20.175789,41.818908,42.91941,39.61791,22.00995,18.34163,11.7272,22.8725,22.8725
665,20.175789,41.818908,42.91941,39.61791,22.00995,18.34163,11.7272,22.8725,22.8725
666,20.175789,41.818908,42.91941,39.61791,22.00995,18.34163,11.7272,22.8725,22.8725
667,20.175789,41.818908,42.91941,39.61791,22.00995,18.34163,11.7272,22.8725,22.8725
668,20.175789,41.818908,42.91941,39.61791,22.00995,18.34163,11.7272,22.8725,22.8725
669,20.175789,41.818908,42.91941,39.61791,22.00995,18.34163,11.7272,22.8725,22.8725
670,20.175789,41.818908,42.91941,39.61791,22.00995,18.34163,11.7272,22.8725,22.8725
671,20.175789,41.818908,42.91941,39.61791,22.00995,18.34163,11.7272,22.8725,22.8725
672,20.175789,41.818908,42.91941,39.61791,22.00995,18.34163,11.7272,22.8725,22.8725
673,20.175789,41.818908,42.91941,39.61791,22.00995,18.34163,11.7272,22.8725,22.8725
674,20.175789,41.818908,42.91941,39.61791,22.00995,18.34163,11.7272,22.8725,22.8725
675,20.175789,41.818908,42.91941,39.61791,22.00995,18.34163,11.7272,22.8725,22.8725
676,20.175789,41.818908,42.91941,39.61791,22.00995,18.34163,11.7272,22.8725,22.8725
677,20.175789,41.818908,42.91941,39.61791,22.00995,18.34163,11.7272,22.8725,22.8725
678,20.175789,41.818908,42.91941,39.61791,22.00995,18.34163,11.7272,22.8725,22.8725
679,20.175789,41.818908,42.91941,39.61791,22.00995,18.34163,11.7272,22.8725,22.8725
680,20.175789,41.818908,42.91941,39.61791,22.00995,18.34163,11.7272,22.8725,22.8725
681,20.175789,41.818908,42.91941,39.61791,22.00995,18.34163,11.7272,22.8725,22.8725
682,20.175789,41.818908,42.91941,39.61791,22.00995,18.34163,11.7272,22.8725,22.8725
683,20.175789,41.818908,42.91941,39.61791,22.00995,18.34163,11.7272,22.8725,22.8725
684,20.175789,41.818908,42.91941,39.61791,22.00995,18.34163,11.7272,22.8725,22.8725
685,20.175789,41.818908,42.91941,39.61791,22.00995,18.34163,11.7272,22.8725,22.8725
686,20.175789,41.818908,42.91941,39.61791,22.00995,18.34163,11.7272,22.8725,22.8725
687,20.175789,41.818908,42.91941,39.61791,22.00995,18.34163,11.7272,22.8725,22.8725
688,20.175789,41.818908,42.91941,39.61791,22.00995,18.34163,11.7272,22.8725,22.8725
689,20.175789,41.818908,42.91941,39.61791,22.00995,18.34163,11.7272,22.8725,22.8725
690,20.175789,41.818908,42.91941,39.61791,22.00995,18.34163,11.7272,22.8725,22.8725
691,20.175789,41.818908,42.91941,39.61791,22.00995,18.34163,11.7272,22.8725,22.8725
692,20.175789,41.818908,42.91941,39.61791,22.00995,18.34163,11.7272,22.8725,22.8725
693,20.175789,41.818908,42.91941,39.61791,22.00995,18.34163,11.7272,22.8725,22.8725
694,20.175789,41.818908,42.91941,39.61791,22.00995,18.34163,11.7272,22.8725,22.8725
695,20.175789,41.818908,42.91941,39.61791,22.00995,18.34163,11.7272,22.8725,22.8725
696,20.175789,41.818908,42.91941,39.61791,22.00995,18.34163,11.7272,22.8725,22.8725
697,20.175789,41.818908,42.91941,39.61791,22.00995,18.34163,11.7272,22.8725,22.8725
698,20.175789,41.818908,42.91941,39.61791,22.00995,18.34163,11.7272,22.8725,22.8725
699,20.175789,41.818908,42.91941,39.61791,22.00995,18.34163,11.7272,22.8725,22.8725
700,20.175789,41.818908,42.91941,39.61791,22.00995,18.34163,11.7272,22.8725,22.8725
701,20.175789,41.818908,42.91941,39.61791,22.00995,18.34163,11.7272,22.8725,22.8725
702,20.175789,41.818908,42.91941,39.61791,22.00995,18.34163,11.7272,22.8725,22.8725
703,20.175789,41.818908,42.91941,39.61791,22.00995,18.34163,11.7272,22.8725,22.8725
704,20.175789,41.818908,42.91941,39.61791,22.00995,18.34163,11.7272,22.8725,22.8725
705,20.175789,41.818908,42.91941,39.61791,22.00995,18.34163,11.7272,22.8725,22.8725
706,20.175789,41.818908,42.91941,39.61791,22.00995,18.34163,11.7272,22.8725,22.8725
707,20.175789,41.818908,42.91941,39.61791,22.00995,18.34163,11.7272,22.8725,22.8725
708,20.175789,41.818908,42.91941,39.61791,22.00995,18.34163,11.7272,22.8725,22.8725
709,20.175789,41.818908,42.91941,39.61791,22.00995,18.34163,11.7272,22.8725,22.8725
710,20.175789,41.818908,42.91941,39.61791,22.00995,18.34163,11.7272,22.8725,22.8725
711,20.175789,41.818908,42.91941,39.61791,22.00995,18.34163,11.7272,22.8725,22.8725
712,20.175789,41.818908,42.91941,39.61791,22.00995,18.34163,11.7272,22.8725,22.8725
713,20.175789,41.818908,42.91941,39.61791,22.00995,18.34163,11.7272,22.8725,22.8725
714,20.175789,41.818908,42.91941,39.61791,22.00995,18.34163,11.7272,22.8725,22.8725
715,20.175789,41.818908,42.91941,39.61791,22.00995,18.34163,11.7272,22.8725,22.8725
716,20.175789,41.818908,42.91941,39.61791,22.00995,18.34163,11.7272,22.8725,22.8725
717,20.175789,41.818908,42.91941,39.61791,22.00995,18.34163,11.7272,22.8725,22.8725
718,20.175789,41.818908,42.91941,39.61791,22.00995,18.34163,11.7272,22.8725,22.8725
719,20.175789,41.818908,42.91941,39.61791,22.00995,18.34163,11.7272,22.8725,22.8725
720,20.175789,41.818908,42.91941,39.61791,22.00995,18.34163,11.7272,22.8725,22.8725
721,20.175789,41.818908,42.91941,39.61791,22.00995,18.34163,11.7272,22.8725,22.8725
722,20.175789,41.818908,42.91941,39.61791,22.00995,18.34163,11.7272,22.8725,22.8725
723,20.175789,41.818908,42.91941,39.61791,22.00995,18.34163,11.7272,22.8725,22.8725
724,20.175789,41.818908,42.91941,39.61791,22.00995,18.34163,11.7272,22.8725,22.8725
725,20.175789,41.818908,42.91941,39.61791,22.00995,18.34163,11.7272,22.8725,22.8725
726,20.175789,41.818908,42.91941,39.61791,22.00995,18.34163,11.7272,22.8725,22.8725
727,20.175789,41.818908,42.91941,39.61791,22.00995,18.34163,11.7272,22.8725,22.8725
728,20.175789,41.818908,42.91941,39.61791,22.00995,18.34163,11.7272,22.8725,22.8725
729,20.175789,41.818908,42.91941,39.61791,22.00995,18.34163,11.7272,22.8725,22.8725
730,20.175789,41.818908,42.91941,39.61791,22.00995,18.34163,11.7272,22.8725,22.8725
731,20.175789,41.818908,42.91941,39.61791,22.00995,18.34163,11.7272,22.8725,22.8725
732,20.175789,41.818908,42.91941,39.61791,22.00995,18.34163,11.7272,22.8725,22.8725
733,20.175789,41.818908,42.91941,39.61791,22.00995,18.34163,11.7272,22.8725,22.8725
734,20.175789,41.818908,42.91941,39.61791,22.00995,18.34163,11.7272,22.8725,22.8725
735,20.175789,41.818908,42.91941,39.61791,22.00995,18.34163,11.7272,22.8725,22.8725
736,20.175789,41.818908,42.91941,39.61791,22.00995,18.34163,11.7272,22.8725,22.8725
737,20.175789,41.818908,42.91941,39.61791,22.00995,18.34163,11.7272,22.8725,22.8725
738,20.175789,41.818908,42.91941,39.61791,22.00995,18.34163,11.7272,22.8725,22.8725
739,20.175789,41.818908,42.91941,39.61791,22.00995,18.34163,11.7272,22.8725,22.8725
740,20.175789,41.818908,42.91941,39.61791,22.00995,18.34163,11.7272,22.8725,22.8725
741,20.175789,41.818908,42.91941,39.61791,22.00995,18.34163,11.7272,22.8725,22.8725
742,20.175789,41.818908,42.91941,39.61791,22.00995,18.34163,11.7272,22.8725,22.8725
743,20.175789,41.818908,42.91941,39.61791,22.00995,18.34163,11.7272,22.8725,22.8725
744,20.175789,41.818908,42.91941,39.61791,22.00995,18.34163,11.7272,22.8725,22.8725
745,20.175789,41.818908,42.91941,39.61791,22.00995,18.34163,11.7272,22.8725,22.8725
746,20.175789,41.818908,42.91941,39.61791,22.00995,18.34163,11.7272,22.8725,22.8725
747,20.175789,41.818908,42.91941,39.61791,22.00995,18.34163,11.7272,22.8725,22.8725
748,20.175789,41.818908,42.91941,39.61791,22.00995,18.34163,11.7272,22.8725,22.8725
749,20.175789,41.818908,42.91941,39.61791,22.00995,18.34163,11.7272,22.8725,22.8725
750,20.175789,41.818908,42.91941,39.61791,22.00995,18.34163,11.7272,22.8725,22.8725
751,20.175789,41.818908,42.91941,39.61791,22.00995,18.34163,11.7272,22.8725,22.8725
752,20.175789,41.818908,42.91941,39.61791,22.00995,18.34163,11.7272,22.8725,22.8725
753,20.175789,41.818908,42.91941,39.61791,22.00995,18.34163,11.7272,22.8725,22.8725
754,20.175789,41.818908,42.91941,39.61791,22.00995,18.34163,11.7272,22.8725,22.8725
755,20.175789,41.818908,42.91941,39.61791,22.00995,18.34163,11.7272,22.8725,22.8725
756,20.175789,41.818908,42.91941,39.61791,22.00995,18.34163,11.7272,22.8725,22.8725
757,20.175789,41.818908,42.91941,39.61791,22.00995,18.34163,11.7272,22.8725,22.8725
758,20.175789,41.818908,42.91941,39.61791,22.00995,18.34163,11.7272,22.8725,22.8725
759,20.175789,41.818908,42.91941,39.61791,22.00995,18.34163,11.7272,22.8725,22.8725
760,20.175789,41.818908,42.91941,39.61791,22.00995,18.34163,11.7272,22.8725,22.8725
761,20.175789,41.818908,42.91941,39.61791,22.00995,18.34163,11.7272,22.8725,22.8725
762,20.175789,41.818908,42.91941,39.61791,22.00995,18.34163,11.7272,22.8725,22.8725
763,20.175789,41.818908,42.91941,39.61791,22.00995,18.34163,11.7272,22.8725,22.8725
764,20.175789,41.818908,42.91941,39.61791,22.00995,18.34163,11.7272,22.8725,22.8725
765,20.175789,41.818908,42.91941,39.61791,22.00995,18.34163,11.7272,22.8725,22.8725
766,20.175789,41.818908,42.91941,39.61791,22.00995,18.34163,11.7272,22.8725,22.8725
767,20.175789,41.818908,42.91941,39.61791,22.00995,18.34163,11.7272,22.8725,22.8725
768,20.175789,41.818908,42.91941,39.61791,22.00995,18.34163,11.7272,22.8725,22.8725
769,20.175789,41.818908,42.91941,39.61791,22.00995,18.34163,11.7272,22.8725,22.8725
770,20.175789,41.818908,42.91941,39.61791,22.00995,18.34163,11.7272,22.8725,22.8725
771,20.175789,41.818908,42.91941,39.61791,22.00995,18.34163,11.7272,22.8725,22.8725
772,20.175789,41.818908,42.91941,39.61791,22.00995,18.34163,11.7272,22.8725,22.8725
773,20.175789,41.818908,42.91941,39.61791,22.00995,18.34163,11.7272,22.8725,22.8725
774,20.175789,41.818908,42.91941,39.61791,22.00995,18.34163,11.7272,22.8725,22.8725
775,20.175789,41.818908,42.91941,39.61791,22.00995,18.34163,11.7272,22.8725,22.8725
776,20.175789,41.818908,42.91941,39.61791,22.00995,18.34163,11.7272,22.8725,22.8725
777,20.175789,41.818908,42.91941,39.61791,22.00995,18.34163,11.7272,22.8725,22.8725
778,20.175789,41.818908,42.91941,39.61791,22.00995,18.34163,11.7272,22.8725,22.8725
779,20.175789,41.818908,42.91941,39.61791,22.00995,18.34163,11.7272,22.8725,22.8725
780,20.175789,41.818908,42.91941,39.61791,22.00995,18.34163,11.7272,22.8725,22.8725
781,20.175789,41.818908,42.91941,39.61791,22.00995,18.34163,11.7272,22.8725,22.8725
782,20.175789,41.818908,42.91941,39.61791,22.00995,18.34163,11.7272,22.8725,22.8725
783,20.175789,41.818908,42.91941,39.61791,22.00995,18.34163,11.7272,22.8725,22.8725
784,20.175789,41.818908,42.91941,39.61791,22.00995,18.34163,11.7272,22.8725,22.8725
785,20.175789,41.818908,42.91941,39.61791,22.00995,18.34163,11.7272,22.8725,22.8725
786,20.175789,41.818908,42.91941,39.61791,22.00995,18.34163,11.7272,22.8725,22.8725
787,20.175789,41.818908,42.91941,39.61791,22.00995,18.34163,11.7272,22.8725,22.8725
788,20.175789,41.818908,42.91941,39.61791,22.00995,18.34163,11.7272,22.8725,22.8725
789,20.175789,41.818908,42.91941,39.61791,22.00995,18.34163,11.7272,22.8725,22.8725
790,20.175789,41.818908,42.91941,39.61791,22.00995,18.34163,11.7272,22.8725,22.8725
791,20.175789,41.818908,42.91941,39.61791,22.00995,18.34163,11.7272,22.8725,22.8725
792,20.175789,41.818908,42.91941,39.61791,22.00995,18.34163,11.7272,22.8725,22.8725
793,20.175789,41.818908,42.91941,39.61791,22.00995,18.34163,11.7272,22.8725,22.8725
794,20.175789,41.818908,42.91941,39.61791,22.00995,18.34163,11.7272,22.8725,22.8725
795,20.175789,41.818908,42.91941,39.61791,22.00995,18.34163,11.7272,22.8725,22.8725
796,20.175789,41.818908,42.91941,39.61791,22.00995,18.34163,11.7272,22.8725,22.8725
797,20.175789,41.818908,42.91941,39.61791,22.00995,18.34163,11.7272,22.8725,22.8725
798,20.175789,41.818908,42.91941,39.61791,22.00995,18.34163,11.7272,22.8725,22.8725
799,20.175789,41.818908,42.91941,39.61791,22.00995,18.34163,11.7272,22.8725,22.8725
800,20.175789,41.818908,42.91941,39.61791,22.00995,18.34163,11.7272,22.8725,22.8725
801,20.175789,41.818908,42.91941,39.61791,22.00995,18.34163,11.7272,22.8725,22.8725
802,20.175789,41.818908,42.91941,39.61791,22.00995,18.34163,11.7272,22.8725,22.8725
803,20.175789,41.818908,42.91941,39.61791,22.00995,18.34163,11.7272,22.8725,22.8725
804,20.175789,41.818908,42.91941,39.61791,22.00995,18.34163,11.7272,22.8725,22.8725
805,20.175789,41.818908,42.91941,39.61791,22.00995,18.34163,11.7272,22.8725,22.8725
806,20.175789,41.818908,42.91941,39.61791,22.00995,18.34163,11.7272,22.8725,22.8725
807,20.175789,41.818908,42.91941,39.61791,22.00995,18.34163,11.7272,22.8725,22.8725
808,20.175789,41.818908,42.91941,39.61791,22.00995,18.34163,11.7272,22.8725,22.8725
809,20.175789,41.818908,42.91941,39.61791,22.00995,18.34163,11.7272,22.8725,22.8725
810,20.175789,41.818908,42.91941,39.61791,22.00995,18.34163,11.7272,22.8725,22.8725
811,20.175789,41.818908,42.91941,39.61791,22.00995,18.34163,11.7272,22.8725,22.8725
812,20.175789,41.818908,42.91941,39.61791,22.00995,18.34163,11.7272,22.8725,22.8725
813,20.175789,41.818908,42.91941,39.61791,22.00995,18.34163,11.7272,22.8725,22.8725
814,20.175789,41.818908,42.91941,39.61791,22.00995,18.34163,11.7272,22.8725,22.8725
815,20.175789,41.818908,42.91941,39.61791,22.00995,18.34163,11.7272,22.8725,22.8725
816,20.175789,41.818908,42.91941,39.61791,22.00995,18.34163,11.7272,22.8725,22.8725
817,20.175789,41.818908,42.91941,39.61791,22.00995,18.34163,11.7272,22.8725,22.8725
818,20.175789,41.818908,42.91941,39.61791,22.00995,18.34163,11.7272,22.8725,22.8725
819,20.175789,41.818908,42.91941,39.61791,22.00995,18.34163,11.7272,22.8725,22.8725
820,20.175789,41.818908,42.91941,39.61791,22.00995,18.34163,11.7272,22.8725,22.8725
821,20.175789,41.818908,42.91941,39.61791,22.00995,18.34163,11.7272,22.8725,22.8725
822,20.175789,41.818908,42.91941,39.61791,22.00995,18.34163,11.7272,22.8725,22.8725
823,20.175789,41.818908,42.91941,39.61791,22.00995,18.34163,11.7272,22.8725,22.8725
824,20.175789,41.818908,42.91941,39.61791,22.00995,18.34163,11.7272,22.8725,22.8725
825,20.175789,41.818908,42.91941,39.61791,22.00995,18.34163,11.7272,22.8725,22.8725
826,20.175789,41.818908,42.91941,39.61791,22.00995,18.34163,11.7272,22.8725,22.8725
827,20.175789,41.818908,42.91941,39.61791,22.00995,18.34163,11.7272,22.8725,22.8725
828,20.175789,41.818908,42.91941,39.61791,22.00995,18.34163,11.7272,22.8725,22.8725
829,20.175789,41.818908,42.91941,39.61791,22.00995,18.34163,11.7272,22.8725,22.8725
830,20.175789,41.818908,42.91941,39.61791,22.00995,18.34163,11.7272,22.8725,22.8725
831,20.175789,41.818908,42.91941,39.61791,22.00995,18.34163,11.7272,22.8725,22.8725
832,20.175789,41.818908,42.91941,39.61791,22.00995,18.34163,11.7272,22.8725,22.8725
833,20.175789,41.818908,42.91941,39.61791,22.00995,18.34163,11.7272,22.8725,22.8725
834,20.175789,41.818908,42.91941,39.61791,22.00995,18.34163,11.7272,22.8725,22.8725
835,20.175789,41.818908,42.91941,39.61791,22.00995,18.34163,11.7272,22.8725,22.8725
836,20.175789,41.818908,42.91941,39.61791,22.00995,18.34163,11.7272,22.8725,22.8725
837,20.175789,41.818908,42.91941,39.61791,22.00995,18.34163,11.7272,22.8725,22.8725
838,20.175789,41.818908,42.91941,39.61791,22.00995,18.34163,11.7272,22.8725,22.8725
839,20.175789,41.818908,42.91941,39.61791,22.00995,18.34163,11.7272,22.8725,22.8725
840,20.175789,41.818908,42.91941,39.61791,22.00995,18.34163,11.7272,22.8725,22.8725
841,20.175789,41.818908,42.91941,39.61791,22.00995,18.34163,11.7272,22.8725,22.8725
842,20.175789,41.818908,42.91941,39.61791,22.00995,18.34163,11.7272,22.8725,22.8725
843,20.175789,41.818908,42.91941,39.61791,22.00995,18.34163,11.7272,22.8725,22.8725
844,20.175789,41.818908,42.91941,39.61791,22.00995,18.34163,11.7272,22.8725,22.8725
845,20.175789,41.818908,42.91941,39.61791,22.00995,18.34163,11.7272,22.8725,22.8725
846,20.175789,41.818908,42.91941,39.61791,22.00995,18.34163,11.7272,22.8725,22.8725
847,20.175789,41.818908,42.91941,39.61791,22.00995,18.34163,11.7272,22.8725,22.8725
848,20.175789,41.818908,42.91941,39.61791,22.00995,18.34163,11.7272,22.8725,22.8725
849,20.175789,41.818908,42.91941,39.61791,22.00995,18.34163,11.7272,22.8725,22.8725
850,20.175789,41.818908,42.91941,39.61791,22.00995,18.34163,11.7272,22.8725,22.8725
851,20.175789,41.818908,42.91941,39.61791,22.00995,18.34163,11.7272,22.8725,22.8725
852,20.175789,41.818908,42.91941,39.61791,22.00995,18.34163,11.7272,22.8725,22.8725
853,20.175789,41.818908,42.91941,39.61791,22.00995,18.34163,11.7272,22.8725,22.8725
854,20.175789,41.818908,42.91941,39.61791,22.00995,18.34163,11.7272,22.8725,22.8725
855,20.175789,41.818908,42.91941,39.61791,22.00995,18.34163,11.7272,22.8725,22.8725
856,20.175789,41.818908,42.91941,39.61791,22.00995,18.34163,11.7272,22.8725,22.8725
857,20.175789,41.818908,42.91941,39.61791,22.00995,18.34163,11.7272,22.8725,22.8725
858,20.175789,41.818908,42.91941,39.61791,22.00995,18.34163,11.7272,22.8725,22.8725
859,20.175789,41.818908,42.91941,39.61791,22.00995,18.34163,11.7272,22.8725,22.8725
860,20.175789,41.818908,42.91941,39.61791,22.00995,18.34163,11.7272,22.8725,22.8725
861,20.175789,41.818908,42.91941,39.61791,22.00995,18.34163,11.7272,22.8725,22.8725
862,20.175789,41.818908,42.91941,39.61791,22.00995,18.34163,11.7272,22.8725,22.8725
863,20.175789,41.818908,42.91941,39.61791,22.00995,18.34163,11.7272,22.8725,22.8725
864,20.175789,41.818908,42.91941,39.61791,22.00995,18.34163,11.7272,22.8725,22.8725
865,20.175789,41.818908,42.91941,39.61791,22.00995,18.34163,11.7272,22.8725,22.8725
866,20.175789,41.818908,42.91941,39.61791,22.00995,18.34163,11.7272,22.8725,22.8725
867,20.175789,41.818908,42.91941,39.61791,22.00995,18.34163,11.7272,22.8725,22.8725
868,20.175789,41.818908,42.91941,39.61791,22.00995,18.34163,11.7272,22.8725,22.8725
869,20.175789,41.818908,42.91941,39.61791,22.00995,18.34163,11.7272,22.8725,22.8725
870,20.175789,41.818908,42.91941,39.61791,22.00995,18.34163,11.7272,22.8725,22.8725
871,20.175789,41.818908,42.91941,39.61791,22.00995,18.34163,11.7272,22.8725,22.8725
872,20.175789,41.818908,42.91941,39.61791,22.00995,18.34163,11.7272,22.8725,22.8725
873,20.175789,41.818908,42.91941,39.61791,22.00995,18.34163,11.7272,22.8725,22.8725
874,20.175789,41.818908,42.91941,39.61791,22.00995,18.34163,11.7272,22.8725,22.8725
875,20.175789,41.818908,42.91941,39.61791,22.00995,18.34163,11.7272,22.8725,22.8725
876,20.175789,41.818908,42.91941,39.61791,22.00995,18.34163,11.7272,22.8725,22.8725
877,20.175789,41.818908,42.91941,39.61791,22.00995,18.34163,11.7272,22.8725,22.8725
878,20.175789,41.818908,42.91941,39.61791,22.00995,18.34163,11.7272,22.8725,22.8725
879,20.175789,41.818908,42.91941,39.61791,22.00995,18.34163,11.7272,22.8725,22.8725
880,20.175789,41.818908,42.91941,39.61791,22.00995,18.34163,11.7272,22.8725,22.8725
881,20.175789,41.818908,42.91941,39.61791,22.00995,18.34163,11.7272,22.8725,22.8725
882,20.175789,41.818908,42.91941,39.61791,22.00995,18.34163,11.7272,22.8725,22.8725
883,20.175789,41.818908,42.91941,39.61791,22.00995,18.34163,11.7272,22.8725,22.8725
884,20.175789,41.818908,42.91941,39.61791,22.00995,18.34163,11.7272,22.8725,22.8725
885,20.175789,41.818908,42.91941,39.61791,22.00995,18.34163,11.7272,22.8725,22.8725
886,20.175789,41.818908,42.91941,39.61791,22.00995,18.34163,11.7272,22.8725,22.8725
887,20.175789,41.818908,42.91941,39.61791,22.00995,18.34163,11.7272,22.8725,22.8725
888,20.175789,41.818908,42.91941,39.61791,22.00995,18.34163,11.7272,22.8725,22.8725
889,20.175789,41.818908,42.91941,39.61791,22.00995,18.34163,11.7272,22.8725,22.8725
890,20.175789,41.818908,42.91941,39.61791,22.00995,18.34163,11.7272,22.8725,22.8725
891,20.175789,41.818908,42.91941,39.61791,22.00995,18.34163,11.7272,22.8725,22.8725
892,20.175789,41.818908,42.91941,39.61791,22.00995,18.34163,11.7272,22.8725,22.8725
893,20.175789,41.818908,42.91941,39.61791,22.00995,18.34163,11.7272,22.8725,22.8725
894,20.175789,41.818908,42.91941,39.61791,22.00995,18.34163,11.7272,22.8725,22.8725
895,20.175789,41.818908,42.91941,39.61791,22.00995,18.34163,11.7272,22.8725,22.8725
896,20.175789,41.818908,42.91941,39.61791,22.00995,18.34163,11.7272,22.8725,22.8725
897,20.175789,41.818908,42.91941,39.61791,22.00995,18.34163,11.7272,22.8725,22.8725
898,20.175789,41.818908,42.91941,39.61791,22.00995,18.34163,11.7272,22.8725,22.8725
899,20.175789,41.818908,42.91941,39.61791,22.00995,18.34163,11.7272,22.8725,22.8725
900,20.175789,41.818908,42.91941,39.61791,22.00995,18.34163,11.7272,22.8725,22.8725
901,20.175789,41.818908,42.91941,39.61791,22.00995,18.34163,11.7272,22.8725,22.8725
902,20.175789,41.818908,42.91941,39.61791,22.00995,18.34163,11.7272,22.8725,22.8725
903,20.175789,41.818908,42.91941,39.61791,22.00995,18.34163,11.7272,22.8725,22.8725
904,20.175789,41.818908,42.91941,39.61791,22.00995,18.34163,11.7272,22.8725,22.8725
905,20.175789,41.818908,42.91941,39.61791,22.00995,18.34163,11.7272,22.8725,22.8725
906,20.175789,41.818908,42.91941,39.61791,22.00995,18.34163,11.7272,22.8725,22.8725
907,20.175789,41.818908,42.91941,39.61791,22.00995,18.34163,11.7272,22.8725,22.8725
908,20.175789,41.818908,42.91941,39.61791,22.00995,18.34163,11.7272,22.8725,22.8725
909,20.175789,41.818908,42.91941,39.61791,22.00995,18.34163,11.7272,22.8725,22.8725
910,20.175789,41.818908,42.91941,39.61791,22.00995,18.34163,11.7272,22.8725,22.8725
911,20.175789,41.818908,42.91941,39.61791,22.00995,18.34163,11.7272,22.8725,22.8725
912,20.175789,41.818908,42.91941,39.61791,22.00995,18.34163,11.7272,22.8725,22.8725
913,20.175789,41.818908,42.91941,39.61791,22.00995,18.34163,11.7272,22.8725,22.8725
914,20.175789,41.818908,42.91941,39.61791,22.00995,18.34163,11.7272,22.8725,22.8725
915,20.175789,41.818908,42.91941,39.61791,22.00995,18.34163,11.7272,22.8725,22.8725
916,20.175789,41.818908,42.91941,39.61791,22.00995,18.34163,11.7272,22.8725,22.8725
917,20.175789,41.818908,42.91941,39.61791,22.00995,18.34163,11.7272,22.8725,22.8725
918,20.175789,41.818908,42.91941,39.61791,22.00995,18.34163,11.7272,22.8725,22.8725
919,20.175789,41.818908,42.91941,39.61791,22.00995,18.34163,11.7272,22.8725,22.8725
920,20.175789,41.818908,42.91941,39.61791,22.00995,18.34163,11.7272,22.8725,22.8725
921,20.175789,41.818908,42.91941,39.61791,22.00995,18.34163,11.7272,22.8725,22.8725
922,20.175789,41.818908,42.91941,39.61791,22.00995,18.34163,11.7272,22.8725,22.8725
923,20.175789,41.818908,42.91941,39.61791,22.00995,18.34163,11.7272,22.8725,22.8725
924,20.175789,41.818908,42.91941,39.61791,22.00995,18.34163,11.7272,22.8725,22.8725
925,20.175789,41.818908,42.91941,39.61791,22.00995,18.34163,11.7272,22.8725,22.8725
926,20.175789,41.818908,42.91941,39.61791,22.00995,18.34163,11.7272,22.8725,22.8725
927,20.175789,41.818908,42.91941,39.61791,22.00995,18.34163,11.7272,22.8725,22.8725
928,20.175789,41.818908,42.91941,39.61791,22.00995,18.34163,11.7272,22.8725,22.8725
929,20.175789,41.818908,42.91941,39.61791,22.00995,18.34163,11.7272,22.8725,22.8725
930,20.175789,41.818908,42.91941,39.61791,22.00995,18.34163,11.7272,22.8725,22.8725
931,20.175789,41.818908,42.91941,39.61791,22.00995,18.34163,11.7272,22.8725,22.8725
932,20.175789,41.818908,42.91941,39.61791,22.00995,18.34163,11.7272,22.8725,22.8725
933,20.175789,41.818908,42.91941,39.61791,22.00995,18.34163,11.7272,22.8725,22.8725
934,20.175789,41.818908,42.91941,39.61791,22.00995,18.34163,11.7272,22.8725,22.8725
935,20.175789,41.818908,42.91941,39.61791,22.00995,18.34163,11.7272,22.8725,22.8725
936,20.175789,41.818908,42.91941,39.61791,22.00995,18.34163,11.7272,22.8725,22.8725
937,20.175789,41.818908,42.91941,39.61791,22.00995,18.34163,11.7272,22.8725,22.8725
938,20.175789,41.818908,42.91941,39.61791,22.00995,18.34163,11.7272,22.8725,22.8725
939,20.175789,41.818908,42.91941,39.61791,22.00995,18.34163,11.7272,22.8725,22.8725
940,20.175789,41.818908,42.91941,39.61791,22.00995,18.34163,11.7272,22.8725,22.8725
941,20.175789,41.818908,42.91941,39.61791,22.00995,18.34163,11.7272,22.8725,22.8725
942,20.175789,41.818908,42.91941,39.61791,22.00995,18.34163,11.7272,22.8725,22.8725
943,20.175789,41.818908,42.91941,39.61791,22.00995,18.34163,11.7272,22.8725,22.8725
944,20.175789,41.818908,42.91941,39.61791,22.00995,18.34163,11.7272,22.8725,22.8725
945,20.175789,41.818908,42.91941,39.61791,22.00995,18.34163,11.7272,22.8725,22.8725
946,20.175789,41.818908,42.91941,39.61791,22.00995,18.34163,11.7272,22.8725,22.8725
947,20.175789,41.818908,42.91941,39.61791,22.00995,18.34163,11.7272,22.8725,22.8725
948,20.175789,41.818908,42.91941,39.61791,22.00995,18.34163,11.7272,22.8725,22.8725
949,20.175789,41.818908,42.91941,39.61791,22.00995,18.34163,11.7272,22.8725,22.8725
950,20.175789,41.818908,42.91941,39.61791,22.00995,18.34163,11.7272,22.8725,22.8725
951,20.175789,41.818908,42.91941,39.61791,22.00995,18.34163,11.7272,22.8725,22.8725
952,20.175789,41.818908,42.91941,39.61791,22.00995,18.34163,11.7272,22.8725,22.8725
953,20.175789,41.818908,42.91941,39.61791,22.00995,18.34163,11.7272,22.8725,22.8725
954,20.175789,41.818908,42.91941,39.61791,22.00995,18.34163,11.7272,22.8725,22.8725
955,20.175789,41.818908,42.91941,39.61791,22.00995,18.34163,11.7272,22.8725,22.8725
956,20.175789,41.818908,42.91941,39.61791,22.00995,18.34163,11.7272,22.8725,22.8725
957,20.175789,41.818908,42.91941,39.61791,22.00995,18.34163,11.7272,22.8725,22.8725
958,20.175789,41.818908,42.91941,39.61791,22.00995,18.34163,11.7272,22.8725,22.8725
959,20.175789,41.818908,42.91941,39.61791,22.00995,18.34163,11.7272,22.8725,22.8725
960,20.175789,41.818908,42.91941,39.61791,22.00995,18.34163,11.7272,22.8725,22.8725
961,20.175789,41.818908,42.91941,39.61791,22.00995,18.34163,11.7272,22.8725,22.8725
962,20.175789,41.818908,42.91941,39.61791,22.00995,18.34163,11.7272,22.8725,22.8725
963,20.175789,41.818908,42.91941,39.61791,22.00995,18.34163,11.7272,22.8725,22.8725
964,20.175789,41.818908,42.91941,39.61791,22.00995,18.34163,11.7272,22.8725,22.8725
965,20.175789,41.818908,42.91941,39.61791,22.00995,18.34163,11.7272,22.8725,22.8725
966,20.175789,41.818908,42.91941,39.61791,22.00995,18.34163,11.7272,22.8725,22.8725
967,20.175789,41.818908,42.91941,39.61791,22.00995,18.34163,11.7272,22.8725,22.8725
968,20.175789,41.818908,42.91941,39.61791,22.00995,18.34163,11.7272,22.8725,22.8725
969,20.175789,41.818908,42.91941,39.61791,22.00995,18.34163,11.7272,22.8725,22.8725
970,20.175789,41.818908,42.91941,39.61791,22.00995,18.34163,11.7272,22.8725,22.8725
971,20.175789,41.818908,42.91941,39.61791,22.00995,18.34163,11.7272,22.8725,22.8725
972,20.175789,41.818908,42.91941,39.61791,22.00995,18.34163,11.7272,22.8725,22.8725
973,20.175789,41.818908,42.91941,39.61791,22.00995,18.34163,11.7272,22.8725,22.8725
974,20.175789,41.818908,42.91941,39.61791,22.00995,18.34163,11.7272,22.8725,22.8725
975,20.175789,41.818908,42.91941,39.61791,22.00995,18.34163,11.7272,22.8725,22.8725
976,20.175789,41.818908,42.91941,39.61791,22.00995,18.34163,11.7272,22.8725,22.8725
977,20.175789,41.818908,42.91941,39.61791,22.00995,18.34163,11.7272,22.8725,22.8725
978,20.175789,41.818908,42.91941,39.61791,22.00995,18.34163,11.7272,22.8725,22.8725
979,20.175789,41.818908,42.91941,39.61791,22.00995,18.34163,11.7272,22.8725,22.8725
980,20.175789,41.818908,42.91941,39.61791,22.00995,18.34163,11.7272,22.8725,22.8725
981,20.175789,41.818908,42.91941,39.61791,22.00995,18.34163,11.7272,22.8725,22.8725
982,20.175789,41.818908,42.91941,39.61791,22.00995,18.34163,11.7272,22.8725,22.8725
983,20.175789,41.818908,42.91941,39.61791,22.00995,18.34163,11.7272,22.8725,22.8725
984,20.175789,41.818908,42.91941,39.61791,22.00995,18.34163,11.7272,22.8725,22.8725
985,20.175789,41.818908,42.91941,39.61791,22.00995,18.34163,11.7272,22.8725,22.8725
986,20.175789,41.818908,42.91941,39.61791,22.00995,18.34163,11.7272,22.8725,22.8725
987,20.175789,41.818908,42.91941,39.61791,22.00995,18.34163,11.7272,22.8725,22.8725
988,20.175789,41.818908,42.91941,39.61791,22.00995,18.34163,11.7272,22.8725,22.8725
989,20.175789,41.818908,42.91941,39.61791,22.00995,18.34163,11.7272,22.8725,22.8725
990,20.175789,41.818908,42.91941,39.61791,22.00995,18.34163,11.7272,22.8725,22.8725
991,20.175789,41.818908,42.91941,39.61791,22.00995,18.34163,11.7272,22.8725,22.8725
992,20.175789,41.818908,42.91941,39.61791,22.00995,18.34163,11.7272,22.8725,22.8725
993,20.175789,41.818908,42.91941,39.61791,22.00995,18.34163,11.7272,22.8725,22.8725
994,20.175789,41.818908,42.91941,39.61791,22.00995,18.34163,11.7272,22.8725,22.8725
995,20.175789,41.818908,42.91941,39.61791,22.00995,18.34163,11.7272,22.8725,22.8725
996,20.175789,41.818908,42.91941,39.61791,22.00995,18.34163,11.7272,22.8725,22.8725
997,20.175789,41.818908,42.91941,39.61791,22.00995,18.34163,11.7272,22.8725,22.8725
998,20.175789,41.818908,42.91941,39.61791,22.00995,18.34163,11.7272,22.8725,22.8725
999,20.175789,41.818908,42.91941,39.61791,22.00995,18.34163,11.7272,22.8725,22.8725
1000,20.175789,41.818908,42.91941,39.61791,22.00995,18.34163,11.7272,22.8725,22.8725
1001,20.175789,41.818908,42.91941,39.61791,22.00995,18.34163,11.7272,22.8725,22.8725
1002,20.175789,41.818908,42.91941,39.61791,22.00995,18.34163,11.7272,22.8725,22.8725
1003,20.175789,41.818908,42.91941,39.61791,22.00995,18.34163,11.7272,22.8725,22.8725
1004,20.175789,41.818908,42.91941,39.61791,22.00995,18.34163,11.7272,22.8725,22.8725
1005,20.175789,41.818908,42.91941,39.61791,22.00995,18.34163,11.7272,22.8725,22.8725
1006,20.175789,41.818908,42.91941,39.61791,22.00995,18.34163,11.7272,22.8725,22.8725
1007,20.175789,41.818908,42.91941,39.61791,22.00995,18.34163,11.7272,22.8725,22.8725
1008,20.175789,41.818908,42.91941,39.61791,22.00995,18.34163,11.7272,22.8725,22.8725
1009,20.175789,41.818908,42.91941,39.61791,22.00995,18.34163,11.7272,22.8725,22.8725
1010,20.175789,41.818908,42.91941,39.61791,22.00995,18.34163,11.7272,22.8725,22.8725
1011,20.175789,41.818908,42.91941,39.61791,22.00995,18.34163,11.7272,22.8725,22.8725
1012,20.175789,41.818908,42.91941,39.61791,22.00995,18.34163,11.7272,22.8725,22.8725
1013,20.175789,41.818908,42.91941,39.61791,22.00995,18.34163,11.7272,22.8725,22.8725
1014,20.175789,41.818908,42.91941,39.61791,22.00995,18.34163,11.7272,22.8725,22.8725
1015,20.175789,41.818908,42.91941,39.61791,22.00995,18.34163,11.7272,22.8725,22.8725
1016,20.175789,41.818908,42.91941,39.61791,22.00995,18.34163,11.7272,22.8725,22.8725
1017,20.175789,41.818908,42.91941,39.61791,22.00995,18.34163,11.7272,22.8725,22.8725
1018,20.175789,41.818908,42.91941,39.61791,22.00995,18.34163,11.7272,22.8725,22.8725
1019,20.175789,41.818908,42.91941,39.61791,22.00995,18.34163,11.7272,22.8725,22.8725
1020,20.175789,41.818908,42.91941,39.61791,22.00995,18.34163,11.7272,22.8725,22.8725
1021,20.175789,41.818908,42.91941,39.61791,22.00995,18.34163,11.7272,22.8725,22.8725
1022,20.175789,41.818908,42.91941,39.61791,22.00995,18.34163,11.7272,22.8725,22.8725
1023,20.175789,41.818908,42.91941,39.61791,22.00995,18.34163,11.7272,22.8725,22.8725
1024,20.175789,41.818908,42.91941,39.61791,22.00995,18.34163,11.7272,22.8725,22.8725
1025,20.175789,41.818908,42.91941,39.61791,22.00995,18.34163,11.7272,22.8725,22.8725
1026,20.175789,41.818908,42.91941,39.61791,22.00995,18.34163,11.7272,22.8725,22.8725
1027,20.175789,41.818908,42.91941,39.61791,22.00995,18.34163,11.7272,22.8725,22.8725
1028,20.175789,41.818908,42.91941,39.61791,22.00995,18.34163,11.7272,22.8725,22.8725
1029,20.175789,41.818908,42.91941,39.61791,22.00995,18.34163,11.7272,22.8725,22.8725
1030,20.175789,41.818908,42.91941,39.61791,22.00995,18.34163,11.7272,22.8725,22.8725
1031,20.175789,41.818908,42.91941,39.61791,22.00995,18.34163,11.7272,22.8725,22.8725
1032,20.175789,41.818908,42.91941,39.61791,22.00995,18.34163,11.7272,22.8725,22.8725
1033,20.175789,41.818908,42.91941,39.61791,22.00995,18.34163,11.7272,22.8725,22.8725
1034,20.175789,41.818908,42.91941,39.61791,22.00995,18.34163,11.7272,22.8725,22.8725
1035,20.175789,41.818908,42.91941,39.61791,22.00995,18.34163,11.7272,22.8725,22.8725
1036,20.175789,41.818908,42.91941,39.61791,22.00995,18.34163,11.7272,22.8725,22.8725
1037,20.175789,41.818908,42.91941,39.61791,22.00995,18.34163,11.7272,22.8725,22.8725
1038,20.175789,41.818908,42.91941,39.61791,22.00995,18.34163,11.7272,22.8725,22.8725
1039,20.175789,41.818908,42.91941,39.61791,22.00995,18.34163,11.7272,22.8725,22.8725
1040,20.175789,41.818908,42.91941,39.61791,22.00995,18.34163,11.7272,22.8725,22.8725
1041,20.175789,41.818908,42.91941,39.61791,22.00995,18.34163,11.7272,22.8725,22.8725
1042,20.175789,41.818908,42.91941,39.61791,22.00995,18.34163,11.7272,22.8725,22.8725
1043,20.175789,41.818908,42.91941,39.61791,22.00995,18.34163,11.7272,22.8725,22.8725
1044,20.175789,41.818908,42.91941,39.61791,22.00995,18.34163,11.7272,22.8725,22.8725
1045,20.175789,41.818908,42.91941,39.61791,22.00995,18.34163,11.7272,22.8725,22.8725
1046,20.175789,41.818908,42.91941,39.61791,22.00995,18.34163,11.7272,22.8725,22.8725
1047,20.175789,41.818908,42.91941,39.61791,22.00995,18.34163,11.7272,22.8725,22.8725
1048,20.175789,41.818908,42.91941,39.61791,22.00995,18.34163,11.7272,22.8725,22.8725
1049,20.175789,41.818908,42.91941,39.61791,22.00995,18.34163,11.7272,22.8725,22.8725
1050,20.175789,41.818908,42.91941,39.61791,22.00995,18.34163,11.7272,22.8725,22.8725
1051,20.175789,41.818908,42.91941,39.61791,22.00995,18.34163,11.7272,22.8725,22.8725
1052,20.175789,41.818908,42.91941,39.61791,22.00995,18.34163,11.7272,22.8725,22.8725
1053,20.175789,41.818908,42.91941,39.61791,22.00995,18.34163,11.7272,22.8725,22.8725
1054,20.175789,41.818908,42.91941,39.61791,22.00995,18.34163,11.7272,22.8725,22.8725
1055,20.175789,41.818908,42.91941,39.61791,22.00995,18.34163,11.7272,22.8725,22.8725
1056,20.175789,41.818908,42.91941,39.61791,22.00995,18.34163,11.7272,22.8725,22.8725
1057,20.175789,41.818908,42.91941,39.61791,22.00995,18.34163,11.7272,22.8725,22.8725
1058,20.175789,41.818908,42.91941,39.61791,22.00995,18.34163,11.7272,22.8725,22.8725
1059,20.175789,41.818908,42.91941,39.61791,22.00995,18.34163,11.7272,22.8725,22.8725
1060,20.175789,41.818908,42.91941,39.61791,22.00995,18.34163,11.7272,22.8725,22.8725
1061,20.175789,41.818908,42.91941,39.61791,22.00995,18.34163,11.7272,22.8725,22.8725
1062,20.175789,41.818908,42.91941,39.61791,22.00995,18.34163,11.7272,22.8725,22.8725
1063,20.175789,41.818908,42.91941,39.61791,22.00995,18.34163,11.7272,22.8725,22.8725
1064,20.175789,41.818908,42.91941,39.61791,22.00995,18.34163,11.7272,22.8725,22.8725
1065,20.175789,41.818908,42.91941,39.61791,22.00995,18.34163,11.7272,22.8725,22.8725
1066,20.175789,41.818908,42.91941,39.61791,22.00995,18.34163,11.7272,22.8725,22.8725
1067,20.175789,41.818908,42.91941,39.61791,22.00995,18.34163,11.7272,22.8725,22.8725
1068,20.175789,41.818908,42.91941,39.61791,22.00995,18.34163,11.7272,22.8725,22.8725
1069,20.175789,41.818908,42.91941,39.61791,22.00995,18.34163,11.7272,22.8725,22.8725
1070,20.175789,41.818908,42.91941,39.61791,22.00995,18.34163,11.7272,22.8725,22.8725
1071,20.175789,41.818908,42.91941,39.61791,22.00995,18.34163,11.7272,22.8725,22.8725
1072,20.175789,41.818908,42.91941,39.61791,22.00995,18.34163,11.7272,22.8725,22.8725
1073,20.175789,41.818908,42.91941,39.61791,22.00995,18.34163,11.7272,22.8725,22.8725
1074,20.175789,41.818908,42.91941,39.61791,22.00995,18.34163,11.7272,22.8725,22.8725
1075,20.175789,41.818908,42.91941,39.61791,22.00995,18.34163,11.7272,22.8725,22.8725
1076,20.175789,41.818908,42.91941,39.61791,22.00995,18.34163,11.7272,22.8725,22.8725
1077,20.175789,41.818908,42.91941,39.61791,22.00995,18.34163,11.7272,22.8725,22.8725
1078,20.175789,41.818908,42.91941,39.61791,22.00995,18.34163,11.7272,22.8725,22.8725
1079,20.175789,41.818908,42.91941,39.61791,22.00995,18.34163,11.7272,22.8725,22.8725
1080,20.175789,41.818908,42.91941,39.61791,22.00995,18.34163,11.7272,22.8725,22.8725
1081,20.175789,41.818908,42.91941,39.61791,22.00995,18.34163,11.7272,22.8725,22.8725
1082,20.175789,41.818908,42.91941,39.61791,22.00995,18.34163,11.7272,22.8725,22.8725
1083,20.175789,41.818908,42.91941,39.61791,22.00995,18.34163,11.7272,22.8725,22.8725
1084,20.175789,41.818908,42.91941,39.61791,22.00995,18.34163,11.7272,22.8725,22.8725
1085,20.175789,41.818908,42.91941,39.61791,22.00995,18.34163,11.7272,22.8725,22.8725
1086,20.175789,41.818908,42.91941,39.61791,22.00995,18.34163,11.7272,22.8725,22.8725
1087,20.175789,41.818908,42.91941,39.61791,22.00995,18.34163,11.7272,22.8725,22.8725
1088,20.175789,41.818908,42.91941,39.61791,22.00995,18.34163,11.7272,22.8725,22.8725
1089,20.175789,41.818908,42.91941,39.61791,22.00995,18.34163,11.7272,22.8725,22.8725
1090,20.175789,41.818908,42.91941,39.61791,22.00995,18.34163,11.7272,22.8725,22.8725
1091,20.175789,41.818908,42.91941,39.61791,22.00995,18.34163,11.7272,22.8725,22.8725
1092,20.175789,41.818908,42.91941,39.61791,22.00995,18.34163,11.7272,22.8725,22.8725
1093,20.175789,41.818908,42.91941,39.61791,22.00995,18.34163,11.7272,22.8725,22.8725
1094,20.175789,41.818908,42.91941,39.61791,22.00995,18.34163,11.7272,22.8725,22.8725
1095,20.175789,41.818908,42.91941,39.61791,22.00995,18.34163,11.7272,22.8725,22.8725
1096,20.175789,41.818908,42.91941,39.61791,22.00995,18.34163,11.7272,22.8725,22.8725
1097,20.175789,41.818908,42.91941,39.61791,22.00995,18.34163,11.7272,22.8725,22.8725
1098,20.175789,41.818908,42.91941,39.61791,22.00995,18.34163,11.7272,22.8725,22.8725
1099,20.175789,41.818908,42.91941,39.61791,22.00995,18.34163,11.7272,22.8725,22.8725
1100,20.175789,41.818908,42.91941,39.61791,22.00995,18.34163,11.7272,22.8725,22.8725
1101,20.175789,41.818908,42.91941,39.61791,22.00995,18.34163,11.7272,22.8725,22.8725
1102,20.175789,41.818908,42.91941,39.61791,22.00995,18.34163,11.7272,22.8725,22.8725
1103,20.175789,41.818908,42.91941,39.61791,22.00995,18.34163,11.7272,22.8725,22.8725
1104,20.175789,41.818908,42.91941,39.61791,22.00995,18.34163,11.7272,22.8725,22.8725
1105,20.175789,41.818908,42.91941,39.61791,22.00995,18.34163,11.7272,22.8725,22.8725
1106,20.175789,41.818908,42.91941,39.61791,22.00995,18.34163,11.7272,22.8725,22.8725
1107,20.175789,41.818908,42.91941,39.61791,22.00995,18.34163,11.7272,22.8725,22.8725
1108,20.175789,41.818908,42.91941,39.61791,22.00995,18.34163,11.7272,22.8725,22.8725
1109,20.175789,41.818908,42.91941,39.61791,22.00995,18.34163,11.7272,22.8725,22.8725
1110,20.175789,41.818908,42.91941,39.61791,22.00995,18.34163,11.7272,22.8725,22.8725
1111,20.175789,41.818908,42.91941,39.61791,22.00995,18.34163,11.7272,22.8725,22.8725
1112,20.175789,41.818908,42.91941,39.61791,22.00995,18.34163,11.7272,22.8725,22.8725
1113,20.175789,41.818908,42.91941,39.61791,22.00995,18.34163,11.7272,22.8725,22.8725
1114,20.175789,41.818908,42.91941,39.61791,22.00995,18.34163,11.7272,22.8725,22.8725
1115,20.175789,41.818908,42.91941,39.61791,22.00995,18.34163,11.7272,22.8725,22.8725
1116,20.175789,41.818908,42.91941,39.61791,22.00995,18.34163,11.7272,22.8725,22.8725
1117,20.175789,41.818908,42.91941,39.61791,22.00995,18.34163,11.7272,22.8725,22.8725
1118,20.175789,41.818908,42.91941,39.61791,22.00995,18.34163,11.7272,22.8725,22.8725
1119,20.175789,41.818908,42.91941,39.61791,22.00995,18.34163,11.7272,22.8725,22.8725
1120,20.175789,41.818908,42.91941,39.61791,22.00995,18.34163,11.7272,22.8725,22.8725
1121,20.175789,41.818908,42.91941,39.61791,22.00995,18.34163,11.7272,22.8725,22.8725
1122,20.175789,41.818908,42.91941,39.61791,22.00995,18.34163,11.7272,22.8725,22.8725
1123,20.175789,41.818908,42.91941,39.61791,22.00995,18.34163,11.7272,22.8725,22.8725
1124,20.175789,41.818908,42.91941,39.61791,22.00995,18.34163,11.7272,22.8725,22.8725
1125,20.175789,41.818908,42.91941,39.61791,22.00995,18.34163,11.7272,22.8725,22.8725
1126,20.175789,41.818908,42.91941,39.61791,22.00995,18.34163,11.7272,22.8725,22.8725
1127,20.175789,41.818908,42.91941,39.61791,22.00995,18.34163,11.7272,22.8725,22.8725
1128,20.175789,41.818908,42.91941,39.61791,22.00995,18.34163,11.7272,22.8725,22.8725
1129,20.175789,41.818908,42.91941,39.61791,22.00995,18.34163,11.7272,22.8725,22.8725
1130,20.175789,41.818908,42.91941,39.61791,22.00995,18.34163,11.7272,22.8725,22.8725
1131,20.175789,41.818908,42.91941,39.61791,22.00995,18.34163,11.7272,22.8725,22.8725
1132,20.175789,41.818908,42.91941,39.61791,22.00995,18.34163,11.7272,22.8725,22.8725
1133,20.175789,41.818908,42.91941,39.61791,22.00995,18.34163,11.7272,22.8725,22.8725
1134,20.175789,41.818908,42.91941,39.61791,22.00995,18.34163,11.7272,22.8725,22.8725
1135,20.175789,41.818908,42.91941,39.61791,22.00995,18.34163,11.7272,22.8725,22.8725
1136,20.175789,41.818908,42.91941,39.61791,22.00995,18.34163,11.7272,22.8725,22.8725
1137,20.175789,41.818908,42.91941,39.61791,22.00995,18.34163,11.7272,22.8725,22.8725
1138,20.175789,41.818908,42.91941,39.61791,22.00995,18.34163,11.7272,22.8725,22.8725
1139,20.175789,41.818908,42.91941,39.61791,22.00995,18.34163,11.7272,22.8725,22.8725
1140,20.175789,41.818908,42.91941,39.61791,22.00995,18.34163,11.7272,22.8725,22.8725
1141,20.175789,41.818908,42.91941,39.61791,22.00995,18.34163,11.7272,22.8725,22.8725
1142,20.175789,41.818908,42.91941,39.61791,22.00995,18.34163,11.7272,22.8725,22.8725
1143,20.175789,41.818908,42.91941,39.61791,22.00995,18.34163,11.7272,22.8725,22.8725
1144,20.175789,41.818908,42.91941,39.61791,22.00995,18.34163,11.7272,22.8725,22.8725
1145,20.175789,41.818908,42.91941,39.61791,22.00995,18.34163,11.7272,22.8725,22.8725
1146,20.175789,41.818908,42.91941,39.61791,22.00995,18.34163,11.7272,22.8725,22.8725
1147,20.175789,41.818908,42.91941,39.61791,22.00995,18.34163,11.7272,22.8725,22.8725
1148,20.175789,41.818908,42.91941,39.61791,22.00995,18.34163,11.7272,22.8725,22.8725
1149,20.175789,41.818908,42.91941,39.61791,22.00995,18.34163,11.7272,22.8725,22.8725
1150,20.175789,41.818908,42.91941,39.61791,22.00995,18.34163,11.7272,22.8725,22.8725
1151,20.175789,41.818908,42.91941,39.61791,22.00995,18.34163,11.7272,22.8725,22.8725
1152,20.175789,41.818908,42.91941,39.61791,22.00995,18.34163,11.7272,22.8725,22.8725
1153,20.175789,41.818908,42.91941,39.61791,22.00995,18.34163,11.7272,22.8725,22.8725
1154,20.175789,41.818908,42.91941,39.61791,22.00995,18.34163,11.7272,22.8725,22.8725
1155,20.175789,41.818908,42.91941,39.61791,22.00995,18.34163,11.7272,22.8725,22.8725
1156,20.175789,41.818908,42.91941,39.61791,22.00995,18.34163,11.7272,22.8725,22.8725
1157,20.175789,41.818908,42.91941,39.61791,22.00995,18.34163,11.7272,22.8725,22.8725
1158,20.175789,41.818908,42.91941,39.61791,22.00995,18.34163,11.7272,22.8725,22.8725
1159,20.175789,41.818908,42.91941,39.61791,22.00995,18.34163,11.7272,22.8725,22.8725
1160,20.175789,41.818908,42.91941,39.61791,22.00995,18.34163,11.7272,22.8725,22.8725
1161,20.175789,41.818908,42.91941,39.61791,22.00995,18.34163,11.7272,22.8725,22.8725
1162,20.175789,41.818908,42.91941,39.61791,22.00995,18.34163,11.7272,22.8725,22.8725
1163,20.175789,41.818908,42.91941,39.61791,22.00995,18.34163,11.7272,22.8725,22.8725
1164,20.175789,41.818908,42.91941,39.61791,22.00995,18.34163,11.7272,22.8725,22.8725
1165,20.175789,41.818908,42.91941,39.61791,22.00995,18.34163,11.7272,22.8725,22.8725
1166,20.175789,41.818908,42.91941,39.61791,22.00995,18.34163,11.7272,22.8725,22.8725
1167,20.175789,41.818908,42.91941,39.61791,22.00995,18.34163,11.7272,22.8725,22.8725
1168,20.175789,41.818908,42.91941,39.61791,22.00995,18.34163,11.7272,22.8725,22.8725
1169,20.175789,41.818908,42.91941,39.61791,22.00995,18.34163,11.7272,22.8725,22.8725
1170,20.175789,41.818908,42.91941,39.61791,22.00995,18.34163,11.7272,22.8725,22.8725
1171,20.175789,41.818908,42.91941,39.61791,22.00995,18.34163,11.7272,22.8725,22.8725
1172,20.175789,41.818908,42.91941,39.61791,22.00995,18.34163,11.7272,22.8725,22.8725
1173,20.175789,41.818908,42.91941,39.61791,22.00995,18.34163,11.7272,22.8725,22.8725
1174,20.175789,41.818908,42.91941,39.61791,22.00995,18.34163,11.7272,22.8725,22.8725
1175,20.175789,41.818908,42.91941,39.61791,22.00995,18.34163,11.7272,22.8725,22.8725
1176,20.175789,41.818908,42.91941,39.61791,22.00995,18.34163,11.7272,22.8725,22.8725
1177,20.175789,41.818908,42.91941,39.61791,22.00995,18.34163,11.7272,22.8725,22.8725
1178,20.175789,41.818908,42.91941,39.61791,22.00995,18.34163,11.7272,22.8725,22.8725
1179,20.175789,41.818908,42.91941,39.61791,22.00995,18.34163,11.7272,22.8725,22.8725
1180,20.175789,41.818908,42.91941,39.61791,22.00995,18.34163,11.7272,22.8725,22.8725
1181,20.175789,41.818908,42.91941,39.61791,22.00995,18.34163,11.7272,22.8725,22.8725
1182,20.175789,41.818908,42.91941,39.61791,22.00995,18.34163,11.7272,22.8725,22.8725
1183,20.175789,41.818908,42.91941,39.61791,22.00995,18.34163,11.7272,22.8725,22.8725
1184,20.175789,41.818908,42.91941,39.61791,22.00995,18.34163,11.7272,22.8725,22.8725
1185,20.175789,41.818908,42.91941,39.61791,22.00995,18.34163,11.7272,22.8725,22.8725
1186,20.175789,41.818908,42.91941,39.61791,22.00995,18.34163,11.7272,22.8725,22.8725
1187,20.175789,41.818908,42.91941,39.61791,22.00995,18.34163,11.7272,22.8725,22.8725
1188,20.175789,41.818908,42.91941,39.61791,22.00995,18.34163,11.7272,22.8725,22.8725
1189,20.175789,41.818908,42.91941,39.61791,22.00995,18.34163,11.7272,22.8725,22.8725
1190,20.175789,41.818908,42.91941,39.61791,22.00995,18.34163,11.7272,22.8725,22.8725
1191,20.175789,41.818908,42.91941,39.61791,22.00995,18.34163,11.7272,22.8725,22.8725
1192,20.175789,41.818908,42.91941,39.61791,22.00995,18.34163,11.7272,22.8725,22.8725
1193,20.175789,41.818908,42.91941,39.61791,22.00995,18.34163,11.7272,22.8725,22.8725
1194,20.175789,41.818908,42.91941,39.61791,22.00995,18.34163,11.7272,22.8725,22.8725
1195,20.175789,41.818908,42.91941,39.61791,22.00995,18.34163,11.7272,22.8725,22.8725
1196,20.175789,41.818908,42.91941,39.61791,22.00995,18.34163,11.7272,22.8725,22.8725
1197,20.175789,41.818908,42.91941,39.61791,22.00995,18.34163,11.7272,22.8725,22.8725
1198,20.175789,41.818908,42.91941,39.61791,22.00995,18.34163,11.7272,22.8725,22.8725
1199,20.175789,41.818908,42.91941,39.61791,22.00995,18.34163,11.7272,22.8725,22.8725
1200,20.175789,41.818908,42.91941,39.61791,22.00995,18.34163,11.7272,22.8725,22.8725
1201,20.175789,41.818908,42.91941,39.61791,22.00995,18.34163,11.7272,22.8725,22.8725
1202,20.175789,41.818908,42.91941,39.61791,22.00995,18.34163,11.7272,22.8725,22.8725
1203,20.175789,41.818908,42.91941,39.61791,22.00995,18.34163,11.7272,22.8725,22.8725
1204,20.175789,41.818908,42.91941,39.61791,22.00995,18.34163,11.7272,22.8725,22.8725
1205,20.175789,41.818908,42.91941,39.61791,22.00995,18.34163,11.7272,22.8725,22.8725
1206,20.175789,41.818908,42.91941,39.61791,22.00995,18.34163,11.7272,22.8725,22.8725
1207,20.175789,41.818908,42.91941,39.61791,22.00995,18.34163,11.7272,22.8725,22.8725
1208,20.175789,41.818908,42.91941,39.61791,22.00995,18.34163,11.7272,22.8725,22.8725
1209,20.175789,41.818908,42.91941,39.61791,22.00995,18.34163,11.7272,22.8725,22.8725
1210,20.175789,41.818908,42.91941,39.61791,22.00995,18.34163,11.7272,22.8725,22.8725
1211,20.175789,41.818908,42.91941,39.61791,22.00995,18.34163,11.7272,22.8725,22.8725
1212,20.175789,41.818908,42.91941,39.61791,22.00995,18.34163,11.7272,22.8725,22.8725
1213,20.175789,41.818908,42.91941,39.61791,22.00995,18.34163,11.7272,22.8725,22.8725
1214,20.175789,41.818908,42.91941,39.61791,22.00995,18.34163,11.7272,22.8725,22.8725
1215,20.175789,41.818908,42.91941,39.61791,22.00995,18.34163,11.7272,22.8725,22.8725
1216,20.175789,41.818908,42.91941,39.61791,22.00995,18.34163,11.7272,22.8725,22.8725
1217,20.175789,41.818908,42.91941,39.61791,22.00995,18.34163,11.7272,22.8725,22.8725
1218,20.175789,41.818908,42.91941,39.61791,22.00995,18.34163,11.7272,22.8725,22.8725
1219,20.175789,41.818908,42.91941,39.61791,22.00995,18.34163,11.7272,22.8725,22.8725
1220,20.175789,41.818908,42.91941,39.61791,22.00995,18.34163,11.7272,22.8725,22.8725
1221,20.175789,41.818908,42.91941,39.61791,22.00995,18.34163,11.7272,22.8725,22.8725
1222,20.175789,41.818908,42.91941,39.61791,22.00995,18.34163,11.7272,22.8725,22.8725
1223,20.175789,41.818908,42.91941,39.61791,22.00995,18.34163,11.7272,22.8725,22.8725
1224,20.175789,41.818908,42.91941,39.61791,22.00995,18.34163,11.7272,22.8725,22.8725
1225,20.175789,41.818908,42.91941,39.61791,22.00995,18.34163,11.7272,22.8725,22.8725
1226,20.175789,41.818908,42.91941,39.61791,22.00995,18.34163,11.7272,22.8725,22.8725
1227,20.175789,41.818908,42.91941,39.61791,22.00995,18.34163,11.7272,22.8725,22.8725
1228,20.175789,41.818908,42.91941,39.61791,22.00995,18.34163,11.7272,22.8725,22.8725
1229,20.175789,41.818908,42.91941,39.61791,22.00995,18.34163,11.7272,22.8725,22.8725
1230,20.175789,41.818908,42.91941,39.61791,22.00995,18.34163,11.7272,22.8725,22.8725
1231,20.175789,41.818908,42.91941,39.61791,22.00995,18.34163,11.7272,22.8725,22.8725
1232,20.175789,41.818908,42.91941,39.61791,22.00995,18.34163,11.7272,22.8725,22.8725
1233,20.175789,41.818908,42.91941,39.61791,22.00995,18.34163,11.7272,22.8725,22.8725
1234,20.175789,41.818908,42.91941,39.61791,22.00995,18.34163,11.7272,22.8725,22.8725
1235,20.175789,41.818908,42.91941,39.61791,22.00995,18.34163,11.7272,22.8725,22.8725
1236,20.175789,41.818908,42.91941,39.61791,22.00995,18.34163,11.7272,22.8725,22.8725
1237,20.175789,41.818908,42.91941,39.61791,22.00995,18.34163,11.7272,22.8725,22.8725
1238,20.175789,41.818908,42.91941,39.61791,22.00995,18.34163,11.7272,22.8725,22.8725
1239,20.175789,41.818908,42.91941,39.61791,22.00995,18.34163,11.7272,22.8725,22.8725
1240,20.175789,41.818908,42.91941,39.61791,22.00995,18.34163,11.7272,22.8725,22.8725
1241,20.175789,41.818908,42.91941,39.61791,22.00995,18.34163,11.7272,22.8725,22.8725
1242,20.175789,41.818908,42.91941,39.61791,22.00995,18.34163,11.7272,22.8725,22.8725
1243,20.175789,41.818908,42.91941,39.61791,22.00995,18.34163,11.7272,22.8725,22.8725
1244,20.175789,41.818908,42.91941,39.61791,22.00995,18.34163,11.7272,22.8725,22.8725
1245,20.175789,41.818908,42.91941,39.61791,22.00995,18.34163,11.7272,22.8725,22.8725
1246,20.175789,41.818908,42.91941,39.61791,22.00995,18.34163,11.7272,22.8725,22.8725
1247,20.175789,41.818908,42.91941,39.61791,22.00995,18.34163,11.7272,22.8725,22.8725
1248,20.175789,41.818908,42.91941,39.61791,22.00995,18.34163,11.7272,22.8725,22.8725
1249,20.175789,41.818908,42.91941,39.61791,22.00995,18.34163,11.7272,22.8725,22.8725
1250,20.175789,41.818908,42.91941,39.61791,22.00995,18.34163,11.7272,22.8725,22.8725
1251,20.175789,41.818908,42.91941,39.61791,22.00995,18.34163,11.7272,22.8725,22.8725
1252,20.175789,41.818908,42.91941,39.61791,22.00995,18.34163,11.7272,22.8725,22.8725
1253,20.175789,41.818908,42.91941,39.61791,22.00995,18.34163,11.7272,22.8725,22.8725
1254,20.175789,41.818908,42.91941,39.61791,22.00995,18.34163,11.7272,22.8725,22.8725
1255,20.175789,41.818908,42.91941,39.61791,22.00995,18.34163,11.7272,22.8725,22.8725
1256,20.175789,41.818908,42.91941,39.61791,22.00995,18.34163,11.7272,22.8725,22.8725
1257,20.175789,41.818908,42.91941,39.61791,22.00995,18.34163,11.7272,22.8725,22.8725
1258,20.175789,41.818908,42.91941,39.61791,22.00995,18.34163,11.7272,22.8725,22.8725
1259,20.175789,41.818908,42.91941,39.61791,22.00995,18.34163,11.7272,22.8725,22.8725
1260,20.175789,41.818908,42.91941,39.61791,22.00995,18.34163,11.7272,22.8725,22.8725
1261,20.175789,41.818908,42.91941,39.61791,22.00995,18.34163,11.7272,22.8725,22.8725
1262,20.175789,41.818908,42.91941,39.61791,22.00995,18.34163,11.7272,22.8725,22.8725
1263,20.175789,41.818908,42.91941,39.61791,22.00995,18.34163,11.7272,22.8725,22.8725
1264,20.175789,41.818908,42.91941,39.61791,22.00995,18.34163,11.7272,22.8725,22.8725
1265,20.175789,41.818908,42.91941,39.61791,22.00995,18.34163,11.7272,22.8725,22.8725
1266,20.175789,41.818908,42.91941,39.61791,22.00995,18.34163,11.7272,22.8725,22.8725
1267,20.175789,41.818908,42.91941,39.61791,22.00995,18.34163,11.7272,22.8725,22.8725
1268,20.175789,41.818908,42.91941,39.61791,22.00995,18.34163,11.7272,22.8725,22.8725
1269,20.175789,41.818908,42.91941,39.61791,22.00995,18.34163,11.7272,22.8725,22.8725
1270,20.175789,41.818908,42.91941,39.61791,22.00995,18.34163,11.7272,22.8725,22.8725
1271,20.175789,41.818908,42.91941,39.61791,22.00995,18.34163,11.7272,22.8725,22.8725
1272,20.175789,41.818908,42.91941,39.61791,22.00995,18.34163,11.7272,22.8725,22.8725
1273,20.175789,41.818908,42.91941,39.61791,22.00995,18.34163,11.7272,22.8725,22.8725
1274,20.175789,41.818908,42.91941,39.61791,22.00995,18.34163,11.7272,22.8725,22.8725
1275,20.175789,41.818908,42.91941,39.61791,22.00995,18.34163,11.7272,22.8725,22.8725
1276,20.175789,41.818908,42.91941,39.61791,22.00995,18.34163,11.7272,22.8725,22.8725
1277,20.175789,41.818908,42.91941,39.61791,22.00995,18.34163,11.7272,22.8725,22.8725
1278,20.175789,41.818908,42.91941,39.61791,22.00995,18.34163,11.7272,22.8725,22.8725
1279,20.175789,41.818908,42.91941,39.61791,22.00995,18.34163,11.7272,22.8725,22.8725
1280,20.175789,41.818908,42.91941,39.61791,22.00995,18.34163,11.7272,22.8725,22.8725
1281,20.175789,41.818908,42.91941,39.61791,22.00995,18.34163,11.7272,22.8725,22.8725
1282,20.175789,41.818908,42.91941,39.61791,22.00995,18.34163,11.7272,22.8725,22.8725
1283,20.175789,41.818908,42.91941,39.61791,22.00995,18.34163,11.7272,22.8725,22.8725
1284,20.175789,41.818908,42.91941,39.61791,22.00995,18.34163,11.7272,22.8725,22.8725
1285,20.175789,41.818908,42.91941,39.61791,22.00995,18.34163,11.7272,22.8725,22.8725
1286,20.175789,41.818908,42.91941,39.61791,22.00995,18.34163,11.7272,22.8725,22.8725
1287,20.175789,41.818908,42.91941,39.61791,22.00995,18.34163,11.7272,22.8725,22.8725
1288,20.175789,41.818908,42.91941,39.61791,22.00995,18.34163,11.7272,22.8725,22.8725
1289,20.175789,41.818908,42.91941,39.61791,22.00995,18.34163,11.7272,22.8725,22.8725
1290,20.175789,41.818908,42.91941,39.61791,22.00995,18.34163,11.7272,22.8725,22.8725
1291,20.175789,41.818908,42.91941,39.61791,22.00995,18.34163,11.7272,22.8725,22.8725
1292,20.175789,41.818908,42.91941,39.61791,22.00995,18.34163,11.7272,22.8725,22.8725
1293,20.175789,41.818908,42.91941,39.61791,22.00995,18.34163,11.7272,22.8725,22.8725
1294,20.175789,41.818908,42.91941,39.61791,22.00995,18.34163,11.7272,22.8725,22.8725
1295,20.175789,41.818908,42.91941,39.61791,22.00995,18.34163,11.7272,22.8725,22.8725
1296,20.175789,41.818908,42.91941,39.61791,22.00995,18.34163,11.7272,22.8725,22.8725
1297,20.175789,41.818908,42.91941,39.61791,22.00995,18.34163,11.7272,22.8725,22.8725
1298,20.175789,41.818908,42.91941,39.61791,22.00995,18.34163,11.7272,22.8725,22.8725
1299,20.175789,41.818908,42.91941,39.61791,22.00995,18.34163,11.7272,22.8725,22.8725
1300,20.175789,41.818908,42.91941,39.61791,22.00995,18.34163,11.7272,22.8725,22.8725
1301,20.175789,41.818908,42.91941,39.61791,22.00995,18.34163,11.7272,22.8725,22.8725
1302,20.175789,41.818908,42.91941,39.61791,22.00995,18.34163,11.7272,22.8725,22.8725
1303,20.175789,41.818908,42.91941,39.61791,22.00995,18.34163,11.7272,22.8725,22.8725
1304,20.175789,41.818908,42.91941,39.61791,22.00995,18.34163,11.7272,22.8725,22.8725
1305,20.175789,41.818908,42.91941,39.61791,22.00995,18.34163,11.7272,22.8725,22.8725
1306,20.175789,41.818908,42.91941,39.61791,22.00995,18.34163,11.7272,22.8725,22.8725
1307,20.175789,41.818908,42.91941,39.61791,22.00995,18.34163,11.7272,22.8725,22.8725
1308,20.175789,41.818908,42.91941,39.61791,22.00995,18.34163,11.7272,22.8725,22.8725
1309,20.175789,41.818908,42.91941,39.61791,22.00995,18.34163,11.7272,22.8725,22.8725
1310,20.175789,41.818908,42.91941,39.61791,22.00995,18.34163,11.7272,22.8725,22.8725
1311,20.175789,41.818908,42.91941,39.61791,22.00995,18.34163,11.7272,22.8725,22.8725
1312,20.175789,41.818908,42.91941,39.61791,22.00995,18.34163,11.7272,22.8725,22.8725
1313,20.175789,41.818908,42.91941,39.61791,22.00995,18.34163,11.7272,22.8725,22.8725
1314,20.175789,41.818908,42.91941,39.61791,22.00995,18.34163,11.7272,22.8725,22.8725
1315,20.175789,41.818908,42.91941,39.61791,22.00995,18.34163,11.7272,22.8725,22.8725
1316,20.175789,41.818908,42.91941,39.61791,22.00995,18.34163,11.7272,22.8725,22.8725
1317,20.175789,41.818908,42.91941,39.61791,22.00995,18.34163,11.7272,22.8725,22.8725
1318,20.175789,41.818908,42.91941,39.61791,22.00995,18.34163,11.7272,22.8725,22.8725
1319,20.175789,41.818908,42.91941,39.61791,22.00995,18.34163,11.7272,22.8725,22.8725
1320,20.175789,41.818908,42.91941,39.61791,22.00995,18.34163,11.7272,22.8725,22.8725
1321,20.175789,41.818908,42.91941,39.61791,22.00995,18.34163,11.7272,22.8725,22.8725
1322,20.175789,41.818908,42.91941,39.61791,22.00995,18.34163,11.7272,22.8725,22.8725
1323,20.175789,41.818908,42.91941,39.61791,22.00995,18.34163,11.7272,22.8725,22.8725
1324,20.175789,41.818908,42.91941,39.61791,22.00995,18.34163,11.7272,22.8725,22.8725
1325,20.175789,41.818908,42.91941,39.61791,22.00995,18.34163,11.7272,22.8725,22.8725
1326,20.175789,41.818908,42.91941,39.61791,22.00995,18.34163,11.7272,22.8725,22.8725
1327,20.175789,41.818908,42.91941,39.61791,22.00995,18.34163,11.7272,22.8725,22.8725
1328,20.175789,41.818908,42.91941,39.61791,22.00995,18.34163,11.7272,22.8725,22.8725
1329,20.175789,41.818908,42.91941,39.61791,22.00995,18.34163,11.7272,22.8725,22.8725
1330,20.175789,41.818908,42.91941,39.61791,22.00995,18.34163,11.7272,22.8725,22.8725
1331,20.175789,41.818908,42.91941,39.61791,22.00995,18.34163,11.7272,22.8725,22.8725
1332,20.175789,41.818908,42.91941,39.61791,22.00995,18.34163,11.7272,22.8725,22.8725
1333,20.175789,41.818908,42.91941,39.61791,22.00995,18.34163,11.7272,22.8725,22.8725
1334,20.175789,41.818908,42.91941,39.61791,22.00995,18.34163,11.7272,22.8725,22.8725
1335,20.175789,41.818908,42.91941,39.61791,22.00995,18.34163,11.7272,22.8725,22.8725
1336,20.175789,41.818908,42.91941,39.61791,22.00995,18.34163,11.7272,22.8725,22.8725
1337,20.175789,41.818908,42.91941,39.61791,22.00995,18.34163,11.7272,22.8725,22.8725
1338,20.175789,41.818908,42.91941,39.61791,22.00995,18.34163,11.7272,22.8725,22.8725
1339,20.175789,41.818908,42.91941,39.61791,22.00995,18.34163,11.7272,22.8725,22.8725
1340,20.175789,41.818908,42.91941,39.61791,22.00995,18.34163,11.7272,22.8725,22.8725
1341,20.175789,41.818908,42.91941,39.61791,22.00995,18.34163,11.7272,22.8725,22.8725
1342,20.175789,41.818908,42.91941,39.61791,22.00995,18.34163,11.7272,22.8725,22.8725
1343,20.175789,41.818908,42.91941,39.61791,22.00995,18.34163,11.7272,22.8725,22.8725
1344,20.175789,41.818908,42.91941,39.61791,22.00995,18.34163,11.7272,22.8725,22.8725
1345,20.175789,41.818908,42.91941,39.61791,22.00995,18.34163,11.7272,22.8725,22.8725
1346,20.175789,41.818908,42.91941,39.61791,22.00995,18.34163,11.7272,22.8725,22.8725
1347,20.175789,41.818908,42.91941,39.61791,22.00995,18.34163,11.7272,22.8725,22.8725
1348,20.175789,41.818908,42.91941,39.61791,22.00995,18.34163,11.7272,22.8725,22.8725
1349,20.175789,41.818908,42.91941,39.61791,22.00995,18.34163,11.7272,22.8725,22.8725
1350,20.175789,41.818908,42.91941,39.61791,22.00995,18.34163,11.7272,22.8725,22.8725
1351,20.175789,41.818908,42.91941,39.61791,22.00995,18.34163,11.7272,22.8725,22.8725
1352,20.175789,41.818908,42.91941,39.61791,22.00995,18.34163,11.7272,22.8725,22.8725
1353,20.175789,41.818908,42.91941,39.61791,22.00995,18.34163,11.7272,22.8725,22.8725
1354,20.175789,41.818908,42.91941,39.61791,22.00995,18.34163,11.7272,22.8725,22.8725
1355,20.175789,41.818908,42.91941,39.61791,22.00995,18.34163,11.7272,22.8725,22.8725
1356,20.175789,41.818908,42.91941,39.61791,22.00995,18.34163,11.7272,22.8725,22.8725
1357,20.175789,41.818908,42.91941,39.61791,22.00995,18.34163,11.7272,22.8725,22.8725
1358,20.175789,41.818908,42.91941,39.61791,22.00995,18.34163,11.7272,22.8725,22.8725
1359,20.175789,41.818908,42.91941,39.61791,22.00995,18.34163,11.7272,22.8725,22.8725
1360,20.175789,41.818908,42.91941,39.61791,22.00995,18.34163,11.7272,22.8725,22.8725
1361,20.175789,41.818908,42.91941,39.61791,22.00995,18.34163,11.7272,22.8725,22.8725
1362,20.175789,41.818908,42.91941,39.61791,22.00995,18.34163,11.7272,22.8725,22.8725
1363,20.175789,41.818908,42.91941,39.61791,22.00995,18.34163,11.7272,22.8725,22.8725
1364,20.175789,41.818908,42.91941,39.61791,22.00995,18.34163,11.7272,22.8725,22.8725
1365,20.175789,41.818908,42.91941,39.61791,22.00995,18.34163,11.7272,22.8725,22.8725
1366,20.175789,41.818908,42.91941,39.61791,22.00995,18.34163,11.7272,22.8725,22.8725
1367,20.175789,41.818908,42.91941,39.61791,22.00995,18.34163,11.7272,22.8725,22.8725
1368,20.175789,41.818908,42.91941,39.61791,22.00995,18.34163,11.7272,22.8725,22.8725
1369,20.175789,41.818908,42.91941,39.61791,22.00995,18.34163,11.7272,22.8725,22.8725
1370,20.175789,41.818908,42.91941,39.61791,22.00995,18.34163,11.7272,22.8725,22.8725
1371,20.175789,41.818908,42.91941,39.61791,22.00995,18.34163,11.7272,22.8725,22.8725
1372,20.175789,41.818908,42.91941,39.61791,22.00995,18.34163,11.7272,22.8725,22.8725
1373,20.175789,41.818908,42.91941,39.61791,22.00995,18.34163,11.7272,22.8725,22.8725
1374,20.175789,41.818908,42.91941,39.61791,22.00995,18.34163,11.7272,22.8725,22.8725
1375,20.175789,41.818908,42.91941,39.61791,22.00995,18.34163,11.7272,22.8725,22.8725
1376,20.175789,41.818908,42.91941,39.61791,22.00995,18.34163,11.7272,22.8725,22.8725
1377,20.175789,41.818908,42.91941,39.61791,22.00995,18.34163,11.7272,22.8725,22.8725
1378,20.175789,41.818908,42.91941,39.61791,22.00995,18.34163,11.7272,22.8725,22.8725
1379,20.175789,41.818908,42.91941,39.61791,22.00995,18.34163,11.7272,22.8725,22.8725
1380,20.175789,41.818908,42.91941,39.61791,22.00995,18.34163,11.7272,22.8725,22.8725
1381,20.175789,41.818908,42.91941,39.61791,22.00995,18.34163,11.7272,22.8725,22.8725
1382,20.175789,41.818908,42.91941,39.61791,22.00995,18.34163,11.7272,22.8725,22.8725
1383,20.175789,41.818908,42.91941,39.61791,22.00995,18.34163,11.7272,22.8725,22.8725
1384,20.175789,41.818908,42.91941,39.61791,22.00995,18.34163,11.7272,22.8725,22.8725
1385,20.175789,41.818908,42.91941,39.61791,22.00995,18.34163,11.7272,22.8725,22.8725
1386,20.175789,41.818908,42.91941,39.61791,22.00995,18.34163,11.7272,22.8725,22.8725
1387,20.175789,41.818908,42.91941,39.61791,22.00995,18.34163,11.7272,22.8725,22.8725
1388,20.175789,41.818908,42.91941,39.61791,22.00995,18.34163,11.7272,22.8725,22.8725
1389,20.175789,41.818908,42.91941,39.61791,22.00995,18.34163,11.7272,22.8725,22.8725
1390,20.175789,41.818908,42.91941,39.61791,22.00995,18.34163,11.7272,22.8725,22.8725
1391,20.175789,41.818908,42.91941,39.61791,22.00995,18.34163,11.7272,22.8725,22.8725
1392,20.175789,41.818908,42.91941,39.61791,22.00995,18.34163,11.7272,22.8725,22.8725
1393,20.175789,41.818908,42.91941,39.61791,22.00995,18.34163,11.7272,22.8725,22.8725
1394,20.175789,41.818908,42.91941,39.61791,22.00995,18.34163,11.7272,22.8725,22.8725
1395,20.175789,41.818908,42.91941,39.61791,22.00995,18.34163,11.7272,22.8725,22.8725
1396,20.175789,41.818908,42.91941,39.61791,22.00995,18.34163,11.7272,22.8725,22.8725
1397,20.175789,41.818908,42.91941,39.61791,22.00995,18.34163,11.7272,22.8725,22.8725
1398,20.175789,41.818908,42.91941,39.61791,22.00995,18.34163,11.7272,22.8725,22.8725
1399,20.175789,41.818908,42.91941,39.61791,22.00995,18.34163,11.7272,22.8725,22.8725
1400,20.175789,41.818908,42.91941,39.61791,22.00995,18.34163,11.7272,22.8725,22.8725
1401,20.175789,41.818908,42.91941,39.61791,22.00995,18.34163,11.7272,22.8725,22.8725
1402,20.175789,41.818908,42.91941,39.61791,22.00995,18.34163,11.7272,22.8725,22.8725
1403,20.175789,41.818908,42.91941,39.61791,22.00995,18.34163,11.7272,22.8725,22.8725
1404,20.175789,41.818908,42.91941,39.61791,22.00995,18.34163,11.7272,22.8725,22.8725
1405,20.175789,41.818908,42.91941,39.61791,22.00995,18.34163,11.7272,22.8725,22.8725
1406,20.175789,41.818908,42.91941,39.61791,22.00995,18.34163,11.7272,22.8725,22.8725
1407,20.175789,41.818908,42.91941,39.61791,22.00995,18.34163,11.7272,22.8725,22.8725
1408,20.175789,41.818908,42.91941,39.61791,22.00995,18.34163,11.7272,22.8725,22.8725
1409,20.175789,41.818908,42.91941,39.61791,22.00995,18.34163,11.7272,22.8725,22.8725
1410,20.175789,41.818908,42.91941,39.61791,22.00995,18.34163,11.7272,22.8725,22.8725
1411,20.175789,41.818908,42.91941,39.61791,22.00995,18.34163,11.7272,22.8725,22.8725
1412,20.175789,41.818908,42.91941,39.61791,22.00995,18.34163,11.7272,22.8725,22.8725
1413,20.175789,41.818908,42.91941,39.61791,22.00995,18.34163,11.7272,22.8725,22.8725
1414,20.175789,41.818908,42.91941,39.61791,22.00995,18.34163,11.7272,22.8725,22.8725
1415,20.175789,41.818908,42.91941,39.61791,22.00995,18.34163,11.7272,22.8725,22.8725
1416,20.175789,41.818908,42.91941,39.61791,22.00995,18.34163,11.7272,22.8725,22.8725
1417,20.175789,41.818908,42.91941,39.61791,22.00995,18.34163,11.7272,22.8725,22.8725
1418,20.175789,41.818908,42.91941,39.61791,22.00995,18.34163,11.7272,22.8725,22.8725
1419,20.175789,41.818908,42.91941,39.61791,22.00995,18.34163,11.7272,22.8725,22.8725
1420,20.175789,41.818908,42.91941,39.61791,22.00995,18.34163,11.7272,22.8725,22.8725
1421,20.175789,41.818908,42.91941,39.61791,22.00995,18.34163,11.7272,22.8725,22.8725
1422,20.175789,41.818908,42.91941,39.61791,22.00995,18.34163,11.7272,22.8725,22.8725
1423,20.175789,41.818908,42.91941,39.61791,22.00995,18.34163,11.7272,22.8725,22.8725
1424,20.175789,41.818908,42.91941,39.61791,22.00995,18.34163,11.7272,22.8725,22.8725
1425,20.175789,41.818908,42.91941,39.61791,22.00995,18.34163,11.7272,22.8725,22.8725
1426,20.175789,41.818908,42.91941,39.61791,22.00995,18.34163,11.7272,22.8725,22.8725
1427,20.175789,41.818908,42.91941,39.61791,22.00995,18.34163,11.7272,22.8725,22.8725
1428,20.175789,41.818908,42.91941,39.61791,22.00995,18.34163,11.7272,22.8725,22.8725
1429,20.175789,41.818908,42.91941,39.61791,22.00995,18.34163,11.7272,22.8725,22.8725
1430,20.175789,41.818908,42.91941,39.61791,22.00995,18.34163,11.7272,22.8725,22.8725
1431,20.175789,41.818908,42.91941,39.61791,22.00995,18.34163,11.7272,22.8725,22.8725
1432,20.175789,41.818908,42.91941,39.61791,22.00995,18.34163,11.7272,22.8725,22.8725
1433,20.175789,41.818908,42.91941,39.61791,22.00995,18.34163,11.7272,22.8725,22.8725
1434,20.175789,41.818908,42.91941,39.61791,22.00995,18.34163,11.7272,22.8725,22.8725
1435,20.175789,41.818908,42.91941,39.61791,22.00995,18.34163,11.7272,22.8725,22.8725
1436,20.175789,41.818908,42.91941,39.61791,22.00995,18.34163,11.7272,22.8725,22.8725
1437,20.175789,41.818908,42.91941,39.61791,22.00995,18.34163,11.7272,22.8725,22.8725
1438,20.175789,41.818908,42.91941,39.61791,22.00995,18.34163,11.7272,22.8725,22.8725
1439,20.175789,41.818908,42.91941,39.61791,22.00995,18.34163,11.7272,22.8725,22.8725
1440,20.175789,41.818908,42.91941,39.61791,22.00995,18.34163,11.7272,22.8725,22.8725
1441,20.175789,41.818908,42.91941,39.61791,22.00995,18.34163,11.7272,22.8725,22.8725
1442,20.175789,41.818908,42.91941,39.61791,22.00995,18.34163,11.7272,22.8725,22.8725
1443,20.175789,41.818908,42.91941,39.61791,22.00995,18.34163,11.7272,22.8725,22.8725
1444,20.175789,41.818908,42.91941,39.61791,22.00995,18.34163,11.7272,22.8725,22.8725
1445,20.175789,41.818908,42.91941,39.61791,22.00995,18.34163,11.7272,22.8725,22.8725
1446,20.175789,41.818908,42.91941,39.61791,22.00995,18.34163,11.7272,22.8725,22.8725
1447,20.175789,41.818908,42.91941,39.61791,22.00995,18.34163,11.7272,22.8725,22.8725
1448,20.175789,41.818908,42.91941,39.61791,22.00995,18.34163,11.7272,22.8725,22.8725
1449,20.175789,41.818908,42.91941,39.61791,22.00995,18.34163,11.7272,22.8725,22.8725
1450,20.175789,41.818908,42.91941,39.61791,22.00995,18.34163,11.7272,22.8725,22.8725
1451,20.175789,41.818908,42.91941,39.61791,22.00995,18.34163,11.7272,22.8725,22.8725
1452,20.175789,41.818908,42.91941,39.61791,22.00995,18.34163,11.7272,22.8725,22.8725
1453,20.175789,41.818908,42.91941,39.61791,22.00995,18.34163,11.7272,22.8725,22.8725
1454,20.175789,41.818908,42.91941,39.61791,22.00995,18.34163,11.7272,22.8725,22.8725
1455,20.175789,41.818908,42.91941,39.61791,22.00995,18.34163,11.7272,22.8725,22.8725
1456,20.175789,41.818908,42.91941,39.61791,22.00995,18.34163,11.7272,22.8725,22.8725
1457,20.175789,41.818908,42.91941,39.61791,22.00995,18.34163,11.7272,22.8725,22.8725
1458,20.175789,41.818908,42.91941,39.61791,22.00995,18.34163,11.7272,22.8725,22.8725
1459,20.175789,41.818908,42.91941,39.61791,22.00995,18.34163,11.7272,22.8725,22.8725
1460,20.175789,41.818908,42.91941,39.61791,22.00995,18.34163,11.7272,22.8725,22.8725
1461,20.175789,41.818908,42.91941,39.61791,22.00995,18.34163,11.7272,22.8725,22.8725
1462,20.175789,41.818908,42.91941,39.61791,22.00995,18.34163,11.7272,22.8725,22.8725
1463,20.175789,41.818908,42.91941,39.61791,22.00995,18.34163,11.7272,22.8725,22.8725
1464,20.175789,41.818908,42.91941,39.61791,22.00995,18.34163,11.7272,22.8725,22.8725
1465,20.175789,41.818908,42.91941,39.61791,22.00995,18.34163,11.7272,22.8725,22.8725
1466,20.175789,41.818908,42.91941,39.61791,22.00995,18.34163,11.7272,22.8725,22.8725
1467,20.175789,41.818908,42.91941,39.61791,22.00995,18.34163,11.7272,22.8725,22.8725
1468,20.175789,41.818908,42.91941,39.61791,22.00995,18.34163,11.7272,22.8725,22.8725
1469,20.175789,41.818908,42.91941,39.61791,22.00995,18.34163,11.7272,22.8725,22.8725
1470,20.175789,41.818908,42.91941,39.61791,22.00995,18.34163,11.7272,22.8725,22.8725
1471,20.175789,41.818908,42.91941,39.61791,22.00995,18.34163,11.7272,22.8725,22.8725
1472,20.175789,41.818908,42.91941,39.61791,22.00995,18.34163,11.7272,22.8725,22.8725
1473,20.175789,41.818908,42.91941,39.61791,22.00995,18.34163,11.7272,22.8725,22.8725
1474,20.175789,41.818908,42.91941,39.61791,22.00995,18.34163,11.7272,22.8725,22.8725
1475,20.175789,41.818908,42.91941,39.61791,22.00995,18.34163,11.7272,22.8725,22.8725
1476,20.175789,41.818908,42.91941,39.61791,22.00995,18.34163,11.7272,22.8725,22.8725
1477,20.175789,41.818908,42.91941,39.61791,22.00995,18.34163,11.7272,22.8725,22.8725
1478,20.175789,41.818908,42.91941,39.61791,22.00995,18.34163,11.7272,22.8725,22.8725
1479,20.175789,41.818908,42.91941,39.61791,22.00995,18.34163,11.7272,22.8725,22.8725
1480,20.175789,41.818908,42.91941,39.61791,22.00995,18.34163,11.7272,22.8725,22.8725
1481,20.175789,41.818908,42.91941,39.61791,22.00995,18.34163,11.7272,22.8725,22.8725
1482,20.175789,41.818908,42.91941,39.61791,22.00995,18.34163,11.7272,22.8725,22.8725
1483,20.175789,41.818908,42.91941,39.61791,22.00995,18.34163,11.7272,22.8725,22.8725
1484,20.175789,41.818908,42.91941,39.61791,22.00995,18.34163,11.7272,22.8725,22.8725
1485,20.175789,41.818908,42.91941,39.61791,22.00995,18.34163,11.7272,22.8725,22.8725
1486,20.175789,41.818908,42.91941,39.61791,22.00995,18.34163,11.7272,22.8725,22.8725
1487,20.175789,41.818908,42.91941,39.61791,22.00995,18.34163,11.7272,22.8725,22.8725
1488,20.175789,41.818908,42.91941,39.61791,22.00995,18.34163,11.7272,22.8725,22.8725
1489,20.175789,41.818908,42.91941,39.61791,22.00995,18.34163,11.7272,22.8725,22.8725
1490,20.175789,41.818908,42.91941,39.61791,22.00995,18.34163,11.7272,22.8725,22.8725
1491,20.175789,41.818908,42.91941,39.61791,22.00995,18.34163,11.7272,22.8725,22.8725
1492,20.175789,41.818908,42.91941,39.61791,22.00995,18.34163,11.7272,22.8725,22.8725
1493,20.175789,41.818908,42.91941,39.61791,22.00995,18.34163,11.7272,22.8725,22.8725
1494,20.175789,41.818908,42.91941,39.61791,22.00995,18.34163,11.7272,22.8725,22.8725
1495,20.175789,41.818908,42.91941,39.61791,22.00995,18.34163,11.7272,22.8725,22.8725
1496,20.175789,41.818908,42.91941,39.61791,22.00995,18.34163,11.7272,22.8725,22.8725
1497,20.175789,41.818908,42.91941,39.61791,22.00995,18.34163,11.7272,22.8725,22.8725
1498,20.175789,41.818908,42.91941,39.61791,22.00995,18.34163,11.7272,22.8725,22.8725
1499,20.175789,41.818908,42.91941,39.61791,22.00995,18.34163,11.7272,22.8725,22.8725
1500,20.175789,41.818908,42.91941,39.61791,22.00995,18.34163,11.7272,22.8725,22.8725
1501,20.175789,41.818908,42.91941,39.61791,22.00995,18.34163,11.7272,22.8725,22.8725
1502,20.175789,41.818908,42.91941,39.61791,22.00995,18.34163,11.7272,22.8725,22.8725
1503,20.175789,41.818908,42.91941,39.61791,22.00995,18.34163,11.7272,22.8725,22.8725
1504,20.175789,41.818908,42.91941,39.61791,22.00995,18.34163,11.7272,22.8725,22.8725
1505,20.175789,41.818908,42.91941,39.61791,22.00995,18.34163,11.7272,22.8725,22.8725
1506,20.175789,41.818908,42.91941,39.61791,22.00995,18.34163,11.7272,22.8725,22.8725
1507,20.175789,41.818908,42.91941,39.61791,22.00995,18.34163,11.7272,22.8725,22.8725
1508,20.175789,41.818908,42.91941,39.61791,22.00995,18.34163,11.7272,22.8725,22.8725
1509,20.175789,41.818908,42.91941,39.61791,22.00995,18.34163,11.7272,22.8725,22.8725
1510,20.175789,41.818908,42.91941,39.61791,22.00995,18.34163,11.7272,22.8725,22.8725
1511,20.175789,41.818908,42.91941,39.61791,22.00995,18.34163,11.7272,22.8725,22.8725
1512,20.175789,41.818908,42.91941,39.61791,22.00995,18.34163,11.7272,22.8725,22.8725
1513,20.175789,41.818908,42.91941,39.61791,22.00995,18.34163,11.7272,22.8725,22.8725
1514,20.175789,41.818908,42.91941,39.61791,22.00995,18.34163,11.7272,22.8725,22.8725
1515,20.175789,41.818908,42.91941,39.61791,22.00995,18.34163,11.7272,22.8725,22.8725
1516,20.175789,41.818908,42.91941,39.61791,22.00995,18.34163,11.7272,22.8725,22.8725
1517,20.175789,41.818908,42.91941,39.61791,22.00995,18.34163,11.7272,22.8725,22.8725
1518,20.175789,41.818908,42.91941,39.61791,22.00995,18.34163,11.7272,22.8725,22.8725
1519,20.175789,41.818908,42.91941,39.61791,22.00995,18.34163,11.7272,22.8725,22.8725
1520,20.175789,41.818908,42.91941,39.61791,22.00995,18.34163,11.7272,22.8725,22.8725
1521,20.175789,41.818908,42.91941,39.61791,22.00995,18.34163,11.7272,22.8725,22.8725
1522,20.175789,41.818908,42.91941,39.61791,22.00995,18.34163,11.7272,22.8725,22.8725
1523,20.175789,41.818908,42.91941,39.61791,22.00995,18.34163,11.7272,22.8725,22.8725
1524,20.175789,41.818908,42.91941,39.61791,22.00995,18.34163,11.7272,22.8725,22.8725
1525,20.175789,41.818908,42.91941,39.61791,22.00995,18.34163,11.7272,22.8725,22.8725
1526,20.175789,41.818908,42.91941,39.61791,22.00995,18.34163,11.7272,22.8725,22.8725
1527,20.175789,41.818908,42.91941,39.61791,22.00995,18.34163,11.7272,22.8725,22.8725
1528,20.175789,41.818908,42.91941,39.61791,22.00995,18.34163,11.7272,22.8725,22.8725
1529,20.175789,41.818908,42.91941,39.61791,22.00995,18.34163,11.7272,22.8725,22.8725
1530,20.175789,41.818908,42.91941,39.61791,22.00995,18.34163,11.7272,22.8725,22.8725
1531,20.175789,41.818908,42.91941,39.61791,22.00995,18.34163,11.7272,22.8725,22.8725
1532,20.175789,41.818908,42.91941,39.61791,22.00995,18.34163,11.7272,22.8725,22.8725
1533,20.175789,41.818908,42.91941,39.61791,22.00995,18.34163,11.7272,22.8725,22.8725
1534,20.175789,41.818908,42.91941,39.61791,22.00995,18.34163,11.7272,22.8725,22.8725
1535,20.175789,41.818908,42.91941,39.61791,22.00995,18.34163,11.7272,22.8725,22.8725
1536,20.175789,41.818908,42.91941,39.61791,22.00995,18.34163,11.7272,22.8725,22.8725
1537,20.175789,41.818908,42.91941,39.61791,22.00995,18.34163,11.7272,22.8725,22.8725
1538,20.175789,41.818908,42.91941,39.61791,22.00995,18.34163,11.7272,22.8725,22.8725
1539,20.175789,41.818908,42.91941,39.61791,22.00995,18.34163,11.7272,22.8725,22.8725
1540,20.175789,41.818908,42.91941,39.61791,22.00995,18.34163,11.7272,22.8725,22.8725
1541,20.175789,41.818908,42.91941,39.61791,22.00995,18.34163,11.7272,22.8725,22.8725
1542,20.175789,41.818908,42.91941,39.61791,22.00995,18.34163,11.7272,22.8725,22.8725
1543,20.175789,41.818908,42.91941,39.61791,22.00995,18.34163,11.7272,22.8725,22.8725
1544,20.175789,41.818908,42.91941,39.61791,22.00995,18.34163,11.7272,22.8725,22.8725
1545,20.175789,41.818908,42.91941,39.61791,22.00995,18.34163,11.7272,22.8725,22.8725
1546,20.175789,41.818908,42.91941,39.61791,22.00995,18.34163,11.7272,22.8725,22.8725
1547,20.175789,41.818908,42.91941,39.61791,22.00995,18.34163,11.7272,22.8725,22.8725
1548,20.175789,41.818908,42.91941,39.61791,22.00995,18.34163,11.7272,22.8725,22.8725
1549,20.175789,41.818908,42.91941,39.61791,22.00995,18.34163,11.7272,22.8725,22.8725
1550,20.175789,41.818908,42.91941,39.61791,22.00995,18.34163,11.7272,22.8725,22.8725
1551,20.175789,41.818908,42.91941,39.61791,22.00995,18.34163,11.7272,22.8725,22.8725
1552,20.175789,41.818908,42.91941,39.61791,22.00995,18.34163,11.7272,22.8725,22.8725
1553,20.175789,41.818908,42.91941,39.61791,22.00995,18.34163,11.7272,22.8725,22.8725
1554,20.175789,41.818908,42.91941,39.61791,22.00995,18.34163,11.7272,22.8725,22.8725
1555,20.175789,41.818908,42.91941,39.61791,22.00995,18.34163,11.7272,22.8725,22.8725
1556,20.175789,41.818908,42.91941,39.61791,22.00995,18.34163,11.7272,22.8725,22.8725
1557,20.175789,41.818908,42.91941,39.61791,22.00995,18.34163,11.7272,22.8725,22.8725
1558,20.175789,41.818908,42.91941,39.61791,22.00995,18.34163,11.7272,22.8725,22.8725
1559,20.175789,41.818908,42.91941,39.61791,22.00995,18.34163,11.7272,22.8725,22.8725
1560,20.175789,41.818908,42.91941,39.61791,22.00995,18.34163,11.7272,22.8725,22.8725
1561,20.175789,41.818908,42.91941,39.61791,22.00995,18.34163,11.7272,22.8725,22.8725
1562,20.175789,41.818908,42.91941,39.61791,22.00995,18.34163,11.7272,22.8725,22.8725
1563,20.175789,41.818908,42.91941,39.61791,22.00995,18.34163,11.7272,22.8725,22.8725
1564,20.175789,41.818908,42.91941,39.61791,22.00995,18.34163,11.7272,22.8725,22.8725
1565,20.175789,41.818908,42.91941,39.61791,22.00995,18.34163,11.7272,22.8725,22.8725
1566,20.175789,41.818908,42.91941,39.61791,22.00995,18.34163,11.7272,22.8725,22.8725
1567,20.175789,41.818908,42.91941,39.61791,22.00995,18.34163,11.7272,22.8725,22.8725
1568,20.175789,41.818908,42.91941,39.61791,22.00995,18.34163,11.7272,22.8725,22.8725
1569,20.175789,41.818908,42.91941,39.61791,22.00995,18.34163,11.7272,22.8725,22.8725
1570,20.175789,41.818908,42.91941,39.61791,22.00995,18.34163,11.7272,22.8725,22.8725
1571,20.175789,41.818908,42.91941,39.61791,22.00995,18.34163,11.7272,22.8725,22.8725
1572,20.175789,41.818908,42.91941,39.61791,22.00995,18.34163,11.7272,22.8725,22.8725
1573,20.175789,41.818908,42.91941,39.61791,22.00995,18.34163,11.7272,22.8725,22.8725
1574,20.175789,41.818908,42.91941,39.61791,22.00995,18.34163,11.7272,22.8725,22.8725
1575,20.175789,41.818908,42.91941,39.61791,22.00995,18.34163,11.7272,22.8725,22.8725
1576,20.175789,41.818908,42.91941,39.61791,22.00995,18.34163,11.7272,22.8725,22.8725
1577,20.175789,41.818908,42.91941,39.61791,22.00995,18.34163,11.7272,22.8725,22.8725
1578,20.175789,41.818908,42.91941,39.61791,22.00995,18.34163,11.7272,22.8725,22.8725
1579,20.175789,41.818908,42.91941,39.61791,22.00995,18.34163,11.7272,22.8725,22.8725
1580,20.175789,41.818908,42.91941,39.61791,22.00995,18.34163,11.7272,22.8725,22.8725
1581,20.175789,41.818908,42.91941,39.61791,22.00995,18.34163,11.7272,22.8725,22.8725
1582,20.175789,41.818908,42.91941,39.61791,22.00995,18.34163,11.7272,22.8725,22.8725
1583,20.175789,41.818908,42.91941,39.61791,22.00995,18.34163,11.7272,22.8725,22.8725
1584,20.175789,41.818908,42.91941,39.61791,22.00995,18.34163,11.7272,22.8725,22.8725
1585,20.175789,41.818908,42.91941,39.61791,22.00995,18.34163,11.7272,22.8725,22.8725
1586,20.175789,41.818908,42.91941,39.61791,22.00995,18.34163,11.7272,22.8725,22.8725
1587,20.175789,41.818908,42.91941,39.61791,22.00995,18.34163,11.7272,22.8725,22.8725
1588,20.175789,41.818908,42.91941,39.61791,22.00995,18.34163,11.7272,22.8725,22.8725
1589,20.175789,41.818908,42.91941,39.61791,22.00995,18.34163,11.7272,22.8725,22.8725
1590,20.175789,41.818908,42.91941,39.61791,22.00995,18.34163,11.7272,22.8725,22.8725
1591,20.175789,41.818908,42.91941,39.61791,22.00995,18.34163,11.7272,22.8725,22.8725
1592,20.175789,41.818908,42.91941,39.61791,22.00995,18.34163,11.7272,22.8725,22.8725
1593,20.175789,41.818908,42.91941,39.61791,22.00995,18.34163,11.7272,22.8725,22.8725
1594,20.175789,41.818908,42.91941,39.61791,22.00995,18.34163,11.7272,22.8725,22.8725
1595,20.175789,41.818908,42.91941,39.61791,22.00995,18.34163,11.7272,22.8725,22.8725
1596,20.175789,41.818908,42.91941,39.61791,22.00995,18.34163,11.7272,22.8725,22.8725
1597,20.175789,41.818908,42.91941,39.61791,22.00995,18.34163,11.7272,22.8725,22.8725
1598,20.175789,41.818908,42.91941,39.61791,22.00995,18.34163,11.7272,22.8725,22.8725
1599,20.175789,41.818908,42.91941,39.61791,22.00995,18.34163,11.7272,22.8725,22.8725
1600,20.175789,41.818908,42.91941,39.61791,22.00995,18.34163,11.7272,22.8725,22.8725
1601,20.175789,41.818908,42.91941,39.61791,22.00995,18.34163,11.7272,22.8725,22.8725
1602,20.175789,41.818908,42.91941,39.61791,22.00995,18.34163,11.7272,22.8725,22.8725
1603,20.175789,41.818908,42.91941,39.61791,22.00995,18.34163,11.7272,22.8725,22.8725
1604,20.175789,41.818908,42.91941,39.61791,22.00995,18.34163,11.7272,22.8725,22.8725
1605,20.175789,41.818908,42.91941,39.61791,22.00995,18.34163,11.7272,22.8725,22.8725
1606,20.175789,41.818908,42.91941,39.61791,22.00995,18.34163,11.7272,22.8725,22.8725
1607,20.175789,41.818908,42.91941,39.61791,22.00995,18.34163,11.7272,22.8725,22.8725
1608,20.175789,41.818908,42.91941,39.61791,22.00995,18.34163,11.7272,22.8725,22.8725
1609,20.175789,41.818908,42.91941,39.61791,22.00995,18.34163,11.7272,22.8725,22.8725
1610,20.175789,41.818908,42.91941,39.61791,22.00995,18.34163,11.7272,22.8725,22.8725
1611,20.175789,41.818908,42.91941,39.61791,22.00995,18.34163,11.7272,22.8725,22.8725
1612,20.175789,41.818908,42.91941,39.61791,22.00995,18.34163,11.7272,22.8725,22.8725
1613,20.175789,41.818908,42.91941,39.61791,22.00995,18.34163,11.7272,22.8725,22.8725
1614,20.175789,41.818908,42.91941,39.61791,22.00995,18.34163,11.7272,22.8725,22.8725
1615,20.175789,41.818908,42.91941,39.61791,22.00995,18.34163,11.7272,22.8725,22.8725
1616,20.175789,41.818908,42.91941,39.61791,22.00995,18.34163,11.7272,22.8725,22.8725
1617,20.175789,41.818908,42.91941,39.61791,22.00995,18.34163,11.7272,22.8725,22.8725
1618,20.175789,41.818908,42.91941,39.61791,22.00995,18.34163,11.7272,22.8725,22.8725
1619,20.175789,41.818908,42.91941,39.61791,22.00995,18.34163,11.7272,22.8725,22.8725
1620,20.175789,41.818908,42.91941,39.61791,22.00995,18.34163,11.7272,22.8725,22.8725
1621,20.175789,41.818908,42.91941,39.61791,22.00995,18.34163,11.7272,22.8725,22.8725
1622,20.175789,41.818908,42.91941,39.61791,22.00995,18.34163,11.7272,22.8725,22.8725
1623,20.175789,41.818908,42.91941,39.61791,22.00995,18.34163,11.7272,22.8725,22.8725
1624,20.175789,41.818908,42.91941,39.61791,22.00995,18.34163,11.7272,22.8725,22.8725
1625,20.175789,41.818908,42.91941,39.61791,22.00995,18.34163,11.7272,22.8725,22.8725
1626,20.175789,41.818908,42.91941,39.61791,22.00995,18.34163,11.7272,22.8725,22.8725
1627,20.175789,41.818908,42.91941,39.61791,22.00995,18.34163,11.7272,22.8725,22.8725
1628,20.175789,41.818908,42.91941,39.61791,22.00995,18.34163,11.7272,22.8725,22.8725
1629,20.175789,41.818908,42.91941,39.61791,22.00995,18.34163,11.7272,22.8725,22.8725
1630,20.175789,41.818908,42.91941,39.61791,22.00995,18.34163,11.7272,22.8725,22.8725
1631,20.175789,41.818908,42.91941,39.61791,22.00995,18.34163,11.7272,22.8725,22.8725
1632,20.175789,41.818908,42.91941,39.61791,22.00995,18.34163,11.7272,22.8725,22.8725
1633,20.175789,41.818908,42.91941,39.61791,22.00995,18.34163,11.7272,22.8725,22.8725
1634,20.175789,41.818908,42.91941,39.61791,22.00995,18.34163,11.7272,22.8725,22.8725
1635,20.175789,41.818908,42.91941,39.61791,22.00995,18.34163,11.7272,22.8725,22.8725
1636,20.175789,41.818908,42.91941,39.61791,22.00995,18.34163,11.7272,22.8725,22.8725
1637,20.175789,41.818908,42.91941,39.61791,22.00995,18.34163,11.7272,22.8725,22.8725
1638,20.175789,41.818908,42.91941,39.61791,22.00995,18.34163,11.7272,22.8725,22.8725
1639,20.175789,41.818908,42.91941,39.61791,22.00995,18.34163,11.7272,22.8725,22.8725
1640,20.175789,41.818908,42.91941,39.61791,22.00995,18.34163,11.7272,22.8725,22.8725
1641,20.175789,41.818908,42.91941,39.61791,22.00995,18.34163,11.7272,22.8725,22.8725
1642,20.175789,41.818908,42.91941,39.61791,22.00995,18.34163,11.7272,22.8725,22.8725
1643,20.175789,41.818908,42.91941,39.61791,22.00995,18.34163,11.7272,22.8725,22.8725
1644,20.175789,41.818908,42.91941,39.61791,22.00995,18.34163,11.7272,22.8725,22.8725
1645,20.175789,41.818908,42.91941,39.61791,22.00995,18.34163,11.7272,22.8725,22.8725
1646,20.175789,41.818908,42.91941,39.61791,22.00995,18.34163,11.7272,22.8725,22.8725
1647,20.175789,41.818908,42.91941,39.61791,22.00995,18.34163,11.7272,22.8725,22.8725
1648,20.175789,41.818908,42.91941,39.61791,22.00995,18.34163,11.7272,22.8725,22.8725
1649,20.175789,41.818908,42.91941,39.61791,22.00995,18.34163,11.7272,22.8725,22.8725
1650,20.175789,41.818908,42.91941,39.61791,22.00995,18.34163,11.7272,22.8725,22.8725
1651,20.175789,41.818908,42.91941,39.61791,22.00995,18.34163,11.7272,22.8725,22.8725
1652,20.175789,41.818908,42.91941,39.61791,22.00995,18.34163,11.7272,22.8725,22.8725
1653,20.175789,41.818908,42.91941,39.61791,22.00995,18.34163,11.7272,22.8725,22.8725
1654,20.175789,41.818908,42.91941,39.61791,22.00995,18.34163,11.7272,22.8725,22.8725
1655,20.175789,41.818908,42.91941,39.61791,22.00995,18.34163,11.7272,22.8725,22.8725
1656,20.175789,41.818908,42.91941,39.61791,22.00995,18.34163,11.7272,22.8725,22.8725
1657,20.175789,41.818908,42.91941,39.61791,22.00995,18.34163,11.7272,22.8725,22.8725
1658,20.175789,41.818908,42.91941,39.61791,22.00995,18.34163,11.7272,22.8725,22.8725
1659,20.175789,41.818908,42.91941,39.61791,22.00995,18.34163,11.7272,22.8725,22.8725
1660,20.175789,41.818908,42.91941,39.61791,22.00995,18.34163,11.7272,22.8725,22.8725
1661,20.175789,41.818908,42.91941,39.61791,22.00995,18.34163,11.7272,22.8725,22.8725
1662,20.175789,41.818908,42.91941,39.61791,22.00995,18.34163,11.7272,22.8725,22.8725
1663,20.175789,41.818908,42.91941,39.61791,22.00995,18.34163,11.7272,22.8725,22.8725
1664,20.175789,41.818908,42.91941,39.61791,22.00995,18.34163,11.7272,22.8725,22.8725
1665,20.175789,41.818908,42.91941,39.61791,22.00995,18.34163,11.7272,22.8725,22.8725
1666,20.175789,41.818908,42.91941,39.61791,22.00995,18.34163,11.7272,22.8725,22.8725
1667,20.175789,41.818908,42.91941,39.61791,22.00995,18.34163,11.7272,22.8725,22.8725
1668,20.175789,41.818908,42.91941,39.61791,22.00995,18.34163,11.7272,22.8725,22.8725
1669,20.175789,41.818908,42.91941,39.61791,22.00995,18.34163,11.7272,22.8725,22.8725
1670,20.175789,41.818908,42.91941,39.61791,22.00995,18.34163,11.7272,22.8725,22.8725
1671,20.175789,41.818908,42.91941,39.61791,22.00995,18.34163,11.7272,22.8725,22.8725
1672,20.175789,41.818908,42.91941,39.61791,22.00995,18.34163,11.7272,22.8725,22.8725
1673,20.175789,41.818908,42.91941,39.61791,22.00995,18.34163,11.7272,22.8725,22.8725
1674,20.175789,41.818908,42.91941,39.61791,22.00995,18.34163,11.7272,22.8725,22.8725
1675,20.175789,41.818908,42.91941,39.61791,22.00995,18.34163,11.7272,22.8725,22.8725
1676,20.175789,41.818908,42.91941,39.61791,22.00995,18.34163,11.7272,22.8725,22.8725
1677,20.175789,41.818908,42.91941,39.61791,22.00995,18.34163,11.7272,22.8725,22.8725
1678,20.175789,41.818908,42.91941,39.61791,22.00995,18.34163,11.7272,22.8725,22.8725
1679,20.175789,41.818908,42.91941,39.61791,22.00995,18.34163,11.7272,22.8725,22.8725
1680,20.175789,41.818908,42.91941,39.61791,22.00995,18.34163,11.7272,22.8725,22.8725
1681,20.175789,41.818908,42.91941,39.61791,22.00995,18.34163,11.7272,22.8725,22.8725
1682,20.175789,41.818908,42.91941,39.61791,22.00995,18.34163,11.7272,22.8725,22.8725
1683,20.175789,41.818908,42.91941,39.61791,22.00995,18.34163,11.7272,22.8725,22.8725
1684,20.175789,41.818908,42.91941,39.61791,22.00995,18.34163,11.7272,22.8725,22.8725
1685,20.175789,41.818908,42.91941,39.61791,22.00995,18.34163,11.7272,22.8725,22.8725
1686,20.175789,41.818908,42.91941,39.61791,22.00995,18.34163,11.7272,22.8725,22.8725
1687,20.175789,41.818908,42.91941,39.61791,22.00995,18.34163,11.7272,22.8725,22.8725
1688,20.175789,41.818908,42.91941,39.61791,22.00995,18.34163,11.7272,22.8725,22.8725
1689,20.175789,41.818908,42.91941,39.61791,22.00995,18.34163,11.7272,22.8725,22.8725
1690,20.175789,41.818908,42.91941,39.61791,22.00995,18.34163,11.7272,22.8725,22.8725
1691,20.175789,41.818908,42.91941,39.61791,22.00995,18.34163,11.7272,22.8725,22.8725
1692,20.175789,41.818908,42.91941,39.61791,22.00995,18.34163,11.7272,22.8725,22.8725
1693,20.175789,41.818908,42.91941,39.61791,22.00995,18.34163,11.7272,22.8725,22.8725
1694,20.175789,41.818908,42.91941,39.61791,22.00995,18.34163,11.7272,22.8725,22.8725
1695,20.175789,41.818908,42.91941,39.61791,22.00995,18.34163,11.7272,22.8725,22.8725
1696,20.175789,41.818908,42.91941,39.61791,22.00995,18.34163,11.7272,22.8725,22.8725
1697,20.175789,41.818908,42.91941,39.61791,22.00995,18.34163,11.7272,22.8725,22.8725
1698,20.175789,41.818908,42.91941,39.61791,22.00995,18.34163,11.7272,22.8725,22.8725
1699,20.175789,41.818908,42.91941,39.61791,22.00995,18.34163,11.7272,22.8725,22.8725
1700,20.175789,41.818908,42.91941,39.61791,22.00995,18.34163,11.7272,22.8725,22.8725
1701,20.175789,41.818908,42.91941,39.61791,22.00995,18.34163,11.7272,22.8725,22.8725
1702,20.175789,41.818908,42.91941,39.61791,22.00995,18.34163,11.7272,22.8725,22.8725
1703,20.175789,41.818908,42.91941,39.61791,22.00995,18.34163,11.7272,22.8725,22.8725
1704,20.175789,41.818908,42.91941,39.61791,22.00995,18.34163,11.7272,22.8725,22.8725
1705,20.175789,41.818908,42.91941,39.61791,22.00995,18.34163,11.7272,22.8725,22.8725
1706,20.175789,41.818908,42.91941,39.61791,22.00995,18.34163,11.7272,22.8725,22.8725
1707,20.175789,41.818908,42.91941,39.61791,22.00995,18.34163,11.7272,22.8725,22.8725
1708,20.175789,41.818908,42.91941,39.61791,22.00995,18.34163,11.7272,22.8725,22.8725
1709,20.175789,41.818908,42.91941,39.61791,22.00995,18.34163,11.7272,22.8725,22.8725
1710,20.175789,41.818908,42.91941,39.61791,22.00995,18.34163,11.7272,22.8725,22.8725
1711,20.175789,41.818908,42.91941,39.61791,22.00995,18.34163,11.7272,22.8725,22.8725
1712,20.175789,41.818908,42.91941,39.61791,22.00995,18.34163,11.7272,22.8725,22.8725
1713,20.175789,41.818908,42.91941,39.61791,22.00995,18.34163,11.7272,22.8725,22.8725
1714,20.175789,41.818908,42.91941,39.61791,22.00995,18.34163,11.7272,22.8725,22.8725
1715,20.175789,41.818908,42.91941,39.61791,22.00995,18.34163,11.7272,22.8725,22.8725
1716,20.175789,41.818908,42.91941,39.61791,22.00995,18.34163,11.7272,22.8725,22.8725
1717,20.175789,41.818908,42.91941,39.61791,22.00995,18.34163,11.7272,22.8725,22.8725
1718,20.175789,41.818908,42.91941,39.61791,22.00995,18.34163,11.7272,22.8725,22.8725
1719,20.175789,41.818908,42.91941,39.61791,22.00995,18.34163,11.7272,22.8725,22.8725
1720,20.175789,41.818908,42.91941,39.61791,22.00995,18.34163,11.7272,22.8725,22.8725
1721,20.175789,41.818908,42.91941,39.61791,22.00995,18.34163,11.7272,22.8725,22.8725
1722,20.175789,41.818908,42.91941,39.61791,22.00995,18.34163,11.7272,22.8725,22.8725
1723,20.175789,41.818908,42.91941,39.61791,22.00995,18.34163,11.7272,22.8725,22.8725
1724,20.175789,41.818908,42.91941,39.61791,22.00995,18.34163,11.7272,22.8725,22.8725
1725,20.175789,41.818908,42.91941,39.61791,22.00995,18.34163,11.7272,22.8725,22.8725
1726,20.175789,41.818908,42.91941,39.61791,22.00995,18.34163,11.7272,22.8725,22.8725
1727,20.175789,41.818908,42.91941,39.61791,22.00995,18.34163,11.7272,22.8725,22.8725
1728,20.175789,41.818908,42.91941,39.61791,22.00995,18.34163,11.7272,22.8725,22.8725
1729,20.175789,41.818908,42.91941,39.61791,22.00995,18.34163,11.7272,22.8725,22.8725
1730,20.175789,41.818908,42.91941,39.61791,22.00995,18.34163,11.7272,22.8725,22.8725
1731,20.175789,41.818908,42.91941,39.61791,22.00995,18.34163,11.7272,22.8725,22.8725
1732,20.175789,41.818908,42.91941,39.61791,22.00995,18.34163,11.7272,22.8725,22.8725
1733,20.175789,41.818908,42.91941,39.61791,22.00995,18.34163,11.7272,22.8725,22.8725
1734,20.175789,41.818908,42.91941,39.61791,22.00995,18.34163,11.7272,22.8725,22.8725
1735,20.175789,41.818908,42.91941,39.61791,22.00995,18.34163,11.7272,22.8725,22.8725
1736,20.175789,41.818908,42.91941,39.61791,22.00995,18.34163,11.7272,22.8725,22.8725
1737,20.175789,41.818908,42.91941,39.61791,22.00995,18.34163,11.7272,22.8725,22.8725
1738,20.175789,41.818908,42.91941,39.61791,22.00995,18.34163,11.7272,22.8725,22.8725
1739,20.175789,41.818908,42.91941,39.61791,22.00995,18.34163,11.7272,22.8725,22.8725
1740,20.175789,41.818908,42.91941,39.61791,22.00995,18.34163,11.7272,22.8725,22.8725
1741,20.175789,41.818908,42.91941,39.61791,22.00995,18.34163,11.7272,22.8725,22.8725
1742,20.175789,41.818908,42.91941,39.61791,22.00995,18.34163,11.7272,22.8725,22.8725
1743,20.175789,41.818908,42.91941,39.61791,22.00995,18.34163,11.7272,22.8725,22.8725
1744,20.175789,41.818908,42.91941,39.61791,22.00995,18.34163,11.7272,22.8725,22.8725
1745,20.175789,41.818908,42.91941,39.61791,22.00995,18.34163,11.7272,22.8725,22.8725
1746,20.175789,41.818908,42.91941,39.61791,22.00995,18.34163,11.7272,22.8725,22.8725
1747,20.175789,41.818908,42.91941,39.61791,22.00995,18.34163,11.7272,22.8725,22.8725
1748,20.175789,41.818908,42.91941,39.61791,22.00995,18.34163,11.7272,22.8725,22.8725
1749,20.175789,41.818908,42.91941,39.61791,22.00995,18.34163,11.7272,22.8725,22.8725
1750,20.175789,41.818908,42.91941,39.61791,22.00995,18.34163,11.7272,22.8725,22.8725
1751,20.175789,41.818908,42.91941,39.61791,22.00995,18.34163,11.7272,22.8725,22.8725
1752,20.175789,41.818908,42.91941,39.61791,22.00995,18.34163,11.7272,22.8725,22.8725
1753,20.175789,41.818908,42.91941,39.61791,22.00995,18.34163,11.7272,22.8725,22.8725
1754,20.175789,41.818908,42.91941,39.61791,22.00995,18.34163,11.7272,22.8725,22.8725
1755,20.175789,41.818908,42.91941,39.61791,22.00995,18.34163,11.7272,22.8725,22.8725
1756,20.175789,41.818908,42.91941,39.61791,22.00995,18.34163,11.7272,22.8725,22.8725
1757,20.175789,41.818908,42.91941,39.61791,22.00995,18.34163,11.7272,22.8725,22.8725
1758,20.175789,41.818908,42.91941,39.61791,22.00995,18.34163,11.7272,22.8725,22.8725
1759,20.175789,41.818908,42.91941,39.61791,22.00995,18.34163,11.7272,22.8725,22.8725
1760,20.175789,41.818908,42.91941,39.61791,22.00995,18.34163,11.7272,22.8725,22.8725
1761,20.175789,41.818908,42.91941,39.61791,22.00995,18.34163,11.7272,22.8725,22.8725
1762,20.175789,41.818908,42.91941,39.61791,22.00995,18.34163,11.7272,22.8725,22.8725
1763,20.175789,41.818908,42.91941,39.61791,22.00995,18.34163,11.7272,22.8725,22.8725
1764,20.175789,41.818908,42.91941,39.61791,22.00995,18.34163,11.7272,22.8725,22.8725
1765,20.175789,41.818908,42.91941,39.61791,22.00995,18.34163,11.7272,22.8725,22.8725
1766,20.175789,41.818908,42.91941,39.61791,22.00995,18.34163,11.7272,22.8725,22.8725
1767,20.175789,41.818908,42.91941,39.61791,22.00995,18.34163,11.7272,22.8725,22.8725
1768,20.175789,41.818908,42.91941,39.61791,22.00995,18.34163,11.7272,22.8725,22.8725
1769,20.175789,41.818908,42.91941,39.61791,22.00995,18.34163,11.7272,22.8725,22.8725
1770,20.175789,41.818908,42.91941,39.61791,22.00995,18.34163,11.7272,22.8725,22.8725
1771,20.175789,41.818908,42.91941,39.61791,22.00995,18.34163,11.7272,22.8725,22.8725
1772,20.175789,41.818908,42.91941,39.61791,22.00995,18.34163,11.7272,22.8725,22.8725
1773,20.175789,41.818908,42.91941,39.61791,22.00995,18.34163,11.7272,22.8725,22.8725
1774,20.175789,41.818908,42.91941,39.61791,22.00995,18.34163,11.7272,22.8725,22.8725
1775,20.175789,41.818908,42.91941,39.61791,22.00995,18.34163,11.7272,22.8725,22.8725
1776,20.175789,41.818908,42.91941,39.61791,22.00995,18.34163,11.7272,22.8725,22.8725
1777,20.175789,41.818908,42.91941,39.61791,22.00995,18.34163,11.7272,22.8725,22.8725
1778,20.175789,41.818908,42.91941,39.61791,22.00995,18.34163,11.7272,22.8725,22.8725
1779,20.175789,41.818908,42.91941,39.61791,22.00995,18.34163,11.7272,22.8725,22.8725
1780,20.175789,41.818908,42.91941,39.61791,22.00995,18.34163,11.7272,22.8725,22.8725
1781,20.175789,41.818908,42.91941,39.61791,22.00995,18.34163,11.7272,22.8725,22.8725
1782,20.175789,41.818908,42.91941,39.61791,22.00995,18.34163,11.7272,22.8725,22.8725
1783,20.175789,41.818908,42.91941,39.61791,22.00995,18.34163,11.7272,22.8725,22.8725
1784,20.175789,41.818908,42.91941,39.61791,22.00995,18.34163,11.7272,22.8725,22.8725
1785,20.175789,41.818908,42.91941,39.61791,22.00995,18.34163,11.7272,22.8725,22.8725
1786,20.175789,41.818908,42.91941,39.61791,22.00995,18.34163,11.7272,22.8725,22.8725
1787,20.175789,41.818908,42.91941,39.61791,22.00995,18.34163,11.7272,22.8725,22.8725
1788,20.175789,41.818908,42.91941,39.61791,22.00995,18.34163,11.7272,22.8725,22.8725
1789,20.175789,41.818908,42.91941,39.61791,22.00995,18.34163,11.7272,22.8725,22.8725
1790,20.175789,41.818908,42.91941,39.61791,22.00995,18.34163,11.7272,22.8725,22.8725
1791,20.175789,41.818908,42.91941,39.61791,22.00995,18.34163,11.7272,22.8725,22.8725
1792,20.175789,41.818908,42.91941,39.61791,22.00995,18.34163,11.7272,22.8725,22.8725
1793,20.175789,41.818908,42.91941,39.61791,22.00995,18.34163,11.7272,22.8725,22.8725
1794,20.175789,41.818908,42.91941,39.61791,22.00995,18.34163,11.7272,22.8725,22.8725
1795,20.175789,41.818908,42.91941,39.61791,22.00995,18.34163,11.7272,22.8725,22.8725
1796,20.175789,41.818908,42.91941,39.61791,22.00995,18.34163,11.7272,22.8725,22.8725
1797,20.175789,41.818908,42.91941,39.61791,22.00995,18.34163,11.7272,22.8725,22.8725
1798,20.175789,41.818908,42.91941,39.61791,22.00995,18.34163,11.7272,22.8725,22.8725
1799,20.175789,41.818908,42.91941,39.61791,22.00995,18.34163,11.7272,22.8725,22.8725
1800,20.175789,41.818908,42.91941,39.61791,22.00995,18.34163,11.7272,22.8725,22.8725
1801,20.175789,41.818908,42.91941,39.61791,22.00995,18.34163,11.7272,22.8725,22.8725
1802,20.175789,41.818908,42.91941,39.61791,22.00995,18.34163,11.7272,22.8725,22.8725
1803,20.175789,41.818908,42.91941,39.61791,22.00995,18.34163,11.7272,22.8725,22.8725
1804,20.175789,41.818908,42.91941,39.61791,22.00995,18.34163,11.7272,22.8725,22.8725
1805,20.175789,41.818908,42.91941,39.61791,22.00995,18.34163,11.7272,22.8725,22.8725
1806,20.175789,41.818908,42.91941,39.61791,22.00995,18.34163,11.7272,22.8725,22.8725
1807,20.175789,41.818908,42.91941,39.61791,22.00995,18.34163,11.7272,22.8725,22.8725
1808,20.175789,41.818908,42.91941,39.61791,22.00995,18.34163,11.7272,22.8725,22.8725
1809,20.175789,41.818908,42.91941,39.61791,22.00995,18.34163,11.7272,22.8725,22.8725
1810,20.175789,41.818908,42.91941,39.61791,22.00995,18.34163,11.7272,22.8725,22.8725
1811,20.175789,41.818908,42.91941,39.61791,22.00995,18.34163,11.7272,22.8725,22.8725
1812,20.175789,41.818908,42.91941,39.61791,22.00995,18.34163,11.7272,22.8725,22.8725
1813,20.175789,41.818908,42.91941,39.61791,22.00995,18.34163,11.7272,22.8725,22.8725
1814,20.175789,41.818908,42.91941,39.61791,22.00995,18.34163,11.7272,22.8725,22.8725
1815,20.175789,41.818908,42.91941,39.61791,22.00995,18.34163,11.7272,22.8725,22.8725
1816,20.175789,41.818908,42.91941,39.61791,22.00995,18.34163,11.7272,22.8725,22.8725
1817,20.175789,41.818908,42.91941,39.61791,22.00995,18.34163,11.7272,22.8725,22.8725
1818,20.175789,41.818908,42.91941,39.61791,22.00995,18.34163,11.7272,22.8725,22.8725
1819,20.175789,41.818908,42.91941,39.61791,22.00995,18.34163,11.7272,22.8725,22.8725
1820,20.175789,41.818908,42.91941,39.61791,22.00995,18.34163,11.7272,22.8725,22.8725
1821,20.175789,41.818908,42.91941,39.61791,22.00995,18.34163,11.7272,22.8725,22.8725
1822,20.175789,41.818908,42.91941,39.61791,22.00995,18.34163,11.7272,22.8725,22.8725
1823,20.175789,41.818908,42.91941,39.61791,22.00995,18.34163,11.7272,22.8725,22.8725
1824,20.175789,41.818908,42.91941,39.61791,22.00995,18.34163,11.7272,22.8725,22.8725
1825,20.175789,41.818908,42.91941,39.61791,22.00995,18.34163,11.7272,22.8725,22.8725
1826,20.175789,41.818908,42.91941,39.61791,22.00995,18.34163,11.7272,22.8725,22.8725
1827,20.175789,41.818908,42.91941,39.61791,22.00995,18.34163,11.7272,22.8725,22.8725
1828,20.175789,41.818908,42.91941,39.61791,22.00995,18.34163,11.7272,22.8725,22.8725
1829,20.175789,41.818908,42.91941,39.61791,22.00995,18.34163,11.7272,22.8725,22.8725
1830,20.175789,41.818908,42.91941,39.61791,22.00995,18.34163,11.7272,22.8725,22.8725
1831,20.175789,41.818908,42.91941,39.61791,22.00995,18.34163,11.7272,22.8725,22.8725
1832,20.175789,41.818908,42.91941,39.61791,22.00995,18.34163,11.7272,22.8725,22.8725
1833,20.175789,41.818908,42.91941,39.61791,22.00995,18.34163,11.7272,22.8725,22.8725
1834,20.175789,41.818908,42.91941,39.61791,22.00995,18.34163,11.7272,22.8725,22.8725
1835,20.175789,41.818908,42.91941,39.61791,22.00995,18.34163,11.7272,22.8725,22.8725
1836,20.175789,41.818908,42.91941,39.61791,22.00995,18.34163,11.7272,22.8725,22.8725
1837,20.175789,41.818908,42.91941,39.61791,22.00995,18.34163,11.7272,22.8725,22.8725
1838,20.175789,41.818908,42.91941,39.61791,22.00995,18.34163,11.7272,22.8725,22.8725
1839,20.175789,41.818908,42.91941,39.61791,22.00995,18.34163,11.7272,22.8725,22.8725
1840,20.175789,41.818908,42.91941,39.61791,22.00995,18.34163,11.7272,22.8725,22.8725
1841,20.175789,41.818908,42.91941,39.61791,22.00995,18.34163,11.7272,22.8725,22.8725
1842,20.175789,41.818908,42.91941,39.61791,22.00995,18.34163,11.7272,22.8725,22.8725
1843,20.175789,41.818908,42.91941,39.61791,22.00995,18.34163,11.7272,22.8725,22.8725
1844,20.175789,41.818908,42.91941,39.61791,22.00995,18.34163,11.7272,22.8725,22.8725
1845,20.175789,41.818908,42.91941,39.61791,22.00995,18.34163,11.7272,22.8725,22.8725
1846,20.175789,41.818908,42.91941,39.61791,22.00995,18.34163,11.7272,22.8725,22.8725
1847,20.175789,41.818908,42.91941,39.61791,22.00995,18.34163,11.7272,22.8725,22.8725
1848,20.175789,41.818908,42.91941,39.61791,22.00995,18.34163,11.7272,22.8725,22.8725
1849,20.175789,41.818908,42.91941,39.61791,22.00995,18.34163,11.7272,22.8725,22.8725
1850,20.175789,41.818908,42.91941,39.61791,22.00995,18.34163,11.7272,22.8725,22.8725
1851,20.175789,41.818908,42.91941,39.61791,22.00995,18.34163,11.7272,22.8725,22.8725
1852,20.175789,41.818908,42.91941,39.61791,22.00995,18.34163,11.7272,22.8725,22.8725
1853,20.175789,41.818908,42.91941,39.61791,22.00995,18.34163,11.7272,22.8725,22.8725
1854,20.175789,41.818908,42.91941,39.61791,22.00995,18.34163,11.7272,22.8725,22.8725
1855,20.175789,41.818908,42.91941,39.61791,22.00995,18.34163,11.7272,22.8725,22.8725
1856,20.175789,41.818908,42.91941,39.61791,22.00995,18.34163,11.7272,22.8725,22.8725
1857,20.175789,41.818908,42.91941,39.61791,22.00995,18.34163,11.7272,22.8725,22.8725
1858,20.175789,41.818908,42.91941,39.61791,22.00995,18.34163,11.7272,22.8725,22.8725
1859,20.175789,41.818908,42.91941,39.61791,22.00995,18.34163,11.7272,22.8725,22.8725
1860,20.175789,41.818908,42.91941,39.61791,22.00995,18.34163,11.7272,22.8725,22.8725
1861,20.175789,41.818908,42.91941,39.61791,22.00995,18.34163,11.7272,22.8725,22.8725
1862,20.175789,41.818908,42.91941,39.61791,22.00995,18.34163,11.7272,22.8725,22.8725
1863,20.175789,41.818908,42.91941,39.61791,22.00995,18.34163,11.7272,22.8725,22.8725
1864,20.175789,41.818908,42.91941,39.61791,22.00995,18.34163,11.7272,22.8725,22.8725
1865,20.175789,41.818908,42.91941,39.61791,22.00995,18.34163,11.7272,22.8725,22.8725
1866,20.175789,41.818908,42.91941,39.61791,22.00995,18.34163,11.7272,22.8725,22.8725
1867,20.175789,41.818908,42.91941,39.61791,22.00995,18.34163,11.7272,22.8725,22.8725
1868,20.175789,41.818908,42.91941,39.61791,22.00995,18.34163,11.7272,22.8725,22.8725
1869,20.175789,41.818908,42.91941,39.61791,22.00995,18.34163,11.7272,22.8725,22.8725
1870,20.175789,41.818908,42.91941,39.61791,22.00995,18.34163,11.7272,22.8725,22.8725
1871,20.175789,41.818908,42.91941,39.61791,22.00995,18.34163,11.7272,22.8725,22.8725
1872,20.175789,41.818908,42.91941,39.61791,22.00995,18.34163,11.7272,22.8725,22.8725
1873,20.175789,41.818908,42.91941,39.61791,22.00995,18.34163,11.7272,22.8725,22.8725
1874,20.175789,41.818908,42.91941,39.61791,22.00995,18.34163,11.7272,22.8725,22.8725
1875,20.175789,41.818908,42.91941,39.61791,22.00995,18.34163,11.7272,22.8725,22.8725
1876,20.175789,41.818908,42.91941,39.61791,22.00995,18.34163,11.7272,22.8725,22.8725
1877,20.175789,41.818908,42.91941,39.61791,22.00995,18.34163,11.7272,22.8725,22.8725
1878,20.175789,41.818908,42.91941,39.61791,22.00995,18.34163,11.7272,22.8725,22.8725
1879,20.175789,41.818908,42.91941,39.61791,22.00995,18.34163,11.7272,22.8725,22.8725
1880,20.175789,41.818908,42.91941,39.61791,22.00995,18.34163,11.7272,22.8725,22.8725
1881,20.175789,41.818908,42.91941,39.61791,22.00995,18.34163,11.7272,22.8725,22.8725
1882,20.175789,41.818908,42.91941,39.61791,22.00995,18.34163,11.7272,22.8725,22.8725
1883,20.175789,41.818908,42.91941,39.61791,22.00995,18.34163,11.7272,22.8725,22.8725
1884,20.175789,41.818908,42.91941,39.61791,22.00995,18.34163,11.7272,22.8725,22.8725
1885,20.175789,41.818908,42.91941,39.61791,22.00995,18.34163,11.7272,22.8725,22.8725
1886,20.175789,41.818908,42.91941,39.61791,22.00995,18.34163,11.7272,22.8725,22.8725
1887,20.175789,41.818908,42.91941,39.61791,22.00995,18.34163,11.7272,22.8725,22.8725
1888,20.175789,41.818908,42.91941,39.61791,22.00995,18.34163,11.7272,22.8725,22.8725
1889,20.175789,41.818908,42.91941,39.61791,22.00995,18.34163,11.7272,22.8725,22.8725
1890,20.175789,41.818908,42.91941,39.61791,22.00995,18.34163,11.7272,22.8725,22.8725
1891,20.175789,41.818908,42.91941,39.61791,22.00995,18.34163,11.7272,22.8725,22.8725
1892,20.175789,41.818908,42.91941,39.61791,22.00995,18.34163,11.7272,22.8725,22.8725
1893,20.175789,41.818908,42.91941,39.61791,22.00995,18.34163,11.7272,22.8725,22.8725
1894,20.175789,41.818908,42.91941,39.61791,22.00995,18.34163,11.7272,22.8725,22.8725
1895,20.175789,41.818908,42.91941,39.61791,22.00995,18.34163,11.7272,22.8725,22.8725
1896,20.175789,41.818908,42.91941,39.61791,22.00995,18.34163,11.7272,22.8725,22.8725
1897,20.175789,41.818908,42.91941,39.61791,22.00995,18.34163,11.7272,22.8725,22.8725
1898,20.175789,41.818908,42.91941,39.61791,22.00995,18.34163,11.7272,22.8725,22.8725
1899,20.175789,41.818908,42.91941,39.61791,22.00995,18.34163,11.7272,22.8725,22.8725
1900,20.175789,41.818908,42.91941,39.61791,22.00995,18.34163,11.7272,22.8725,22.8725
1901,20.175789,41.818908,42.91941,39.61791,22.00995,18.34163,11.7272,22.8725,22.8725
1902,20.175789,41.818908,42.91941,39.61791,22.00995,18.34163,11.7272,22.8725,22.8725
1903,20.175789,41.818908,42.91941,39.61791,22.00995,18.34163,11.7272,22.8725,22.8725
1904,20.175789,41.818908,42.91941,39.61791,22.00995,18.34163,11.7272,22.8725,22.8725
1905,20.175789,41.818908,42.91941,39.61791,22.00995,18.34163,11.7272,22.8725,22.8725
1906,20.175789,41.818908,42.91941,39.61791,22.00995,18.34163,11.7272,22.8725,22.8725
1907,20.175789,41.818908,42.91941,39.61791,22.00995,18.34163,11.7272,22.8725,22.8725
1908,20.175789,41.818908,42.91941,39.61791,22.00995,18.34163,11.7272,22.8725,22.8725
1909,20.175789,41.818908,42.91941,39.61791,22.00995,18.34163,11.7272,22.8725,22.8725
1910,20.175789,41.818908,42.91941,39.61791,22.00995,18.34163,11.7272,22.8725,22.8725
1911,20.175789,41.818908,42.91941,39.61791,22.00995,18.34163,11.7272,22.8725,22.8725
1912,20.175789,41.818908,42.91941,39.61791,22.00995,18.34163,11.7272,22.8725,22.8725
1913,20.175789,41.818908,42.91941,39.61791,22.00995,18.34163,11.7272,22.8725,22.8725
1914,20.175789,41.818908,42.91941,39.61791,22.00995,18.34163,11.7272,22.8725,22.8725
1915,20.175789,41.818908,42.91941,39.61791,22.00995,18.34163,11.7272,22.8725,22.8725
1916,20.175789,41.818908,42.91941,39.61791,22.00995,18.34163,11.7272,22.8725,22.8725
1917,20.175789,41.818908,42.91941,39.61791,22.00995,18.34163,11.7272,22.8725,22.8725
1918,20.175789,41.818908,42.91941,39.61791,22.00995,18.34163,11.7272,22.8725,22.8725
1919,20.175789,41.818908,42.91941,39.61791,22.00995,18.34163,11.7272,22.8725,22.8725
1920,20.175789,41.818908,42.91941,39.61791,22.00995,18.34163,11.7272,22.8725,22.8725
1921,20.175789,41.818908,42.91941,39.61791,22.00995,18.34163,11.7272,22.8725,22.8725
1922,20.175789,41.818908,42.91941,39.61791,22.00995,18.34163,11.7272,22.8725,22.8725
1923,20.175789,41.818908,42.91941,39.61791,22.00995,18.34163,11.7272,22.8725,22.8725
1924,20.175789,41.818908,42.91941,39.61791,22.00995,18.34163,11.7272,22.8725,22.8725
1925,20.175789,41.818908,42.91941,39.61791,22.00995,18.34163,11.7272,22.8725,22.8725
1926,20.175789,41.818908,42.91941,39.61791,22.00995,18.34163,11.7272,22.8725,22.8725
1927,20.175789,41.818908,42.91941,39.61791,22.00995,18.34163,11.7272,22.8725,22.8725
1928,20.175789,41.818908,42.91941,39.61791,22.00995,18.34163,11.7272,22.8725,22.8725
1929,20.175789,41.818908,42.91941,39.61791,22.00995,18.34163,11.7272,22.8725,22.8725
1930,20.175789,41.818908,42.91941,39.61791,22.00995,18.34163,11.7272,22.8725,22.8725
1931,20.175789,41.818908,42.91941,39.61791,22.00995,18.34163,11.7272,22.8725,22.8725
1932,20.175789,41.818908,42.91941,39.61791,22.00995,18.34163,11.7272,22.8725,22.8725
1933,20.175789,41.818908,42.91941,39.61791,22.00995,18.34163,11.7272,22.8725,22.8725
1934,20.175789,41.818908,42.91941,39.61791,22.00995,18.34163,11.7272,22.8725,22.8725
1935,20.175789,41.818908,42.91941,39.61791,22.00995,18.34163,11.7272,22.8725,22.8725
1936,20.175789,41.818908,42.91941,39.61791,22.00995,18.34163,11.7272,22.8725,22.8725
1937,20.175789,41.818908,42.91941,39.61791,22.00995,18.34163,11.7272,22.8725,22.8725
1938,20.175789,41.818908,42.91941,39.61791,22.00995,18.34163,11.7272,22.8725,22.8725
1939,20.175789,41.818908,42.91941,39.61791,22.00995,18.34163,11.7272,22.8725,22.8725
1940,20.175789,41.818908,42.91941,39.61791,22.00995,18.34163,11.7272,22.8725,22.8725
1941,20.175789,41.818908,42.91941,39.61791,22.00995,18.34163,11.7272,22.8725,22.8725
1942,20.175789,41.818908,42.91941,39.61791,22.00995,18.34163,11.7272,22.8725,22.8725
1943,20.175789,41.818908,42.91941,39.61791,22.00995,18.34163,11.7272,22.8725,22.8725
1944,20.175789,41.818908,42.91941,39.61791,22.00995,18.34163,11.7272,22.8725,22.8725
1945,20.175789,41.818908,42.91941,39.61791,22.00995,18.34163,11.7272,22.8725,22.8725
1946,20.175789,41.818908,42.91941,39.61791,22.00995,18.34163,11.7272,22.8725,22.8725
1947,20.175789,41.818908,42.91941,39.61791,22.00995,18.34163,11.7272,22.8725,22.8725
1948,20.175789,41.818908,42.91941,39.61791,22.00995,18.34163,11.7272,22.8725,22.8725
1949,20.175789,41.818908,42.91941,39.61791,22.00995,18.34163,11.7272,22.8725,22.8725
1950,20.175789,41.818908,42.91941,39.61791,22.00995,18.34163,11.7272,22.8725,22.8725
1951,20.175789,41.818908,42.91941,39.61791,22.00995,18.34163,11.7272,22.8725,22.8725
1952,20.175789,41.818908,42.91941,39.61791,22.00995,18.34163,11.7272,22.8725,22.8725
1953,20.175789,41.818908,42.91941,39.61791,22.00995,18.34163,11.7272,22.8725,22.8725
1954,20.175789,41.818908,42.91941,39.61791,22.00995,18.34163,11.7272,22.8725,22.8725
1955,20.175789,41.818908,42.91941,39.61791,22.00995,18.34163,11.7272,22.8725,22.8725
1956,20.175789,41.818908,42.91941,39.61791,22.00995,18.34163,11.7272,22.8725,22.8725
1957,20.175789,41.818908,42.91941,39.61791,22.00995,18.34163,11.7272,22.8725,22.8725
1958,20.175789,41.818908,42.91941,39.61791,22.00995,18.34163,11.7272,22.8725,22.8725
1959,20.175789,41.818908,42.91941,39.61791,22.00995,18.34163,11.7272,22.8725,22.8725
1960,20.175789,41.818908,42.91941,39.61791,22.00995,18.34163,11.7272,22.8725,22.8725
1961,20.175789,41.818908,42.91941,39.61791,22.00995,18.34163,11.7272,22.8725,22.8725
1962,20.175789,41.818908,42.91941,39.61791,22.00995,18.34163,11.7272,22.8725,22.8725
1963,20.175789,41.818908,42.91941,39.61791,22.00995,18.34163,11.7272,22.8725,22.8725
1964,20.175789,41.818908,42.91941,39.61791,22.00995,18.34163,11.7272,22.8725,22.8725
1965,20.175789,41.818908,42.91941,39.61791,22.00995,18.34163,11.7272,22.8725,22.8725
1966,20.175789,41.818908,42.91941,39.61791,22.00995,18.34163,11.7272,22.8725,22.8725
1967,20.175789,41.818908,42.91941,39.61791,22.00995,18.34163,11.7272,22.8725,22.8725
1968,20.175789,41.818908,42.91941,39.61791,22.00995,18.34163,11.7272,22.8725,22.8725
1969,20.175789,41.818908,42.91941,39.61791,22.00995,18.34163,11.7272,22.8725,22.8725
1970,20.175789,41.818908,42.91941,39.61791,22.00995,18.34163,11.7272,22.8725,22.8725
1971,20.175789,41.818908,42.91941,39.61791,22.00995,18.34163,11.7272,22.8725,22.8725
1972,20.175789,41.818908,42.91941,39.61791,22.00995,18.34163,11.7272,22.8725,22.8725
1973,20.175789,41.818908,42.91941,39.61791,22.00995,18.34163,11.7272,22.8725,22.8725
1974,20.175789,41.818908,42.91941,39.61791,22.00995,18.34163,11.7272,22.8725,22.8725
1975,20.175789,41.818908,42.91941,39.61791,22.00995,18.34163,11.7272,22.8725,22.8725
1976,20.175789,41.818908,42.91941,39.61791,22.00995,18.34163,11.7272,22.8725,22.8725
1977,20.175789,41.818908,42.91941,39.61791,22.00995,18.34163,11.7272,22.8725,22.8725
1978,20.175789,41.818908,42.91941,39.61791,22.00995,18.34163,11.7272,22.8725,22.8725
1979,20.175789,41.818908,42.91941,39.61791,22.00995,18.34163,11.7272,22.8725,22.8725
1980,20.175789,41.818908,42.91941,39.61791,22.00995,18.34163,11.7272,22.8725,22.8725
1981,20.175789,41.818908,42.91941,39.61791,22.00995,18.34163,11.7272,22.8725,22.8725
1982,20.175789,41.818908,42.91941,39.61791,22.00995,18.34163,11.7272,22.8725,22.8725
1983,20.175789,41.818908,42.91941,39.61791,22.00995,18.34163,11.7272,22.8725,22.8725
1984,20.175789,41.818908,42.91941,39.61791,22.00995,18.34163,11.7272,22.8725,22.8725
1985,20.175789,41.818908,42.91941,39.61791,22.00995,18.34163,11.7272,22.8725,22.8725
1986,20.175789,41.818908,42.91941,39.61791,22.00995,18.34163,11.7272,22.8725,22.8725
1987,20.175789,41.818908,42.91941,39.61791,22.00995,18.34163,11.7272,22.8725,22.8725
1988,20.175789,41.818908,42.91941,39.61791,22.00995,18.34163,11.7272,22.8725,22.8725
1989,20.175789,41.818908,42.91941,39.61791,22.00995,18.34163,11.7272,22.8725,22.8725
1990,20.175789,41.818908,42.91941,39.61791,22.00995,18.34163,11.7272,22.8725,22.8725
1991,20.175789,41.818908,42.91941,39.61791,22.00995,18.34163,11.7272,22.8725,22.8725
1992,20.175789,41.818908,42.91941,39.61791,22.00995,18.34163,11.7272,22.8725,22.8725
1993,20.175789,41.818908,42.91941,39.61791,22.00995,18.34163,11.7272,22.8725,22.8725
1994,20.175789,41.818908,42.91941,39.61791,22.00995,18.34163,11.7272,22.8725,22.8725
1995,20.175789,41.818908,42.91941,39.61791,22.00995,18.34163,11.7272,22.8725,22.8725
1996,20.175789,41.818908,42.91941,39.61791,22.00995,18.34163,11.7272,22.8725,22.8725
1997,20.175789,41.818908,42.91941,39.61791,22.00995,18.34163,11.7272,22.8725,22.8725
1998,20.175789,41.818908,42.91941,39.61791,22.00995,18.34163,11.7272,22.8725,22.8725
1999,20.175789,41.818908,42.91941,39.61791,22.00995,18.34163,11.7272,22.8725,22.8725
2000,20.175789,41.818908,42.91941,39.61791,22.00995,18.34163,11.7272,22.8725,22.8725
2001,20.175789,41.818908,42.91941,39.61791,22.00995,18.34163,11.7272,22.8725,22.8725
2002,20.175789,41.818908,42.91941,39.61791,22.00995,18.34163,11.7272,22.8725,22.8725
2003,20.175789,41.818908,42.91941,39.61791,22.00995,18.34163,11.7272,22.8725,22.8725
2004,20.175789,41.818908,42.91941,39.61791,22.00995,18.34163,11.7272,22.8725,22.8725
2005,20.175789,41.818908,42.91941,39.61791,22.00995,18.34163,11.7272,22.8725,22.8725
2006,20.175789,41.818908,42.91941,39.61791,22.00995,18.34163,11.7272,22.8725,22.8725
2007,20.175789,41.818908,42.91941,39.61791,22.00995,18.34163,11.7272,22.8725,22.8725
2008,20.175789,41.818908,42.91941,39.61791,22.00995,18.34163,11.7272,22.8725,22.8725
2009,20.175789,41.818908,42.91941,39.61791,22.00995,18.34163,11.7272,22.8725,22.8725
2010,20.175789,41.818908,42.91941,39.61791,22.00995,18.34163,11.7272,22.8725,22.8725
2011,20.175789,41.818908,42.91941,39.61791,22.00995,18.34163,11.7272,22.8725,22.8725
2012,20.175789,41.818908,42.91941,39.61791,22.00995,18.34163,11.7272,22.8725,22.8725
2013,20.175789,41.818908,42.91941,39.61791,22.00995,18.34163,11.7272,22.8725,22.8725
2014,20.175789,41.818908,42.91941,39.61791,22.00995,18.34163,11.7272,22.8725,22.8725
2015,20.175789,41.818908,42.91941,39.61791,22.00995,18.34163,11.7272,22.8725,22.8725
2016,20.175789,41.818908,42.91941,39.61791,22.00995,18.34163,11.7272,22.8725,22.8725
2017,20.175789,41.818908,42.91941,39.61791,22.00995,18.34163,11.7272,22.8725,22.8725
2018,20.175789,41.818908,42.91941,39.61791,22.00995,18.34163,11.7272,22.8725,22.8725
2019,20.175789,41.818908,42.91941,39.61791,22.00995,18.34163,11.7272,22.8725,22.8725
2020,20.175789,41.818908,42.91941,39.61791,22.00995,18.34163,11.7272,22.8725,22.8725
2021,20.175789,41.818908,42.91941,39.61791,22.00995,18.34163,11.7272,22.8725,22.8725
2022,20.175789,41.818908,42.91941,39.61791,22.00995,18.34163,11.7272,22.8725,22.8725
2023,20.175789,41.818908,42.91941,39.61791,22.00995,18.34163,11.7272,22.8725,22.8725
2024,20.175789,41.818908,42.91941,39.61791,22.00995,18.34163,11.7272,22.8725,22.8725
2025,20.175789,41.818908,42.91941,39.61791,22.00995,18.34163,11.7272,22.8725,22.8725
2026,20.175789,41.818908,42.91941,39.61791,22.00995,18.34163,11.7272,22.8725,22.8725
2027,20.175789,41.818908,42.91941,39.61791,22.00995,18.34163,11.7272,22.8725,22.8725
2028,20.175789,41.818908,42.91941,39.61791,22.00995,18.34163,11.7272,22.8725,22.8725
2029,20.175789,41.818908,42.91941,39.61791,22.00995,18.34163,11.7272,22.8725,22.8725
2030,20.175789,41.818908,42.91941,39.61791,22.00995,18.34163,11.7272,22.8725,22.8725
2031,20.175789,41.818908,42.91941,39.61791,22.00995,18.34163,11.7272,22.8725,22.8725
2032,20.175789,41.818908,42.91941,39.61791,22.00995,18.34163,11.7272,22.8725,22.8725
2033,20.175789,41.818908,42.91941,39.61791,22.00995,18.34163,11.7272,22.8725,22.8725
2034,20.175789,41.818908,42.91941,39.61791,22.00995,18.34163,11.7272,22.8725,22.8725
2035,20.175789,41.818908,42.91941,39.61791,22.00995,18.34163,11.7272,22.8725,22.8725
2036,20.175789,41.818908,42.91941,39.61791,22.00995,18.34163,11.7272,22.8725,22.8725
2037,20.175789,41.818908,42.91941,39.61791,22.00995,18.34163,11.7272,22.8725,22.8725
2038,20.175789,41.818908,42.91941,39.61791,22.00995,18.34163,11.7272,22.8725,22.8725
2039,20.175789,41.818908,42.91941,39.61791,22.00995,18.34163,11.7272,22.8725,22.8725
2040,20.175789,41.818908,42.91941,39.61791,22.00995,18.34163,11.7272,22.8725,22.8725
2041,20.175789,41.818908,42.91941,39.61791,22.00995,18.34163,11.7272,22.8725,22.8725
2042,20.175789,41.818908,42.91941,39.61791,22.00995,18.34163,11.7272,22.8725,22.8725
2043,20.175789,41.818908,42.91941,39.61791,22.00995,18.34163,11.7272,22.8725,22.8725
2044,20.175789,41.818908,42.91941,39.61791,22.00995,18.34163,11.7272,22.8725,22.8725
2045,20.175789,41.818908,42.91941,39.61791,22.00995,18.34163,11.7272,22.8725,22.8725
2046,20.175789,41.818908,42.91941,39.61791,22.00995,18.34163,11.7272,22.8725,22.8725
2047,20.175789,41.818908,42.91941,39.61791,22.00995,18.34163,11.7272,22.8725,22.8725
2048,20.175789,41.818908,42.91941,39.61791,22.00995,18.34163,11.7272,22.8725,22.8725
2049,20.175789,41.818908,42.91941,39.61791,22.00995,18.34163,11.7272,22.8725,22.8725
2050,20.175789,41.818908,42.91941,39.61791,22.00995,18.34163,11.7272,22.8725,22.8725
2051,20.175789,41.818908,42.91941,39.61791,22.00995,18.34163,11.7272,22.8725,22.8725
2052,20.175789,41.818908,42.91941,39.61791,22.00995,18.34163,11.7272,22.8725,22.8725
2053,20.175789,41.818908,42.91941,39.61791,22.00995,18.34163,11.7272,22.8725,22.8725
2054,20.175789,41.818908,42.91941,39.61791,22.00995,18.34163,11.7272,22.8725,22.8725
2055,20.175789,41.818908,42.91941,39.61791,22.00995,18.34163,11.7272,22.8725,22.8725
2056,20.175789,41.818908,42.91941,39.61791,22.00995,18.34163,11.7272,22.8725,22.8725
2057,20.175789,41.818908,42.91941,39.61791,22.00995,18.34163,11.7272,22.8725,22.8725
2058,20.175789,41.818908,42.91941,39.61791,22.00995,18.34163,11.7272,22.8725,22.8725
2059,20.175789,41.818908,42.91941,39.61791,22.00995,18.34163,11.7272,22.8725,22.8725
2060,20.175789,41.818908,42.91941,39.61791,22.00995,18.34163,11.7272,22.8725,22.8725
2061,20.175789,41.818908,42.91941,39.61791,22.00995,18.34163,11.7272,22.8725,22.8725
2062,20.175789,41.818908,42.91941,39.61791,22.00995,18.34163,11.7272,22.8725,22.8725
2063,20.175789,41.818908,42.91941,39.61791,22.00995,18.34163,11.7272,22.8725,22.8725
2064,20.175789,41.818908,42.91941,39.61791,22.00995,18.34163,11.7272,22.8725,22.8725
2065,20.175789,41.818908,42.91941,39.61791,22.00995,18.34163,11.7272,22.8725,22.8725
2066,20.175789,41.818908,42.91941,39.61791,22.00995,18.34163,11.7272,22.8725,22.8725
2067,20.175789,41.818908,42.91941,39.61791,22.00995,18.34163,11.7272,22.8725,22.8725
2068,20.175789,41.818908,42.91941,39.61791,22.00995,18.34163,11.7272,22.8725,22.8725
2069,20.175789,41.818908,42.91941,39.61791,22.00995,18.34163,11.7272,22.8725,22.8725
2070,20.175789,41.818908,42.91941,39.61791,22.00995,18.34163,11.7272,22.8725,22.8725
2071,20.175789,41.818908,42.91941,39.61791,22.00995,18.34163,11.7272,22.8725,22.8725
2072,20.175789,41.818908,42.91941,39.61791,22.00995,18.34163,11.7272,22.8725,22.8725
2073,20.175789,41.818908,42.91941,39.61791,22.00995,18.34163,11.7272,22.8725,22.8725
2074,20.175789,41.818908,42.91941,39.61791,22.00995,18.34163,11.7272,22.8725,22.8725
2075,20.175789,41.818908,42.91941,39.61791,22.00995,18.34163,11.7272,22.8725,22.8725
2076,20.175789,41.818908,42.91941,39.61791,22.00995,18.34163,11.7272,22.8725,22.8725
2077,20.175789,41.818908,42.91941,39.61791,22.00995,18.34163,11.7272,22.8725,22.8725
2078,20.175789,41.818908,42.91941,39.61791,22.00995,18.34163,11.7272,22.8725,22.8725
2079,20.175789,41.818908,42.91941,39.61791,22.00995,18.34163,11.7272,22.8725,22.8725
2080,20.175789,41.818908,42.91941,39.61791,22.00995,18.34163,11.7272,22.8725,22.8725
2081,20.175789,41.818908,42.91941,39.61791,22.00995,18.34163,11.7272,22.8725,22.8725
2082,20.175789,41.818908,42.91941,39.61791,22.00995,18.34163,11.7272,22.8725,22.8725
2083,20.175789,41.818908,42.91941,39.61791,22.00995,18.34163,11.7272,22.8725,22.8725
2084,20.175789,41.818908,42.91941,39.61791,22.00995,18.34163,11.7272,22.8725,22.8725
2085,20.175789,41.818908,42.91941,39.61791,22.00995,18.34163,11.7272,22.8725,22.8725
2086,20.175789,41.818908,42.91941,39.61791,22.00995,18.34163,11.7272,22.8725,22.8725
2087,20.175789,41.818908,42.91941,39.61791,22.00995,18.34163,11.7272,22.8725,22.8725
2088,20.175789,41.818908,42.91941,39.61791,22.00995,18.34163,11.7272,22.8725,22.8725
2089,20.175789,41.818908,42.91941,39.61791,22.00995,18.34163,11.7272,22.8725,22.8725
2090,20.175789,41.818908,42.91941,39.61791,22.00995,18.34163,11.7272,22.8725,22.8725
2091,20.175789,41.818908,42.91941,39.61791,22.00995,18.34163,11.7272,22.8725,22.8725
2092,20.175789,41.818908,42.91941,39.61791,22.00995,18.34163,11.7272,22.8725,22.8725
2093,20.175789,41.818908,42.91941,39.61791,22.00995,18.34163,11.7272,22.8725,22.8725
2094,20.175789,41.818908,42.91941,39.61791,22.00995,18.34163,11.7272,22.8725,22.8725
2095,20.175789,41.818908,42.91941,39.61791,22.00995,18.34163,11.7272,22.8725,22.8725
2096,20.175789,41.818908,42.91941,39.61791,22.00995,18.34163,11.7272,22.8725,22.8725
2097,20.175789,41.818908,42.91941,39.61791,22.00995,18.34163,11.7272,22.8725,22.8725
2098,20.175789,41.818908,42.91941,39.61791,22.00995,18.34163,11.7272,22.8725,22.8725
2099,20.175789,41.818908,42.91941,39.61791,22.00995,18.34163,11.7272,22.8725,22.8725
2100,20.175789,41.818908,42.91941,39.61791,22.00995,18.34163,11.7272,22.8725,22.8725
2101,20.175789,41.818908,42.91941,39.61791,22.00995,18.34163,11.7272,22.8725,22.8725
2102,20.175789,41.818908,42.91941,39.61791,22.00995,18.34163,11.7272,22.8725,22.8725
2103,20.175789,41.818908,42.91941,39.61791,22.00995,18.34163,11.7272,22.8725,22.8725
2104,20.175789,41.818908,42.91941,39.61791,22.00995,18.34163,11.7272,22.8725,22.8725
2105,20.175789,41.818908,42.91941,39.61791,22.00995,18.34163,11.7272,22.8725,22.8725
2106,20.175789,41.818908,42.91941,39.61791,22.00995,18.34163,11.7272,22.8725,22.8725
2107,20.175789,41.818908,42.91941,39.61791,22.00995,18.34163,11.7272,22.8725,22.8725
2108,20.175789,41.818908,42.91941,39.61791,22.00995,18.34163,11.7272,22.8725,22.8725
2109,20.175789,41.818908,42.91941,39.61791,22.00995,18.34163,11.7272,22.8725,22.8725
2110,20.175789,41.818908,42.91941,39.61791,22.00995,18.34163,11.7272,22.8725,22.8725
2111,20.175789,41.818908,42.91941,39.61791,22.00995,18.34163,11.7272,22.8725,22.8725
2112,20.175789,41.818908,42.91941,39.61791,22.00995,18.34163,11.7272,22.8725,22.8725
2113,20.175789,41.818908,42.91941,39.61791,22.00995,18.34163,11.7272,22.8725,22.8725
2114,20.175789,41.818908,42.91941,39.61791,22.00995,18.34163,11.7272,22.8725,22.8725
2115,20.175789,41.818908,42.91941,39.61791,22.00995,18.34163,11.7272,22.8725,22.8725
2116,20.175789,41.818908,42.91941,39.61791,22.00995,18.34163,11.7272,22.8725,22.8725
2117,20.175789,41.818908,42.91941,39.61791,22.00995,18.34163,11.7272,22.8725,22.8725
2118,20.175789,41.818908,42.91941,39.61791,22.00995,18.34163,11.7272,22.8725,22.8725
2119,20.175789,41.818908,42.91941,39.61791,22.00995,18.34163,11.7272,22.8725,22.8725
2120,20.175789,41.818908,42.91941,39.61791,22.00995,18.34163,11.7272,22.8725,22.8725
2121,20.175789,41.818908,42.91941,39.61791,22.00995,18.34163,11.7272,22.8725,22.8725
2122,20.175789,41.818908,42.91941,39.61791,22.00995,18.34163,11.7272,22.8725,22.8725
2123,20.175789,41.818908,42.91941,39.61791,22.00995,18.34163,11.7272,22.8725,22.8725
2124,20.175789,41.818908,42.91941,39.61791,22.00995,18.34163,11.7272,22.8725,22.8725
2125,20.175789,41.818908,42.91941,39.61791,22.00995,18.34163,11.7272,22.8725,22.8725
2126,20.175789,41.818908,42.91941,39.61791,22.00995,18.34163,11.7272,22.8725,22.8725
2127,20.175789,41.818908,42.91941,39.61791,22.00995,18.34163,11.7272,22.8725,22.8725
2128,20.175789,41.818908,42.91941,39.61791,22.00995,18.34163,11.7272,22.8725,22.8725
2129,20.175789,41.818908,42.91941,39.61791,22.00995,18.34163,11.7272,22.8725,22.8725
2130,20.175789,41.818908,42.91941,39.61791,22.00995,18.34163,11.7272,22.8725,22.8725
2131,20.175789,41.818908,42.91941,39.61791,22.00995,18.34163,11.7272,22.8725,22.8725
2132,20.175789,41.818908,42.91941,39.61791,22.00995,18.34163,11.7272,22.8725,22.8725
2133,20.175789,41.818908,42.91941,39.61791,22.00995,18.34163,11.7272,22.8725,22.8725
2134,20.175789,41.818908,42.91941,39.61791,22.00995,18.34163,11.7272,22.8725,22.8725
2135,20.175789,41.818908,42.91941,39.61791,22.00995,18.34163,11.7272,22.8725,22.8725
2136,20.175789,41.818908,42.91941,39.61791,22.00995,18.34163,11.7272,22.8725,22.8725
2137,20.175789,41.818908,42.91941,39.61791,22.00995,18.34163,11.7272,22.8725,22.8725
2138,20.175789,41.818908,42.91941,39.61791,22.00995,18.34163,11.7272,22.8725,22.8725
2139,20.175789,41.818908,42.91941,39.61791,22.00995,18.34163,11.7272,22.8725,22.8725
2140,20.175789,41.818908,42.91941,39.61791,22.00995,18.34163,11.7272,22.8725,22.8725
2141,20.175789,41.818908,42.91941,39.61791,22.00995,18.34163,11.7272,22.8725,22.8725
2142,20.175789,41.818908,42.91941,39.61791,22.00995,18.34163,11.7272,22.8725,22.8725
2143,20.175789,41.818908,42.91941,39.61791,22.00995,18.34163,11.7272,22.8725,22.8725
2144,20.175789,41.818908,42.91941,39.61791,22.00995,18.34163,11.7272,22.8725,22.8725
2145,20.175789,41.818908,42.91941,39.61791,22.00995,18.34163,11.7272,22.8725,22.8725
2146,20.175789,41.818908,42.91941,39.61791,22.00995,18.34163,11.7272,22.8725,22.8725
2147,20.175789,41.818908,42.91941,39.61791,22.00995,18.34163,11.7272,22.8725,22.8725
2148,20.175789,41.818908,42.91941,39.61791,22.00995,18.34163,11.7272,22.8725,22.8725
2149,20.175789,41.818908,42.91941,39.61791,22.00995,18.34163,11.7272,22.8725,22.8725
2150,20.175789,41.818908,42.91941,39.61791,22.00995,18.34163,11.7272,22.8725,22.8725
2151,20.175789,41.818908,42.91941,39.61791,22.00995,18.34163,11.7272,22.8725,22.8725
2152,20.175789,41.818908,42.91941,39.61791,22.00995,18.34163,11.7272,22.8725,22.8725
2153,20.175789,41.818908,42.91941,39.61791,22.00995,18.34163,11.7272,22.8725,22.8725
2154,20.175789,41.818908,42.91941,39.61791,22.00995,18.34163,11.7272,22.8725,22.8725
2155,20.175789,41.818908,42.91941,39.61791,22.00995,18.34163,11.7272,22.8725,22.8725
2156,20.175789,41.818908,42.91941,39.61791,22.00995,18.34163,11.7272,22.8725,22.8725
2157,20.175789,41.818908,42.91941,39.61791,22.00995,18.34163,11.7272,22.8725,22.8725
2158,20.175789,41.818908,42.91941,39.61791,22.00995,18.34163,11.7272,22.8725,22.8725
2159,20.175789,41.818908,42.91941,39.61791,22.00995,18.34163,11.7272,22.8725,22.8725
2160,20.175789,41.818908,42.91941,39.61791,22.00995,18.34163,11.7272,22.8725,22.8725
2161,20.175789,41.818908,42.91941,39.61791,22.00995,18.34163,11.7272,22.8725,22.8725
2162,20.175789,41.818908,42.91941,39.61791,22.00995,18.34163,11.7272,22.8725,22.8725
2163,20.175789,41.818908,42.91941,39.61791,22.00995,18.34163,11.7272,22.8725,22.8725
2164,20.175789,41.818908,42.91941,39.61791,22.00995,18.34163,11.7272,22.8725,22.8725
2165,20.175789,41.818908,42.91941,39.61791,22.00995,18.34163,11.7272,22.8725,22.8725
2166,20.175789,41.818908,42.91941,39.61791,22.00995,18.34163,11.7272,22.8725,22.8725
2167,20.175789,41.818908,42.91941,39.61791,22.00995,18.34163,11.7272,22.8725,22.8725
2168,20.175789,41.818908,42.91941,39.61791,22.00995,18.34163,11.7272,22.8725,22.8725
2169,20.175789,41.818908,42.91941,39.61791,22.00995,18.34163,11.7272,22.8725,22.8725
2170,20.175789,41.818908,42.91941,39.61791,22.00995,18.34163,11.7272,22.8725,22.8725
2171,20.175789,41.818908,42.91941,39.61791,22.00995,18.34163,11.7272,22.8725,22.8725
2172,20.175789,41.818908,42.91941,39.61791,22.00995,18.34163,11.7272,22.8725,22.8725
2173,20.175789,41.818908,42.91941,39.61791,22.00995,18.34163,11.7272,22.8725,22.8725
2174,20.175789,41.818908,42.91941,39.61791,22.00995,18.34163,11.7272,22.8725,22.8725
2175,20.175789,41.818908,42.91941,39.61791,22.00995,18.34163,11.7272,22.8725,22.8725
2176,20.175789,41.818908,42.91941,39.61791,22.00995,18.34163,11.7272,22.8725,22.8725
2177,20.175789,41.818908,42.91941,39.61791,22.00995,18.34163,11.7272,22.8725,22.8725
2178,20.175789,41.818908,42.91941,39.61791,22.00995,18.34163,11.7272,22.8725,22.8725
2179,20.175789,41.818908,42.91941,39.61791,22.00995,18.34163,11.7272,22.8725,22.8725
2180,20.175789,41.818908,42.91941,39.61791,22.00995,18.34163,11.7272,22.8725,22.8725
2181,20.175789,41.818908,42.91941,39.61791,22.00995,18.34163,11.7272,22.8725,22.8725
2182,20.175789,41.818908,42.91941,39.61791,22.00995,18.34163,11.7272,22.8725,22.8725
2183,20.175789,41.818908,42.91941,39.61791,22.00995,18.34163,11.7272,22.8725,22.8725
2184,20.175789,41.818908,42.91941,39.61791,22.00995,18.34163,11.7272,22.8725,22.8725
2185,20.175789,41.818908,42.91941,39.61791,22.00995,18.34163,11.7272,22.8725,22.8725
2186,20.175789,41.818908,42.91941,39.61791,22.00995,18.34163,11.7272,22.8725,22.8725
2187,20.175789,41.818908,42.91941,39.61791,22.00995,18.34163,11.7272,22.8725,22.8725
2188,20.175789,41.818908,42.91941,39.61791,22.00995,18.34163,11.7272,22.8725,22.8725
2189,20.175789,41.818908,42.91941,39.61791,22.00995,18.34163,11.7272,22.8725,22.8725
2190,20.175789,41.818908,42.91941,39.61791,22.00995,18.34163,11.7272,22.8725,22.8725
2191,20.175789,41.818908,42.91941,39.61791,22.00995,18.34163,11.7272,22.8725,22.8725
2192,20.175789,41.818908,42.91941,39.61791,22.00995,18.34163,11.7272,22.8725,22.8725
2193,20.175789,41.818908,42.91941,39.61791,22.00995,18.34163,11.7272,22.8725,22.8725
2194,20.175789,41.818908,42.91941,39.61791,22.00995,18.34163,11.7272,22.8725,22.8725
2195,20.175789,41.818908,42.91941,39.61791,22.00995,18.34163,11.7272,22.8725,22.8725
2196,20.175789,41.818908,42.91941,39.61791,22.00995,18.34163,11.7272,22.8725,22.8725
2197,20.175789,41.818908,42.91941,39.61791,22.00995,18.34163,11.7272,22.8725,22.8725
2198,20.175789,41.818908,42.91941,39.61791,22.00995,18.34163,11.7272,22.8725,22.8725
2199,20.175789,41.818908,42.91941,39.61791,22.00995,18.34163,11.7272,22.8725,22.8725
2200,20.175789,41.818908,42.91941,39.61791,22.00995,18.34163,11.7272,22.8725,22.8725
2201,20.175789,41.818908,42.91941,39.61791,22.00995,18.34163,11.7272,22.8725,22.8725
2202,20.175789,41.818908,42.91941,39.61791,22.00995,18.34163,11.7272,22.8725,22.8725
2203,20.175789,41.818908,42.91941,39.61791,22.00995,18.34163,11.7272,22.8725,22.8725
2204,20.175789,41.818908,42.91941,39.61791,22.00995,18.34163,11.7272,22.8725,22.8725
2205,20.175789,41.818908,42.91941,39.61791,22.00995,18.34163,11.7272,22.8725,22.8725
2206,20.175789,41.818908,42.91941,39.61791,22.00995,18.34163,11.7272,22.8725,22.8725
2207,20.175789,41.818908,42.91941,39.61791,22.00995,18.34163,11.7272,22.8725,22.8725
2208,20.175789,41.818908,42.91941,39.61791,22.00995,18.34163,11.7272,22.8725,22.8725
2209,20.175789,41.818908,42.91941,39.61791,22.00995,18.34163,11.7272,22.8725,22.8725
2210,20.175789,41.818908,42.91941,39.61791,22.00995,18.34163,11.7272,22.8725,22.8725
2211,20.175789,41.818908,42.91941,39.61791,22.00995,18.34163,11.7272,22.8725,22.8725
2212,20.175789,41.818908,42.91941,39.61791,22.00995,18.34163,11.7272,22.8725,22.8725
2213,20.175789,41.818908,42.91941,39.61791,22.00995,18.34163,11.7272,22.8725,22.8725
2214,20.175789,41.818908,42.91941,39.61791,22.00995,18.34163,11.7272,22.8725,22.8725
2215,20.175789,41.818908,42.91941,39.61791,22.00995,18.34163,11.7272,22.8725,22.8725
2216,20.175789,41.818908,42.91941,39.61791,22.00995,18.34163,11.7272,22.8725,22.8725
2217,20.175789,41.818908,42.91941,39.61791,22.00995,18.34163,11.7272,22.8725,22.8725
2218,20.175789,41.818908,42.91941,39.61791,22.00995,18.34163,11.7272,22.8725,22.8725
2219,20.175789,41.818908,42.91941,39.61791,22.00995,18.34163,11.7272,22.8725,22.8725
2220,20.175789,41.818908,42.91941,39.61791,22.00995,18.34163,11.7272,22.8725,22.8725
2221,20.175789,41.818908,42.91941,39.61791,22.00995,18.34163,11.7272,22.8725,22.8725
2222,20.175789,41.818908,42.91941,39.61791,22.00995,18.34163,11.7272,22.8725,22.8725
2223,20.175789,41.818908,42.91941,39.61791,22.00995,18.34163,11.7272,22.8725,22.8725
2224,20.175789,41.818908,42.91941,39.61791,22.00995,18.34163,11.7272,22.8725,22.8725
2225,20.175789,41.818908,42.91941,39.61791,22.00995,18.34163,11.7272,22.8725,22.8725
2226,20.175789,41.818908,42.91941,39.61791,22.00995,18.34163,11.7272,22.8725,22.8725
2227,20.175789,41.818908,42.91941,39.61791,22.00995,18.34163,11.7272,22.8725,22.8725
2228,20.175789,41.818908,42.91941,39.61791,22.00995,18.34163,11.7272,22.8725,22.8725
2229,20.175789,41.818908,42.91941,39.61791,22.00995,18.34163,11.7272,22.8725,22.8725
2230,20.175789,41.818908,42.91941,39.61791,22.00995,18.34163,11.7272,22.8725,22.8725
2231,20.175789,41.818908,42.91941,39.61791,22.00995,18.34163,11.7272,22.8725,22.8725
2232,20.175789,41.818908,42.91941,39.61791,22.00995,18.34163,11.7272,22.8725,22.8725
2233,20.175789,41.818908,42.91941,39.61791,22.00995,18.34163,11.7272,22.8725,22.8725
2234,20.175789,41.818908,42.91941,39.61791,22.00995,18.34163,11.7272,22.8725,22.8725
2235,20.175789,41.818908,42.91941,39.61791,22.00995,18.34163,11.7272,22.8725,22.8725
2236,20.175789,41.818908,42.91941,39.61791,22.00995,18.34163,11.7272,22.8725,22.8725
2237,20.175789,41.818908,42.91941,39.61791,22.00995,18.34163,11.7272,22.8725,22.8725
2238,20.175789,41.818908,42.91941,39.61791,22.00995,18.34163,11.7272,22.8725,22.8725
2239,20.175789,41.818908,42.91941,39.61791,22.00995,18.34163,11.7272,22.8725,22.8725
2240,20.175789,41.818908,42.91941,39.61791,22.00995,18.34163,11.7272,22.8725,22.8725
2241,20.175789,41.818908,42.91941,39.61791,22.00995,18.34163,11.7272,22.8725,22.8725
2242,20.175789,41.818908,42.91941,39.61791,22.00995,18.34163,11.7272,22.8725,22.8725
2243,20.175789,41.818908,42.91941,39.61791,22.00995,18.34163,11.7272,22.8725,22.8725
2244,20.175789,41.818908,42.91941,39.61791,22.00995,18.34163,11.7272,22.8725,22.8725
2245,20.175789,41.818908,42.91941,39.61791,22.00995,18.34163,11.7272,22.8725,22.8725
2246,20.175789,41.818908,42.91941,39.61791,22.00995,18.34163,11.7272,22.8725,22.8725
2247,20.175789,41.818908,42.91941,39.61791,22.00995,18.34163,11.7272,22.8725,22.8725
2248,20.175789,41.818908,42.91941,39.61791,22.00995,18.34163,11.7272,22.8725,22.8725
2249,20.175789,41.818908,42.91941,39.61791,22.00995,18.34163,11.7272,22.8725,22.8725
2250,20.175789,41.818908,42.91941,39.61791,22.00995,18.34163,11.7272,22.8725,22.8725
2251,20.175789,41.818908,42.91941,39.61791,22.00995,18.34163,11.7272,22.8725,22.8725
2252,20.175789,41.818908,42.91941,39.61791,22.00995,18.34163,11.7272,22.8725,22.8725
2253,20.175789,41.818908,42.91941,39.61791,22.00995,18.34163,11.7272,22.8725,22.8725
2254,20.175789,41.818908,42.91941,39.61791,22.00995,18.34163,11.7272,22.8725,22.8725
2255,20.175789,41.818908,42.91941,39.61791,22.00995,18.34163,11.7272,22.8725,22.8725
2256,20.175789,41.818908,42.91941,39.61791,22.00995,18.34163,11.7272,22.8725,22.8725
2257,20.175789,41.818908,42.91941,39.61791,22.00995,18.34163,11.7272,22.8725,22.8725
2258,20.175789,41.818908,42.91941,39.61791,22.00995,18.34163,11.7272,22.8725,22.8725
2259,20.175789,41.818908,42.91941,39.61791,22.00995,18.34163,11.7272,22.8725,22.8725
2260,20.175789,41.818908,42.91941,39.61791,22.00995,18.34163,11.7272,22.8725,22.8725
2261,20.175789,41.818908,42.91941,39.61791,22.00995,18.34163,11.7272,22.8725,22.8725
2262,20.175789,41.818908,42.91941,39.61791,22.00995,18.34163,11.7272,22.8725,22.8725
2263,20.175789,41.818908,42.91941,39.61791,22.00995,18.34163,11.7272,22.8725,22.8725
2264,20.175789,41.818908,42.91941,39.61791,22.00995,18.34163,11.7272,22.8725,22.8725
2265,20.175789,41.818908,42.91941,39.61791,22.00995,18.34163,11.7272,22.8725,22.8725
2266,20.175789,41.818908,42.91941,39.61791,22.00995,18.34163,11.7272,22.8725,22.8725
2267,20.175789,41.818908,42.91941,39.61791,22.00995,18.34163,11.7272,22.8725,22.8725
2268,20.175789,41.818908,42.91941,39.61791,22.00995,18.34163,11.7272,22.8725,22.8725
2269,20.175789,41.818908,42.91941,39.61791,22.00995,18.34163,11.7272,22.8725,22.8725
2270,20.175789,41.818908,42.91941,39.61791,22.00995,18.34163,11.7272,22.8725,22.8725
2271,20.175789,41.818908,42.91941,39.61791,22.00995,18.34163,11.7272,22.8725,22.8725
2272,20.175789,41.818908,42.91941,39.61791,22.00995,18.34163,11.7272,22.8725,22.8725
2273,20.175789,41.818908,42.91941,39.61791,22.00995,18.34163,11.7272,22.8725,22.8725
2274,20.175789,41.818908,42.91941,39.61791,22.00995,18.34163,11.7272,22.8725,22.8725
2275,20.175789,41.818908,42.91941,39.61791,22.00995,18.34163,11.7272,22.8725,22.8725
2276,20.175789,41.818908,42.91941,39.61791,22.00995,18.34163,11.7272,22.8725,22.8725
2277,20.175789,41.818908,42.91941,39.61791,22.00995,18.34163,11.7272,22.8725,22.8725
2278,20.175789,41.818908,42.91941,39.61791,22.00995,18.34163,11.7272,22.8725,22.8725
2279,20.175789,41.818908,42.91941,39.61791,22.00995,18.34163,11.7272,22.8725,22.8725
2280,20.175789,41.818908,42.91941,39.61791,22.00995,18.34163,11.7272,22.8725,22.8725
2281,20.175789,41.818908,42.91941,39.61791,22.00995,18.34163,11.7272,22.8725,22.8725
2282,20.175789,41.818908,42.91941,39.61791,22.00995,18.34163,11.7272,22.8725,22.8725
2283,20.175789,41.818908,42.91941,39.61791,22.00995,18.34163,11.7272,22.8725,22.8725
2284,20.175789,41.818908,42.91941,39.61791,22.00995,18.34163,11.7272,22.8725,22.8725
2285,20.175789,41.818908,42.91941,39.61791,22.00995,18.34163,11.7272,22.8725,22.8725
2286,20.175789,41.818908,42.91941,39.61791,22.00995,18.34163,11.7272,22.8725,22.8725
2287,20.175789,41.818908,42.91941,39.61791,22.00995,18.34163,11.7272,22.8725,22.8725
2288,20.175789,41.818908,42.91941,39.61791,22.00995,18.34163,11.7272,22.8725,22.8725
2289,20.175789,41.818908,42.91941,39.61791,22.00995,18.34163,11.7272,22.8725,22.8725
2290,20.175789,41.818908,42.91941,39.61791,22.00995,18.34163,11.7272,22.8725,22.8725
2291,20.175789,41.818908,42.91941,39.61791,22.00995,18.34163,11.7272,22.8725,22.8725
2292,20.175789,41.818908,42.91941,39.61791,22.00995,18.34163,11.7272,22.8725,22.8725
2293,20.175789,41.818908,42.91941,39.61791,22.00995,18.34163,11.7272,22.8725,22.8725
2294,20.175789,41.818908,42.91941,39.61791,22.00995,18.34163,11.7272,22.8725,22.8725
2295,20.175789,41.818908,42.91941,39.61791,22.00995,18.34163,11.7272,22.8725,22.8725
2296,20.175789,41.818908,42.91941,39.61791,22.00995,18.34163,11.7272,22.8725,22.8725
2297,20.175789,41.818908,42.91941,39.61791,22.00995,18.34163,11.7272,22.8725,22.8725
2298,20.175789,41.818908,42.91941,39.61791,22.00995,18.34163,11.7272,22.8725,22.8725
2299,20.175789,41.818908,42.91941,39.61791,22.00995,18.34163,11.7272,22.8725,22.8725
2300,20.175789,41.818908,42.91941,39.61791,22.00995,18.34163,11.7272,22.8725,22.8725
2301,20.175789,41.818908,42.91941,39.61791,22.00995,18.34163,11.7272,22.8725,22.8725
2302,20.175789,41.818908,42.91941,39.61791,22.00995,18.34163,11.7272,22.8725,22.8725
2303,20.175789,41.818908,42.91941,39.61791,22.00995,18.34163,11.7272,22.8725,22.8725
2304,20.175789,41.818908,42.91941,39.61791,22.00995,18.34163,11.7272,22.8725,22.8725
2305,20.175789,41.818908,42.91941,39.61791,22.00995,18.34163,11.7272,22.8725,22.8725
2306,20.175789,41.818908,42.91941,39.61791,22.00995,18.34163,11.7272,22.8725,22.8725
2307,20.175789,41.818908,42.91941,39.61791,22.00995,18.34163,11.7272,22.8725,22.8725
2308,20.175789,41.818908,42.91941,39.61791,22.00995,18.34163,11.7272,22.8725,22.8725
2309,20.175789,41.818908,42.91941,39.61791,22.00995,18.34163,11.7272,22.8725,22.8725
2310,20.175789,41.818908,42.91941,39.61791,22.00995,18.34163,11.7272,22.8725,22.8725
2311,20.175789,41.818908,42.91941,39.61791,22.00995,18.34163,11.7272,22.8725,22.8725
2312,20.175789,41.818908,42.91941,39.61791,22.00995,18.34163,11.7272,22.8725,22.8725
2313,20.175789,41.818908,42.91941,39.61791,22.00995,18.34163,11.7272,22.8725,22.8725
2314,20.175789,41.818908,42.91941,39.61791,22.00995,18.34163,11.7272,22.8725,22.8725
2315,20.175789,41.818908,42.91941,39.61791,22.00995,18.34163,11.7272,22.8725,22.8725
2316,20.175789,41.818908,42.91941,39.61791,22.00995,18.34163,11.7272,22.8725,22.8725
2317,20.175789,41.818908,42.91941,39.61791,22.00995,18.34163,11.7272,22.8725,22.8725
2318,20.175789,41.818908,42.91941,39.61791,22.00995,18.34163,11.7272,22.8725,22.8725
2319,20.175789,41.818908,42.91941,39.61791,22.00995,18.34163,11.7272,22.8725,22.8725
2320,20.175789,41.818908,42.91941,39.61791,22.00995,18.34163,11.7272,22.8725,22.8725
2321,20.175789,41.818908,42.91941,39.61791,22.00995,18.34163,11.7272,22.8725,22.8725
2322,20.175789,41.818908,42.91941,39.61791,22.00995,18.34163,11.7272,22.8725,22.8725
2323,20.175789,41.818908,42.91941,39.61791,22.00995,18.34163,11.7272,22.8725,22.8725
2324,20.175789,41.818908,42.91941,39.61791,22.00995,18.34163,11.7272,22.8725,22.8725
2325,20.175789,41.818908,42.91941,39.61791,22.00995,18.34163,11.7272,22.8725,22.8725
2326,20.175789,41.818908,42.91941,39.61791,22.00995,18.34163,11.7272,22.8725,22.8725
2327,20.175789,41.818908,42.91941,39.61791,22.00995,18.34163,11.7272,22.8725,22.8725
2328,20.175789,41.818908,42.91941,39.61791,22.00995,18.34163,11.7272,22.8725,22.8725
2329,20.175789,41.818908,42.91941,39.61791,22.00995,18.34163,11.7272,22.8725,22.8725
2330,20.175789,41.818908,42.91941,39.61791,22.00995,18.34163,11.7272,22.8725,22.8725
2331,20.175789,41.818908,42.91941,39.61791,22.00995,18.34163,11.7272,22.8725,22.8725
2332,20.175789,41.818908,42.91941,39.61791,22.00995,18.34163,11.7272,22.8725,22.8725
2333,20.175789,41.818908,42.91941,39.61791,22.00995,18.34163,11.7272,22.8725,22.8725
2334,20.175789,41.818908,42.91941,39.61791,22.00995,18.34163,11.7272,22.8725,22.8725
2335,20.175789,41.818908,42.91941,39.61791,22.00995,18.34163,11.7272,22.8725,22.8725
2336,20.175789,41.818908,42.91941,39.61791,22.00995,18.34163,11.7272,22.8725,22.8725
2337,20.175789,41.818908,42.91941,39.61791,22.00995,18.34163,11.7272,22.8725,22.8725
2338,20.175789,41.818908,42.91941,39.61791,22.00995,18.34163,11.7272,22.8725,22.8725
2339,20.175789,41.818908,42.91941,39.61791,22.00995,18.34163,11.7272,22.8725,22.8725
2340,20.175789,41.818908,42.91941,39.61791,22.00995,18.34163,11.7272,22.8725,22.8725
2341,20.175789,41.818908,42.91941,39.61791,22.00995,18.34163,11.7272,22.8725,22.8725
2342,20.175789,41.818908,42.91941,39.61791,22.00995,18.34163,11.7272,22.8725,22.8725
2343,20.175789,41.818908,42.91941,39.61791,22.00995,18.34163,11.7272,22.8725,22.8725
2344,20.175789,41.818908,42.91941,39.61791,22.00995,18.34163,11.7272,22.8725,22.8725
2345,20.175789,41.818908,42.91941,39.61791,22.00995,18.34163,11.7272,22.8725,22.8725
2346,20.175789,41.818908,42.91941,39.61791,22.00995,18.34163,11.7272,22.8725,22.8725
2347,20.175789,41.818908,42.91941,39.61791,22.00995,18.34163,11.7272,22.8725,22.8725
2348,20.175789,41.818908,42.91941,39.61791,22.00995,18.34163,11.7272,22.8725,22.8725
2349,20.175789,41.818908,42.91941,39.61791,22.00995,18.34163,11.7272,22.8725,22.8725
2350,20.175789,41.818908,42.91941,39.61791,22.00995,18.34163,11.7272,22.8725,22.8725
2351,20.175789,41.818908,42.91941,39.61791,22.00995,18.34163,11.7272,22.8725,22.8725
2352,20.175789,41.818908,42.91941,39.61791,22.00995,18.34163,11.7272,22.8725,22.8725
2353,20.175789,41.818908,42.91941,39.61791,22.00995,18.34163,11.7272,22.8725,22.8725
2354,20.175789,41.818908,42.91941,39.61791,22.00995,18.34163,11.7272,22.8725,22.8725
2355,20.175789,41.818908,42.91941,39.61791,22.00995,18.34163,11.7272,22.8725,22.8725
2356,20.175789,41.818908,42.91941,39.61791,22.00995,18.34163,11.7272,22.8725,22.8725
2357,20.175789,41.818908,42.91941,39.61791,22.00995,18.34163,11.7272,22.8725,22.8725
2358,20.175789,41.818908,42.91941,39.61791,22.00995,18.34163,11.7272,22.8725,22.8725
2359,20.175789,41.818908,42.91941,39.61791,22.00995,18.34163,11.7272,22.8725,22.8725
2360,20.175789,41.818908,42.91941,39.61791,22.00995,18.34163,11.7272,22.8725,22.8725
2361,20.175789,41.818908,42.91941,39.61791,22.00995,18.34163,11.7272,22.8725,22.8725
2362,20.175789,41.818908,42.91941,39.61791,22.00995,18.34163,11.7272,22.8725,22.8725
2363,20.175789,41.818908,42.91941,39.61791,22.00995,18.34163,11.7272,22.8725,22.8725
2364,20.175789,41.818908,42.91941,39.61791,22.00995,18.34163,11.7272,22.8725,22.8725
2365,20.175789,41.818908,42.91941,39.61791,22.00995,18.34163,11.7272,22.8725,22.8725
2366,20.175789,41.818908,42.91941,39.61791,22.00995,18.34163,11.7272,22.8725,22.8725
2367,20.175789,41.818908,42.91941,39.61791,22.00995,18.34163,11.7272,22.8725,22.8725
2368,20.175789,41.818908,42.91941,39.61791,22.00995,18.34163,11.7272,22.8725,22.8725
2369,20.175789,41.818908,42.91941,39.61791,22.00995,18.34163,11.7272,22.8725,22.8725
2370,20.175789,41.818908,42.91941,39.61791,22.00995,18.34163,11.7272,22.8725,22.8725
2371,20.175789,41.818908,42.91941,39.61791,22.00995,18.34163,11.7272,22.8725,22.8725
2372,20.175789,41.818908,42.91941,39.61791,22.00995,18.34163,11.7272,22.8725,22.8725
2373,20.175789,41.818908,42.91941,39.61791,22.00995,18.34163,11.7272,22.8725,22.8725
2374,20.175789,41.818908,42.91941,39.61791,22.00995,18.34163,11.7272,22.8725,22.8725
2375,20.175789,41.818908,42.91941,39.61791,22.00995,18.34163,11.7272,22.8725,22.8725
2376,20.175789,41.818908,42.91941,39.61791,22.00995,18.34163,11.7272,22.8725,22.8725
2377,20.175789,41.818908,42.91941,39.61791,22.00995,18.34163,11.7272,22.8725,22.8725
2378,20.175789,41.818908,42.91941,39.61791,22.00995,18.34163,11.7272,22.8725,22.8725
2379,20.175789,41.818908,42.91941,39.61791,22.00995,18.34163,11.7272,22.8725,22.8725
2380,20.175789,41.818908,42.91941,39.61791,22.00995,18.34163,11.7272,22.8725,22.8725
2381,20.175789,41.818908,42.91941,39.61791,22.00995,18.34163,11.7272,22.8725,22.8725
2382,20.175789,41.818908,42.91941,39.61791,22.00995,18.34163,11.7272,22.8725,22.8725
2383,20.175789,41.818908,42.91941,39.61791,22.00995,18.34163,11.7272,22.8725,22.8725
2384,20.175789,41.818908,42.91941,39.61791,22.00995,18.34163,11.7272,22.8725,22.8725
2385,20.175789,41.818908,42.91941,39.61791,22.00995,18.34163,11.7272,22.8725,22.8725
2386,20.175789,41.818908,42.91941,39.61791,22.00995,18.34163,11.7272,22.8725,22.8725
2387,20.175789,41.818908,42.91941,39.61791,22.00995,18.34163,11.7272,22.8725,22.8725
2388,20.175789,41.818908,42.91941,39.61791,22.00995,18.34163,11.7272,22.8725,22.8725
2389,20.175789,41.818908,42.91941,39.61791,22.00995,18.34163,11.7272,22.8725,22.8725
2390,20.175789,41.818908,42.91941,39.61791,22.00995,18.34163,11.7272,22.8725,22.8725
2391,20.175789,41.818908,42.91941,39.61791,22.00995,18.34163,11.7272,22.8725,22.8725
2392,20.175789,41.818908,42.91941,39.61791,22.00995,18.34163,11.7272,22.8725,22.8725
2393,20.175789,41.818908,42.91941,39.61791,22.00995,18.34163,11.7272,22.8725,22.8725
2394,20.175789,41.818908,42.91941,39.61791,22.00995,18.34163,11.7272,22.8725,22.8725
2395,20.175789,41.818908,42.91941,39.61791,22.00995,18.34163,11.7272,22.8725,22.8725
2396,20.175789,41.818908,42.91941,39.61791,22.00995,18.34163,11.7272,22.8725,22.8725
2397,20.175789,41.818908,42.91941,39.61791,22.00995,18.34163,11.7272,22.8725,22.8725
2398,20.175789,41.818908,42.91941,39.61791,22.00995,18.34163,11.7272,22.8725,22.8725
2399,20.175789,41.818908,42.91941,39.61791,22.00995,18.34163,11.7272,22.8725,22.8725
2400,20.175789,41.818908,42.91941,39.61791,22.00995,18.34163,11.7272,22.8725,22.8725
2401,20.175789,41.818908,42.91941,39.61791,22.00995,18.34163,11.7272,22.8725,22.8725
2402,20.175789,41.818908,42.91941,39.61791,22.00995,18.34163,11.7272,22.8725,22.8725
2403,20.175789,41.818908,42.91941,39.61791,22.00995,18.34163,11.7272,22.8725,22.8725
2404,20.175789,41.818908,42.91941,39.61791,22.00995,18.34163,11.7272,22.8725,22.8725
2405,20.175789,41.818908,42.91941,39.61791,22.00995,18.34163,11.7272,22.8725,22.8725
2406,20.175789,41.818908,42.91941,39.61791,22.00995,18.34163,11.7272,22.8725,22.8725
2407,20.175789,41.818908,42.91941,39.61791,22.00995,18.34163,11.7272,22.8725,22.8725
2408,20.175789,41.818908,42.91941,39.61791,22.00995,18.34163,11.7272,22.8725,22.8725
2409,20.175789,41.818908,42.91941,39.61791,22.00995,18.34163,11.7272,22.8725,22.8725
2410,20.175789,41.818908,42.91941,39.61791,22.00995,18.34163,11.7272,22.8725,22.8725
2411,20.175789,41.818908,42.91941,39.61791,22.00995,18.34163,11.7272,22.8725,22.8725
2412,20.175789,41.818908,42.91941,39.61791,22.00995,18.34163,11.7272,22.8725,22.8725
2413,20.175789,41.818908,42.91941,39.61791,22.00995,18.34163,11.7272,22.8725,22.8725
2414,20.175789,41.818908,42.91941,39.61791,22.00995,18.34163,11.7272,22.8725,22.8725
2415,20.175789,41.818908,42.91941,39.61791,22.00995,18.34163,11.7272,22.8725,22.8725
2416,20.175789,41.818908,42.91941,39.61791,22.00995,18.34163,11.7272,22.8725,22.8725
2417,20.175789,41.818908,42.91941,39.61791,22.00995,18.34163,11.7272,22.8725,22.8725
2418,20.175789,41.818908,42.91941,39.61791,22.00995,18.34163,11.7272,22.8725,22.8725
2419,20.175789,41.818908,42.91941,39.61791,22.00995,18.34163,11.7272,22.8725,22.8725
2420,20.175789,41.818908,42.91941,39.61791,22.00995,18.34163,11.7272,22.8725,22.8725
2421,20.175789,41.818908,42.91941,39.61791,22.00995,18.34163,11.7272,22.8725,22.8725
2422,20.175789,41.818908,42.91941,39.61791,22.00995,18.34163,11.7272,22.8725,22.8725
2423,20.175789,41.818908,42.91941,39.61791,22.00995,18.34163,11.7272,22.8725,22.8725
2424,20.175789,41.818908,42.91941,39.61791,22.00995,18.34163,11.7272,22.8725,22.8725
2425,20.175789,41.818908,42.91941,39.61791,22.00995,18.34163,11.7272,22.8725,22.8725
2426,20.175789,41.818908,42.91941,39.61791,22.00995,18.34163,11.7272,22.8725,22.8725
2427,20.175789,41.818908,42.91941,39.61791,22.00995,18.34163,11.7272,22.8725,22.8725
2428,20.175789,41.818908,42.91941,39.61791,22.00995,18.34163,11.7272,22.8725,22.8725
2429,20.175789,41.818908,42.91941,39.61791,22.00995,18.34163,11.7272,22.8725,22.8725
2430,20.175789,41.818908,42.91941,39.61791,22.00995,18.34163,11.7272,22.8725,22.8725
2431,20.175789,41.818908,42.91941,39.61791,22.00995,18.34163,11.7272,22.8725,22.8725
2432,20.175789,41.818908,42.91941,39.61791,22.00995,18.34163,11.7272,22.8725,22.8725
2433,20.175789,41.818908,42.91941,39.61791,22.00995,18.34163,11.7272,22.8725,22.8725
2434,20.175789,41.818908,42.91941,39.61791,22.00995,18.34163,11.7272,22.8725,22.8725
2435,20.175789,41.818908,42.91941,39.61791,22.00995,18.34163,11.7272,22.8725,22.8725
2436,20.175789,41.818908,42.91941,39.61791,22.00995,18.34163,11.7272,22.8725,22.8725
2437,20.175789,41.818908,42.91941,39.61791,22.00995,18.34163,11.7272,22.8725,22.8725
2438,20.175789,41.818908,42.91941,39.61791,22.00995,18.34163,11.7272,22.8725,22.8725
2439,20.175789,41.818908,42.91941,39.61791,22.00995,18.34163,11.7272,22.8725,22.8725
2440,20.175789,41.818908,42.91941,39.61791,22.00995,18.34163,11.7272,22.8725,22.8725
2441,20.175789,41.818908,42.91941,39.61791,22.00995,18.34163,11.7272,22.8725,22.8725
2442,20.175789,41.818908,42.91941,39.61791,22.00995,18.34163,11.7272,22.8725,22.8725
2443,20.175789,41.818908,42.91941,39.61791,22.00995,18.34163,11.7272,22.8725,22.8725
2444,20.175789,41.818908,42.91941,39.61791,22.00995,18.34163,11.7272,22.8725,22.8725
2445,20.175789,41.818908,42.91941,39.61791,22.00995,18.34163,11.7272,22.8725,22.8725
2446,20.175789,41.818908,42.91941,39.61791,22.00995,18.34163,11.7272,22.8725,22.8725
2447,20.175789,41.818908,42.91941,39.61791,22.00995,18.34163,11.7272,22.8725,22.8725
2448,20.175789,41.818908,42.91941,39.61791,22.00995,18.34163,11.7272,22.8725,22.8725
2449,20.175789,41.818908,42.91941,39.61791,22.00995,18.34163,11.7272,22.8725,22.8725
2450,20.175789,41.818908,42.91941,39.61791,22.00995,18.34163,11.7272,22.8725,22.8725
2451,20.175789,41.818908,42.91941,39.61791,22.00995,18.34163,11.7272,22.8725,22.8725
2452,20.175789,41.818908,42.91941,39.61791,22.00995,18.34163,11.7272,22.8725,22.8725
2453,20.175789,41.818908,42.91941,39.61791,22.00995,18.34163,11.7272,22.8725,22.8725
2454,20.175789,41.818908,42.91941,39.61791,22.00995,18.34163,11.7272,22.8725,22.8725
2455,20.175789,41.818908,42.91941,39.61791,22.00995,18.34163,11.7272,22.8725,22.8725
2456,20.175789,41.818908,42.91941,39.61791,22.00995,18.34163,11.7272,22.8725,22.8725
2457,20.175789,41.818908,42.91941,39.61791,22.00995,18.34163,11.7272,22.8725,22.8725
2458,20.175789,41.818908,42.91941,39.61791,22.00995,18.34163,11.7272,22.8725,22.8725
2459,20.175789,41.818908,42.91941,39.61791,22.00995,18.34163,11.7272,22.8725,22.8725
2460,20.175789,41.818908,42.91941,39.61791,22.00995,18.34163,11.7272,22.8725,22.8725
2461,20.175789,41.818908,42.91941,39.61791,22.00995,18.34163,11.7272,22.8725,22.8725
2462,20.175789,41.818908,42.91941,39.61791,22.00995,18.34163,11.7272,22.8725,22.8725
2463,20.175789,41.818908,42.91941,39.61791,22.00995,18.34163,11.7272,22.8725,22.8725
2464,20.175789,41.818908,42.91941,39.61791,22.00995,18.34163,11.7272,22.8725,22.8725
2465,20.175789,41.818908,42.91941,39.61791,22.00995,18.34163,11.7272,22.8725,22.8725
2466,20.175789,41.818908,42.91941,39.61791,22.00995,18.34163,11.7272,22.8725,22.8725
2467,20.175789,41.818908,42.91941,39.61791,22.00995,18.34163,11.7272,22.8725,22.8725
2468,20.175789,41.818908,42.91941,39.61791,22.00995,18.34163,11.7272,22.8725,22.8725
2469,20.175789,41.818908,42.91941,39.61791,22.00995,18.34163,11.7272,22.8725,22.8725
2470,20.175789,41.818908,42.91941,39.61791,22.00995,18.34163,11.7272,22.8725,22.8725
2471,20.175789,41.818908,42.91941,39.61791,22.00995,18.34163,11.7272,22.8725,22.8725
2472,20.175789,41.818908,42.91941,39.61791,22.00995,18.34163,11.7272,22.8725,22.8725
2473,20.175789,41.818908,42.91941,39.61791,22.00995,18.34163,11.7272,22.8725,22.8725
2474,20.175789,41.818908,42.91941,39.61791,22.00995,18.34163,11.7272,22.8725,22.8725
2475,20.175789,41.818908,42.91941,39.61791,22.00995,18.34163,11.7272,22.8725,22.8725
2476,20.175789,41.818908,42.91941,39.61791,22.00995,18.34163,11.7272,22.8725,22.8725
2477,20.175789,41.818908,42.91941,39.61791,22.00995,18.34163,11.7272,22.8725,22.8725
2478,20.175789,41.818908,42.91941,39.61791,22.00995,18.34163,11.7272,22.8725,22.8725
2479,20.175789,41.818908,42.91941,39.61791,22.00995,18.34163,11.7272,22.8725,22.8725
2480,20.175789,41.818908,42.91941,39.61791,22.00995,18.34163,11.7272,22.8725,22.8725
2481,20.175789,41.818908,42.91941,39.61791,22.00995,18.34163,11.7272,22.8725,22.8725
2482,20.175789,41.818908,42.91941,39.61791,22.00995,18.34163,11.7272,22.8725,22.8725
2483,20.175789,41.818908,42.91941,39.61791,22.00995,18.34163,11.7272,22.8725,22.8725
2484,20.175789,41.818908,42.91941,39.61791,22.00995,18.34163,11.7272,22.8725,22.8725
2485,20.175789,41.818908,42.91941,39.61791,22.00995,18.34163,11.7272,22.8725,22.8725
2486,20.175789,41.818908,42.91941,39.61791,22.00995,18.34163,11.7272,22.8725,22.8725
2487,20.175789,41.818908,42.91941,39.61791,22.00995,18.34163,11.7272,22.8725,22.8725
2488,20.175789,41.818908,42.91941,39.61791,22.00995,18.34163,11.7272,22.8725,22.8725
2489,20.175789,41.818908,42.91941,39.61791,22.00995,18.34163,11.7272,22.8725,22.8725
2490,20.175789,41.818908,42.91941,39.61791,22.00995,18.34163,11.7272,22.8725,22.8725
2491,20.175789,41.818908,42.91941,39.61791,22.00995,18.34163,11.7272,22.8725,22.8725
2492,20.175789,41.818908,42.91941,39.61791,22.00995,18.34163,11.7272,22.8725,22.8725
2493,20.175789,41.818908,42.91941,39.61791,22.00995,18.34163,11.7272,22.8725,22.8725
2494,20.175789,41.818908,42.91941,39.61791,22.00995,18.34163,11.7272,22.8725,22.8725
2495,20.175789,41.818908,42.91941,39.61791,22.00995,18.34163,11.7272,22.8725,22.8725
2496,20.175789,41.818908,42.91941,39.61791,22.00995,18.34163,11.7272,22.8725,22.8725
2497,20.175789,41.818908,42.91941,39.61791,22.00995,18.34163,11.7272,22.8725,22.8725
2498,20.175789,41.818908,42.91941,39.61791,22.00995,18.34163,11.7272,22.8725,22.8725
2499,20.175789,41.818908,42.91941,39.61791,22.00995,18.34163,11.7272,22.8725,22.8725
2500,20.175789,41.818908,42.91941,39.61791,22.00995,18.34163,11.7272,22.8725,22.8725
2501,20.175789,41.818908,42.91941,39.61791,22.00995,18.34163,11.7272,22.8725,22.8725
2502,20.175789,41.818908,42.91941,39.61791,22.00995,18.34163,11.7272,22.8725,22.8725
2503,20.175789,41.818908,42.91941,39.61791,22.00995,18.34163,11.7272,22.8725,22.8725
2504,20.175789,41.818908,42.91941,39.61791,22.00995,18.34163,11.7272,22.8725,22.8725
2505,20.175789,41.818908,42.91941,39.61791,22.00995,18.34163,11.7272,22.8725,22.8725
2506,20.175789,41.818908,42.91941,39.61791,22.00995,18.34163,11.7272,22.8725,22.8725
2507,20.175789,41.818908,42.91941,39.61791,22.00995,18.34163,11.7272,22.8725,22.8725
2508,20.175789,41.818908,42.91941,39.61791,22.00995,18.34163,11.7272,22.8725,22.8725
2509,20.175789,41.818908,42.91941,39.61791,22.00995,18.34163,11.7272,22.8725,22.8725
2510,20.175789,41.818908,42.91941,39.61791,22.00995,18.34163,11.7272,22.8725,22.8725
2511,20.175789,41.818908,42.91941,39.61791,22.00995,18.34163,11.7272,22.8725,22.8725
2512,20.175789,41.818908,42.91941,39.61791,22.00995,18.34163,11.7272,22.8725,22.8725
2513,20.175789,41.818908,42.91941,39.61791,22.00995,18.34163,11.7272,22.8725,22.8725
2514,20.175789,41.818908,42.91941,39.61791,22.00995,18.34163,11.7272,22.8725,22.8725
2515,20.175789,41.818908,42.91941,39.61791,22.00995,18.34163,11.7272,22.8725,22.8725
2516,20.175789,41.818908,42.91941,39.61791,22.00995,18.34163,11.7272,22.8725,22.8725
2517,20.175789,41.818908,42.91941,39.61791,22.00995,18.34163,11.7272,22.8725,22.8725
2518,20.175789,41.818908,42.91941,39.61791,22.00995,18.34163,11.7272,22.8725,22.8725
2519,20.175789,41.818908,42.91941,39.61791,22.00995,18.34163,11.7272,22.8725,22.8725
2520,20.175789,41.818908,42.91941,39.61791,22.00995,18.34163,11.7272,22.8725,22.8725
2521,20.175789,41.818908,42.91941,39.61791,22.00995,18.34163,11.7272,22.8725,22.8725
2522,20.175789,41.818908,42.91941,39.61791,22.00995,18.34163,11.7272,22.8725,22.8725
2523,20.175789,41.818908,42.91941,39.61791,22.00995,18.34163,11.7272,22.8725,22.8725
2524,20.175789,41.818908,42.91941,39.61791,22.00995,18.34163,11.7272,22.8725,22.8725
2525,20.175789,41.818908,42.91941,39.61791,22.00995,18.34163,11.7272,22.8725,22.8725
2526,20.175789,41.818908,42.91941,39.61791,22.00995,18.34163,11.7272,22.8725,22.8725
2527,20.175789,41.818908,42.91941,39.61791,22.00995,18.34163,11.7272,22.8725,22.8725
2528,20.175789,41.818908,42.91941,39.61791,22.00995,18.34163,11.7272,22.8725,22.8725
2529,20.175789,41.818908,42.91941,39.61791,22.00995,18.34163,11.7272,22.8725,22.8725
2530,20.175789,41.818908,42.91941,39.61791,22.00995,18.34163,11.7272,22.8725,22.8725
2531,20.175789,41.818908,42.91941,39.61791,22.00995,18.34163,11.7272,22.8725,22.8725
2532,20.175789,41.818908,42.91941,39.61791,22.00995,18.34163,11.7272,22.8725,22.8725
2533,20.175789,41.818908,42.91941,39.61791,22.00995,18.34163,11.7272,22.8725,22.8725
2534,20.175789,41.818908,42.91941,39.61791,22.00995,18.34163,11.7272,22.8725,22.8725
2535,20.175789,41.818908,42.91941,39.61791,22.00995,18.34163,11.7272,22.8725,22.8725
2536,20.175789,41.818908,42.91941,39.61791,22.00995,18.34163,11.7272,22.8725,22.8725
2537,20.175789,41.818908,42.91941,39.61791,22.00995,18.34163,11.7272,22.8725,22.8725
2538,20.175789,41.818908,42.91941,39.61791,22.00995,18.34163,11.7272,22.8725,22.8725
2539,20.175789,41.818908,42.91941,39.61791,22.00995,18.34163,11.7272,22.8725,22.8725
2540,20.175789,41.818908,42.91941,39.61791,22.00995,18.34163,11.7272,22.8725,22.8725
2541,20.175789,41.818908,42.91941,39.61791,22.00995,18.34163,11.7272,22.8725,22.8725
2542,20.175789,41.818908,42.91941,39.61791,22.00995,18.34163,11.7272,22.8725,22.8725
2543,20.175789,41.818908,42.91941,39.61791,22.00995,18.34163,11.7272,22.8725,22.8725
2544,20.175789,41.818908,42.91941,39.61791,22.00995,18.34163,11.7272,22.8725,22.8725
2545,20.175789,41.818908,42.91941,39.61791,22.00995,18.34163,11.7272,22.8725,22.8725
2546,20.175789,41.818908,42.91941,39.61791,22.00995,18.34163,11.7272,22.8725,22.8725
2547,20.175789,41.818908,42.91941,39.61791,22.00995,18.34163,11.7272,22.8725,22.8725
2548,20.175789,41.818908,42.91941,39.61791,22.00995,18.34163,11.7272,22.8725,22.8725
2549,20.175789,41.818908,42.91941,39.61791,22.00995,18.34163,11.7272,22.8725,22.8725
2550,20.175789,41.818908,42.91941,39.61791,22.00995,18.34163,11.7272,22.8725,22.8725
2551,20.175789,41.818908,42.91941,39.61791,22.00995,18.34163,11.7272,22.8725,22.8725
2552,20.175789,41.818908,42.91941,39.61791,22.00995,18.34163,11.7272,22.8725,22.8725
2553,20.175789,41.818908,42.91941,39.61791,22.00995,18.34163,11.7272,22.8725,22.8725
2554,20.175789,41.818908,42.91941,39.61791,22.00995,18.34163,11.7272,22.8725,22.8725
2555,20.175789,41.818908,42.91941,39.61791,22.00995,18.34163,11.7272,22.8725,22.8725
2556,20.175789,41.818908,42.91941,39.61791,22.00995,18.34163,11.7272,22.8725,22.8725
2557,20.175789,41.818908,42.91941,39.61791,22.00995,18.34163,11.7272,22.8725,22.8725
2558,20.175789,41.818908,42.91941,39.61791,22.00995,18.34163,11.7272,22.8725,22.8725
2559,20.175789,41.818908,42.91941,39.61791,22.00995,18.34163,11.7272,22.8725,22.8725
2560,20.175789,41.818908,42.91941,39.61791,22.00995,18.34163,11.7272,22.8725,22.8725
2561,20.175789,41.818908,42.91941,39.61791,22.00995,18.34163,11.7272,22.8725,22.8725
2562,20.175789,41.818908,42.91941,39.61791,22.00995,18.34163,11.7272,22.8725,22.8725
2563,20.175789,41.818908,42.91941,39.61791,22.00995,18.34163,11.7272,22.8725,22.8725
2564,20.175789,41.818908,42.91941,39.61791,22.00995,18.34163,11.7272,22.8725,22.8725
2565,20.175789,41.818908,42.91941,39.61791,22.00995,18.34163,11.7272,22.8725,22.8725
2566,20.175789,41.818908,42.91941,39.61791,22.00995,18.34163,11.7272,22.8725,22.8725
2567,20.175789,41.818908,42.91941,39.61791,22.00995,18.34163,11.7272,22.8725,22.8725
2568,20.175789,41.818908,42.91941,39.61791,22.00995,18.34163,11.7272,22.8725,22.8725
2569,20.175789,41.818908,42.91941,39.61791,22.00995,18.34163,11.7272,22.8725,22.8725
2570,20.175789,41.818908,42.91941,39.61791,22.00995,18.34163,11.7272,22.8725,22.8725
2571,20.175789,41.818908,42.91941,39.61791,22.00995,18.34163,11.7272,22.8725,22.8725
2572,20.175789,41.818908,42.91941,39.61791,22.00995,18.34163,11.7272,22.8725,22.8725
2573,20.175789,41.818908,42.91941,39.61791,22.00995,18.34163,11.7272,22.8725,22.8725
2574,20.175789,41.818908,42.91941,39.61791,22.00995,18.34163,11.7272,22.8725,22.8725
2575,20.175789,41.818908,42.91941,39.61791,22.00995,18.34163,11.7272,22.8725,22.8725
2576,20.175789,41.818908,42.91941,39.61791,22.00995,18.34163,11.7272,22.8725,22.8725
2577,20.175789,41.818908,42.91941,39.61791,22.00995,18.34163,11.7272,22.8725,22.8725
2578,20.175789,41.818908,42.91941,39.61791,22.00995,18.34163,11.7272,22.8725,22.8725
2579,20.175789,41.818908,42.91941,39.61791,22.00995,18.34163,11.7272,22.8725,22.8725
2580,20.175789,41.818908,42.91941,39.61791,22.00995,18.34163,11.7272,22.8725,22.8725
2581,20.175789,41.818908,42.91941,39.61791,22.00995,18.34163,11.7272,22.8725,22.8725
2582,20.175789,41.818908,42.91941,39.61791,22.00995,18.34163,11.7272,22.8725,22.8725
2583,20.175789,41.818908,42.91941,39.61791,22.00995,18.34163,11.7272,22.8725,22.8725
2584,20.175789,41.818908,42.91941,39.61791,22.00995,18.34163,11.7272,22.8725,22.8725
2585,20.175789,41.818908,42.91941,39.61791,22.00995,18.34163,11.7272,22.8725,22.8725
2586,20.175789,41.818908,42.91941,39.61791,22.00995,18.34163,11.7272,22.8725,22.8725
2587,20.175789,41.818908,42.91941,39.61791,22.00995,18.34163,11.7272,22.8725,22.8725
2588,20.175789,41.818908,42.91941,39.61791,22.00995,18.34163,11.7272,22.8725,22.8725
2589,20.175789,41.818908,42.91941,39.61791,22.00995,18.34163,11.7272,22.8725,22.8725
2590,20.175789,41.818908,42.91941,39.61791,22.00995,18.34163,11.7272,22.8725,22.8725
2591,20.175789,41.818908,42.91941,39.61791,22.00995,18.34163,11.7272,22.8725,22.8725
2592,20.175789,41.818908,42.91941,39.61791,22.00995,18.34163,11.7272,22.8725,22.8725
2593,20.175789,41.818908,42.91941,39.61791,22.00995,18.34163,11.7272,22.8725,22.8725
2594,20.175789,41.818908,42.91941,39.61791,22.00995,18.34163,11.7272,22.8725,22.8725
2595,20.175789,41.818908,42.91941,39.61791,22.00995,18.34163,11.7272,22.8725,22.8725
2596,20.175789,41.818908,42.91941,39.61791,22.00995,18.34163,11.7272,22.8725,22.8725
2597,20.175789,41.818908,42.91941,39.61791,22.00995,18.34163,11.7272,22.8725,22.8725
2598,20.175789,41.818908,42.91941,39.61791,22.00995,18.34163,11.7272,22.8725,22.8725
2599,20.175789,41.818908,42.91941,39.61791,22.00995,18.34163,11.7272,22.8725,22.8725
2600,20.175789,41.818908,42.91941,39.61791,22.00995,18.34163,11.7272,22.8725,22.8725
2601,20.175789,41.818908,42.91941,39.61791,22.00995,18.34163,11.7272,22.8725,22.8725
2602,20.175789,41.818908,42.91941,39.61791,22.00995,18.34163,11.7272,22.8725,22.8725
2603,20.175789,41.818908,42.91941,39.61791,22.00995,18.34163,11.7272,22.8725,22.8725
2604,20.175789,41.818908,42.91941,39.61791,22.00995,18.34163,11.7272,22.8725,22.8725
2605,20.175789,41.818908,42.91941,39.61791,22.00995,18.34163,11.7272,22.8725,22.8725
2606,20.175789,41.818908,42.91941,39.61791,22.00995,18.34163,11.7272,22.8725,22.8725
2607,20.175789,41.818908,42.91941,39.61791,22.00995,18.34163,11.7272,22.8725,22.8725
2608,20.175789,41.818908,42.91941,39.61791,22.00995,18.34163,11.7272,22.8725,22.8725
2609,20.175789,41.818908,42.91941,39.61791,22.00995,18.34163,11.7272,22.8725,22.8725
2610,20.175789,41.818908,42.91941,39.61791,22.00995,18.34163,11.7272,22.8725,22.8725
2611,20.175789,41.818908,42.91941,39.61791,22.00995,18.34163,11.7272,22.8725,22.8725
2612,20.175789,41.818908,42.91941,39.61791,22.00995,18.34163,11.7272,22.8725,22.8725
2613,20.175789,41.818908,42.91941,39.61791,22.00995,18.34163,11.7272,22.8725,22.8725
2614,20.175789,41.818908,42.91941,39.61791,22.00995,18.34163,11.7272,22.8725,22.8725
2615,20.175789,41.818908,42.91941,39.61791,22.00995,18.34163,11.7272,22.8725,22.8725
2616,20.175789,41.818908,42.91941,39.61791,22.00995,18.34163,11.7272,22.8725,22.8725
2617,20.175789,41.818908,42.91941,39.61791,22.00995,18.34163,11.7272,22.8725,22.8725
2618,20.175789,41.818908,42.91941,39.61791,22.00995,18.34163,11.7272,22.8725,22.8725
2619,20.175789,41.818908,42.91941,39.61791,22.00995,18.34163,11.7272,22.8725,22.8725
2620,20.175789,41.818908,42.91941,39.61791,22.00995,18.34163,11.7272,22.8725,22.8725
2621,20.175789,41.818908,42.91941,39.61791,22.00995,18.34163,11.7272,22.8725,22.8725
2622,20.175789,41.818908,42.91941,39.61791,22.00995,18.34163,11.7272,22.8725,22.8725
2623,20.175789,41.818908,42.91941,39.61791,22.00995,18.34163,11.7272,22.8725,22.8725
2624,20.175789,41.818908,42.91941,39.61791,22.00995,18.34163,11.7272,22.8725,22.8725
2625,20.175789,41.818908,42.91941,39.61791,22.00995,18.34163,11.7272,22.8725,22.8725
2626,20.175789,41.818908,42.91941,39.61791,22.00995,18.34163,11.7272,22.8725,22.8725
2627,20.175789,41.818908,42.91941,39.61791,22.00995,18.34163,11.7272,22.8725,22.8725
2628,20.175789,41.818908,42.91941,39.61791,22.00995,18.34163,11.7272,22.8725,22.8725
2629,20.175789,41.818908,42.91941,39.61791,22.00995,18.34163,11.7272,22.8725,22.8725
2630,20.175789,41.818908,42.91941,39.61791,22.00995,18.34163,11.7272,22.8725,22.8725
2631,20.175789,41.818908,42.91941,39.61791,22.00995,18.34163,11.7272,22.8725,22.8725
2632,20.175789,41.818908,42.91941,39.61791,22.00995,18.34163,11.7272,22.8725,22.8725
2633,20.175789,41.818908,42.91941,39.61791,22.00995,18.34163,11.7272,22.8725,22.8725
2634,20.175789,41.818908,42.91941,39.61791,22.00995,18.34163,11.7272,22.8725,22.8725
2635,20.175789,41.818908,42.91941,39.61791,22.00995,18.34163,11.7272,22.8725,22.8725
2636,20.175789,41.818908,42.91941,39.61791,22.00995,18.34163,11.7272,22.8725,22.8725
2637,20.175789,41.818908,42.91941,39.61791,22.00995,18.34163,11.7272,22.8725,22.8725
2638,20.175789,41.818908,42.91941,39.61791,22.00995,18.34163,11.7272,22.8725,22.8725
2639,20.175789,41.818908,42.91941,39.61791,22.00995,18.34163,11.7272,22.8725,22.8725
2640,20.175789,41.818908,42.91941,39.61791,22.00995,18.34163,11.7272,22.8725,22.8725
2641,20.175789,41.818908,42.91941,39.61791,22.00995,18.34163,11.7272,22.8725,22.8725
2642,20.175789,41.818908,42.91941,39.61791,22.00995,18.34163,11.7272,22.8725,22.8725
2643,20.175789,41.818908,42.91941,39.61791,22.00995,18.34163,11.7272,22.8725,22.8725
2644,20.175789,41.818908,42.91941,39.61791,22.00995,18.34163,11.7272,22.8725,22.8725
2645,20.175789,41.818908,42.91941,39.61791,22.00995,18.34163,11.7272,22.8725,22.8725
2646,20.175789,41.818908,42.91941,39.61791,22.00995,18.34163,11.7272,22.8725,22.8725
2647,20.175789,41.818908,42.91941,39.61791,22.00995,18.34163,11.7272,22.8725,22.8725
2648,20.175789,41.818908,42.91941,39.61791,22.00995,18.34163,11.7272,22.8725,22.8725
2649,20.175789,41.818908,42.91941,39.61791,22.00995,18.34163,11.7272,22.8725,22.8725
2650,20.175789,41.818908,42.91941,39.61791,22.00995,18.34163,11.7272,22.8725,22.8725
2651,20.175789,41.818908,42.91941,39.61791,22.00995,18.34163,11.7272,22.8725,22.8725
2652,20.175789,41.818908,42.91941,39.61791,22.00995,18.34163,11.7272,22.8725,22.8725
2653,20.175789,41.818908,42.91941,39.61791,22.00995,18.34163,11.7272,22.8725,22.8725
2654,20.175789,41.818908,42.91941,39.61791,22.00995,18.34163,11.7272,22.8725,22.8725
2655,20.175789,41.818908,42.91941,39.61791,22.00995,18.34163,11.7272,22.8725,22.8725
2656,20.175789,41.818908,42.91941,39.61791,22.00995,18.34163,11.7272,22.8725,22.8725
2657,20.175789,41.818908,42.91941,39.61791,22.00995,18.34163,11.7272,22.8725,22.8725
2658,20.175789,41.818908,42.91941,39.61791,22.00995,18.34163,11.7272,22.8725,22.8725
2659,20.175789,41.818908,42.91941,39.61791,22.00995,18.34163,11.7272,22.8725,22.8725
2660,20.175789,41.818908,42.91941,39.61791,22.00995,18.34163,11.7272,22.8725,22.8725
2661,20.175789,41.818908,42.91941,39.61791,22.00995,18.34163,11.7272,22.8725,22.8725
2662,20.175789,41.818908,42.91941,39.61791,22.00995,18.34163,11.7272,22.8725,22.8725
2663,20.175789,41.818908,42.91941,39.61791,22.00995,18.34163,11.7272,22.8725,22.8725
2664,20.175789,41.818908,42.91941,39.61791,22.00995,18.34163,11.7272,22.8725,22.8725
2665,20.175789,41.818908,42.91941,39.61791,22.00995,18.34163,11.7272,22.8725,22.8725
2666,20.175789,41.818908,42.91941,39.61791,22.00995,18.34163,11.7272,22.8725,22.8725
2667,20.175789,41.818908,42.91941,39.61791,22.00995,18.34163,11.7272,22.8725,22.8725
2668,20.175789,41.818908,42.91941,39.61791,22.00995,18.34163,11.7272,22.8725,22.8725
2669,20.175789,41.818908,42.91941,39.61791,22.00995,18.34163,11.7272,22.8725,22.8725
2670,20.175789,41.818908,42.91941,39.61791,22.00995,18.34163,11.7272,22.8725,22.8725
2671,20.175789,41.818908,42.91941,39.61791,22.00995,18.34163,11.7272,22.8725,22.8725
2672,20.175789,41.818908,42.91941,39.61791,22.00995,18.34163,11.7272,22.8725,22.8725
2673,20.175789,41.818908,42.91941,39.61791,22.00995,18.34163,11.7272,22.8725,22.8725
2674,20.175789,41.818908,42.91941,39.61791,22.00995,18.34163,11.7272,22.8725,22.8725
2675,20.175789,41.818908,42.91941,39.61791,22.00995,18.34163,11.7272,22.8725,22.8725
2676,20.175789,41.818908,42.91941,39.61791,22.00995,18.34163,11.7272,22.8725,22.8725
2677,20.175789,41.818908,42.91941,39.61791,22.00995,18.34163,11.7272,22.8725,22.8725
2678,20.175789,41.818908,42.91941,39.61791,22.00995,18.34163,11.7272,22.8725,22.8725
2679,20.175789,41.818908,42.91941,39.61791,22.00995,18.34163,11.7272,22.8725,22.8725
2680,20.175789,41.818908,42.91941,39.61791,22.00995,18.34163,11.7272,22.8725,22.8725
2681,20.175789,41.818908,42.91941,39.61791,22.00995,18.34163,11.7272,22.8725,22.8725
2682,20.175789,41.818908,42.91941,39.61791,22.00995,18.34163,11.7272,22.8725,22.8725
2683,20.175789,41.818908,42.91941,39.61791,22.00995,18.34163,11.7272,22.8725,22.8725
2684,20.175789,41.818908,42.91941,39.61791,22.00995,18.34163,11.7272,22.8725,22.8725
2685,20.175789,41.818908,42.91941,39.61791,22.00995,18.34163,11.7272,22.8725,22.8725
2686,20.175789,41.818908,42.91941,39.61791,22.00995,18.34163,11.7272,22.8725,22.8725
2687,20.175789,41.818908,42.91941,39.61791,22.00995,18.34163,11.7272,22.8725,22.8725
2688,20.175789,41.818908,42.91941,39.61791,22.00995,18.34163,11.7272,22.8725,22.8725
2689,20.175789,41.818908,42.91941,39.61791,22.00995,18.34163,11.7272,22.8725,22.8725
2690,20.175789,41.818908,42.91941,39.61791,22.00995,18.34163,11.7272,22.8725,22.8725
2691,20.175789,41.818908,42.91941,39.61791,22.00995,18.34163,11.7272,22.8725,22.8725
2692,20.175789,41.818908,42.91941,39.61791,22.00995,18.34163,11.7272,22.8725,22.8725
2693,20.175789,41.818908,42.91941,39.61791,22.00995,18.34163,11.7272,22.8725,22.8725
2694,20.175789,41.818908,42.91941,39.61791,22.00995,18.34163,11.7272,22.8725,22.8725
2695,20.175789,41.818908,42.91941,39.61791,22.00995,18.34163,11.7272,22.8725,22.8725
2696,20.175789,41.818908,42.91941,39.61791,22.00995,18.34163,11.7272,22.8725,22.8725
2697,20.175789,41.818908,42.91941,39.61791,22.00995,18.34163,11.7272,22.8725,22.8725
2698,20.175789,41.818908,42.91941,39.61791,22.00995,18.34163,11.7272,22.8725,22.8725
2699,20.175789,41.818908,42.91941,39.61791,22.00995,18.34163,11.7272,22.8725,22.8725
2700,20.175789,41.818908,42.91941,39.61791,22.00995,18.34163,11.7272,22.8725,22.8725
2701,20.175789,41.818908,42.91941,39.61791,22.00995,18.34163,11.7272,22.8725,22.8725
2702,20.175789,41.818908,42.91941,39.61791,22.00995,18.34163,11.7272,22.8725,22.8725
2703,20.175789,41.818908,42.91941,39.61791,22.00995,18.34163,11.7272,22.8725,22.8725
2704,20.175789,41.818908,42.91941,39.61791,22.00995,18.34163,11.7272,22.8725,22.8725
2705,20.175789,41.818908,42.91941,39.61791,22.00995,18.34163,11.7272,22.8725,22.8725
2706,20.175789,41.818908,42.91941,39.61791,22.00995,18.34163,11.7272,22.8725,22.8725
2707,20.175789,41.818908,42.91941,39.61791,22.00995,18.34163,11.7272,22.8725,22.8725
2708,20.175789,41.818908,42.91941,39.61791,22.00995,18.34163,11.7272,22.8725,22.8725
2709,20.175789,41.818908,42.91941,39.61791,22.00995,18.34163,11.7272,22.8725,22.8725
2710,20.175789,41.818908,42.91941,39.61791,22.00995,18.34163,11.7272,22.8725,22.8725
2711,20.175789,41.818908,42.91941,39.61791,22.00995,18.34163,11.7272,22.8725,22.8725
2712,20.175789,41.818908,42.91941,39.61791,22.00995,18.34163,11.7272,22.8725,22.8725
2713,20.175789,41.818908,42.91941,39.61791,22.00995,18.34163,11.7272,22.8725,22.8725
2714,20.175789,41.818908,42.91941,39.61791,22.00995,18.34163,11.7272,22.8725,22.8725
2715,20.175789,41.818908,42.91941,39.61791,22.00995,18.34163,11.7272,22.8725,22.8725
2716,20.175789,41.818908,42.91941,39.61791,22.00995,18.34163,11.7272,22.8725,22.8725
2717,20.175789,41.818908,42.91941,39.61791,22.00995,18.34163,11.7272,22.8725,22.8725
2718,20.175789,41.818908,42.91941,39.61791,22.00995,18.34163,11.7272,22.8725,22.8725
2719,20.175789,41.818908,42.91941,39.61791,22.00995,18.34163,11.7272,22.8725,22.8725
2720,20.175789,41.818908,42.91941,39.61791,22.00995,18.34163,11.7272,22.8725,22.8725
2721,20.175789,41.818908,42.91941,39.61791,22.00995,18.34163,11.7272,22.8725,22.8725
2722,20.175789,41.818908,42.91941,39.61791,22.00995,18.34163,11.7272,22.8725,22.8725
2723,20.175789,41.818908,42.91941,39.61791,22.00995,18.34163,11.7272,22.8725,22.8725
2724,20.175789,41.818908,42.91941,39.61791,22.00995,18.34163,11.7272,22.8725,22.8725
2725,20.175789,41.818908,42.91941,39.61791,22.00995,18.34163,11.7272,22.8725,22.8725
2726,20.175789,41.818908,42.91941,39.61791,22.00995,18.34163,11.7272,22.8725,22.8725
2727,20.175789,41.818908,42.91941,39.61791,22.00995,18.34163,11.7272,22.8725,22.8725
2728,20.175789,41.818908,42.91941,39.61791,22.00995,18.34163,11.7272,22.8725,22.8725
2729,20.175789,41.818908,42.91941,39.61791,22.00995,18.34163,11.7272,22.8725,22.8725
2730,20.175789,41.818908,42.91941,39.61791,22.00995,18.34163,11.7272,22.8725,22.8725
2731,20.175789,41.818908,42.91941,39.61791,22.00995,18.34163,11.7272,22.8725,22.8725
2732,20.175789,41.818908,42.91941,39.61791,22.00995,18.34163,11.7272,22.8725,22.8725
2733,20.175789,41.818908,42.91941,39.61791,22.00995,18.34163,11.7272,22.8725,22.8725
2734,20.175789,41.818908,42.91941,39.61791,22.00995,18.34163,11.7272,22.8725,22.8725
2735,20.175789,41.818908,42.91941,39.61791,22.00995,18.34163,11.7272,22.8725,22.8725
2736,20.175789,41.818908,42.91941,39.61791,22.00995,18.34163,11.7272,22.8725,22.8725
2737,20.175789,41.818908,42.91941,39.61791,22.00995,18.34163,11.7272,22.8725,22.8725
2738,20.175789,41.818908,42.91941,39.61791,22.00995,18.34163,11.7272,22.8725,22.8725
2739,20.175789,41.818908,42.91941,39.61791,22.00995,18.34163,11.7272,22.8725,22.8725
2740,20.175789,41.818908,42.91941,39.61791,22.00995,18.34163,11.7272,22.8725,22.8725
2741,20.175789,41.818908,42.91941,39.61791,22.00995,18.34163,11.7272,22.8725,22.8725
2742,20.175789,41.818908,42.91941,39.61791,22.00995,18.34163,11.7272,22.8725,22.8725
2743,20.175789,41.818908,42.91941,39.61791,22.00995,18.34163,11.7272,22.8725,22.8725
2744,20.175789,41.818908,42.91941,39.61791,22.00995,18.34163,11.7272,22.8725,22.8725
2745,20.175789,41.818908,42.91941,39.61791,22.00995,18.34163,11.7272,22.8725,22.8725
2746,20.175789,41.818908,42.91941,39.61791,22.00995,18.34163,11.7272,22.8725,22.8725
2747,20.175789,41.818908,42.91941,39.61791,22.00995,18.34163,11.7272,22.8725,22.8725
2748,20.175789,41.818908,42.91941,39.61791,22.00995,18.34163,11.7272,22.8725,22.8725
2749,20.175789,41.818908,42.91941,39.61791,22.00995,18.34163,11.7272,22.8725,22.8725
2750,20.175789,41.818908,42.91941,39.61791,22.00995,18.34163,11.7272,22.8725,22.8725
2751,20.175789,41.818908,42.91941,39.61791,22.00995,18.34163,11.7272,22.8725,22.8725
2752,20.175789,41.818908,42.91941,39.61791,22.00995,18.34163,11.7272,22.8725,22.8725
2753,20.175789,41.818908,42.91941,39.61791,22.00995,18.34163,11.7272,22.8725,22.8725
2754,20.175789,41.818908,42.91941,39.61791,22.00995,18.34163,11.7272,22.8725,22.8725
2755,20.175789,41.818908,42.91941,39.61791,22.00995,18.34163,11.7272,22.8725,22.8725
2756,20.175789,41.818908,42.91941,39.61791,22.00995,18.34163,11.7272,22.8725,22.8725
2757,20.175789,41.818908,42.91941,39.61791,22.00995,18.34163,11.7272,22.8725,22.8725
2758,20.175789,41.818908,42.91941,39.61791,22.00995,18.34163,11.7272,22.8725,22.8725
2759,20.175789,41.818908,42.91941,39.61791,22.00995,18.34163,11.7272,22.8725,22.8725
2760,20.175789,41.818908,42.91941,39.61791,22.00995,18.34163,11.7272,22.8725,22.8725
2761,20.175789,41.818908,42.91941,39.61791,22.00995,18.34163,11.7272,22.8725,22.8725
2762,20.175789,41.818908,42.91941,39.61791,22.00995,18.34163,11.7272,22.8725,22.8725
2763,20.175789,41.818908,42.91941,39.61791,22.00995,18.34163,11.7272,22.8725,22.8725
2764,20.175789,41.818908,42.91941,39.61791,22.00995,18.34163,11.7272,22.8725,22.8725
2765,20.175789,41.818908,42.91941,39.61791,22.00995,18.34163,11.7272,22.8725,22.8725
2766,20.175789,41.818908,42.91941,39.61791,22.00995,18.34163,11.7272,22.8725,22.8725
2767,20.175789,41.818908,42.91941,39.61791,22.00995,18.34163,11.7272,22.8725,22.8725
2768,20.175789,41.818908,42.91941,39.61791,22.00995,18.34163,11.7272,22.8725,22.8725
2769,20.175789,41.818908,42.91941,39.61791,22.00995,18.34163,11.7272,22.8725,22.8725
2770,20.175789,41.818908,42.91941,39.61791,22.00995,18.34163,11.7272,22.8725,22.8725
2771,20.175789,41.818908,42.91941,39.61791,22.00995,18.34163,11.7272,22.8725,22.8725
2772,20.175789,41.818908,42.91941,39.61791,22.00995,18.34163,11.7272,22.8725,22.8725
2773,20.175789,41.818908,42.91941,39.61791,22.00995,18.34163,11.7272,22.8725,22.8725
2774,20.175789,41.818908,42.91941,39.61791,22.00995,18.34163,11.7272,22.8725,22.8725
2775,20.175789,41.818908,42.91941,39.61791,22.00995,18.34163,11.7272,22.8725,22.8725
2776,20.175789,41.818908,42.91941,39.61791,22.00995,18.34163,11.7272,22.8725,22.8725
2777,20.175789,41.818908,42.91941,39.61791,22.00995,18.34163,11.7272,22.8725,22.8725
2778,20.175789,41.818908,42.91941,39.61791,22.00995,18.34163,11.7272,22.8725,22.8725
2779,20.175789,41.818908,42.91941,39.61791,22.00995,18.34163,11.7272,22.8725,22.8725
2780,20.175789,41.818908,42.91941,39.61791,22.00995,18.34163,11.7272,22.8725,22.8725
2781,20.175789,41.818908,42.91941,39.61791,22.00995,18.34163,11.7272,22.8725,22.8725
2782,20.175789,41.818908,42.91941,39.61791,22.00995,18.34163,11.7272,22.8725,22.8725
2783,20.175789,41.818908,42.91941,39.61791,22.00995,18.34163,11.7272,22.8725,22.8725
2784,20.175789,41.818908,42.91941,39.61791,22.00995,18.34163,11.7272,22.8725,22.8725
2785,20.175789,41.818908,42.91941,39.61791,22.00995,18.34163,11.7272,22.8725,22.8725
2786,20.175789,41.818908,42.91941,39.61791,22.00995,18.34163,11.7272,22.8725,22.8725
2787,20.175789,41.818908,42.91941,39.61791,22.00995,18.34163,11.7272,22.8725,22.8725
2788,20.175789,41.818908,42.91941,39.61791,22.00995,18.34163,11.7272,22.8725,22.8725
2789,20.175789,41.818908,42.91941,39.61791,22.00995,18.34163,11.7272,22.8725,22.8725
2790,20.175789,41.818908,42.91941,39.61791,22.00995,18.34163,11.7272,22.8725,22.8725
2791,20.175789,41.818908,42.91941,39.61791,22.00995,18.34163,11.7272,22.8725,22.8725
2792,20.175789,41.818908,42.91941,39.61791,22.00995,18.34163,11.7272,22.8725,22.8725
2793,20.175789,41.818908,42.91941,39.61791,22.00995,18.34163,11.7272,22.8725,22.8725
2794,20.175789,41.818908,42.91941,39.61791,22.00995,18.34163,11.7272,22.8725,22.8725
2795,20.175789,41.818908,42.91941,39.61791,22.00995,18.34163,11.7272,22.8725,22.8725
2796,20.175789,41.818908,42.91941,39.61791,22.00995,18.34163,11.7272,22.8725,22.8725
2797,20.175789,41.818908,42.91941,39.61791,22.00995,18.34163,11.7272,22.8725,22.8725
2798,20.175789,41.818908,42.91941,39.61791,22.00995,18.34163,11.7272,22.8725,22.8725
2799,20.175789,41.818908,42.91941,39.61791,22.00995,18.34163,11.7272,22.8725,22.8725
2800,20.175789,41.818908,42.91941,39.61791,22.00995,18.34163,11.7272,22.8725,22.8725
2801,20.175789,41.818908,42.91941,39.61791,22.00995,18.34163,11.7272,22.8725,22.8725
2802,20.175789,41.818908,42.91941,39.61791,22.00995,18.34163,11.7272,22.8725,22.8725
2803,20.175789,41.818908,42.91941,39.61791,22.00995,18.34163,11.7272,22.8725,22.8725
2804,20.175789,41.818908,42.91941,39.61791,22.00995,18.34163,11.7272,22.8725,22.8725
2805,20.175789,41.818908,42.91941,39.61791,22.00995,18.34163,11.7272,22.8725,22.8725
2806,20.175789,41.818908,42.91941,39.61791,22.00995,18.34163,11.7272,22.8725,22.8725
2807,20.175789,41.818908,42.91941,39.61791,22.00995,18.34163,11.7272,22.8725,22.8725
2808,20.175789,41.818908,42.91941,39.61791,22.00995,18.34163,11.7272,22.8725,22.8725
2809,20.175789,41.818908,42.91941,39.61791,22.00995,18.34163,11.7272,22.8725,22.8725
2810,20.175789,41.818908,42.91941,39.61791,22.00995,18.34163,11.7272,22.8725,22.8725
2811,20.175789,41.818908,42.91941,39.61791,22.00995,18.34163,11.7272,22.8725,22.8725
2812,20.175789,41.818908,42.91941,39.61791,22.00995,18.34163,11.7272,22.8725,22.8725
2813,20.175789,41.818908,42.91941,39.61791,22.00995,18.34163,11.7272,22.8725,22.8725
2814,20.175789,41.818908,42.91941,39.61791,22.00995,18.34163,11.7272,22.8725,22.8725
2815,20.175789,41.818908,42.91941,39.61791,22.00995,18.34163,11.7272,22.8725,22.8725
2816,20.175789,41.818908,42.91941,39.61791,22.00995,18.34163,11.7272,22.8725,22.8725
2817,20.175789,41.818908,42.91941,39.61791,22.00995,18.34163,11.7272,22.8725,22.8725
2818,20.175789,41.818908,42.91941,39.61791,22.00995,18.34163,11.7272,22.8725,22.8725
2819,20.175789,41.818908,42.91941,39.61791,22.00995,18.34163,11.7272,22.8725,22.8725
2820,20.175789,41.818908,42.91941,39.61791,22.00995,18.34163,11.7272,22.8725,22.8725
2821,20.175789,41.818908,42.91941,39.61791,22.00995,18.34163,11.7272,22.8725,22.8725
2822,20.175789,41.818908,42.91941,39.61791,22.00995,18.34163,11.7272,22.8725,22.8725
2823,20.175789,41.818908,42.91941,39.61791,22.00995,18.34163,11.7272,22.8725,22.8725
2824,20.175789,41.818908,42.91941,39.61791,22.00995,18.34163,11.7272,22.8725,22.8725
2825,20.175789,41.818908,42.91941,39.61791,22.00995,18.34163,11.7272,22.8725,22.8725
2826,20.175789,41.818908,42.91941,39.61791,22.00995,18.34163,11.7272,22.8725,22.8725
2827,20.175789,41.818908,42.91941,39.61791,22.00995,18.34163,11.7272,22.8725,22.8725
2828,20.175789,41.818908,42.91941,39.61791,22.00995,18.34163,11.7272,22.8725,22.8725
2829,20.175789,41.818908,42.91941,39.61791,22.00995,18.34163,11.7272,22.8725,22.8725
2830,20.175789,41.818908,42.91941,39.61791,22.00995,18.34163,11.7272,22.8725,22.8725
2831,20.175789,41.818908,42.91941,39.61791,22.00995,18.34163,11.7272,22.8725,22.8725
2832,20.175789,41.818908,42.91941,39.61791,22.00995,18.34163,11.7272,22.8725,22.8725
2833,20.175789,41.818908,42.91941,39.61791,22.00995,18.34163,11.7272,22.8725,22.8725
2834,20.175789,41.818908,42.91941,39.61791,22.00995,18.34163,11.7272,22.8725,22.8725
2835,20.175789,41.818908,42.91941,39.61791,22.00995,18.34163,11.7272,22.8725,22.8725
2836,20.175789,41.818908,42.91941,39.61791,22.00995,18.34163,11.7272,22.8725,22.8725
2837,20.175789,41.818908,42.91941,39.61791,22.00995,18.34163,11.7272,22.8725,22.8725
2838,20.175789,41.818908,42.91941,39.61791,22.00995,18.34163,11.7272,22.8725,22.8725
2839,20.175789,41.818908,42.91941,39.61791,22.00995,18.34163,11.7272,22.8725,22.8725
2840,20.175789,41.818908,42.91941,39.61791,22.00995,18.34163,11.7272,22.8725,22.8725
2841,20.175789,41.818908,42.91941,39.61791,22.00995,18.34163,11.7272,22.8725,22.8725
2842,20.175789,41.818908,42.91941,39.61791,22.00995,18.34163,11.7272,22.8725,22.8725
2843,20.175789,41.818908,42.91941,39.61791,22.00995,18.34163,11.7272,22.8725,22.8725
2844,20.175789,41.818908,42.91941,39.61791,22.00995,18.34163,11.7272,22.8725,22.8725
2845,20.175789,41.818908,42.91941,39.61791,22.00995,18.34163,11.7272,22.8725,22.8725
2846,20.175789,41.818908,42.91941,39.61791,22.00995,18.34163,11.7272,22.8725,22.8725
2847,20.175789,41.818908,42.91941,39.61791,22.00995,18.34163,11.7272,22.8725,22.8725
2848,20.175789,41.818908,42.91941,39.61791,22.00995,18.34163,11.7272,22.8725,22.8725
2849,20.175789,41.818908,42.91941,39.61791,22.00995,18.34163,11.7272,22.8725,22.8725
2850,20.175789,41.818908,42.91941,39.61791,22.00995,18.34163,11.7272,22.8725,22.8725
2851,20.175789,41.818908,42.91941,39.61791,22.00995,18.34163,11.7272,22.8725,22.8725
2852,20.175789,41.818908,42.91941,39.61791,22.00995,18.34163,11.7272,22.8725,22.8725
2853,20.175789,41.818908,42.91941,39.61791,22.00995,18.34163,11.7272,22.8725,22.8725
2854,20.175789,41.818908,42.91941,39.61791,22.00995,18.34163,11.7272,22.8725,22.8725
2855,20.175789,41.818908,42.91941,39.61791,22.00995,18.34163,11.7272,22.8725,22.8725
2856,20.175789,41.818908,42.91941,39.61791,22.00995,18.34163,11.7272,22.8725,22.8725
2857,20.175789,41.818908,42.91941,39.61791,22.00995,18.34163,11.7272,22.8725,22.8725
2858,20.175789,41.818908,42.91941,39.61791,22.00995,18.34163,11.7272,22.8725,22.8725
2859,20.175789,41.818908,42.91941,39.61791,22.00995,18.34163,11.7272,22.8725,22.8725
2860,20.175789,41.818908,42.91941,39.61791,22.00995,18.34163,11.7272,22.8725,22.8725
2861,20.175789,41.818908,42.91941,39.61791,22.00995,18.34163,11.7272,22.8725,22.8725
2862,20.175789,41.818908,42.91941,39.61791,22.00995,18.34163,11.7272,22.8725,22.8725
2863,20.175789,41.818908,42.91941,39.61791,22.00995,18.34163,11.7272,22.8725,22.8725
2864,20.175789,41.818908,42.91941,39.61791,22.00995,18.34163,11.7272,22.8725,22.8725
2865,20.175789,41.818908,42.91941,39.61791,22.00995,18.34163,11.7272,22.8725,22.8725
2866,20.175789,41.818908,42.91941,39.61791,22.00995,18.34163,11.7272,22.8725,22.8725
2867,20.175789,41.818908,42.91941,39.61791,22.00995,18.34163,11.7272,22.8725,22.8725
2868,20.175789,41.818908,42.91941,39.61791,22.00995,18.34163,11.7272,22.8725,22.8725
2869,20.175789,41.818908,42.91941,39.61791,22.00995,18.34163,11.7272,22.8725,22.8725
2870,20.175789,41.818908,42.91941,39.61791,22.00995,18.34163,11.7272,22.8725,22.8725
2871,20.175789,41.818908,42.91941,39.61791,22.00995,18.34163,11.7272,22.8725,22.8725
2872,20.175789,41.818908,42.91941,39.61791,22.00995,18.34163,11.7272,22.8725,22.8725
2873,20.175789,41.818908,42.91941,39.61791,22.00995,18.34163,11.7272,22.8725,22.8725
2874,20.175789,41.818908,42.91941,39.61791,22.00995,18.34163,11.7272,22.8725,22.8725
2875,20.175789,41.818908,42.91941,39.61791,22.00995,18.34163,11.7272,22.8725,22.8725
2876,20.175789,41.818908,42.91941,39.61791,22.00995,18.34163,11.7272,22.8725,22.8725
2877,20.175789,41.818908,42.91941,39.61791,22.00995,18.34163,11.7272,22.8725,22.8725
2878,20.175789,41.818908,42.91941,39.61791,22.00995,18.34163,11.7272,22.8725,22.8725
2879,20.175789,41.818908,42.91941,39.61791,22.00995,18.34163,11.7272,22.8725,22.8725
2880,20.175789,41.818908,42.91941,39.61791,22.00995,18.34163,11.7272,22.8725,22.8725
2881,20.175789,41.818908,42.91941,39.61791,22.00995,18.34163,11.7272,22.8725,22.8725
2882,20.175789,41.818908,42.91941,39.61791,22.00995,18.34163,11.7272,22.8725,22.8725
2883,20.175789,41.818908,42.91941,39.61791,22.00995,18.34163,11.7272,22.8725,22.8725
2884,20.175789,41.818908,42.91941,39.61791,22.00995,18.34163,11.7272,22.8725,22.8725
2885,20.175789,41.818908,42.91941,39.61791,22.00995,18.34163,11.7272,22.8725,22.8725
2886,20.175789,41.818908,42.91941,39.61791,22.00995,18.34163,11.7272,22.8725,22.8725
2887,20.175789,41.818908,42.91941,39.61791,22.00995,18.34163,11.7272,22.8725,22.8725
2888,20.175789,41.818908,42.91941,39.61791,22.00995,18.34163,11.7272,22.8725,22.8725
2889,20.175789,41.818908,42.91941,39.61791,22.00995,18.34163,11.7272,22.8725,22.8725
2890,20.175789,41.818908,42.91941,39.61791,22.00995,18.34163,11.7272,22.8725,22.8725
2891,20.175789,41.818908,42.91941,39.61791,22.00995,18.34163,11.7272,22.8725,22.8725
2892,20.175789,41.818908,42.91941,39.61791,22.00995,18.34163,11.7272,22.8725,22.8725
2893,20.175789,41.818908,42.91941,39.61791,22.00995,18.34163,11.7272,22.8725,22.8725
2894,20.175789,41.818908,42.91941,39.61791,22.00995,18.34163,11.7272,22.8725,22.8725
2895,20.175789,41.818908,42.91941,39.61791,22.00995,18.34163,11.7272,22.8725,22.8725
2896,20.175789,41.818908,42.91941,39.61791,22.00995,18.34163,11.7272,22.8725,22.8725
2897,20.175789,41.818908,42.91941,39.61791,22.00995,18.34163,11.7272,22.8725,22.8725
2898,20.175789,41.818908,42.91941,39.61791,22.00995,18.34163,11.7272,22.8725,22.8725
2899,20.175789,41.818908,42.91941,39.61791,22.00995,18.34163,11.7272,22.8725,22.8725
2900,20.175789,41.818908,42.91941,39.61791,22.00995,18.34163,11.7272,22.8725,22.8725
2901,20.175789,41.818908,42.91941,39.61791,22.00995,18.34163,11.7272,22.8725,22.8725
2902,20.175789,41.818908,42.91941,39.61791,22.00995,18.34163,11.7272,22.8725,22.8725
2903,20.175789,41.818908,42.91941,39.61791,22.00995,18.34163,11.7272,22.8725,22.8725
2904,20.175789,41.818908,42.91941,39.61791,22.00995,18.34163,11.7272,22.8725,22.8725
2905,20.175789,41.818908,42.91941,39.61791,22.00995,18.34163,11.7272,22.8725,22.8725
2906,20.175789,41.818908,42.91941,39.61791,22.00995,18.34163,11.7272,22.8725,22.8725
2907,20.175789,41.818908,42.91941,39.61791,22.00995,18.34163,11.7272,22.8725,22.8725
2908,20.175789,41.818908,42.91941,39.61791,22.00995,18.34163,11.7272,22.8725,22.8725
2909,20.175789,41.818908,42.91941,39.61791,22.00995,18.34163,11.7272,22.8725,22.8725
2910,20.175789,41.818908,42.91941,39.61791,22.00995,18.34163,11.7272,22.8725,22.8725
2911,20.175789,41.818908,42.91941,39.61791,22.00995,18.34163,11.7272,22.8725,22.8725
2912,20.175789,41.818908,42.91941,39.61791,22.00995,18.34163,11.7272,22.8725,22.8725
2913,20.175789,41.818908,42.91941,39.61791,22.00995,18.34163,11.7272,22.8725,22.8725
2914,20.175789,41.818908,42.91941,39.61791,22.00995,18.34163,11.7272,22.8725,22.8725
2915,20.175789,41.818908,42.91941,39.61791,22.00995,18.34163,11.7272,22.8725,22.8725
2916,20.175789,41.818908,42.91941,39.61791,22.00995,18.34163,11.7272,22.8725,22.8725
2917,20.175789,41.818908,42.91941,39.61791,22.00995,18.34163,11.7272,22.8725,22.8725
2918,20.175789,41.818908,42.91941,39.61791,22.00995,18.34163,11.7272,22.8725,22.8725
2919,20.175789,41.818908,42.91941,39.61791,22.00995,18.34163,11.7272,22.8725,22.8725
2920,20.175789,41.818908,42.91941,39.61791,22.00995,18.34163,11.7272,22.8725,22.8725
2921,20.175789,41.818908,42.91941,39.61791,22.00995,18.34163,11.7272,22.8725,22.8725
2922,20.175789,41.818908,42.91941,39.61791,22.00995,18.34163,11.7272,22.8725,22.8725
2923,20.175789,41.818908,42.91941,39.61791,22.00995,18.34163,11.7272,22.8725,22.8725
2924,20.175789,41.818908,42.91941,39.61791,22.00995,18.34163,11.7272,22.8725,22.8725
2925,20.175789,41.818908,42.91941,39.61791,22.00995,18.34163,11.7272,22.8725,22.8725
2926,20.175789,41.818908,42.91941,39.61791,22.00995,18.34163,11.7272,22.8725,22.8725
2927,20.175789,41.818908,42.91941,39.61791,22.00995,18.34163,11.7272,22.8725,22.8725
2928,20.175789,41.818908,42.91941,39.61791,22.00995,18.34163,11.7272,22.8725,22.8725
2929,20.175789,41.818908,42.91941,39.61791,22.00995,18.34163,11.7272,22.8725,22.8725
2930,20.175789,41.818908,42.91941,39.61791,22.00995,18.34163,11.7272,22.8725,22.8725
2931,20.175789,41.818908,42.91941,39.61791,22.00995,18.34163,11.7272,22.8725,22.8725
2932,20.175789,41.818908,42.91941,39.61791,22.00995,18.34163,11.7272,22.8725,22.8725
2933,20.175789,41.818908,42.91941,39.61791,22.00995,18.34163,11.7272,22.8725,22.8725
2934,20.175789,41.818908,42.91941,39.61791,22.00995,18.34163,11.7272,22.8725,22.8725
2935,20.175789,41.818908,42.91941,39.61791,22.00995,18.34163,11.7272,22.8725,22.8725
2936,20.175789,41.818908,42.91941,39.61791,22.00995,18.34163,11.7272,22.8725,22.8725
2937,20.175789,41.818908,42.91941,39.61791,22.00995,18.34163,11.7272,22.8725,22.8725
2938,20.175789,41.818908,42.91941,39.61791,22.00995,18.34163,11.7272,22.8725,22.8725
2939,20.175789,41.818908,42.91941,39.61791,22.00995,18.34163,11.7272,22.8725,22.8725
2940,20.175789,41.818908,42.91941,39.61791,22.00995,18.34163,11.7272,22.8725,22.8725
2941,20.175789,41.818908,42.91941,39.61791,22.00995,18.34163,11.7272,22.8725,22.8725
2942,20.175789,41.818908,42.91941,39.61791,22.00995,18.34163,11.7272,22.8725,22.8725
2943,20.175789,41.818908,42.91941,39.61791,22.00995,18.34163,11.7272,22.8725,22.8725
2944,20.175789,41.818908,42.91941,39.61791,22.00995,18.34163,11.7272,22.8725,22.8725
2945,20.175789,41.818908,42.91941,39.61791,22.00995,18.34163,11.7272,22.8725,22.8725
2946,20.175789,41.818908,42.91941,39.61791,22.00995,18.34163,11.7272,22.8725,22.8725
2947,20.175789,41.818908,42.91941,39.61791,22.00995,18.34163,11.7272,22.8725,22.8725
2948,20.175789,41.818908,42.91941,39.61791,22.00995,18.34163,11.7272,22.8725,22.8725
2949,20.175789,41.818908,42.91941,39.61791,22.00995,18.34163,11.7272,22.8725,22.8725
2950,20.175789,41.818908,42.91941,39.61791,22.00995,18.34163,11.7272,22.8725,22.8725
2951,20.175789,41.818908,42.91941,39.61791,22.00995,18.34163,11.7272,22.8725,22.8725
2952,20.175789,41.818908,42.91941,39.61791,22.00995,18.34163,11.7272,22.8725,22.8725
2953,20.175789,41.818908,42.91941,39.61791,22.00995,18.34163,11.7272,22.8725,22.8725
2954,20.175789,41.818908,42.91941,39.61791,22.00995,18.34163,11.7272,22.8725,22.8725
2955,20.175789,41.818908,42.91941,39.61791,22.00995,18.34163,11.7272,22.8725,22.8725
2956,20.175789,41.818908,42.91941,39.61791,22.00995,18.34163,11.7272,22.8725,22.8725
2957,20.175789,41.818908,42.91941,39.61791,22.00995,18.34163,11.7272,22.8725,22.8725
2958,20.175789,41.818908,42.91941,39.61791,22.00995,18.34163,11.7272,22.8725,22.8725
2959,20.175789,41.818908,42.91941,39.61791,22.00995,18.34163,11.7272,22.8725,22.8725
2960,20.175789,41.818908,42.91941,39.61791,22.00995,18.34163,11.7272,22.8725,22.8725
2961,20.175789,41.818908,42.91941,39.61791,22.00995,18.34163,11.7272,22.8725,22.8725
2962,20.175789,41.818908,42.91941,39.61791,22.00995,18.34163,11.7272,22.8725,22.8725
2963,20.175789,41.818908,42.91941,39.61791,22.00995,18.34163,11.7272,22.8725,22.8725
2964,20.175789,41.818908,42.91941,39.61791,22.00995,18.34163,11.7272,22.8725,22.8725
2965,20.175789,41.818908,42.91941,39.61791,22.00995,18.34163,11.7272,22.8725,22.8725
2966,20.175789,41.818908,42.91941,39.61791,22.00995,18.34163,11.7272,22.8725,22.8725
2967,20.175789,41.818908,42.91941,39.61791,22.00995,18.34163,11.7272,22.8725,22.8725
2968,20.175789,41.818908,42.91941,39.61791,22.00995,18.34163,11.7272,22.8725,22.8725
2969,20.175789,41.818908,42.91941,39.61791,22.00995,18.34163,11.7272,22.8725,22.8725
2970,20.175789,41.818908,42.91941,39.61791,22.00995,18.34163,11.7272,22.8725,22.8725
2971,20.175789,41.818908,42.91941,39.61791,22.00995,18.34163,11.7272,22.8725,22.8725
2972,20.175789,41.818908,42.91941,39.61791,22.00995,18.34163,11.7272,22.8725,22.8725
2973,20.175789,41.818908,42.91941,39.61791,22.00995,18.34163,11.7272,22.8725,22.8725
2974,20.175789,41.818908,42.91941,39.61791,22.00995,18.34163,11.7272,22.8725,22.8725
2975,20.175789,41.818908,42.91941,39.61791,22.00995,18.34163,11.7272,22.8725,22.8725
2976,20.175789,41.818908,42.91941,39.61791,22.00995,18.34163,11.7272,22.8725,22.8725
2977,20.175789,41.818908,42.91941,39.61791,22.00995,18.34163,11.7272,22.8725,22.8725
2978,20.175789,41.818908,42.91941,39.61791,22.00995,18.34163,11.7272,22.8725,22.8725
2979,20.175789,41.818908,42.91941,39.61791,22.00995,18.34163,11.7272,22.8725,22.8725
2980,20.175789,41.818908,42.91941,39.61791,22.00995,18.34163,11.7272,22.8725,22.8725
2981,20.175789,41.818908,42.91941,39.61791,22.00995,18.34163,11.7272,22.8725,22.8725
2982,20.175789,41.818908,42.91941,39.61791,22.00995,18.34163,11.7272,22.8725,22.8725
2983,20.175789,41.818908,42.91941,39.61791,22.00995,18.34163,11.7272,22.8725,22.8725
2984,20.175789,41.818908,42.91941,39.61791,22.00995,18.34163,11.7272,22.8725,22.8725
2985,20.175789,41.818908,42.91941,39.61791,22.00995,18.34163,11.7272,22.8725,22.8725
2986,20.175789,41.818908,42.91941,39.61791,22.00995,18.34163,11.7272,22.8725,22.8725
2987,20.175789,41.818908,42.91941,39.61791,22.00995,18.34163,11.7272,22.8725,22.8725
2988,20.175789,41.818908,42.91941,39.61791,22.00995,18.34163,11.7272,22.8725,22.8725
2989,20.175789,41.818908,42.91941,39.61791,22.00995,18.34163,11.7272,22.8725,22.8725
2990,20.175789,41.818908,42.91941,39.61791,22.00995,18.34163,11.7272,22.8725,22.8725
2991,20.175789,41.818908,42.91941,39.61791,22.00995,18.34163,11.7272,22.8725,22.8725
2992,20.175789,41.818908,42.91941,39.61791,22.00995,18.34163,11.7272,22.8725,22.8725
2993,20.175789,41.818908,42.91941,39.61791,22.00995,18.34163,11.7272,22.8725,22.8725
2994,20.175789,41.818908,42.91941,39.61791,22.00995,18.34163,11.7272,22.8725,22.8725
2995,20.175789,41.818908,42.91941,39.61791,22.00995,18.34163,11.7272,22.8725,22.8725
2996,20.175789,41.818908,42.91941,39.61791,22.00995,18.34163,11.7272,22.8725,22.8725
2997,20.175789,41.818908,42.91941,39.61791,22.00995,18.34163,11.7272,22.8725,22.8725
2998,20.175789,41.818908,42.91941,39.61791,22.00995,18.34163,11.7272,22.8725,22.8725
2999,20.175789,41.818908,42.91941,39.61791,22.00995,18.34163,11.7272,22.8725,22.8725
3000,20.175789,41.818908,42.91941,39.61791,22.00995,18.34163,11.7272,22.8725,22.8725
3001,20.175789,41.818908,42.91941,39.61791,22.00995,18.34163,11.7272,22.8725,22.8725
3002,20.175789,41.818908,42.91941,39.61791,22.00995,18.34163,11.7272,22.8725,22.8725
3003,20.175789,41.818908,42.91941,39.61791,22.00995,18.34163,11.7272,22.8725,22.8725
3004,20.175789,41.818908,42.91941,39.61791,22.00995,18.34163,11.7272,22.8725,22.8725
3005,20.175789,41.818908,42.91941,39.61791,22.00995,18.34163,11.7272,22.8725,22.8725
3006,20.175789,41.818908,42.91941,39.61791,22.00995,18.34163,11.7272,22.8725,22.8725
3007,20.175789,41.818908,42.91941,39.61791,22.00995,18.34163,11.7272,22.8725,22.8725
3008,20.175789,41.818908,42.91941,39.61791,22.00995,18.34163,11.7272,22.8725,22.8725
3009,20.175789,41.818908,42.91941,39.61791,22.00995,18.34163,11.7272,22.8725,22.8725
3010,20.175789,41.818908,42.91941,39.61791,22.00995,18.34163,11.7272,22.8725,22.8725
3011,20.175789,41.818908,42.91941,39.61791,22.00995,18.34163,11.7272,22.8725,22.8725
3012,20.175789,41.818908,42.91941,39.61791,22.00995,18.34163,11.7272,22.8725,22.8725
3013,20.175789,41.818908,42.91941,39.61791,22.00995,18.34163,11.7272,22.8725,22.8725
3014,20.175789,41.818908,42.91941,39.61791,22.00995,18.34163,11.7272,22.8725,22.8725
3015,20.175789,41.818908,42.91941,39.61791,22.00995,18.34163,11.7272,22.8725,22.8725
3016,20.175789,41.818908,42.91941,39.61791,22.00995,18.34163,11.7272,22.8725,22.8725
3017,20.175789,41.818908,42.91941,39.61791,22.00995,18.34163,11.7272,22.8725,22.8725
3018,20.175789,41.818908,42.91941,39.61791,22.00995,18.34163,11.7272,22.8725,22.8725
3019,20.175789,41.818908,42.91941,39.61791,22.00995,18.34163,11.7272,22.8725,22.8725
3020,20.175789,41.818908,42.91941,39.61791,22.00995,18.34163,11.7272,22.8725,22.8725
3021,20.175789,41.818908,42.91941,39.61791,22.00995,18.34163,11.7272,22.8725,22.8725
3022,20.175789,41.818908,42.91941,39.61791,22.00995,18.34163,11.7272,22.8725,22.8725
3023,20.175789,41.818908,42.91941,39.61791,22.00995,18.34163,11.7272,22.8725,22.8725
3024,20.175789,41.818908,42.91941,39.61791,22.00995,18.34163,11.7272,22.8725,22.8725
3025,20.175789,41.818908,42.91941,39.61791,22.00995,18.34163,11.7272,22.8725,22.8725
3026,20.175789,41.818908,42.91941,39.61791,22.00995,18.34163,11.7272,22.8725,22.8725
3027,20.175789,41.818908,42.91941,39.61791,22.00995,18.34163,11.7272,22.8725,22.8725
3028,20.175789,41.818908,42.91941,39.61791,22.00995,18.34163,11.7272,22.8725,22.8725
3029,20.175789,41.818908,42.91941,39.61791,22.00995,18.34163,11.7272,22.8725,22.8725
3030,20.175789,41.818908,42.91941,39.61791,22.00995,18.34163,11.7272,22.8725,22.8725
3031,20.175789,41.818908,42.91941,39.61791,22.00995,18.34163,11.7272,22.8725,22.8725
3032,20.175789,41.818908,42.91941,39.61791,22.00995,18.34163,11.7272,22.8725,22.8725
3033,20.175789,41.818908,42.91941,39.61791,22.00995,18.34163,11.7272,22.8725,22.8725
3034,20.175789,41.818908,42.91941,39.61791,22.00995,18.34163,11.7272,22.8725,22.8725
3035,20.175789,41.818908,42.91941,39.61791,22.00995,18.34163,11.7272,22.8725,22.8725
3036,20.175789,41.818908,42.91941,39.61791,22.00995,18.34163,11.7272,22.8725,22.8725
3037,20.175789,41.818908,42.91941,39.61791,22.00995,18.34163,11.7272,22.8725,22.8725
3038,20.175789,41.818908,42.91941,39.61791,22.00995,18.34163,11.7272,22.8725,22.8725
3039,20.175789,41.818908,42.91941,39.61791,22.00995,18.34163,11.7272,22.8725,22.8725
3040,20.175789,41.818908,42.91941,39.61791,22.00995,18.34163,11.7272,22.8725,22.8725
3041,20.175789,41.818908,42.91941,39.61791,22.00995,18.34163,11.7272,22.8725,22.8725
3042,20.175789,41.818908,42.91941,39.61791,22.00995,18.34163,11.7272,22.8725,22.8725
3043,20.175789,41.818908,42.91941,39.61791,22.00995,18.34163,11.7272,22.8725,22.8725
3044,20.175789,41.818908,42.91941,39.61791,22.00995,18.34163,11.7272,22.8725,22.8725
3045,20.175789,41.818908,42.91941,39.61791,22.00995,18.34163,11.7272,22.8725,22.8725
3046,20.175789,41.818908,42.91941,39.61791,22.00995,18.34163,11.7272,22.8725,22.8725
3047,20.175789,41.818908,42.91941,39.61791,22.00995,18.34163,11.7272,22.8725,22.8725
3048,20.175789,41.818908,42.91941,39.61791,22.00995,18.34163,11.7272,22.8725,22.8725
3049,20.175789,41.818908,42.91941,39.61791,22.00995,18.34163,11.7272,22.8725,22.8725
3050,20.175789,41.818908,42.91941,39.61791,22.00995,18.34163,11.7272,22.8725,22.8725
3051,20.175789,41.818908,42.91941,39.61791,22.00995,18.34163,11.7272,22.8725,22.8725
3052,20.175789,41.818908,42.91941,39.61791,22.00995,18.34163,11.7272,22.8725,22.8725
3053,20.175789,41.818908,42.91941,39.61791,22.00995,18.34163,11.7272,22.8725,22.8725
3054,20.175789,41.818908,42.91941,39.61791,22.00995,18.34163,11.7272,22.8725,22.8725
3055,20.175789,41.818908,42.91941,39.61791,22.00995,18.34163,11.7272,22.8725,22.8725
3056,20.175789,41.818908,42.91941,39.61791,22.00995,18.34163,11.7272,22.8725,22.8725
3057,20.175789,41.818908,42.91941,39.61791,22.00995,18.34163,11.7272,22.8725,22.8725
3058,20.175789,41.818908,42.91941,39.61791,22.00995,18.34163,11.7272,22.8725,22.8725
3059,20.175789,41.818908,42.91941,39.61791,22.00995,18.34163,11.7272,22.8725,22.8725
3060,20.175789,41.818908,42.91941,39.61791,22.00995,18.34163,11.7272,22.8725,22.8725
3061,20.175789,41.818908,42.91941,39.61791,22.00995,18.34163,11.7272,22.8725,22.8725
3062,20.175789,41.818908,42.91941,39.61791,22.00995,18.34163,11.7272,22.8725,22.8725
3063,20.175789,41.818908,42.91941,39.61791,22.00995,18.34163,11.7272,22.8725,22.8725
3064,20.175789,41.818908,42.91941,39.61791,22.00995,18.34163,11.7272,22.8725,22.8725
3065,20.175789,41.818908,42.91941,39.61791,22.00995,18.34163,11.7272,22.8725,22.8725
3066,20.175789,41.818908,42.91941,39.61791,22.00995,18.34163,11.7272,22.8725,22.8725
3067,20.175789,41.818908,42.91941,39.61791,22.00995,18.34163,11.7272,22.8725,22.8725
3068,20.175789,41.818908,42.91941,39.61791,22.00995,18.34163,11.7272,22.8725,22.8725
3069,20.175789,41.818908,42.91941,39.61791,22.00995,18.34163,11.7272,22.8725,22.8725
3070,20.175789,41.818908,42.91941,39.61791,22.00995,18.34163,11.7272,22.8725,22.8725
3071,20.175789,41.818908,42.91941,39.61791,22.00995,18.34163,11.7272,22.8725,22.8725
3072,20.175789,41.818908,42.91941,39.61791,22.00995,18.34163,11.7272,22.8725,22.8725
3073,20.175789,41.818908,42.91941,39.61791,22.00995,18.34163,11.7272,22.8725,22.8725
3074,20.175789,41.818908,42.91941,39.61791,22.00995,18.34163,11.7272,22.8725,22.8725
3075,20.175789,41.818908,42.91941,39.61791,22.00995,18.34163,11.7272,22.8725,22.8725
3076,20.175789,41.818908,42.91941,39.61791,22.00995,18.34163,11.7272,22.8725,22.8725
3077,20.175789,41.818908,42.91941,39.61791,22.00995,18.34163,11.7272,22.8725,22.8725
3078,20.175789,41.818908,42.91941,39.61791,22.00995,18.34163,11.7272,22.8725,22.8725
3079,20.175789,41.818908,42.91941,39.61791,22.00995,18.34163,11.7272,22.8725,22.8725
3080,20.175789,41.818908,42.91941,39.61791,22.00995,18.34163,11.7272,22.8725,22.8725
3081,20.175789,41.818908,42.91941,39.61791,22.00995,18.34163,11.7272,22.8725,22.8725
3082,20.175789,41.818908,42.91941,39.61791,22.00995,18.34163,11.7272,22.8725,22.8725
3083,20.175789,41.818908,42.91941,39.61791,22.00995,18.34163,11.7272,22.8725,22.8725
3084,20.175789,41.818908,42.91941,39.61791,22.00995,18.34163,11.7272,22.8725,22.8725
3085,20.175789,41.818908,42.91941,39.61791,22.00995,18.34163,11.7272,22.8725,22.8725
3086,20.175789,41.818908,42.91941,39.61791,22.00995,18.34163,11.7272,22.8725,22.8725
3087,20.175789,41.818908,42.91941,39.61791,22.00995,18.34163,11.7272,22.8725,22.8725
3088,20.175789,41.818908,42.91941,39.61791,22.00995,18.34163,11.7272,22.8725,22.8725
3089,20.175789,41.818908,42.91941,39.61791,22.00995,18.34163,11.7272,22.8725,22.8725
3090,20.175789,41.818908,42.91941,39.61791,22.00995,18.34163,11.7272,22.8725,22.8725
3091,20.175789,41.818908,42.91941,39.61791,22.00995,18.34163,11.7272,22.8725,22.8725
3092,20.175789,41.818908,42.91941,39.61791,22.00995,18.34163,11.7272,22.8725,22.8725
3093,20.175789,41.818908,42.91941,39.61791,22.00995,18.34163,11.7272,22.8725,22.8725
3094,20.175789,41.818908,42.91941,39.61791,22.00995,18.34163,11.7272,22.8725,22.8725
3095,20.175789,41.818908,42.91941,39.61791,22.00995,18.34163,11.7272,22.8725,22.8725
3096,20.175789,41.818908,42.91941,39.61791,22.00995,18.34163,11.7272,22.8725,22.8725
3097,20.175789,41.818908,42.91941,39.61791,22.00995,18.34163,11.7272,22.8725,22.8725
3098,20.175789,41.818908,42.91941,39.61791,22.00995,18.34163,11.7272,22.8725,22.8725
3099,20.175789,41.818908,42.91941,39.61791,22.00995,18.34163,11.7272,22.8725,22.8725
3100,20.175789,41.818908,42.91941,39.61791,22.00995,18.34163,11.7272,22.8725,22.8725
3101,20.175789,41.818908,42.91941,39.61791,22.00995,18.34163,11.7272,22.8725,22.8725
3102,20.175789,41.818908,42.91941,39.61791,22.00995,18.34163,11.7272,22.8725,22.8725
3103,20.175789,41.818908,42.91941,39.61791,22.00995,18.34163,11.7272,22.8725,22.8725
3104,20.175789,41.818908,42.91941,39.61791,22.00995,18.34163,11.7272,22.8725,22.8725
3105,20.175789,41.818908,42.91941,39.61791,22.00995,18.34163,11.7272,22.8725,22.8725
3106,20.175789,41.818908,42.91941,39.61791,22.00995,18.34163,11.7272,22.8725,22.8725
3107,20.175789,41.818908,42.91941,39.61791,22.00995,18.34163,11.7272,22.8725,22.8725
3108,20.175789,41.818908,42.91941,39.61791,22.00995,18.34163,11.7272,22.8725,22.8725
3109,20.175789,41.818908,42.91941,39.61791,22.00995,18.34163,11.7272,22.8725,22.8725
3110,20.175789,41.818908,42.91941,39.61791,22.00995,18.34163,11.7272,22.8725,22.8725
3111,20.175789,41.818908,42.91941,39.61791,22.00995,18.34163,11.7272,22.8725,22.8725
3112,20.175789,41.818908,42.91941,39.61791,22.00995,18.34163,11.7272,22.8725,22.8725
3113,20.175789,41.818908,42.91941,39.61791,22.00995,18.34163,11.7272,22.8725,22.8725
3114,20.175789,41.818908,42.91941,39.61791,22.00995,18.34163,11.7272,22.8725,22.8725
3115,20.175789,41.818908,42.91941,39.61791,22.00995,18.34163,11.7272,22.8725,22.8725
3116,20.175789,41.818908,42.91941,39.61791,22.00995,18.34163,11.7272,22.8725,22.8725
3117,20.175789,41.818908,42.91941,39.61791,22.00995,18.34163,11.7272,22.8725,22.8725
3118,20.175789,41.818908,42.91941,39.61791,22.00995,18.34163,11.7272,22.8725,22.8725
3119,20.175789,41.818908,42.91941,39.61791,22.00995,18.34163,11.7272,22.8725,22.8725
3120,20.175789,41.818908,42.91941,39.61791,22.00995,18.34163,11.7272,22.8725,22.8725
3121,20.175789,41.818908,42.91941,39.61791,22.00995,18.34163,11.7272,22.8725,22.8725
3122,20.175789,41.818908,42.91941,39.61791,22.00995,18.34163,11.7272,22.8725,22.8725
3123,20.175789,41.818908,42.91941,39.61791,22.00995,18.34163,11.7272,22.8725,22.8725
3124,20.175789,41.818908,42.91941,39.61791,22.00995,18.34163,11.7272,22.8725,22.8725
3125,20.175789,41.818908,42.91941,39.61791,22.00995,18.34163,11.7272,22.8725,22.8725
3126,20.175789,41.818908,42.91941,39.61791,22.00995,18.34163,11.7272,22.8725,22.8725
3127,20.175789,41.818908,42.91941,39.61791,22.00995,18.34163,11.7272,22.8725,22.8725
3128,20.175789,41.818908,42.91941,39.61791,22.00995,18.34163,11.7272,22.8725,22.8725
3129,20.175789,41.818908,42.91941,39.61791,22.00995,18.34163,11.7272,22.8725,22.8725
3130,20.175789,41.818908,42.91941,39.61791,22.00995,18.34163,11.7272,22.8725,22.8725
3131,20.175789,41.818908,42.91941,39.61791,22.00995,18.34163,11.7272,22.8725,22.8725
3132,20.175789,41.818908,42.91941,39.61791,22.00995,18.34163,11.7272,22.8725,22.8725
3133,20.175789,41.818908,42.91941,39.61791,22.00995,18.34163,11.7272,22.8725,22.8725
3134,20.175789,41.818908,42.91941,39.61791,22.00995,18.34163,11.7272,22.8725,22.8725
3135,20.175789,41.818908,42.91941,39.61791,22.00995,18.34163,11.7272,22.8725,22.8725
3136,20.175789,41.818908,42.91941,39.61791,22.00995,18.34163,11.7272,22.8725,22.8725
3137,20.175789,41.818908,42.91941,39.61791,22.00995,18.34163,11.7272,22.8725,22.8725
3138,20.175789,41.818908,42.91941,39.61791,22.00995,18.34163,11.7272,22.8725,22.8725
3139,20.175789,41.818908,42.91941,39.61791,22.00995,18.34163,11.7272,22.8725,22.8725
3140,20.175789,41.818908,42.91941,39.61791,22.00995,18.34163,11.7272,22.8725,22.8725
3141,20.175789,41.818908,42.91941,39.61791,22.00995,18.34163,11.7272,22.8725,22.8725
3142,20.175789,41.818908,42.91941,39.61791,22.00995,18.34163,11.7272,22.8725,22.8725
3143,20.175789,41.818908,42.91941,39.61791,22.00995,18.34163,11.7272,22.8725,22.8725
3144,20.175789,41.818908,42.91941,39.61791,22.00995,18.34163,11.7272,22.8725,22.8725
3145,20.175789,41.818908,42.91941,39.61791,22.00995,18.34163,11.7272,22.8725,22.8725
3146,20.175789,41.818908,42.91941,39.61791,22.00995,18.34163,11.7272,22.8725,22.8725
3147,20.175789,41.818908,42.91941,39.61791,22.00995,18.34163,11.7272,22.8725,22.8725
3148,20.175789,41.818908,42.91941,39.61791,22.00995,18.34163,11.7272,22.8725,22.8725
3149,20.175789,41.818908,42.91941,39.61791,22.00995,18.34163,11.7272,22.8725,22.8725
3150,20.175789,41.818908,42.91941,39.61791,22.00995,18.34163,11.7272,22.8725,22.8725
3151,20.175789,41.818908,42.91941,39.61791,22.00995,18.34163,11.7272,22.8725,22.8725
3152,20.175789,41.818908,42.91941,39.61791,22.00995,18.34163,11.7272,22.8725,22.8725
3153,20.175789,41.818908,42.91941,39.61791,22.00995,18.34163,11.7272,22.8725,22.8725
3154,20.175789,41.818908,42.91941,39.61791,22.00995,18.34163,11.7272,22.8725,22.8725
3155,20.175789,41.818908,42.91941,39.61791,22.00995,18.34163,11.7272,22.8725,22.8725
3156,20.175789,41.818908,42.91941,39.61791,22.00995,18.34163,11.7272,22.8725,22.8725
3157,20.175789,41.818908,42.91941,39.61791,22.00995,18.34163,11.7272,22.8725,22.8725
3158,20.175789,41.818908,42.91941,39.61791,22.00995,18.34163,11.7272,22.8725,22.8725
3159,20.175789,41.818908,42.91941,39.61791,22.00995,18.34163,11.7272,22.8725,22.8725
3160,20.175789,41.818908,42.91941,39.61791,22.00995,18.34163,11.7272,22.8725,22.8725
3161,20.175789,41.818908,42.91941,39.61791,22.00995,18.34163,11.7272,22.8725,22.8725
3162,20.175789,41.818908,42.91941,39.61791,22.00995,18.34163,11.7272,22.8725,22.8725
3163,20.175789,41.818908,42.91941,39.61791,22.00995,18.34163,11.7272,22.8725,22.8725
3164,20.175789,41.818908,42.91941,39.61791,22.00995,18.34163,11.7272,22.8725,22.8725
3165,20.175789,41.818908,42.91941,39.61791,22.00995,18.34163,11.7272,22.8725,22.8725
3166,20.175789,41.818908,42.91941,39.61791,22.00995,18.34163,11.7272,22.8725,22.8725
3167,20.175789,41.818908,42.91941,39.61791,22.00995,18.34163,11.7272,22.8725,22.8725
3168,20.175789,41.818908,42.91941,39.61791,22.00995,18.34163,11.7272,22.8725,22.8725
3169,20.175789,41.818908,42.91941,39.61791,22.00995,18.34163,11.7272,22.8725,22.8725
3170,20.175789,41.818908,42.91941,39.61791,22.00995,18.34163,11.7272,22.8725,22.8725
3171,20.175789,41.818908,42.91941,39.61791,22.00995,18.34163,11.7272,22.8725,22.8725
3172,20.175789,41.818908,42.91941,39.61791,22.00995,18.34163,11.7272,22.8725,22.8725
3173,20.175789,41.818908,42.91941,39.61791,22.00995,18.34163,11.7272,22.8725,22.8725
3174,20.175789,41.818908,42.91941,39.61791,22.00995,18.34163,11.7272,22.8725,22.8725
3175,20.175789,41.818908,42.91941,39.61791,22.00995,18.34163,11.7272,22.8725,22.8725
3176,20.175789,41.818908,42.91941,39.61791,22.00995,18.34163,11.7272,22.8725,22.8725
3177,20.175789,41.818908,42.91941,39.61791,22.00995,18.34163,11.7272,22.8725,22.8725
3178,20.175789,41.818908,42.91941,39.61791,22.00995,18.34163,11.7272,22.8725,22.8725
3179,20.175789,41.818908,42.91941,39.61791,22.00995,18.34163,11.7272,22.8725,22.8725
3180,20.175789,41.818908,42.91941,39.61791,22.00995,18.34163,11.7272,22.8725,22.8725
3181,20.175789,41.818908,42.91941,39.61791,22.00995,18.34163,11.7272,22.8725,22.8725
3182,20.175789,41.818908,42.91941,39.61791,22.00995,18.34163,11.7272,22.8725,22.8725
3183,20.175789,41.818908,42.91941,39.61791,22.00995,18.34163,11.7272,22.8725,22.8725
3184,20.175789,41.818908,42.91941,39.61791,22.00995,18.34163,11.7272,22.8725,22.8725
3185,20.175789,41.818908,42.91941,39.61791,22.00995,18.34163,11.7272,22.8725,22.8725
3186,20.175789,41.818908,42.91941,39.61791,22.00995,18.34163,11.7272,22.8725,22.8725
3187,20.175789,41.818908,42.91941,39.61791,22.00995,18.34163,11.7272,22.8725,22.8725
3188,20.175789,41.818908,42.91941,39.61791,22.00995,18.34163,11.7272,22.8725,22.8725
3189,20.175789,41.818908,42.91941,39.61791,22.00995,18.34163,11.7272,22.8725,22.8725
3190,20.175789,41.818908,42.91941,39.61791,22.00995,18.34163,11.7272,22.8725,22.8725
3191,20.175789,41.818908,42.91941,39.61791,22.00995,18.34163,11.7272,22.8725,22.8725
3192,20.175789,41.818908,42.91941,39.61791,22.00995,18.34163,11.7272,22.8725,22.8725
3193,20.175789,41.818908,42.91941,39.61791,22.00995,18.34163,11.7272,22.8725,22.8725
3194,20.175789,41.818908,42.91941,39.61791,22.00995,18.34163,11.7272,22.8725,22.8725
3195,20.175789,41.818908,42.91941,39.61791,22.00995,18.34163,11.7272,22.8725,22.8725
3196,20.175789,41.818908,42.91941,39.61791,22.00995,18.34163,11.7272,22.8725,22.8725
3197,20.175789,41.818908,42.91941,39.61791,22.00995,18.34163,11.7272,22.8725,22.8725
3198,20.175789,41.818908,42.91941,39.61791,22.00995,18.34163,11.7272,22.8725,22.8725
3199,20.175789,41.818908,42.91941,39.61791,22.00995,18.34163,11.7272,22.8725,22.8725
3200,20.175789,41.818908,42.91941,39.61791,22.00995,18.34163,11.7272,22.8725,22.8725
3201,20.175789,41.818908,42.91941,39.61791,22.00995,18.34163,11.7272,22.8725,22.8725
3202,20.175789,41.818908,42.91941,39.61791,22.00995,18.34163,11.7272,22.8725,22.8725
3203,20.175789,41.818908,42.91941,39.61791,22.00995,18.34163,11.7272,22.8725,22.8725
3204,20.175789,41.818908,42.91941,39.61791,22.00995,18.34163,11.7272,22.8725,22.8725
3205,20.175789,41.818908,42.91941,39.61791,22.00995,18.34163,11.7272,22.8725,22.8725
3206,20.175789,41.818908,42.91941,39.61791,22.00995,18.34163,11.7272,22.8725,22.8725
3207,20.175789,41.818908,42.91941,39.61791,22.00995,18.34163,11.7272,22.8725,22.8725
3208,20.175789,41.818908,42.91941,39.61791,22.00995,18.34163,11.7272,22.8725,22.8725
3209,20.175789,41.818908,42.91941,39.61791,22.00995,18.34163,11.7272,22.8725,22.8725
3210,20.175789,41.818908,42.91941,39.61791,22.00995,18.34163,11.7272,22.8725,22.8725
3211,20.175789,41.818908,42.91941,39.61791,22.00995,18.34163,11.7272,22.8725,22.8725
3212,20.175789,41.818908,42.91941,39.61791,22.00995,18.34163,11.7272,22.8725,22.8725
3213,20.175789,41.818908,42.91941,39.61791,22.00995,18.34163,11.7272,22.8725,22.8725
3214,20.175789,41.818908,42.91941,39.61791,22.00995,18.34163,11.7272,22.8725,22.8725
3215,20.175789,41.818908,42.91941,39.61791,22.00995,18.34163,11.7272,22.8725,22.8725
3216,20.175789,41.818908,42.91941,39.61791,22.00995,18.34163,11.7272,22.8725,22.8725
3217,20.175789,41.818908,42.91941,39.61791,22.00995,18.34163,11.7272,22.8725,22.8725
3218,20.175789,41.818908,42.91941,39.61791,22.00995,18.34163,11.7272,22.8725,22.8725
3219,20.175789,41.818908,42.91941,39.61791,22.00995,18.34163,11.7272,22.8725,22.8725
3220,20.175789,41.818908,42.91941,39.61791,22.00995,18.34163,11.7272,22.8725,22.8725
3221,20.175789,41.818908,42.91941,39.61791,22.00995,18.34163,11.7272,22.8725,22.8725
3222,20.175789,41.818908,42.91941,39.61791,22.00995,18.34163,11.7272,22.8725,22.8725
3223,20.175789,41.818908,42.91941,39.61791,22.00995,18.34163,11.7272,22.8725,22.8725
3224,20.175789,41.818908,42.91941,39.61791,22.00995,18.34163,11.7272,22.8725,22.8725
3225,20.175789,41.818908,42.91941,39.61791,22.00995,18.34163,11.7272,22.8725,22.8725
3226,20.175789,41.818908,42.91941,39.61791,22.00995,18.34163,11.7272,22.8725,22.8725
3227,20.175789,41.818908,42.91941,39.61791,22.00995,18.34163,11.7272,22.8725,22.8725
3228,20.175789,41.818908,42.91941,39.61791,22.00995,18.34163,11.7272,22.8725,22.8725
3229,20.175789,41.818908,42.91941,39.61791,22.00995,18.34163,11.7272,22.8725,22.8725
3230,20.175789,41.818908,42.91941,39.61791,22.00995,18.34163,11.7272,22.8725,22.8725
3231,20.175789,41.818908,42.91941,39.61791,22.00995,18.34163,11.7272,22.8725,22.8725
3232,20.175789,41.818908,42.91941,39.61791,22.00995,18.34163,11.7272,22.8725,22.8725
3233,20.175789,41.818908,42.91941,39.61791,22.00995,18.34163,11.7272,22.8725,22.8725
3234,20.175789,41.818908,42.91941,39.61791,22.00995,18.34163,11.7272,22.8725,22.8725
3235,20.175789,41.818908,42.91941,39.61791,22.00995,18.34163,11.7272,22.8725,22.8725
3236,20.175789,41.818908,42.91941,39.61791,22.00995,18.34163,11.7272,22.8725,22.8725
3237,20.175789,41.818908,42.91941,39.61791,22.00995,18.34163,11.7272,22.8725,22.8725
3238,20.175789,41.818908,42.91941,39.61791,22.00995,18.34163,11.7272,22.8725,22.8725
3239,20.175789,41.818908,42.91941,39.61791,22.00995,18.34163,11.7272,22.8725,22.8725
3240,20.175789,41.818908,42.91941,39.61791,22.00995,18.34163,11.7272,22.8725,22.8725
3241,20.175789,41.818908,42.91941,39.61791,22.00995,18.34163,11.7272,22.8725,22.8725
3242,20.175789,41.818908,42.91941,39.61791,22.00995,18.34163,11.7272,22.8725,22.8725
3243,20.175789,41.818908,42.91941,39.61791,22.00995,18.34163,11.7272,22.8725,22.8725
3244,20.175789,41.818908,42.91941,39.61791,22.00995,18.34163,11.7272,22.8725,22.8725
3245,20.175789,41.818908,42.91941,39.61791,22.00995,18.34163,11.7272,22.8725,22.8725
3246,20.175789,41.818908,42.91941,39.61791,22.00995,18.34163,11.7272,22.8725,22.8725
3247,20.175789,41.818908,42.91941,39.61791,22.00995,18.34163,11.7272,22.8725,22.8725
3248,20.175789,41.818908,42.91941,39.61791,22.00995,18.34163,11.7272,22.8725,22.8725
3249,20.175789,41.818908,42.91941,39.61791,22.00995,18.34163,11.7272,22.8725,22.8725
3250,20.175789,41.818908,42.91941,39.61791,22.00995,18.34163,11.7272,22.8725,22.8725
3251,20.175789,41.818908,42.91941,39.61791,22.00995,18.34163,11.7272,22.8725,22.8725
3252,20.175789,41.818908,42.91941,39.61791,22.00995,18.34163,11.7272,22.8725,22.8725
3253,20.175789,41.818908,42.91941,39.61791,22.00995,18.34163,11.7272,22.8725,22.8725
3254,20.175789,41.818908,42.91941,39.61791,22.00995,18.34163,11.7272,22.8725,22.8725
3255,20.175789,41.818908,42.91941,39.61791,22.00995,18.34163,11.7272,22.8725,22.8725
3256,20.175789,41.818908,42.91941,39.61791,22.00995,18.34163,11.7272,22.8725,22.8725
3257,20.175789,41.818908,42.91941,39.61791,22.00995,18.34163,11.7272,22.8725,22.8725
3258,20.175789,41.818908,42.91941,39.61791,22.00995,18.34163,11.7272,22.8725,22.8725
3259,20.175789,41.818908,42.91941,39.61791,22.00995,18.34163,11.7272,22.8725,22.8725
3260,20.175789,41.818908,42.91941,39.61791,22.00995,18.34163,11.7272,22.8725,22.8725
3261,20.175789,41.818908,42.91941,39.61791,22.00995,18.34163,11.7272,22.8725,22.8725
3262,20.175789,41.818908,42.91941,39.61791,22.00995,18.34163,11.7272,22.8725,22.8725
3263,20.175789,41.818908,42.91941,39.61791,22.00995,18.34163,11.7272,22.8725,22.8725
3264,20.175789,41.818908,42.91941,39.61791,22.00995,18.34163,11.7272,22.8725,22.8725
3265,20.175789,41.818908,42.91941,39.61791,22.00995,18.34163,11.7272,22.8725,22.8725
3266,20.175789,41.818908,42.91941,39.61791,22.00995,18.34163,11.7272,22.8725,22.8725
3267,20.175789,41.818908,42.91941,39.61791,22.00995,18.34163,11.7272,22.8725,22.8725
3268,20.175789,41.818908,42.91941,39.61791,22.00995,18.34163,11.7272,22.8725,22.8725
3269,20.175789,41.818908,42.91941,39.61791,22.00995,18.34163,11.7272,22.8725,22.8725
3270,20.175789,41.818908,42.91941,39.61791,22.00995,18.34163,11.7272,22.8725,22.8725
3271,20.175789,41.818908,42.91941,39.61791,22.00995,18.34163,11.7272,22.8725,22.8725
3272,20.175789,41.818908,42.91941,39.61791,22.00995,18.34163,11.7272,22.8725,22.8725
3273,20.175789,41.818908,42.91941,39.61791,22.00995,18.34163,11.7272,22.8725,22.8725
3274,20.175789,41.818908,42.91941,39.61791,22.00995,18.34163,11.7272,22.8725,22.8725
3275,20.175789,41.818908,42.91941,39.61791,22.00995,18.34163,11.7272,22.8725,22.8725
3276,20.175789,41.818908,42.91941,39.61791,22.00995,18.34163,11.7272,22.8725,22.8725
3277,20.175789,41.818908,42.91941,39.61791,22.00995,18.34163,11.7272,22.8725,22.8725
3278,20.175789,41.818908,42.91941,39.61791,22.00995,18.34163,11.7272,22.8725,22.8725
3279,20.175789,41.818908,42.91941,39.61791,22.00995,18.34163,11.7272,22.8725,22.8725
3280,20.175789,41.818908,42.91941,39.61791,22.00995,18.34163,11.7272,22.8725,22.8725
3281,20.175789,41.818908,42.91941,39.61791,22.00995,18.34163,11.7272,22.8725,22.8725
3282,20.175789,41.818908,42.91941,39.61791,22.00995,18.34163,11.7272,22.8725,22.8725
3283,20.175789,41.818908,42.91941,39.61791,22.00995,18.34163,11.7272,22.8725,22.8725
3284,20.175789,41.818908,42.91941,39.61791,22.00995,18.34163,11.7272,22.8725,22.8725
3285,20.175789,41.818908,42.91941,39.61791,22.00995,18.34163,11.7272,22.8725,22.8725
3286,20.175789,41.818908,42.91941,39.61791,22.00995,18.34163,11.7272,22.8725,22.8725
3287,20.175789,41.818908,42.91941,39.61791,22.00995,18.34163,11.7272,22.8725,22.8725
3288,20.175789,41.818908,42.91941,39.61791,22.00995,18.34163,11.7272,22.8725,22.8725
3289,20.175789,41.818908,42.91941,39.61791,22.00995,18.34163,11.7272,22.8725,22.8725
3290,20.175789,41.818908,42.91941,39.61791,22.00995,18.34163,11.7272,22.8725,22.8725
3291,20.175789,41.818908,42.91941,39.61791,22.00995,18.34163,11.7272,22.8725,22.8725
3292,20.175789,41.818908,42.91941,39.61791,22.00995,18.34163,11.7272,22.8725,22.8725
3293,20.175789,41.818908,42.91941,39.61791,22.00995,18.34163,11.7272,22.8725,22.8725
3294,20.175789,41.818908,42.91941,39.61791,22.00995,18.34163,11.7272,22.8725,22.8725
3295,20.175789,41.818908,42.91941,39.61791,22.00995,18.34163,11.7272,22.8725,22.8725
3296,20.175789,41.818908,42.91941,39.61791,22.00995,18.34163,11.7272,22.8725,22.8725
3297,20.175789,41.818908,42.91941,39.61791,22.00995,18.34163,11.7272,22.8725,22.8725
3298,20.175789,41.818908,42.91941,39.61791,22.00995,18.34163,11.7272,22.8725,22.8725
3299,20.175789,41.818908,42.91941,39.61791,22.00995,18.34163,11.7272,22.8725,22.8725
3300,20.175789,41.818908,42.91941,39.61791,22.00995,18.34163,11.7272,22.8725,22.8725
3301,20.175789,41.818908,42.91941,39.61791,22.00995,18.34163,11.7272,22.8725,22.8725
3302,20.175789,41.818908,42.91941,39.61791,22.00995,18.34163,11.7272,22.8725,22.8725
3303,20.175789,41.818908,42.91941,39.61791,22.00995,18.34163,11.7272,22.8725,22.8725
3304,20.175789,41.818908,42.91941,39.61791,22.00995,18.34163,11.7272,22.8725,22.8725
3305,20.175789,41.818908,42.91941,39.61791,22.00995,18.34163,11.7272,22.8725,22.8725
3306,20.175789,41.818908,42.91941,39.61791,22.00995,18.34163,11.7272,22.8725,22.8725
3307,20.175789,41.818908,42.91941,39.61791,22.00995,18.34163,11.7272,22.8725,22.8725
3308,20.175789,41.818908,42.91941,39.61791,22.00995,18.34163,11.7272,22.8725,22.8725
3309,20.175789,41.818908,42.91941,39.61791,22.00995,18.34163,11.7272,22.8725,22.8725
3310,20.175789,41.818908,42.91941,39.61791,22.00995,18.34163,11.7272,22.8725,22.8725
3311,20.175789,41.818908,42.91941,39.61791,22.00995,18.34163,11.7272,22.8725,22.8725
3312,20.175789,41.818908,42.91941,39.61791,22.00995,18.34163,11.7272,22.8725,22.8725
3313,20.175789,41.818908,42.91941,39.61791,22.00995,18.34163,11.7272,22.8725,22.8725
3314,20.175789,41.818908,42.91941,39.61791,22.00995,18.34163,11.7272,22.8725,22.8725
3315,20.175789,41.818908,42.91941,39.61791,22.00995,18.34163,11.7272,22.8725,22.8725
3316,20.175789,41.818908,42.91941,39.61791,22.00995,18.34163,11.7272,22.8725,22.8725
3317,20.175789,41.818908,42.91941,39.61791,22.00995,18.34163,11.7272,22.8725,22.8725
3318,20.175789,41.818908,42.91941,39.61791,22.00995,18.34163,11.7272,22.8725,22.8725
3319,20.175789,41.818908,42.91941,39.61791,22.00995,18.34163,11.7272,22.8725,22.8725
3320,20.175789,41.818908,42.91941,39.61791,22.00995,18.34163,11.7272,22.8725,22.8725
3321,20.175789,41.818908,42.91941,39.61791,22.00995,18.34163,11.7272,22.8725,22.8725
3322,20.175789,41.818908,42.91941,39.61791,22.00995,18.34163,11.7272,22.8725,22.8725
3323,20.175789,41.818908,42.91941,39.61791,22.00995,18.34163,11.7272,22.8725,22.8725
3324,20.175789,41.818908,42.91941,39.61791,22.00995,18.34163,11.7272,22.8725,22.8725
3325,20.175789,41.818908,42.91941,39.61791,22.00995,18.34163,11.7272,22.8725,22.8725
3326,20.175789,41.818908,42.91941,39.61791,22.00995,18.34163,11.7272,22.8725,22.8725
3327,20.175789,41.818908,42.91941,39.61791,22.00995,18.34163,11.7272,22.8725,22.8725
3328,20.175789,41.818908,42.91941,39.61791,22.00995,18.34163,11.7272,22.8725,22.8725
3329,20.175789,41.818908,42.91941,39.61791,22.00995,18.34163,11.7272,22.8725,22.8725
3330,20.175789,41.818908,42.91941,39.61791,22.00995,18.34163,11.7272,22.8725,22.8725
3331,20.175789,41.818908,42.91941,39.61791,22.00995,18.34163,11.7272,22.8725,22.8725
3332,20.175789,41.818908,42.91941,39.61791,22.00995,18.34163,11.7272,22.8725,22.8725
3333,20.175789,41.818908,42.91941,39.61791,22.00995,18.34163,11.7272,22.8725,22.8725
3334,20.175789,41.818908,42.91941,39.61791,22.00995,18.34163,11.7272,22.8725,22.8725
3335,20.175789,41.818908,42.91941,39.61791,22.00995,18.34163,11.7272,22.8725,22.8725
3336,20.175789,41.818908,42.91941,39.61791,22.00995,18.34163,11.7272,22.8725,22.8725
3337,20.175789,41.818908,42.91941,39.61791,22.00995,18.34163,11.7272,22.8725,22.8725
3338,20.175789,41.818908,42.91941,39.61791,22.00995,18.34163,11.7272,22.8725,22.8725
3339,20.175789,41.818908,42.91941,39.61791,22.00995,18.34163,11.7272,22.8725,22.8725
3340,20.175789,41.818908,42.91941,39.61791,22.00995,18.34163,11.7272,22.8725,22.8725
3341,20.175789,41.818908,42.91941,39.61791,22.00995,18.34163,11.7272,22.8725,22.8725
3342,20.175789,41.818908,42.91941,39.61791,22.00995,18.34163,11.7272,22.8725,22.8725
3343,20.175789,41.818908,42.91941,39.61791,22.00995,18.34163,11.7272,22.8725,22.8725
3344,20.175789,41.818908,42.91941,39.61791,22.00995,18.34163,11.7272,22.8725,22.8725
3345,20.175789,41.818908,42.91941,39.61791,22.00995,18.34163,11.7272,22.8725,22.8725
3346,20.175789,41.818908,42.91941,39.61791,22.00995,18.34163,11.7272,22.8725,22.8725
3347,20.175789,41.818908,42.91941,39.61791,22.00995,18.34163,11.7272,22.8725,22.8725
3348,20.175789,41.818908,42.91941,39.61791,22.00995,18.34163,11.7272,22.8725,22.8725
3349,20.175789,41.818908,42.91941,39.61791,22.00995,18.34163,11.7272,22.8725,22.8725
3350,20.175789,41.818908,42.91941,39.61791,22.00995,18.34163,11.7272,22.8725,22.8725
3351,20.175789,41.818908,42.91941,39.61791,22.00995,18.34163,11.7272,22.8725,22.8725
3352,20.175789,41.818908,42.91941,39.61791,22.00995,18.34163,11.7272,22.8725,22.8725
3353,20.175789,41.818908,42.91941,39.61791,22.00995,18.34163,11.7272,22.8725,22.8725
3354,20.175789,41.818908,42.91941,39.61791,22.00995,18.34163,11.7272,22.8725,22.8725
3355,20.175789,41.818908,42.91941,39.61791,22.00995,18.34163,11.7272,22.8725,22.8725
3356,20.175789,41.818908,42.91941,39.61791,22.00995,18.34163,11.7272,22.8725,22.8725
3357,20.175789,41.818908,42.91941,39.61791,22.00995,18.34163,11.7272,22.8725,22.8725
3358,20.175789,41.818908,42.91941,39.61791,22.00995,18.34163,11.7272,22.8725,22.8725
3359,20.175789,41.818908,42.91941,39.61791,22.00995,18.34163,11.7272,22.8725,22.8725
3360,20.175789,41.818908,42.91941,39.61791,22.00995,18.34163,11.7272,22.8725,22.8725
3361,20.175789,41.818908,42.91941,39.61791,22.00995,18.34163,11.7272,22.8725,22.8725
3362,20.175789,41.818908,42.91941,39.61791,22.00995,18.34163,11.7272,22.8725,22.8725
3363,20.175789,41.818908,42.91941,39.61791,22.00995,18.34163,11.7272,22.8725,22.8725
3364,20.175789,41.818908,42.91941,39.61791,22.00995,18.34163,11.7272,22.8725,22.8725
3365,20.175789,41.818908,42.91941,39.61791,22.00995,18.34163,11.7272,22.8725,22.8725
3366,20.175789,41.818908,42.91941,39.61791,22.00995,18.34163,11.7272,22.8725,22.8725
3367,20.175789,41.818908,42.91941,39.61791,22.00995,18.34163,11.7272,22.8725,22.8725
3368,20.175789,41.818908,42.91941,39.61791,22.00995,18.34163,11.7272,22.8725,22.8725
3369,20.175789,41.818908,42.91941,39.61791,22.00995,18.34163,11.7272,22.8725,22.8725
3370,20.175789,41.818908,42.91941,39.61791,22.00995,18.34163,11.7272,22.8725,22.8725
3371,20.175789,41.818908,42.91941,39.61791,22.00995,18.34163,11.7272,22.8725,22.8725
3372,20.175789,41.818908,42.91941,39.61791,22.00995,18.34163,11.7272,22.8725,22.8725
3373,20.175789,41.818908,42.91941,39.61791,22.00995,18.34163,11.7272,22.8725,22.8725
3374,20.175789,41.818908,42.91941,39.61791,22.00995,18.34163,11.7272,22.8725,22.8725
3375,20.175789,41.818908,42.91941,39.61791,22.00995,18.34163,11.7272,22.8725,22.8725
3376,20.175789,41.818908,42.91941,39.61791,22.00995,18.34163,11.7272,22.8725,22.8725
3377,20.175789,41.818908,42.91941,39.61791,22.00995,18.34163,11.7272,22.8725,22.8725
3378,20.175789,41.818908,42.91941,39.61791,22.00995,18.34163,11.7272,22.8725,22.8725
3379,20.175789,41.818908,42.91941,39.61791,22.00995,18.34163,11.7272,22.8725,22.8725
3380,20.175789,41.818908,42.91941,39.61791,22.00995,18.34163,11.7272,22.8725,22.8725
3381,20.175789,41.818908,42.91941,39.61791,22.00995,18.34163,11.7272,22.8725,22.8725
3382,20.175789,41.818908,42.91941,39.61791,22.00995,18.34163,11.7272,22.8725,22.8725
3383,20.175789,41.818908,42.91941,39.61791,22.00995,18.34163,11.7272,22.8725,22.8725
3384,20.175789,41.818908,42.91941,39.61791,22.00995,18.34163,11.7272,22.8725,22.8725
3385,20.175789,41.818908,42.91941,39.61791,22.00995,18.34163,11.7272,22.8725,22.8725
3386,20.175789,41.818908,42.91941,39.61791,22.00995,18.34163,11.7272,22.8725,22.8725
3387,20.175789,41.818908,42.91941,39.61791,22.00995,18.34163,11.7272,22.8725,22.8725
3388,20.175789,41.818908,42.91941,39.61791,22.00995,18.34163,11.7272,22.8725,22.8725
3389,20.175789,41.818908,42.91941,39.61791,22.00995,18.34163,11.7272,22.8725,22.8725
3390,20.175789,41.818908,42.91941,39.61791,22.00995,18.34163,11.7272,22.8725,22.8725
3391,20.175789,41.818908,42.91941,39.61791,22.00995,18.34163,11.7272,22.8725,22.8725
3392,20.175789,41.818908,42.91941,39.61791,22.00995,18.34163,11.7272,22.8725,22.8725
3393,20.175789,41.818908,42.91941,39.61791,22.00995,18.34163,11.7272,22.8725,22.8725
3394,20.175789,41.818908,42.91941,39.61791,22.00995,18.34163,11.7272,22.8725,22.8725
3395,20.175789,41.818908,42.91941,39.61791,22.00995,18.34163,11.7272,22.8725,22.8725
3396,20.175789,41.818908,42.91941,39.61791,22.00995,18.34163,11.7272,22.8725,22.8725
3397,20.175789,41.818908,42.91941,39.61791,22.00995,18.34163,11.7272,22.8725,22.8725
3398,20.175789,41.818908,42.91941,39.61791,22.00995,18.34163,11.7272,22.8725,22.8725
3399,20.175789,41.818908,42.91941,39.61791,22.00995,18.34163,11.7272,22.8725,22.8725
3400,20.175789,41.818908,42.91941,39.61791,22.00995,18.34163,11.7272,22.8725,22.8725
3401,20.175789,41.818908,42.91941,39.61791,22.00995,18.34163,11.7272,22.8725,22.8725
3402,20.175789,41.818908,42.91941,39.61791,22.00995,18.34163,11.7272,22.8725,22.8725
3403,20.175789,41.818908,42.91941,39.61791,22.00995,18.34163,11.7272,22.8725,22.8725
3404,20.175789,41.818908,42.91941,39.61791,22.00995,18.34163,11.7272,22.8725,22.8725
3405,20.175789,41.818908,42.91941,39.61791,22.00995,18.34163,11.7272,22.8725,22.8725
3406,20.175789,41.818908,42.91941,39.61791,22.00995,18.34163,11.7272,22.8725,22.8725
3407,20.175789,41.818908,42.91941,39.61791,22.00995,18.34163,11.7272,22.8725,22.8725
3408,20.175789,41.818908,42.91941,39.61791,22.00995,18.34163,11.7272,22.8725,22.8725
3409,20.175789,41.818908,42.91941,39.61791,22.00995,18.34163,11.7272,22.8725,22.8725
3410,20.175789,41.818908,42.91941,39.61791,22.00995,18.34163,11.7272,22.8725,22.8725
3411,20.175789,41.818908,42.91941,39.61791,22.00995,18.34163,11.7272,22.8725,22.8725
3412,20.175789,41.818908,42.91941,39.61791,22.00995,18.34163,11.7272,22.8725,22.8725
3413,20.175789,41.818908,42.91941,39.61791,22.00995,18.34163,11.7272,22.8725,22.8725
3414,20.175789,41.818908,42.91941,39.61791,22.00995,18.34163,11.7272,22.8725,22.8725
3415,20.175789,41.818908,42.91941,39.61791,22.00995,18.34163,11.7272,22.8725,22.8725
3416,20.175789,41.818908,42.91941,39.61791,22.00995,18.34163,11.7272,22.8725,22.8725
3417,20.175789,41.818908,42.91941,39.61791,22.00995,18.34163,11.7272,22.8725,22.8725
3418,20.175789,41.818908,42.91941,39.61791,22.00995,18.34163,11.7272,22.8725,22.8725
3419,20.175789,41.818908,42.91941,39.61791,22.00995,18.34163,11.7272,22.8725,22.8725
3420,20.175789,41.818908,42.91941,39.61791,22.00995,18.34163,11.7272,22.8725,22.8725
3421,20.175789,41.818908,42.91941,39.61791,22.00995,18.34163,11.7272,22.8725,22.8725
3422,20.175789,41.818908,42.91941,39.61791,22.00995,18.34163,11.7272,22.8725,22.8725
3423,20.175789,41.818908,42.91941,39.61791,22.00995,18.34163,11.7272,22.8725,22.8725
3424,20.175789,41.818908,42.91941,39.61791,22.00995,18.34163,11.7272,22.8725,22.8725
3425,20.175789,41.818908,42.91941,39.61791,22.00995,18.34163,11.7272,22.8725,22.8725
3426,20.175789,41.818908,42.91941,39.61791,22.00995,18.34163,11.7272,22.8725,22.8725
3427,20.175789,41.818908,42.91941,39.61791,22.00995,18.34163,11.7272,22.8725,22.8725
3428,20.175789,41.818908,42.91941,39.61791,22.00995,18.34163,11.7272,22.8725,22.8725
3429,20.175789,41.818908,42.91941,39.61791,22.00995,18.34163,11.7272,22.8725,22.8725
3430,20.175789,41.818908,42.91941,39.61791,22.00995,18.34163,11.7272,22.8725,22.8725
3431,20.175789,41.818908,42.91941,39.61791,22.00995,18.34163,11.7272,22.8725,22.8725
3432,20.175789,41.818908,42.91941,39.61791,22.00995,18.34163,11.7272,22.8725,22.8725
3433,20.175789,41.818908,42.91941,39.61791,22.00995,18.34163,11.7272,22.8725,22.8725
3434,20.175789,41.818908,42.91941,39.61791,22.00995,18.34163,11.7272,22.8725,22.8725
3435,20.175789,41.818908,42.91941,39.61791,22.00995,18.34163,11.7272,22.8725,22.8725
3436,20.175789,41.818908,42.91941,39.61791,22.00995,18.34163,11.7272,22.8725,22.8725
3437,20.175789,41.818908,42.91941,39.61791,22.00995,18.34163,11.7272,22.8725,22.8725
3438,20.175789,41.818908,42.91941,39.61791,22.00995,18.34163,11.7272,22.8725,22.8725
3439,20.175789,41.818908,42.91941,39.61791,22.00995,18.34163,11.7272,22.8725,22.8725
3440,20.175789,41.818908,42.91941,39.61791,22.00995,18.34163,11.7272,22.8725,22.8725
3441,20.175789,41.818908,42.91941,39.61791,22.00995,18.34163,11.7272,22.8725,22.8725
3442,20.175789,41.818908,42.91941,39.61791,22.00995,18.34163,11.7272,22.8725,22.8725
3443,20.175789,41.818908,42.91941,39.61791,22.00995,18.34163,11.7272,22.8725,22.8725
3444,20.175789,41.818908,42.91941,39.61791,22.00995,18.34163,11.7272,22.8725,22.8725
3445,20.175789,41.818908,42.91941,39.61791,22.00995,18.34163,11.7272,22.8725,22.8725
3446,20.175789,41.818908,42.91941,39.61791,22.00995,18.34163,11.7272,22.8725,22.8725
3447,20.175789,41.818908,42.91941,39.61791,22.00995,18.34163,11.7272,22.8725,22.8725
3448,20.175789,41.818908,42.91941,39.61791,22.00995,18.34163,11.7272,22.8725,22.8725
3449,20.175789,41.818908,42.91941,39.61791,22.00995,18.34163,11.7272,22.8725,22.8725
3450,20.175789,41.818908,42.91941,39.61791,22.00995,18.34163,11.7272,22.8725,22.8725
3451,20.175789,41.818908,42.91941,39.61791,22.00995,18.34163,11.7272,22.8725,22.8725
3452,20.175789,41.818908,42.91941,39.61791,22.00995,18.34163,11.7272,22.8725,22.8725
3453,20.175789,41.818908,42.91941,39.61791,22.00995,18.34163,11.7272,22.8725,22.8725
3454,20.175789,41.818908,42.91941,39.61791,22.00995,18.34163,11.7272,22.8725,22.8725
3455,20.175789,41.818908,42.91941,39.61791,22.00995,18.34163,11.7272,22.8725,22.8725
3456,20.175789,41.818908,42.91941,39.61791,22.00995,18.34163,11.7272,22.8725,22.8725
3457,20.175789,41.818908,42.91941,39.61791,22.00995,18.34163,11.7272,22.8725,22.8725
3458,20.175789,41.818908,42.91941,39.61791,22.00995,18.34163,11.7272,22.8725,22.8725
3459,20.175789,41.818908,42.91941,39.61791,22.00995,18.34163,11.7272,22.8725,22.8725
3460,20.175789,41.818908,42.91941,39.61791,22.00995,18.34163,11.7272,22.8725,22.8725
3461,20.175789,41.818908,42.91941,39.61791,22.00995,18.34163,11.7272,22.8725,22.8725
3462,20.175789,41.818908,42.91941,39.61791,22.00995,18.34163,11.7272,22.8725,22.8725
3463,20.175789,41.818908,42.91941,39.61791,22.00995,18.34163,11.7272,22.8725,22.8725
3464,20.175789,41.818908,42.91941,39.61791,22.00995,18.34163,11.7272,22.8725,22.8725
3465,20.175789,41.818908,42.91941,39.61791,22.00995,18.34163,11.7272,22.8725,22.8725
3466,20.175789,41.818908,42.91941,39.61791,22.00995,18.34163,11.7272,22.8725,22.8725
3467,20.175789,41.818908,42.91941,39.61791,22.00995,18.34163,11.7272,22.8725,22.8725
3468,20.175789,41.818908,42.91941,39.61791,22.00995,18.34163,11.7272,22.8725,22.8725
3469,20.175789,41.818908,42.91941,39.61791,22.00995,18.34163,11.7272,22.8725,22.8725
3470,20.175789,41.818908,42.91941,39.61791,22.00995,18.34163,11.7272,22.8725,22.8725
3471,20.175789,41.818908,42.91941,39.61791,22.00995,18.34163,11.7272,22.8725,22.8725
3472,20.175789,41.818908,42.91941,39.61791,22.00995,18.34163,11.7272,22.8725,22.8725
3473,20.175789,41.818908,42.91941,39.61791,22.00995,18.34163,11.7272,22.8725,22.8725
3474,20.175789,41.818908,42.91941,39.61791,22.00995,18.34163,11.7272,22.8725,22.8725
3475,20.175789,41.818908,42.91941,39.61791,22.00995,18.34163,11.7272,22.8725,22.8725
3476,20.175789,41.818908,42.91941,39.61791,22.00995,18.34163,11.7272,22.8725,22.8725
3477,20.175789,41.818908,42.91941,39.61791,22.00995,18.34163,11.7272,22.8725,22.8725
3478,20.175789,41.818908,42.91941,39.61791,22.00995,18.34163,11.7272,22.8725,22.8725
3479,20.175789,41.818908,42.91941,39.61791,22.00995,18.34163,11.7272,22.8725,22.8725
3480,20.175789,41.818908,42.91941,39.61791,22.00995,18.34163,11.7272,22.8725,22.8725
3481,20.175789,41.818908,42.91941,39.61791,22.00995,18.34163,11.7272,22.8725,22.8725
3482,20.175789,41.818908,42.91941,39.61791,22.00995,18.34163,11.7272,22.8725,22.8725
3483,20.175789,41.818908,42.91941,39.61791,22.00995,18.34163,11.7272,22.8725,22.8725
3484,20.175789,41.818908,42.91941,39.61791,22.00995,18.34163,11.7272,22.8725,22.8725
3485,20.175789,41.818908,42.91941,39.61791,22.00995,18.34163,11.7272,22.8725,22.8725
3486,20.175789,41.818908,42.91941,39.61791,22.00995,18.34163,11.7272,22.8725,22.8725
3487,20.175789,41.818908,42.91941,39.61791,22.00995,18.34163,11.7272,22.8725,22.8725
3488,20.175789,41.818908,42.91941,39.61791,22.00995,18.34163,11.7272,22.8725,22.8725
3489,20.175789,41.818908,42.91941,39.61791,22.00995,18.34163,11.7272,22.8725,22.8725
3490,20.175789,41.818908,42.91941,39.61791,22.00995,18.34163,11.7272,22.8725,22.8725
3491,20.175789,41.818908,42.91941,39.61791,22.00995,18.34163,11.7272,22.8725,22.8725
3492,20.175789,41.818908,42.91941,39.61791,22.00995,18.34163,11.7272,22.8725,22.8725
3493,20.175789,41.818908,42.91941,39.61791,22.00995,18.34163,11.7272,22.8725,22.8725
3494,20.175789,41.818908,42.91941,39.61791,22.00995,18.34163,11.7272,22.8725,22.8725
3495,20.175789,41.818908,42.91941,39.61791,22.00995,18.34163,11.7272,22.8725,22.8725
3496,20.175789,41.818908,42.91941,39.61791,22.00995,18.34163,11.7272,22.8725,22.8725
3497,20.175789,41.818908,42.91941,39.61791,22.00995,18.34163,11.7272,22.8725,22.8725
3498,20.175789,41.818908,42.91941,39.61791,22.00995,18.34163,11.7272,22.8725,22.8725
3499,20.175789,41.818908,42.91941,39.61791,22.00995,18.34163,11.7272,22.8725,22.8725
3500,20.175789,41.818908,42.91941,39.61791,22.00995,18.34163,11.7272,22.8725,22.8725
3501,20.175789,41.818908,42.91941,39.61791,22.00995,18.34163,11.7272,22.8725,22.8725
3502,20.175789,41.818908,42.91941,39.61791,22.00995,18.34163,11.7272,22.8725,22.8725
3503,20.175789,41.818908,42.91941,39.61791,22.00995,18.34163,11.7272,22.8725,22.8725
3504,20.175789,41.818908,42.91941,39.61791,22.00995,18.34163,11.7272,22.8725,22.8725
3505,20.175789,41.818908,42.91941,39.61791,22.00995,18.34163,11.7272,22.8725,22.8725
3506,20.175789,41.818908,42.91941,39.61791,22.00995,18.34163,11.7272,22.8725,22.8725
3507,20.175789,41.818908,42.91941,39.61791,22.00995,18.34163,11.7272,22.8725,22.8725
3508,20.175789,41.818908,42.91941,39.61791,22.00995,18.34163,11.7272,22.8725,22.8725
3509,20.175789,41.818908,42.91941,39.61791,22.00995,18.34163,11.7272,22.8725,22.8725
3510,20.175789,41.818908,42.91941,39.61791,22.00995,18.34163,11.7272,22.8725,22.8725
3511,20.175789,41.818908,42.91941,39.61791,22.00995,18.34163,11.7272,22.8725,22.8725
3512,20.175789,41.818908,42.91941,39.61791,22.00995,18.34163,11.7272,22.8725,22.8725
3513,20.175789,41.818908,42.91941,39.61791,22.00995,18.34163,11.7272,22.8725,22.8725
3514,20.175789,41.818908,42.91941,39.61791,22.00995,18.34163,11.7272,22.8725,22.8725
3515,20.175789,41.818908,42.91941,39.61791,22.00995,18.34163,11.7272,22.8725,22.8725
3516,20.175789,41.818908,42.91941,39.61791,22.00995,18.34163,11.7272,22.8725,22.8725
3517,20.175789,41.818908,42.91941,39.61791,22.00995,18.34163,11.7272,22.8725,22.8725
3518,20.175789,41.818908,42.91941,39.61791,22.00995,18.34163,11.7272,22.8725,22.8725
3519,20.175789,41.818908,42.91941,39.61791,22.00995,18.34163,11.7272,22.8725,22.8725
3520,20.175789,41.818908,42.91941,39.61791,22.00995,18.34163,11.7272,22.8725,22.8725
3521,20.175789,41.818908,42.91941,39.61791,22.00995,18.34163,11.7272,22.8725,22.8725
3522,20.175789,41.818908,42.91941,39.61791,22.00995,18.34163,11.7272,22.8725,22.8725
3523,20.175789,41.818908,42.91941,39.61791,22.00995,18.34163,11.7272,22.8725,22.8725
3524,20.175789,41.818908,42.91941,39.61791,22.00995,18.34163,11.7272,22.8725,22.8725
3525,20.175789,41.818908,42.91941,39.61791,22.00995,18.34163,11.7272,22.8725,22.8725
3526,20.175789,41.818908,42.91941,39.61791,22.00995,18.34163,11.7272,22.8725,22.8725
3527,20.175789,41.818908,42.91941,39.61791,22.00995,18.34163,11.7272,22.8725,22.8725
3528,20.175789,41.818908,42.91941,39.61791,22.00995,18.34163,11.7272,22.8725,22.8725
3529,20.175789,41.818908,42.91941,39.61791,22.00995,18.34163,11.7272,22.8725,22.8725
3530,20.175789,41.818908,42.91941,39.61791,22.00995,18.34163,11.7272,22.8725,22.8725
3531,20.175789,41.818908,42.91941,39.61791,22.00995,18.34163,11.7272,22.8725,22.8725
3532,20.175789,41.818908,42.91941,39.61791,22.00995,18.34163,11.7272,22.8725,22.8725
3533,20.175789,41.818908,42.91941,39.61791,22.00995,18.34163,11.7272,22.8725,22.8725
3534,20.175789,41.818908,42.91941,39.61791,22.00995,18.34163,11.7272,22.8725,22.8725
3535,20.175789,41.818908,42.91941,39.61791,22.00995,18.34163,11.7272,22.8725,22.8725
3536,20.175789,41.818908,42.91941,39.61791,22.00995,18.34163,11.7272,22.8725,22.8725
3537,20.175789,41.818908,42.91941,39.61791,22.00995,18.34163,11.7272,22.8725,22.8725
3538,20.175789,41.818908,42.91941,39.61791,22.00995,18.34163,11.7272,22.8725,22.8725
3539,20.175789,41.818908,42.91941,39.61791,22.00995,18.34163,11.7272,22.8725,22.8725
3540,20.175789,41.818908,42.91941,39.61791,22.00995,18.34163,11.7272,22.8725,22.8725
3541,20.175789,41.818908,42.91941,39.61791,22.00995,18.34163,11.7272,22.8725,22.8725
3542,20.175789,41.818908,42.91941,39.61791,22.00995,18.34163,11.7272,22.8725,22.8725
3543,20.175789,41.818908,42.91941,39.61791,22.00995,18.34163,11.7272,22.8725,22.8725
3544,20.175789,41.818908,42.91941,39.61791,22.00995,18.34163,11.7272,22.8725,22.8725
3545,20.175789,41.818908,42.91941,39.61791,22.00995,18.34163,11.7272,22.8725,22.8725
3546,20.175789,41.818908,42.91941,39.61791,22.00995,18.34163,11.7272,22.8725,22.8725
3547,20.175789,41.818908,42.91941,39.61791,22.00995,18.34163,11.7272,22.8725,22.8725
3548,20.175789,41.818908,42.91941,39.61791,22.00995,18.34163,11.7272,22.8725,22.8725
3549,20.175789,41.818908,42.91941,39.61791,22.00995,18.34163,11.7272,22.8725,22.8725
3550,20.175789,41.818908,42.91941,39.61791,22.00995,18.34163,11.7272,22.8725,22.8725
3551,20.175789,41.818908,42.91941,39.61791,22.00995,18.34163,11.7272,22.8725,22.8725
3552,20.175789,41.818908,42.91941,39.61791,22.00995,18.34163,11.7272,22.8725,22.8725
3553,20.175789,41.818908,42.91941,39.61791,22.00995,18.34163,11.7272,22.8725,22.8725
3554,20.175789,41.818908,42.91941,39.61791,22.00995,18.34163,11.7272,22.8725,22.8725
3555,20.175789,41.818908,42.91941,39.61791,22.00995,18.34163,11.7272,22.8725,22.8725
3556,20.175789,41.818908,42.91941,39.61791,22.00995,18.34163,11.7272,22.8725,22.8725
3557,20.175789,41.818908,42.91941,39.61791,22.00995,18.34163,11.7272,22.8725,22.8725
3558,20.175789,41.818908,42.91941,39.61791,22.00995,18.34163,11.7272,22.8725,22.8725
3559,20.175789,41.818908,42.91941,39.61791,22.00995,18.34163,11.7272,22.8725,22.8725
3560,20.175789,41.818908,42.91941,39.61791,22.00995,18.34163,11.7272,22.8725,22.8725
3561,20.175789,41.818908,42.91941,39.61791,22.00995,18.34163,11.7272,22.8725,22.8725
3562,20.175789,41.818908,42.91941,39.61791,22.00995,18.34163,11.7272,22.8725,22.8725
3563,20.175789,41.818908,42.91941,39.61791,22.00995,18.34163,11.7272,22.8725,22.8725
3564,20.175789,41.818908,42.91941,39.61791,22.00995,18.34163,11.7272,22.8725,22.8725
3565,20.175789,41.818908,42.91941,39.61791,22.00995,18.34163,11.7272,22.8725,22.8725
3566,20.175789,41.818908,42.91941,39.61791,22.00995,18.34163,11.7272,22.8725,22.8725
3567,20.175789,41.818908,42.91941,39.61791,22.00995,18.34163,11.7272,22.8725,22.8725
3568,20.175789,41.818908,42.91941,39.61791,22.00995,18.34163,11.7272,22.8725,22.8725
3569,20.175789,41.818908,42.91941,39.61791,22.00995,18.34163,11.7272,22.8725,22.8725
3570,20.175789,41.818908,42.91941,39.61791,22.00995,18.34163,11.7272,22.8725,22.8725
3571,20.175789,41.818908,42.91941,39.61791,22.00995,18.34163,11.7272,22.8725,22.8725
3572,20.175789,41.818908,42.91941,39.61791,22.00995,18.34163,11.7272,22.8725,22.8725
3573,20.175789,41.818908,42.91941,39.61791,22.00995,18.34163,11.7272,22.8725,22.8725
3574,20.175789,41.818908,42.91941,39.61791,22.00995,18.34163,11.7272,22.8725,22.8725
3575,20.175789,41.818908,42.91941,39.61791,22.00995,18.34163,11.7272,22.8725,22.8725
3576,20.175789,41.818908,42.91941,39.61791,22.00995,18.34163,11.7272,22.8725,22.8725
3577,20.175789,41.818908,42.91941,39.61791,22.00995,18.34163,11.7272,22.8725,22.8725
3578,20.175789,41.818908,42.91941,39.61791,22.00995,18.34163,11.7272,22.8725,22.8725
3579,20.175789,41.818908,42.91941,39.61791,22.00995,18.34163,11.7272,22.8725,22.8725
3580,20.175789,41.818908,42.91941,39.61791,22.00995,18.34163,11.7272,22.8725,22.8725
3581,20.175789,41.818908,42.91941,39.61791,22.00995,18.34163,11.7272,22.8725,22.8725
3582,20.175789,41.818908,42.91941,39.61791,22.00995,18.34163,11.7272,22.8725,22.8725
3583,20.175789,41.818908,42.91941,39.61791,22.00995,18.34163,11.7272,22.8725,22.8725
3584,20.175789,41.818908,42.91941,39.61791,22.00995,18.34163,11.7272,22.8725,22.8725
3585,20.175789,41.818908,42.91941,39.61791,22.00995,18.34163,11.7272,22.8725,22.8725
3586,20.175789,41.818908,42.91941,39.61791,22.00995,18.34163,11.7272,22.8725,22.8725
3587,20.175789,41.818908,42.91941,39.61791,22.00995,18.34163,11.7272,22.8725,22.8725
3588,20.175789,41.818908,42.91941,39.61791,22.00995,18.34163,11.7272,22.8725,22.8725
3589,20.175789,41.818908,42.91941,39.61791,22.00995,18.34163,11.7272,22.8725,22.8725
3590,20.175789,41.818908,42.91941,39.61791,22.00995,18.34163,11.7272,22.8725,22.8725
3591,20.175789,41.818908,42.91941,39.61791,22.00995,18.34163,11.7272,22.8725,22.8725
3592,20.175789,41.818908,42.91941,39.61791,22.00995,18.34163,11.7272,22.8725,22.8725
3593,20.175789,41.818908,42.91941,39.61791,22.00995,18.34163,11.7272,22.8725,22.8725
3594,20.175789,41.818908,42.91941,39.61791,22.00995,18.34163,11.7272,22.8725,22.8725
3595,20.175789,41.818908,42.91941,39.61791,22.00995,18.34163,11.7272,22.8725,22.8725
3596,20.175789,41.818908,42.91941,39.61791,22.00995,18.34163,11.7272,22.8725,22.8725
3597,20.175789,41.818908,42.91941,39.61791,22.00995,18.34163,11.7272,22.8725,22.8725
3598,20.175789,41.818908,42.91941,39.61791,22.00995,18.34163,11.7272,22.8725,22.8725
3599,20.175789,41.818908,42.91941,39.61791,22.00995,18.34163,11.7272,22.8725,22.8725
3600,20.175789,41.818908,42.91941,39.61791,22.00995,18.34163,11.7272,22.8725,22.8725
3601,20.175789,41.818908,42.91941,39.61791,22.00995,18.34163,11.7272,22.8725,22.8725
3602,20.175789,41.818908,42.91941,39.61791,22.00995,18.34163,11.7272,22.8725,22.8725
3603,20.175789,41.818908,42.91941,39.61791,22.00995,18.34163,11.7272,22.8725,22.8725
3604,20.175789,41.818908,42.91941,39.61791,22.00995,18.34163,11.7272,22.8725,22.8725
3605,20.175789,41.818908,42.91941,39.61791,22.00995,18.34163,11.7272,22.8725,22.8725
3606,20.175789,41.818908,42.91941,39.61791,22.00995,18.34163,11.7272,22.8725,22.8725
3607,20.175789,41.818908,42.91941,39.61791,22.00995,18.34163,11.7272,22.8725,22.8725
3608,20.175789,41.818908,42.91941,39.61791,22.00995,18.34163,11.7272,22.8725,22.8725
3609,20.175789,41.818908,42.91941,39.61791,22.00995,18.34163,11.7272,22.8725,22.8725
3610,20.175789,41.818908,42.91941,39.61791,22.00995,18.34163,11.7272,22.8725,22.8725
3611,20.175789,41.818908,42.91941,39.61791,22.00995,18.34163,11.7272,22.8725,22.8725
3612,20.175789,41.818908,42.91941,39.61791,22.00995,18.34163,11.7272,22.8725,22.8725
3613,20.175789,41.818908,42.91941,39.61791,22.00995,18.34163,11.7272,22.8725,22.8725
3614,20.175789,41.818908,42.91941,39.61791,22.00995,18.34163,11.7272,22.8725,22.8725
3615,20.175789,41.818908,42.91941,39.61791,22.00995,18.34163,11.7272,22.8725,22.8725
3616,20.175789,41.818908,42.91941,39.61791,22.00995,18.34163,11.7272,22.8725,22.8725
3617,20.175789,41.818908,42.91941,39.61791,22.00995,18.34163,11.7272,22.8725,22.8725
3618,20.175789,41.818908,42.91941,39.61791,22.00995,18.34163,11.7272,22.8725,22.8725
3619,20.175789,41.818908,42.91941,39.61791,22.00995,18.34163,11.7272,22.8725,22.8725
3620,20.175789,41.818908,42.91941,39.61791,22.00995,18.34163,11.7272,22.8725,22.8725
3621,20.175789,41.818908,42.91941,39.61791,22.00995,18.34163,11.7272,22.8725,22.8725
3622,20.175789,41.818908,42.91941,39.61791,22.00995,18.34163,11.7272,22.8725,22.8725
3623,20.175789,41.818908,42.91941,39.61791,22.00995,18.34163,11.7272,22.8725,22.8725
3624,20.175789,41.818908,42.91941,39.61791,22.00995,18.34163,11.7272,22.8725,22.8725
3625,20.175789,41.818908,42.91941,39.61791,22.00995,18.34163,11.7272,22.8725,22.8725
3626,20.175789,41.818908,42.91941,39.61791,22.00995,18.34163,11.7272,22.8725,22.8725
3627,20.175789,41.818908,42.91941,39.61791,22.00995,18.34163,11.7272,22.8725,22.8725
3628,20.175789,41.818908,42.91941,39.61791,22.00995,18.34163,11.7272,22.8725,22.8725
3629,20.175789,41.818908,42.91941,39.61791,22.00995,18.34163,11.7272,22.8725,22.8725
3630,20.175789,41.818908,42.91941,39.61791,22.00995,18.34163,11.7272,22.8725,22.8725
3631,20.175789,41.818908,42.91941,39.61791,22.00995,18.34163,11.7272,22.8725,22.8725
3632,20.175789,41.818908,42.91941,39.61791,22.00995,18.34163,11.7272,22.8725,22.8725
3633,20.175789,41.818908,42.91941,39.61791,22.00995,18.34163,11.7272,22.8725,22.8725
3634,20.175789,41.818908,42.91941,39.61791,22.00995,18.34163,11.7272,22.8725,22.8725
3635,20.175789,41.818908,42.91941,39.61791,22.00995,18.34163,11.7272,22.8725,22.8725
3636,20.175789,41.818908,42.91941,39.61791,22.00995,18.34163,11.7272,22.8725,22.8725
3637,20.175789,41.818908,42.91941,39.61791,22.00995,18.34163,11.7272,22.8725,22.8725
3638,20.175789,41.818908,42.91941,39.61791,22.00995,18.34163,11.7272,22.8725,22.8725
3639,20.175789,41.818908,42.91941,39.61791,22.00995,18.34163,11.7272,22.8725,22.8725
3640,20.175789,41.818908,42.91941,39.61791,22.00995,18.34163,11.7272,22.8725,22.8725
3641,20.175789,41.818908,42.91941,39.61791,22.00995,18.34163,11.7272,22.8725,22.8725
3642,20.175789,41.818908,42.91941,39.61791,22.00995,18.34163,11.7272,22.8725,22.8725
3643,20.175789,41.818908,42.91941,39.61791,22.00995,18.34163,11.7272,22.8725,22.8725
3644,20.175789,41.818908,42.91941,39.61791,22.00995,18.34163,11.7272,22.8725,22.8725
3645,20.175789,41.818908,42.91941,39.61791,22.00995,18.34163,11.7272,22.8725,22.8725
3646,20.175789,41.818908,42.91941,39.61791,22.00995,18.34163,11.7272,22.8725,22.8725
3647,20.175789,41.818908,42.91941,39.61791,22.00995,18.34163,11.7272,22.8725,22.8725
3648,20.175789,41.818908,42.91941,39.61791,22.00995,18.34163,11.7272,22.8725,22.8725
3649,20.175789,41.818908,42.91941,39.61791,22.00995,18.34163,11.7272,22.8725,22.8725
3650,20.175789,41.818908,42.91941,39.61791,22.00995,18.34163,11.7272,22.8725,22.8725
3651,20.175789,41.818908,42.91941,39.61791,22.00995,18.34163,11.7272,22.8725,22.8725
3652,20.175789,41.818908,42.91941,39.61791,22.00995,18.34163,11.7272,22.8725,22.8725
3653,20.175789,41.818908,42.91941,39.61791,22.00995,18.34163,11.7272,22.8725,22.8725
3654,20.175789,41.818908,42.91941,39.61791,22.00995,18.34163,11.7272,22.8725,22.8725
3655,20.175789,41.818908,42.91941,39.61791,22.00995,18.34163,11.7272,22.8725,22.8725
3656,20.175789,41.818908,42.91941,39.61791,22.00995,18.34163,11.7272,22.8725,22.8725
3657,20.175789,41.818908,42.91941,39.61791,22.00995,18.34163,11.7272,22.8725,22.8725
3658,20.175789,41.818908,42.91941,39.61791,22.00995,18.34163,11.7272,22.8725,22.8725
3659,20.175789,41.818908,42.91941,39.61791,22.00995,18.34163,11.7272,22.8725,22.8725
3660,20.175789,41.818908,42.91941,39.61791,22.00995,18.34163,11.7272,22.8725,22.8725
3661,20.175789,41.818908,42.91941,39.61791,22.00995,18.34163,11.7272,22.8725,22.8725
3662,20.175789,41.818908,42.91941,39.61791,22.00995,18.34163,11.7272,22.8725,22.8725
3663,20.175789,41.818908,42.91941,39.61791,22.00995,18.34163,11.7272,22.8725,22.8725
3664,20.175789,41.818908,42.91941,39.61791,22.00995,18.34163,11.7272,22.8725,22.8725
3665,20.175789,41.818908,42.91941,39.61791,22.00995,18.34163,11.7272,22.8725,22.8725
3666,20.175789,41.818908,42.91941,39.61791,22.00995,18.34163,11.7272,22.8725,22.8725
3667,20.175789,41.818908,42.91941,39.61791,22.00995,18.34163,11.7272,22.8725,22.8725
3668,20.175789,41.818908,42.91941,39.61791,22.00995,18.34163,11.7272,22.8725,22.8725
3669,20.175789,41.818908,42.91941,39.61791,22.00995,18.34163,11.7272,22.8725,22.8725
3670,20.175789,41.818908,42.91941,39.61791,22.00995,18.34163,11.7272,22.8725,22.8725
3671,20.175789,41.818908,42.91941,39.61791,22.00995,18.34163,11.7272,22.8725,22.8725
3672,20.175789,41.818908,42.91941,39.61791,22.00995,18.34163,11.7272,22.8725,22.8725
3673,20.175789,41.818908,42.91941,39.61791,22.00995,18.34163,11.7272,22.8725,22.8725
3674,20.175789,41.818908,42.91941,39.61791,22.00995,18.34163,11.7272,22.8725,22.8725
3675,20.175789,41.818908,42.91941,39.61791,22.00995,18.34163,11.7272,22.8725,22.8725
3676,20.175789,41.818908,42.91941,39.61791,22.00995,18.34163,11.7272,22.8725,22.8725
3677,20.175789,41.818908,42.91941,39.61791,22.00995,18.34163,11.7272,22.8725,22.8725
3678,20.175789,41.818908,42.91941,39.61791,22.00995,18.34163,11.7272,22.8725,22.8725
3679,20.175789,41.818908,42.91941,39.61791,22.00995,18.34163,11.7272,22.8725,22.8725
3680,20.175789,41.818908,42.91941,39.61791,22.00995,18.34163,11.7272,22.8725,22.8725
3681,20.175789,41.818908,42.91941,39.61791,22.00995,18.34163,11.7272,22.8725,22.8725
3682,20.175789,41.818908,42.91941,39.61791,22.00995,18.34163,11.7272,22.8725,22.8725
3683,20.175789,41.818908,42.91941,39.61791,22.00995,18.34163,11.7272,22.8725,22.8725
3684,20.175789,41.818908,42.91941,39.61791,22.00995,18.34163,11.7272,22.8725,22.8725
3685,20.175789,41.818908,42.91941,39.61791,22.00995,18.34163,11.7272,22.8725,22.8725
3686,20.175789,41.818908,42.91941,39.61791,22.00995,18.34163,11.7272,22.8725,22.8725
3687,20.175789,41.818908,42.91941,39.61791,22.00995,18.34163,11.7272,22.8725,22.8725
3688,20.175789,41.818908,42.91941,39.61791,22.00995,18.34163,11.7272,22.8725,22.8725
3689,20.175789,41.818908,42.91941,39.61791,22.00995,18.34163,11.7272,22.8725,22.8725
3690,20.175789,41.818908,42.91941,39.61791,22.00995,18.34163,11.7272,22.8725,22.8725
3691,20.175789,41.818908,42.91941,39.61791,22.00995,18.34163,11.7272,22.8725,22.8725
3692,20.175789,41.818908,42.91941,39.61791,22.00995,18.34163,11.7272,22.8725,22.8725
3693,20.175789,41.818908,42.91941,39.61791,22.00995,18.34163,11.7272,22.8725,22.8725
3694,20.175789,41.818908,42.91941,39.61791,22.00995,18.34163,11.7272,22.8725,22.8725
3695,20.175789,41.818908,42.91941,39.61791,22.00995,18.34163,11.7272,22.8725,22.8725
3696,20.175789,41.818908,42.91941,39.61791,22.00995,18.34163,11.7272,22.8725,22.8725
3697,20.175789,41.818908,42.91941,39.61791,22.00995,18.34163,11.7272,22.8725,22.8725
3698,20.175789,41.818908,42.91941,39.61791,22.00995,18.34163,11.7272,22.8725,22.8725
3699,20.175789,41.818908,42.91941,39.61791,22.00995,18.34163,11.7272,22.8725,22.8725
3700,20.175789,41.818908,42.91941,39.61791,22.00995,18.34163,11.7272,22.8725,22.8725
3701,20.175789,41.818908,42.91941,39.61791,22.00995,18.34163,11.7272,22.8725,22.8725
3702,20.175789,41.818908,42.91941,39.61791,22.00995,18.34163,11.7272,22.8725,22.8725
3703,20.175789,41.818908,42.91941,39.61791,22.00995,18.34163,11.7272,22.8725,22.8725
3704,20.175789,41.818908,42.91941,39.61791,22.00995,18.34163,11.7272,22.8725,22.8725
3705,20.175789,41.818908,42.91941,39.61791,22.00995,18.34163,11.7272,22.8725,22.8725
3706,20.175789,41.818908,42.91941,39.61791,22.00995,18.34163,11.7272,22.8725,22.8725
3707,20.175789,41.818908,42.91941,39.61791,22.00995,18.34163,11.7272,22.8725,22.8725
3708,20.175789,41.818908,42.91941,39.61791,22.00995,18.34163,11.7272,22.8725,22.8725
3709,20.175789,41.818908,42.91941,39.61791,22.00995,18.34163,11.7272,22.8725,22.8725
3710,20.175789,41.818908,42.91941,39.61791,22.00995,18.34163,11.7272,22.8725,22.8725
3711,20.175789,41.818908,42.91941,39.61791,22.00995,18.34163,11.7272,22.8725,22.8725
3712,20.175789,41.818908,42.91941,39.61791,22.00995,18.34163,11.7272,22.8725,22.8725
3713,20.175789,41.818908,42.91941,39.61791,22.00995,18.34163,11.7272,22.8725,22.8725
3714,20.175789,41.818908,42.91941,39.61791,22.00995,18.34163,11.7272,22.8725,22.8725
3715,20.175789,41.818908,42.91941,39.61791,22.00995,18.34163,11.7272,22.8725,22.8725
3716,20.175789,41.818908,42.91941,39.61791,22.00995,18.34163,11.7272,22.8725,22.8725
3717,20.175789,41.818908,42.91941,39.61791,22.00995,18.34163,11.7272,22.8725,22.8725
3718,20.175789,41.818908,42.91941,39.61791,22.00995,18.34163,11.7272,22.8725,22.8725
3719,20.175789,41.818908,42.91941,39.61791,22.00995,18.34163,11.7272,22.8725,22.8725
3720,20.175789,41.818908,42.91941,39.61791,22.00995,18.34163,11.7272,22.8725,22.8725
3721,20.175789,41.818908,42.91941,39.61791,22.00995,18.34163,11.7272,22.8725,22.8725
3722,20.175789,41.818908,42.91941,39.61791,22.00995,18.34163,11.7272,22.8725,22.8725
3723,20.175789,41.818908,42.91941,39.61791,22.00995,18.34163,11.7272,22.8725,22.8725
3724,20.175789,41.818908,42.91941,39.61791,22.00995,18.34163,11.7272,22.8725,22.8725
3725,20.175789,41.818908,42.91941,39.61791,22.00995,18.34163,11.7272,22.8725,22.8725
3726,20.175789,41.818908,42.91941,39.61791,22.00995,18.34163,11.7272,22.8725,22.8725
3727,20.175789,41.818908,42.91941,39.61791,22.00995,18.34163,11.7272,22.8725,22.8725
3728,20.175789,41.818908,42.91941,39.61791,22.00995,18.34163,11.7272,22.8725,22.8725
3729,20.175789,41.818908,42.91941,39.61791,22.00995,18.34163,11.7272,22.8725,22.8725
3730,20.175789,41.818908,42.91941,39.61791,22.00995,18.34163,11.7272,22.8725,22.8725
3731,20.175789,41.818908,42.91941,39.61791,22.00995,18.34163,11.7272,22.8725,22.8725
3732,20.175789,41.818908,42.91941,39.61791,22.00995,18.34163,11.7272,22.8725,22.8725
3733,20.175789,41.818908,42.91941,39.61791,22.00995,18.34163,11.7272,22.8725,22.8725
3734,20.175789,41.818908,42.91941,39.61791,22.00995,18.34163,11.7272,22.8725,22.8725
3735,20.175789,41.818908,42.91941,39.61791,22.00995,18.34163,11.7272,22.8725,22.8725
3736,20.175789,41.818908,42.91941,39.61791,22.00995,18.34163,11.7272,22.8725,22.8725
3737,20.175789,41.818908,42.91941,39.61791,22.00995,18.34163,11.7272,22.8725,22.8725
3738,20.175789,41.818908,42.91941,39.61791,22.00995,18.34163,11.7272,22.8725,22.8725
3739,20.175789,41.818908,42.91941,39.61791,22.00995,18.34163,11.7272,22.8725,22.8725
3740,20.175789,41.818908,42.91941,39.61791,22.00995,18.34163,11.7272,22.8725,22.8725
3741,20.175789,41.818908,42.91941,39.61791,22.00995,18.34163,11.7272,22.8725,22.8725
3742,20.175789,41.818908,42.91941,39.61791,22.00995,18.34163,11.7272,22.8725,22.8725
3743,20.175789,41.818908,42.91941,39.61791,22.00995,18.34163,11.7272,22.8725,22.8725
3744,20.175789,41.818908,42.91941,39.61791,22.00995,18.34163,11.7272,22.8725,22.8725
3745,20.175789,41.818908,42.91941,39.61791,22.00995,18.34163,11.7272,22.8725,22.8725
3746,20.175789,41.818908,42.91941,39.61791,22.00995,18.34163,11.7272,22.8725,22.8725
3747,20.175789,41.818908,42.91941,39.61791,22.00995,18.34163,11.7272,22.8725,22.8725
3748,20.175789,41.818908,42.91941,39.61791,22.00995,18.34163,11.7272,22.8725,22.8725
3749,20.175789,41.818908,42.91941,39.61791,22.00995,18.34163,11.7272,22.8725,22.8725
3750,20.175789,41.818908,42.91941,39.61791,22.00995,18.34163,11.7272,22.8725,22.8725
3751,20.175789,41.818908,42.91941,39.61791,22.00995,18.34163,11.7272,22.8725,22.8725
3752,20.175789,41.818908,42.91941,39.61791,22.00995,18.34163,11.7272,22.8725,22.8725
3753,20.175789,41.818908,42.91941,39.61791,22.00995,18.34163,11.7272,22.8725,22.8725
3754,20.175789,41.818908,42.91941,39.61791,22.00995,18.34163,11.7272,22.8725,22.8725
3755,20.175789,41.818908,42.91941,39.61791,22.00995,18.34163,11.7272,22.8725,22.8725
3756,20.175789,41.818908,42.91941,39.61791,22.00995,18.34163,11.7272,22.8725,22.8725
3757,20.175789,41.818908,42.91941,39.61791,22.00995,18.34163,11.7272,22.8725,22.8725
3758,20.175789,41.818908,42.91941,39.61791,22.00995,18.34163,11.7272,22.8725,22.8725
3759,20.175789,41.818908,42.91941,39.61791,22.00995,18.34163,11.7272,22.8725,22.8725
3760,20.175789,41.818908,42.91941,39.61791,22.00995,18.34163,11.7272,22.8725,22.8725
3761,20.175789,41.818908,42.91941,39.61791,22.00995,18.34163,11.7272,22.8725,22.8725
3762,20.175789,41.818908,42.91941,39.61791,22.00995,18.34163,11.7272,22.8725,22.8725
3763,20.175789,41.818908,42.91941,39.61791,22.00995,18.34163,11.7272,22.8725,22.8725
3764,20.175789,41.818908,42.91941,39.61791,22.00995,18.34163,11.7272,22.8725,22.8725
3765,20.175789,41.818908,42.91941,39.61791,22.00995,18.34163,11.7272,22.8725,22.8725
3766,20.175789,41.818908,42.91941,39.61791,22.00995,18.34163,11.7272,22.8725,22.8725
3767,20.175789,41.818908,42.91941,39.61791,22.00995,18.34163,11.7272,22.8725,22.8725
3768,20.175789,41.818908,42.91941,39.61791,22.00995,18.34163,11.7272,22.8725,22.8725
3769,20.175789,41.818908,42.91941,39.61791,22.00995,18.34163,11.7272,22.8725,22.8725
3770,20.175789,41.818908,42.91941,39.61791,22.00995,18.34163,11.7272,22.8725,22.8725
3771,20.175789,41.818908,42.91941,39.61791,22.00995,18.34163,11.7272,22.8725,22.8725
3772,20.175789,41.818908,42.91941,39.61791,22.00995,18.34163,11.7272,22.8725,22.8725
3773,20.175789,41.818908,42.91941,39.61791,22.00995,18.34163,11.7272,22.8725,22.8725
3774,20.175789,41.818908,42.91941,39.61791,22.00995,18.34163,11.7272,22.8725,22.8725
3775,20.175789,41.818908,42.91941,39.61791,22.00995,18.34163,11.7272,22.8725,22.8725
3776,20.175789,41.818908,42.91941,39.61791,22.00995,18.34163,11.7272,22.8725,22.8725
3777,20.175789,41.818908,42.91941,39.61791,22.00995,18.34163,11.7272,22.8725,22.8725
3778,20.175789,41.818908,42.91941,39.61791,22.00995,18.34163,11.7272,22.8725,22.8725
3779,20.175789,41.818908,42.91941,39.61791,22.00995,18.34163,11.7272,22.8725,22.8725
3780,20.175789,41.818908,42.91941,39.61791,22.00995,18.34163,11.7272,22.8725,22.8725
3781,20.175789,41.818908,42.91941,39.61791,22.00995,18.34163,11.7272,22.8725,22.8725
3782,20.175789,41.818908,42.91941,39.61791,22.00995,18.34163,11.7272,22.8725,22.8725
3783,20.175789,41.818908,42.91941,39.61791,22.00995,18.34163,11.7272,22.8725,22.8725
3784,20.175789,41.818908,42.91941,39.61791,22.00995,18.34163,11.7272,22.8725,22.8725
3785,20.175789,41.818908,42.91941,39.61791,22.00995,18.34163,11.7272,22.8725,22.8725
3786,20.175789,41.818908,42.91941,39.61791,22.00995,18.34163,11.7272,22.8725,22.8725
3787,20.175789,41.818908,42.91941,39.61791,22.00995,18.34163,11.7272,22.8725,22.8725
3788,20.175789,41.818908,42.91941,39.61791,22.00995,18.34163,11.7272,22.8725,22.8725
3789,20.175789,41.818908,42.91941,39.61791,22.00995,18.34163,11.7272,22.8725,22.8725
3790,20.175789,41.818908,42.91941,39.61791,22.00995,18.34163,11.7272,22.8725,22.8725
3791,20.175789,41.818908,42.91941,39.61791,22.00995,18.34163,11.7272,22.8725,22.8725
3792,20.175789,41.818908,42.91941,39.61791,22.00995,18.34163,11.7272,22.8725,22.8725
3793,20.175789,41.818908,42.91941,39.61791,22.00995,18.34163,11.7272,22.8725,22.8725
3794,20.175789,41.818908,42.91941,39.61791,22.00995,18.34163,11.7272,22.8725,22.8725
3795,20.175789,41.818908,42.91941,39.61791,22.00995,18.34163,11.7272,22.8725,22.8725
3796,20.175789,41.818908,42.91941,39.61791,22.00995,18.34163,11.7272,22.8725,22.8725
3797,20.175789,41.818908,42.91941,39.61791,22.00995,18.34163,11.7272,22.8725,22.8725
3798,20.175789,41.818908,42.91941,39.61791,22.00995,18.34163,11.7272,22.8725,22.8725
3799,20.175789,41.818908,42.91941,39.61791,22.00995,18.34163,11.7272,22.8725,22.8725
3800,20.175789,41.818908,42.91941,39.61791,22.00995,18.34163,11.7272,22.8725,22.8725
3801,20.175789,41.818908,42.91941,39.61791,22.00995,18.34163,11.7272,22.8725,22.8725
3802,20.175789,41.818908,42.91941,39.61791,22.00995,18.34163,11.7272,22.8725,22.8725
3803,20.175789,41.818908,42.91941,39.61791,22.00995,18.34163,11.7272,22.8725,22.8725
3804,20.175789,41.818908,42.91941,39.61791,22.00995,18.34163,11.7272,22.8725,22.8725
3805,20.175789,41.818908,42.91941,39.61791,22.00995,18.34163,11.7272,22.8725,22.8725
3806,20.175789,41.818908,42.91941,39.61791,22.00995,18.34163,11.7272,22.8725,22.8725
3807,20.175789,41.818908,42.91941,39.61791,22.00995,18.34163,11.7272,22.8725,22.8725
3808,20.175789,41.818908,42.91941,39.61791,22.00995,18.34163,11.7272,22.8725,22.8725
3809,20.175789,41.818908,42.91941,39.61791,22.00995,18.34163,11.7272,22.8725,22.8725
3810,20.175789,41.818908,42.91941,39.61791,22.00995,18.34163,11.7272,22.8725,22.8725
3811,20.175789,41.818908,42.91941,39.61791,22.00995,18.34163,11.7272,22.8725,22.8725
3812,20.175789,41.818908,42.91941,39.61791,22.00995,18.34163,11.7272,22.8725,22.8725
3813,20.175789,41.818908,42.91941,39.61791,22.00995,18.34163,11.7272,22.8725,22.8725
3814,20.175789,41.818908,42.91941,39.61791,22.00995,18.34163,11.7272,22.8725,22.8725
3815,20.175789,41.818908,42.91941,39.61791,22.00995,18.34163,11.7272,22.8725,22.8725
3816,20.175789,41.818908,42.91941,39.61791,22.00995,18.34163,11.7272,22.8725,22.8725
3817,20.175789,41.818908,42.91941,39.61791,22.00995,18.34163,11.7272,22.8725,22.8725
3818,20.175789,41.818908,42.91941,39.61791,22.00995,18.34163,11.7272,22.8725,22.8725
3819,20.175789,41.818908,42.91941,39.61791,22.00995,18.34163,11.7272,22.8725,22.8725
3820,20.175789,41.818908,42.91941,39.61791,22.00995,18.34163,11.7272,22.8725,22.8725
3821,20.175789,41.818908,42.91941,39.61791,22.00995,18.34163,11.7272,22.8725,22.8725
3822,20.175789,41.818908,42.91941,39.61791,22.00995,18.34163,11.7272,22.8725,22.8725
3823,20.175789,41.818908,42.91941,39.61791,22.00995,18.34163,11.7272,22.8725,22.8725
3824,20.175789,41.818908,42.91941,39.61791,22.00995,18.34163,11.7272,22.8725,22.8725
3825,20.175789,41.818908,42.91941,39.61791,22.00995,18.34163,11.7272,22.8725,22.8725
3826,20.175789,41.818908,42.91941,39.61791,22.00995,18.34163,11.7272,22.8725,22.8725
3827,20.175789,41.818908,42.91941,39.61791,22.00995,18.34163,11.7272,22.8725,22.8725
3828,20.175789,41.818908,42.91941,39.61791,22.00995,18.34163,11.7272,22.8725,22.8725
3829,20.175789,41.818908,42.91941,39.61791,22.00995,18.34163,11.7272,22.8725,22.8725
3830,20.175789,41.818908,42.91941,39.61791,22.00995,18.34163,11.7272,22.8725,22.8725
3831,20.175789,41.818908,42.91941,39.61791,22.00995,18.34163,11.7272,22.8725,22.8725
3832,20.175789,41.818908,42.91941,39.61791,22.00995,18.34163,11.7272,22.8725,22.8725
3833,20.175789,41.818908,42.91941,39.61791,22.00995,18.34163,11.7272,22.8725,22.8725
3834,20.175789,41.818908,42.91941,39.61791,22.00995,18.34163,11.7272,22.8725,22.8725
3835,20.175789,41.818908,42.91941,39.61791,22.00995,18.34163,11.7272,22.8725,22.8725
3836,20.175789,41.818908,42.91941,39.61791,22.00995,18.34163,11.7272,22.8725,22.8725
3837,20.175789,41.818908,42.91941,39.61791,22.00995,18.34163,11.7272,22.8725,22.8725
3838,20.175789,41.818908,42.91941,39.61791,22.00995,18.34163,11.7272,22.8725,22.8725
3839,20.175789,41.818908,42.91941,39.61791,22.00995,18.34163,11.7272,22.8725,22.8725
3840,20.175789,41.818908,42.91941,39.61791,22.00995,18.34163,11.7272,22.8725,22.8725
3841,20.175789,41.818908,42.91941,39.61791,22.00995,18.34163,11.7272,22.8725,22.8725
3842,20.175789,41.818908,42.91941,39.61791,22.00995,18.34163,11.7272,22.8725,22.8725
3843,20.175789,41.818908,42.91941,39.61791,22.00995,18.34163,11.7272,22.8725,22.8725
3844,20.175789,41.818908,42.91941,39.61791,22.00995,18.34163,11.7272,22.8725,22.8725
3845,20.175789,41.818908,42.91941,39.61791,22.00995,18.34163,11.7272,22.8725,22.8725
3846,20.175789,41.818908,42.91941,39.61791,22.00995,18.34163,11.7272,22.8725,22.8725
3847,20.175789,41.818908,42.91941,39.61791,22.00995,18.34163,11.7272,22.8725,22.8725
3848,20.175789,41.818908,42.91941,39.61791,22.00995,18.34163,11.7272,22.8725,22.8725
3849,20.175789,41.818908,42.91941,39.61791,22.00995,18.34163,11.7272,22.8725,22.8725
3850,20.175789,41.818908,42.91941,39.61791,22.00995,18.34163,11.7272,22.8725,22.8725
3851,20.175789,41.818908,42.91941,39.61791,22.00995,18.34163,11.7272,22.8725,22.8725
3852,20.175789,41.818908,42.91941,39.61791,22.00995,18.34163,11.7272,22.8725,22.8725
3853,20.175789,41.818908,42.91941,39.61791,22.00995,18.34163,11.7272,22.8725,22.8725
3854,20.175789,41.818908,42.91941,39.61791,22.00995,18.34163,11.7272,22.8725,22.8725
3855,20.175789,41.818908,42.91941,39.61791,22.00995,18.34163,11.7272,22.8725,22.8725
3856,20.175789,41.818908,42.91941,39.61791,22.00995,18.34163,11.7272,22.8725,22.8725
3857,20.175789,41.818908,42.91941,39.61791,22.00995,18.34163,11.7272,22.8725,22.8725
3858,20.175789,41.818908,42.91941,39.61791,22.00995,18.34163,11.7272,22.8725,22.8725
3859,20.175789,41.818908,42.91941,39.61791,22.00995,18.34163,11.7272,22.8725,22.8725
3860,20.175789,41.818908,42.91941,39.61791,22.00995,18.34163,11.7272,22.8725,22.8725
3861,20.175789,41.818908,42.91941,39.61791,22.00995,18.34163,11.7272,22.8725,22.8725
3862,20.175789,41.818908,42.91941,39.61791,22.00995,18.34163,11.7272,22.8725,22.8725
3863,20.175789,41.818908,42.91941,39.61791,22.00995,18.34163,11.7272,22.8725,22.8725
3864,20.175789,41.818908,42.91941,39.61791,22.00995,18.34163,11.7272,22.8725,22.8725
3865,20.175789,41.818908,42.91941,39.61791,22.00995,18.34163,11.7272,22.8725,22.8725
3866,20.175789,41.818908,42.91941,39.61791,22.00995,18.34163,11.7272,22.8725,22.8725
3867,20.175789,41.818908,42.91941,39.61791,22.00995,18.34163,11.7272,22.8725,22.8725
3868,20.175789,41.818908,42.91941,39.61791,22.00995,18.34163,11.7272,22.8725,22.8725
3869,20.175789,41.818908,42.91941,39.61791,22.00995,18.34163,11.7272,22.8725,22.8725
3870,20.175789,41.818908,42.91941,39.61791,22.00995,18.34163,11.7272,22.8725,22.8725
3871,20.175789,41.818908,42.91941,39.61791,22.00995,18.34163,11.7272,22.8725,22.8725
3872,20.175789,41.818908,42.91941,39.61791,22.00995,18.34163,11.7272,22.8725,22.8725
3873,20.175789,41.818908,42.91941,39.61791,22.00995,18.34163,11.7272,22.8725,22.8725
3874,20.175789,41.818908,42.91941,39.61791,22.00995,18.34163,11.7272,22.8725,22.8725
3875,20.175789,41.818908,42.91941,39.61791,22.00995,18.34163,11.7272,22.8725,22.8725
3876,20.175789,41.818908,42.91941,39.61791,22.00995,18.34163,11.7272,22.8725,22.8725
3877,20.175789,41.818908,42.91941,39.61791,22.00995,18.34163,11.7272,22.8725,22.8725
3878,20.175789,41.818908,42.91941,39.61791,22.00995,18.34163,11.7272,22.8725,22.8725
3879,20.175789,41.818908,42.91941,39.61791,22.00995,18.34163,11.7272,22.8725,22.8725
3880,20.175789,41.818908,42.91941,39.61791,22.00995,18.34163,11.7272,22.8725,22.8725
3881,20.175789,41.818908,42.91941,39.61791,22.00995,18.34163,11.7272,22.8725,22.8725
3882,20.175789,41.818908,42.91941,39.61791,22.00995,18.34163,11.7272,22.8725,22.8725
3883,20.175789,41.818908,42.91941,39.61791,22.00995,18.34163,11.7272,22.8725,22.8725
3884,20.175789,41.818908,42.91941,39.61791,22.00995,18.34163,11.7272,22.8725,22.8725
3885,20.175789,41.818908,42.91941,39.61791,22.00995,18.34163,11.7272,22.8725,22.8725
3886,20.175789,41.818908,42.91941,39.61791,22.00995,18.34163,11.7272,22.8725,22.8725
3887,20.175789,41.818908,42.91941,39.61791,22.00995,18.34163,11.7272,22.8725,22.8725
3888,20.175789,41.818908,42.91941,39.61791,22.00995,18.34163,11.7272,22.8725,22.8725
3889,20.175789,41.818908,42.91941,39.61791,22.00995,18.34163,11.7272,22.8725,22.8725
3890,20.175789,41.818908,42.91941,39.61791,22.00995,18.34163,11.7272,22.8725,22.8725
3891,20.175789,41.818908,42.91941,39.61791,22.00995,18.34163,11.7272,22.8725,22.8725
3892,20.175789,41.818908,42.91941,39.61791,22.00995,18.34163,11.7272,22.8725,22.8725
3893,20.175789,41.818908,42.91941,39.61791,22.00995,18.34163,11.7272,22.8725,22.8725
3894,20.175789,41.818908,42.91941,39.61791,22.00995,18.34163,11.7272,22.8725,22.8725
3895,20.175789,41.818908,42.91941,39.61791,22.00995,18.34163,11.7272,22.8725,22.8725
3896,20.175789,41.818908,42.91941,39.61791,22.00995,18.34163,11.7272,22.8725,22.8725
3897,20.175789,41.818908,42.91941,39.61791,22.00995,18.34163,11.7272,22.8725,22.8725
3898,20.175789,41.818908,42.91941,39.61791,22.00995,18.34163,11.7272,22.8725,22.8725
3899,20.175789,41.818908,42.91941,39.61791,22.00995,18.34163,11.7272,22.8725,22.8725
3900,20.175789,41.818908,42.91941,39.61791,22.00995,18.34163,11.7272,22.8725,22.8725
3901,20.175789,41.818908,42.91941,39.61791,22.00995,18.34163,11.7272,22.8725,22.8725
3902,20.175789,41.818908,42.91941,39.61791,22.00995,18.34163,11.7272,22.8725,22.8725
3903,20.175789,41.818908,42.91941,39.61791,22.00995,18.34163,11.7272,22.8725,22.8725
3904,20.175789,41.818908,42.91941,39.61791,22.00995,18.34163,11.7272,22.8725,22.8725
3905,20.175789,41.818908,42.91941,39.61791,22.00995,18.34163,11.7272,22.8725,22.8725
3906,20.175789,41.818908,42.91941,39.61791,22.00995,18.34163,11.7272,22.8725,22.8725
3907,20.175789,41.818908,42.91941,39.61791,22.00995,18.34163,11.7272,22.8725,22.8725
3908,20.175789,41.818908,42.91941,39.61791,22.00995,18.34163,11.7272,22.8725,22.8725
3909,20.175789,41.818908,42.91941,39.61791,22.00995,18.34163,11.7272,22.8725,22.8725
3910,20.175789,41.818908,42.91941,39.61791,22.00995,18.34163,11.7272,22.8725,22.8725
3911,20.175789,41.818908,42.91941,39.61791,22.00995,18.34163,11.7272,22.8725,22.8725
3912,20.175789,41.818908,42.91941,39.61791,22.00995,18.34163,11.7272,22.8725,22.8725
3913,20.175789,41.818908,42.91941,39.61791,22.00995,18.34163,11.7272,22.8725,22.8725
3914,20.175789,41.818908,42.91941,39.61791,22.00995,18.34163,11.7272,22.8725,22.8725
3915,20.175789,41.818908,42.91941,39.61791,22.00995,18.34163,11.7272,22.8725,22.8725
3916,20.175789,41.818908,42.91941,39.61791,22.00995,18.34163,11.7272,22.8725,22.8725
3917,20.175789,41.818908,42.91941,39.61791,22.00995,18.34163,11.7272,22.8725,22.8725
3918,20.175789,41.818908,42.91941,39.61791,22.00995,18.34163,11.7272,22.8725,22.8725
3919,20.175789,41.818908,42.91941,39.61791,22.00995,18.34163,11.7272,22.8725,22.8725
3920,20.175789,41.818908,42.91941,39.61791,22.00995,18.34163,11.7272,22.8725,22.8725
3921,20.175789,41.818908,42.91941,39.61791,22.00995,18.34163,11.7272,22.8725,22.8725
3922,20.175789,41.818908,42.91941,39.61791,22.00995,18.34163,11.7272,22.8725,22.8725
3923,20.175789,41.818908,42.91941,39.61791,22.00995,18.34163,11.7272,22.8725,22.8725
3924,20.175789,41.818908,42.91941,39.61791,22.00995,18.34163,11.7272,22.8725,22.8725
3925,20.175789,41.818908,42.91941,39.61791,22.00995,18.34163,11.7272,22.8725,22.8725
3926,20.175789,41.818908,42.91941,39.61791,22.00995,18.34163,11.7272,22.8725,22.8725
3927,20.175789,41.818908,42.91941,39.61791,22.00995,18.34163,11.7272,22.8725,22.8725
3928,20.175789,41.818908,42.91941,39.61791,22.00995,18.34163,11.7272,22.8725,22.8725
3929,20.175789,41.818908,42.91941,39.61791,22.00995,18.34163,11.7272,22.8725,22.8725
3930,20.175789,41.818908,42.91941,39.61791,22.00995,18.34163,11.7272,22.8725,22.8725
3931,20.175789,41.818908,42.91941,39.61791,22.00995,18.34163,11.7272,22.8725,22.8725
3932,20.175789,41.818908,42.91941,39.61791,22.00995,18.34163,11.7272,22.8725,22.8725
3933,20.175789,41.818908,42.91941,39.61791,22.00995,18.34163,11.7272,22.8725,22.8725
3934,20.175789,41.818908,42.91941,39.61791,22.00995,18.34163,11.7272,22.8725,22.8725
3935,20.175789,41.818908,42.91941,39.61791,22.00995,18.34163,11.7272,22.8725,22.8725
3936,20.175789,41.818908,42.91941,39.61791,22.00995,18.34163,11.7272,22.8725,22.8725
3937,20.175789,41.818908,42.91941,39.61791,22.00995,18.34163,11.7272,22.8725,22.8725
3938,20.175789,41.818908,42.91941,39.61791,22.00995,18.34163,11.7272,22.8725,22.8725
3939,20.175789,41.818908,42.91941,39.61791,22.00995,18.34163,11.7272,22.8725,22.8725
3940,20.175789,41.818908,42.91941,39.61791,22.00995,18.34163,11.7272,22.8725,22.8725
3941,20.175789,41.818908,42.91941,39.61791,22.00995,18.34163,11.7272,22.8725,22.8725
3942,20.175789,41.818908,42.91941,39.61791,22.00995,18.34163,11.7272,22.8725,22.8725
3943,20.175789,41.818908,42.91941,39.61791,22.00995,18.34163,11.7272,22.8725,22.8725
3944,20.175789,41.818908,42.91941,39.61791,22.00995,18.34163,11.7272,22.8725,22.8725
3945,20.175789,41.818908,42.91941,39.61791,22.00995,18.34163,11.7272,22.8725,22.8725
3946,20.175789,41.818908,42.91941,39.61791,22.00995,18.34163,11.7272,22.8725,22.8725
3947,20.175789,41.818908,42.91941,39.61791,22.00995,18.34163,11.7272,22.8725,22.8725
3948,20.175789,41.818908,42.91941,39.61791,22.00995,18.34163,11.7272,22.8725,22.8725
3949,20.175789,41.818908,42.91941,39.61791,22.00995,18.34163,11.7272,22.8725,22.8725
3950,20.175789,41.818908,42.91941,39.61791,22.00995,18.34163,11.7272,22.8725,22.8725
3951,20.175789,41.818908,42.91941,39.61791,22.00995,18.34163,11.7272,22.8725,22.8725
3952,20.175789,41.818908,42.91941,39.61791,22.00995,18.34163,11.7272,22.8725,22.8725
3953,20.175789,41.818908,42.91941,39.61791,22.00995,18.34163,11.7272,22.8725,22.8725
3954,20.175789,41.818908,42.91941,39.61791,22.00995,18.34163,11.7272,22.8725,22.8725
3955,20.175789,41.818908,42.91941,39.61791,22.00995,18.34163,11.7272,22.8725,22.8725
3956,20.175789,41.818908,42.91941,39.61791,22.00995,18.34163,11.7272,22.8725,22.8725
3957,20.175789,41.818908,42.91941,39.61791,22.00995,18.34163,11.7272,22.8725,22.8725
3958,20.175789,41.818908,42.91941,39.61791,22.00995,18.34163,11.7272,22.8725,22.8725
3959,20.175789,41.818908,42.91941,39.61791,22.00995,18.34163,11.7272,22.8725,22.8725
3960,20.175789,41.818908,42.91941,39.61791,22.00995,18.34163,11.7272,22.8725,22.8725
3961,20.175789,41.818908,42.91941,39.61791,22.00995,18.34163,11.7272,22.8725,22.8725
3962,20.175789,41.818908,42.91941,39.61791,22.00995,18.34163,11.7272,22.8725,22.8725
3963,20.175789,41.818908,42.91941,39.61791,22.00995,18.34163,11.7272,22.8725,22.8725
3964,20.175789,41.818908,42.91941,39.61791,22.00995,18.34163,11.7272,22.8725,22.8725
3965,20.175789,41.818908,42.91941,39.61791,22.00995,18.34163,11.7272,22.8725,22.8725
3966,20.175789,41.818908,42.91941,39.61791,22.00995,18.34163,11.7272,22.8725,22.8725
3967,20.175789,41.818908,42.91941,39.61791,22.00995,18.34163,11.7272,22.8725,22.8725
3968,20.175789,41.818908,42.91941,39.61791,22.00995,18.34163,11.7272,22.8725,22.8725
3969,20.175789,41.818908,42.91941,39.61791,22.00995,18.34163,11.7272,22.8725,22.8725
3970,20.175789,41.818908,42.91941,39.61791,22.00995,18.34163,11.7272,22.8725,22.8725
3971,20.175789,41.818908,42.91941,39.61791,22.00995,18.34163,11.7272,22.8725,22.8725
3972,20.175789,41.818908,42.91941,39.61791,22.00995,18.34163,11.7272,22.8725,22.8725
3973,20.175789,41.818908,42.91941,39.61791,22.00995,18.34163,11.7272,22.8725,22.8725
3974,20.175789,41.818908,42.91941,39.61791,22.00995,18.34163,11.7272,22.8725,22.8725
3975,20.175789,41.818908,42.91941,39.61791,22.00995,18.34163,11.7272,22.8725,22.8725
3976,20.175789,41.818908,42.91941,39.61791,22.00995,18.34163,11.7272,22.8725,22.8725
3977,20.175789,41.818908,42.91941,39.61791,22.00995,18.34163,11.7272,22.8725,22.8725
3978,20.175789,41.818908,42.91941,39.61791,22.00995,18.34163,11.7272,22.8725,22.8725
3979,20.175789,41.818908,42.91941,39.61791,22.00995,18.34163,11.7272,22.8725,22.8725
3980,20.175789,41.818908,42.91941,39.61791,22.00995,18.34163,11.7272,22.8725,22.8725
3981,20.175789,41.818908,42.91941,39.61791,22.00995,18.34163,11.7272,22.8725,22.8725
3982,20.175789,41.818908,42.91941,39.61791,22.00995,18.34163,11.7272,22.8725,22.8725
3983,20.175789,41.818908,42.91941,39.61791,22.00995,18.34163,11.7272,22.8725,22.8725
3984,20.175789,41.818908,42.91941,39.61791,22.00995,18.34163,11.7272,22.8725,22.8725
3985,20.175789,41.818908,42.91941,39.61791,22.00995,18.34163,11.7272,22.8725,22.8725
3986,20.175789,41.818908,42.91941,39.61791,22.00995,18.34163,11.7272,22.8725,22.8725
3987,20.175789,41.818908,42.91941,39.61791,22.00995,18.34163,11.7272,22.8725,22.8725
3988,20.175789,41.818908,42.91941,39.61791,22.00995,18.34163,11.7272,22.8725,22.8725
3989,20.175789,41.818908,42.91941,39.61791,22.00995,18.34163,11.7272,22.8725,22.8725
3990,20.175789,41.818908,42.91941,39.61791,22.00995,18.34163,11.7272,22.8725,22.8725
3991,20.175789,41.818908,42.91941,39.61791,22.00995,18.34163,11.7272,22.8725,22.8725
3992,20.175789,41.818908,42.91941,39.61791,22.00995,18.34163,11.7272,22.8725,22.8725
3993,20.175789,41.818908,42.91941,39.61791,22.00995,18.34163,11.7272,22.8725,22.8725
3994,20.175789,41.818908,42.91941,39.61791,22.00995,18.34163,11.7272,22.8725,22.8725
3995,20.175789,41.818908,42.91941,39.61791,22.00995,18.34163,11.7272,22.8725,22.8725
3996,20.175789,41.818908,42.91941,39.61791,22.00995,18.34163,11.7272,22.8725,22.8725
3997,20.175789,41.818908,42.91941,39.61791,22.00995,18.34163,11.7272,22.8725,22.8725
3998,20.175789,41.818908,42.91941,39.61791,22.00995,18.34163,11.7272,22.8725,22.8725
3999,20.175789,41.818908,42.91941,39.61791,22.00995,18.34163,11.7272,22.8725,22.8725
4000,20.175789,41.818908,42.91941,39.61791,22.00995,18.34163,11.7272,22.8725,22.8725
4001,20.175789,41.818908,42.91941,39.61791,22.00995,18.34163,11.7272,22.8725,22.8725
4002,20.175789,41.818908,42.91941,39.61791,22.00995,18.34163,11.7272,22.8725,22.8725
4003,20.175789,41.818908,42.91941,39.61791,22.00995,18.34163,11.7272,22.8725,22.8725
4004,20.175789,41.818908,42.91941,39.61791,22.00995,18.34163,11.7272,22.8725,22.8725
4005,20.175789,41.818908,42.91941,39.61791,22.00995,18.34163,11.7272,22.8725,22.8725
4006,20.175789,41.818908,42.91941,39.61791,22.00995,18.34163,11.7272,22.8725,22.8725
4007,20.175789,41.818908,42.91941,39.61791,22.00995,18.34163,11.7272,22.8725,22.8725
4008,20.175789,41.818908,42.91941,39.61791,22.00995,18.34163,11.7272,22.8725,22.8725
4009,20.175789,41.818908,42.91941,39.61791,22.00995,18.34163,11.7272,22.8725,22.8725
4010,20.175789,41.818908,42.91941,39.61791,22.00995,18.34163,11.7272,22.8725,22.8725
4011,20.175789,41.818908,42.91941,39.61791,22.00995,18.34163,11.7272,22.8725,22.8725
4012,20.175789,41.818908,42.91941,39.61791,22.00995,18.34163,11.7272,22.8725,22.8725
4013,20.175789,41.818908,42.91941,39.61791,22.00995,18.34163,11.7272,22.8725,22.8725
4014,20.175789,41.818908,42.91941,39.61791,22.00995,18.34163,11.7272,22.8725,22.8725
4015,20.175789,41.818908,42.91941,39.61791,22.00995,18.34163,11.7272,22.8725,22.8725
4016,20.175789,41.818908,42.91941,39.61791,22.00995,18.34163,11.7272,22.8725,22.8725
4017,20.175789,41.818908,42.91941,39.61791,22.00995,18.34163,11.7272,22.8725,22.8725
4018,20.175789,41.818908,42.91941,39.61791,22.00995,18.34163,11.7272,22.8725,22.8725
4019,20.175789,41.818908,42.91941,39.61791,22.00995,18.34163,11.7272,22.8725,22.8725
4020,20.175789,41.818908,42.91941,39.61791,22.00995,18.34163,11.7272,22.8725,22.8725
4021,20.175789,41.818908,42.91941,39.61791,22.00995,18.34163,11.7272,22.8725,22.8725
4022,20.175789,41.818908,42.91941,39.61791,22.00995,18.34163,11.7272,22.8725,22.8725
4023,20.175789,41.818908,42.91941,39.61791,22.00995,18.34163,11.7272,22.8725,22.8725
4024,20.175789,41.818908,42.91941,39.61791,22.00995,18.34163,11.7272,22.8725,22.8725
4025,20.175789,41.818908,42.91941,39.61791,22.00995,18.34163,11.7272,22.8725,22.8725
4026,20.175789,41.818908,42.91941,39.61791,22.00995,18.34163,11.7272,22.8725,22.8725
4027,20.175789,41.818908,42.91941,39.61791,22.00995,18.34163,11.7272,22.8725,22.8725
4028,20.175789,41.818908,42.91941,39.61791,22.00995,18.34163,11.7272,22.8725,22.8725
4029,20.175789,41.818908,42.91941,39.61791,22.00995,18.34163,11.7272,22.8725,22.8725
4030,20.175789,41.818908,42.91941,39.61791,22.00995,18.34163,11.7272,22.8725,22.8725
4031,20.175789,41.818908,42.91941,39.61791,22.00995,18.34163,11.7272,22.8725,22.8725
4032,20.175789,41.818908,42.91941,39.61791,22.00995,18.34163,11.7272,22.8725,22.8725
4033,20.175789,41.818908,42.91941,39.61791,22.00995,18.34163,11.7272,22.8725,22.8725
4034,20.175789,41.818908,42.91941,39.61791,22.00995,18.34163,11.7272,22.8725,22.8725
4035,20.175789,41.818908,42.91941,39.61791,22.00995,18.34163,11.7272,22.8725,22.8725
4036,20.175789,41.818908,42.91941,39.61791,22.00995,18.34163,11.7272,22.8725,22.8725
4037,20.175789,41.818908,42.91941,39.61791,22.00995,18.34163,11.7272,22.8725,22.8725
4038,20.175789,41.818908,42.91941,39.61791,22.00995,18.34163,11.7272,22.8725,22.8725
4039,20.175789,41.818908,42.91941,39.61791,22.00995,18.34163,11.7272,22.8725,22.8725
4040,20.175789,41.818908,42.91941,39.61791,22.00995,18.34163,11.7272,22.8725,22.8725
4041,20.175789,41.818908,42.91941,39.61791,22.00995,18.34163,11.7272,22.8725,22.8725
4042,20.175789,41.818908,42.91941,39.61791,22.00995,18.34163,11.7272,22.8725,22.8725
4043,20.175789,41.818908,42.91941,39.61791,22.00995,18.34163,11.7272,22.8725,22.8725
4044,20.175789,41.818908,42.91941,39.61791,22.00995,18.34163,11.7272,22.8725,22.8725
4045,20.175789,41.818908,42.91941,39.61791,22.00995,18.34163,11.7272,22.8725,22.8725
4046,20.175789,41.818908,42.91941,39.61791,22.00995,18.34163,11.7272,22.8725,22.8725
4047,20.175789,41.818908,42.91941,39.61791,22.00995,18.34163,11.7272,22.8725,22.8725
4048,20.175789,41.818908,42.91941,39.61791,22.00995,18.34163,11.7272,22.8725,22.8725
4049,20.175789,41.818908,42.91941,39.61791,22.00995,18.34163,11.7272,22.8725,22.8725
4050,20.175789,41.818908,42.91941,39.61791,22.00995,18.34163,11.7272,22.8725,22.8725
4051,20.175789,41.818908,42.91941,39.61791,22.00995,18.34163,11.7272,22.8725,22.8725
4052,20.175789,41.818908,42.91941,39.61791,22.00995,18.34163,11.7272,22.8725,22.8725
4053,20.175789,41.818908,42.91941,39.61791,22.00995,18.34163,11.7272,22.8725,22.8725
4054,20.175789,41.818908,42.91941,39.61791,22.00995,18.34163,11.7272,22.8725,22.8725
4055,20.175789,41.818908,42.91941,39.61791,22.00995,18.34163,11.7272,22.8725,22.8725
4056,20.175789,41.818908,42.91941,39.61791,22.00995,18.34163,11.7272,22.8725,22.8725
4057,20.175789,41.818908,42.91941,39.61791,22.00995,18.34163,11.7272,22.8725,22.8725
4058,20.175789,41.818908,42.91941,39.61791,22.00995,18.34163,11.7272,22.8725,22.8725
4059,20.175789,41.818908,42.91941,39.61791,22.00995,18.34163,11.7272,22.8725,22.8725
4060,20.175789,41.818908,42.91941,39.61791,22.00995,18.34163,11.7272,22.8725,22.8725
4061,20.175789,41.818908,42.91941,39.61791,22.00995,18.34163,11.7272,22.8725,22.8725
4062,20.175789,41.818908,42.91941,39.61791,22.00995,18.34163,11.7272,22.8725,22.8725
4063,20.175789,41.818908,42.91941,39.61791,22.00995,18.34163,11.7272,22.8725,22.8725
4064,20.175789,41.818908,42.91941,39.61791,22.00995,18.34163,11.7272,22.8725,22.8725
4065,20.175789,41.818908,42.91941,39.61791,22.00995,18.34163,11.7272,22.8725,22.8725
4066,20.175789,41.818908,42.91941,39.61791,22.00995,18.34163,11.7272,22.8725,22.8725
4067,20.175789,41.818908,42.91941,39.61791,22.00995,18.34163,11.7272,22.8725,22.8725
4068,20.175789,41.818908,42.91941,39.61791,22.00995,18.34163,11.7272,22.8725,22.8725
4069,20.175789,41.818908,42.91941,39.61791,22.00995,18.34163,11.7272,22.8725,22.8725
4070,20.175789,41.818908,42.91941,39.61791,22.00995,18.34163,11.7272,22.8725,22.8725
4071,20.175789,41.818908,42.91941,39.61791,22.00995,18.34163,11.7272,22.8725,22.8725
4072,20.175789,41.818908,42.91941,39.61791,22.00995,18.34163,11.7272,22.8725,22.8725
4073,20.175789,41.818908,42.91941,39.61791,22.00995,18.34163,11.7272,22.8725,22.8725
4074,20.175789,41.818908,42.91941,39.61791,22.00995,18.34163,11.7272,22.8725,22.8725
4075,20.175789,41.818908,42.91941,39.61791,22.00995,18.34163,11.7272,22.8725,22.8725
4076,20.175789,41.818908,42.91941,39.61791,22.00995,18.34163,11.7272,22.8725,22.8725
4077,20.175789,41.818908,42.91941,39.61791,22.00995,18.34163,11.7272,22.8725,22.8725
4078,20.175789,41.818908,42.91941,39.61791,22.00995,18.34163,11.7272,22.8725,22.8725
4079,20.175789,41.818908,42.91941,39.61791,22.00995,18.34163,11.7272,22.8725,22.8725
4080,20.175789,41.818908,42.91941,39.61791,22.00995,18.34163,11.7272,22.8725,22.8725
4081,20.175789,41.818908,42.91941,39.61791,22.00995,18.34163,11.7272,22.8725,22.8725
4082,20.175789,41.818908,42.91941,39.61791,22.00995,18.34163,11.7272,22.8725,22.8725
4083,20.175789,41.818908,42.91941,39.61791,22.00995,18.34163,11.7272,22.8725,22.8725
4084,20.175789,41.818908,42.91941,39.61791,22.00995,18.34163,11.7272,22.8725,22.8725
4085,20.175789,41.818908,42.91941,39.61791,22.00995,18.34163,11.7272,22.8725,22.8725
4086,20.175789,41.818908,42.91941,39.61791,22.00995,18.34163,11.7272,22.8725,22.8725
4087,20.175789,41.818908,42.91941,39.61791,22.00995,18.34163,11.7272,22.8725,22.8725
4088,20.175789,41.818908,42.91941,39.61791,22.00995,18.34163,11.7272,22.8725,22.8725
4089,20.175789,41.818908,42.91941,39.61791,22.00995,18.34163,11.7272,22.8725,22.8725
4090,20.175789,41.818908,42.91941,39.61791,22.00995,18.34163,11.7272,22.8725,22.8725
4091,20.175789,41.818908,42.91941,39.61791,22.00995,18.34163,11.7272,22.8725,22.8725
4092,20.175789,41.818908,42.91941,39.61791,22.00995,18.34163,11.7272,22.8725,22.8725
4093,20.175789,41.818908,42.91941,39.61791,22.00995,18.34163,11.7272,22.8725,22.8725
4094,20.175789,41.818908,42.91941,39.61791,22.00995,18.34163,11.7272,22.8725,22.8725
4095,20.175789,41.818908,42.91941,39.61791,22.00995,18.34163,11.7272,22.8725,22.8725
4096,20.175789,41.818908,42.91941,39.61791,22.00995,18.34163,11.7272,22.8725,22.8725
4097,20.175789,41.818908,42.91941,39.61791,22.00995,18.34163,11.7272,22.8725,22.8725
4098,20.175789,41.818908,42.91941,39.61791,22.00995,18.34163,11.7272,22.8725,22.8725
4099,20.175789,41.818908,42.91941,39.61791,22.00995,18.34163,11.7272,22.8725,22.8725
4100,20.175789,41.818908,42.91941,39.61791,22.00995,18.34163,11.7272,22.8725,22.8725
4101,20.175789,41.818908,42.91941,39.61791,22.00995,18.34163,11.7272,22.8725,22.8725
4102,20.175789,41.818908,42.91941,39.61791,22.00995,18.34163,11.7272,22.8725,22.8725
4103,20.175789,41.818908,42.91941,39.61791,22.00995,18.34163,11.7272,22.8725,22.8725
4104,20.175789,41.818908,42.91941,39.61791,22.00995,18.34163,11.7272,22.8725,22.8725
4105,20.175789,41.818908,42.91941,39.61791,22.00995,18.34163,11.7272,22.8725,22.8725
4106,20.175789,41.818908,42.91941,39.61791,22.00995,18.34163,11.7272,22.8725,22.8725
4107,20.175789,41.818908,42.91941,39.61791,22.00995,18.34163,11.7272,22.8725,22.8725
4108,20.175789,41.818908,42.91941,39.61791,22.00995,18.34163,11.7272,22.8725,22.8725
4109,20.175789,41.818908,42.91941,39.61791,22.00995,18.34163,11.7272,22.8725,22.8725
4110,20.175789,41.818908,42.91941,39.61791,22.00995,18.34163,11.7272,22.8725,22.8725
4111,20.175789,41.818908,42.91941,39.61791,22.00995,18.34163,11.7272,22.8725,22.8725
4112,20.175789,41.818908,42.91941,39.61791,22.00995,18.34163,11.7272,22.8725,22.8725
4113,20.175789,41.818908,42.91941,39.61791,22.00995,18.34163,11.7272,22.8725,22.8725
4114,20.175789,41.818908,42.91941,39.61791,22.00995,18.34163,11.7272,22.8725,22.8725
4115,20.175789,41.818908,42.91941,39.61791,22.00995,18.34163,11.7272,22.8725,22.8725
4116,20.175789,41.818908,42.91941,39.61791,22.00995,18.34163,11.7272,22.8725,22.8725
4117,20.175789,41.818908,42.91941,39.61791,22.00995,18.34163,11.7272,22.8725,22.8725
4118,20.175789,41.818908,42.91941,39.61791,22.00995,18.34163,11.7272,22.8725,22.8725
4119,20.175789,41.818908,42.91941,39.61791,22.00995,18.34163,11.7272,22.8725,22.8725
4120,20.175789,41.818908,42.91941,39.61791,22.00995,18.34163,11.7272,22.8725,22.8725
4121,20.175789,41.818908,42.91941,39.61791,22.00995,18.34163,11.7272,22.8725,22.8725
4122,20.175789,41.818908,42.91941,39.61791,22.00995,18.34163,11.7272,22.8725,22.8725
4123,20.175789,41.818908,42.91941,39.61791,22.00995,18.34163,11.7272,22.8725,22.8725
4124,20.175789,41.818908,42.91941,39.61791,22.00995,18.34163,11.7272,22.8725,22.8725
4125,20.175789,41.818908,42.91941,39.61791,22.00995,18.34163,11.7272,22.8725,22.8725
4126,20.175789,41.818908,42.91941,39.61791,22.00995,18.34163,11.7272,22.8725,22.8725
4127,20.175789,41.818908,42.91941,39.61791,22.00995,18.34163,11.7272,22.8725,22.8725
4128,20.175789,41.818908,42.91941,39.61791,22.00995,18.34163,11.7272,22.8725,22.8725
4129,20.175789,41.818908,42.91941,39.61791,22.00995,18.34163,11.7272,22.8725,22.8725
4130,20.175789,41.818908,42.91941,39.61791,22.00995,18.34163,11.7272,22.8725,22.8725
4131,20.175789,41.818908,42.91941,39.61791,22.00995,18.34163,11.7272,22.8725,22.8725
4132,20.175789,41.818908,42.91941,39.61791,22.00995,18.34163,11.7272,22.8725,22.8725
4133,20.175789,41.818908,42.91941,39.61791,22.00995,18.34163,11.7272,22.8725,22.8725
4134,20.175789,41.818908,42.91941,39.61791,22.00995,18.34163,11.7272,22.8725,22.8725
4135,20.175789,41.818908,42.91941,39.61791,22.00995,18.34163,11.7272,22.8725,22.8725
4136,20.175789,41.818908,42.91941,39.61791,22.00995,18.34163,11.7272,22.8725,22.8725
4137,20.175789,41.818908,42.91941,39.61791,22.00995,18.34163,11.7272,22.8725,22.8725
4138,20.175789,41.818908,42.91941,39.61791,22.00995,18.34163,11.7272,22.8725,22.8725
4139,20.175789,41.818908,42.91941,39.61791,22.00995,18.34163,11.7272,22.8725,22.8725
4140,20.175789,41.818908,42.91941,39.61791,22.00995,18.34163,11.7272,22.8725,22.8725
4141,20.175789,41.818908,42.91941,39.61791,22.00995,18.34163,11.7272,22.8725,22.8725
4142,20.175789,41.818908,42.91941,39.61791,22.00995,18.34163,11.7272,22.8725,22.8725
4143,20.175789,41.818908,42.91941,39.61791,22.00995,18.34163,11.7272,22.8725,22.8725
4144,20.175789,41.818908,42.91941,39.61791,22.00995,18.34163,11.7272,22.8725,22.8725
4145,20.175789,41.818908,42.91941,39.61791,22.00995,18.34163,11.7272,22.8725,22.8725
4146,20.175789,41.818908,42.91941,39.61791,22.00995,18.34163,11.7272,22.8725,22.8725
4147,20.175789,41.818908,42.91941,39.61791,22.00995,18.34163,11.7272,22.8725,22.8725
4148,20.175789,41.818908,42.91941,39.61791,22.00995,18.34163,11.7272,22.8725,22.8725
4149,20.175789,41.818908,42.91941,39.61791,22.00995,18.34163,11.7272,22.8725,22.8725
4150,20.175789,41.818908,42.91941,39.61791,22.00995,18.34163,11.7272,22.8725,22.8725
4151,20.175789,41.818908,42.91941,39.61791,22.00995,18.34163,11.7272,22.8725,22.8725
4152,20.175789,41.818908,42.91941,39.61791,22.00995,18.34163,11.7272,22.8725,22.8725
4153,20.175789,41.818908,42.91941,39.61791,22.00995,18.34163,11.7272,22.8725,22.8725
4154,20.175789,41.818908,42.91941,39.61791,22.00995,18.34163,11.7272,22.8725,22.8725
4155,20.175789,41.818908,42.91941,39.61791,22.00995,18.34163,11.7272,22.8725,22.8725
4156,20.175789,41.818908,42.91941,39.61791,22.00995,18.34163,11.7272,22.8725,22.8725
4157,20.175789,41.818908,42.91941,39.61791,22.00995,18.34163,11.7272,22.8725,22.8725
4158,20.175789,41.818908,42.91941,39.61791,22.00995,18.34163,11.7272,22.8725,22.8725
4159,20.175789,41.818908,42.91941,39.61791,22.00995,18.34163,11.7272,22.8725,22.8725
4160,20.175789,41.818908,42.91941,39.61791,22.00995,18.34163,11.7272,22.8725,22.8725
4161,20.175789,41.818908,42.91941,39.61791,22.00995,18.34163,11.7272,22.8725,22.8725
4162,20.175789,41.818908,42.91941,39.61791,22.00995,18.34163,11.7272,22.8725,22.8725
4163,20.175789,41.818908,42.91941,39.61791,22.00995,18.34163,11.7272,22.8725,22.8725
4164,20.175789,41.818908,42.91941,39.61791,22.00995,18.34163,11.7272,22.8725,22.8725
4165,20.175789,41.818908,42.91941,39.61791,22.00995,18.34163,11.7272,22.8725,22.8725
4166,20.175789,41.818908,42.91941,39.61791,22.00995,18.34163,11.7272,22.8725,22.8725
4167,20.175789,41.818908,42.91941,39.61791,22.00995,18.34163,11.7272,22.8725,22.8725
4168,20.175789,41.818908,42.91941,39.61791,22.00995,18.34163,11.7272,22.8725,22.8725
4169,20.175789,41.818908,42.91941,39.61791,22.00995,18.34163,11.7272,22.8725,22.8725
4170,20.175789,41.818908,42.91941,39.61791,22.00995,18.34163,11.7272,22.8725,22.8725
4171,20.175789,41.818908,42.91941,39.61791,22.00995,18.34163,11.7272,22.8725,22.8725
4172,20.175789,41.818908,42.91941,39.61791,22.00995,18.34163,11.7272,22.8725,22.8725
4173,20.175789,41.818908,42.91941,39.61791,22.00995,18.34163,11.7272,22.8725,22.8725
4174,20.175789,41.818908,42.91941,39.61791,22.00995,18.34163,11.7272,22.8725,22.8725
4175,20.175789,41.818908,42.91941,39.61791,22.00995,18.34163,11.7272,22.8725,22.8725
4176,20.175789,41.818908,42.91941,39.61791,22.00995,18.34163,11.7272,22.8725,22.8725
4177,20.175789,41.818908,42.91941,39.61791,22.00995,18.34163,11.7272,22.8725,22.8725
4178,20.175789,41.818908,42.91941,39.61791,22.00995,18.34163,11.7272,22.8725,22.8725
4179,20.175789,41.818908,42.91941,39.61791,22.00995,18.34163,11.7272,22.8725,22.8725
4180,20.175789,41.818908,42.91941,39.61791,22.00995,18.34163,11.7272,22.8725,22.8725
4181,20.175789,41.818908,42.91941,39.61791,22.00995,18.34163,11.7272,22.8725,22.8725
4182,20.175789,41.818908,42.91941,39.61791,22.00995,18.34163,11.7272,22.8725,22.8725
4183,20.175789,41.818908,42.91941,39.61791,22.00995,18.34163,11.7272,22.8725,22.8725
4184,20.175789,41.818908,42.91941,39.61791,22.00995,18.34163,11.7272,22.8725,22.8725
4185,20.175789,41.818908,42.91941,39.61791,22.00995,18.34163,11.7272,22.8725,22.8725
4186,20.175789,41.818908,42.91941,39.61791,22.00995,18.34163,11.7272,22.8725,22.8725
4187,20.175789,41.818908,42.91941,39.61791,22.00995,18.34163,11.7272,22.8725,22.8725
4188,20.175789,41.818908,42.91941,39.61791,22.00995,18.34163,11.7272,22.8725,22.8725
4189,20.175789,41.818908,42.91941,39.61791,22.00995,18.34163,11.7272,22.8725,22.8725
4190,20.175789,41.818908,42.91941,39.61791,22.00995,18.34163,11.7272,22.8725,22.8725
4191,20.175789,41.818908,42.91941,39.61791,22.00995,18.34163,11.7272,22.8725,22.8725
4192,20.175789,41.818908,42.91941,39.61791,22.00995,18.34163,11.7272,22.8725,22.8725
4193,20.175789,41.818908,42.91941,39.61791,22.00995,18.34163,11.7272,22.8725,22.8725
4194,20.175789,41.818908,42.91941,39.61791,22.00995,18.34163,11.7272,22.8725,22.8725
4195,20.175789,41.818908,42.91941,39.61791,22.00995,18.34163,11.7272,22.8725,22.8725
4196,20.175789,41.818908,42.91941,39.61791,22.00995,18.34163,11.7272,22.8725,22.8725
4197,20.175789,41.818908,42.91941,39.61791,22.00995,18.34163,11.7272,22.8725,22.8725
4198,20.175789,41.818908,42.91941,39.61791,22.00995,18.34163,11.7272,22.8725,22.8725
4199,20.175789,41.818908,42.91941,39.61791,22.00995,18.34163,11.7272,22.8725,22.8725
4200,20.175789,41.818908,42.91941,39.61791,22.00995,18.34163,11.7272,22.8725,22.8725
4201,20.175789,41.818908,42.91941,39.61791,22.00995,18.34163,11.7272,22.8725,22.8725
4202,20.175789,41.818908,42.91941,39.61791,22.00995,18.34163,11.7272,22.8725,22.8725
4203,20.175789,41.818908,42.91941,39.61791,22.00995,18.34163,11.7272,22.8725,22.8725
4204,20.175789,41.818908,42.91941,39.61791,22.00995,18.34163,11.7272,22.8725,22.8725
4205,20.175789,41.818908,42.91941,39.61791,22.00995,18.34163,11.7272,22.8725,22.8725
4206,20.175789,41.818908,42.91941,39.61791,22.00995,18.34163,11.7272,22.8725,22.8725
4207,20.175789,41.818908,42.91941,39.61791,22.00995,18.34163,11.7272,22.8725,22.8725
4208,20.175789,41.818908,42.91941,39.61791,22.00995,18.34163,11.7272,22.8725,22.8725
4209,20.175789,41.818908,42.91941,39.61791,22.00995,18.34163,11.7272,22.8725,22.8725
4210,20.175789,41.818908,42.91941,39.61791,22.00995,18.34163,11.7272,22.8725,22.8725
4211,20.175789,41.818908,42.91941,39.61791,22.00995,18.34163,11.7272,22.8725,22.8725
4212,20.175789,41.818908,42.91941,39.61791,22.00995,18.34163,11.7272,22.8725,22.8725
4213,20.175789,41.818908,42.91941,39.61791,22.00995,18.34163,11.7272,22.8725,22.8725
4214,20.175789,41.818908,42.91941,39.61791,22.00995,18.34163,11.7272,22.8725,22.8725
4215,20.175789,41.818908,42.91941,39.61791,22.00995,18.34163,11.7272,22.8725,22.8725
4216,20.175789,41.818908,42.91941,39.61791,22.00995,18.34163,11.7272,22.8725,22.8725
4217,20.175789,41.818908,42.91941,39.61791,22.00995,18.34163,11.7272,22.8725,22.8725
4218,20.175789,41.818908,42.91941,39.61791,22.00995,18.34163,11.7272,22.8725,22.8725
4219,20.175789,41.818908,42.91941,39.61791,22.00995,18.34163,11.7272,22.8725,22.8725
4220,20.175789,41.818908,42.91941,39.61791,22.00995,18.34163,11.7272,22.8725,22.8725
4221,20.175789,41.818908,42.91941,39.61791,22.00995,18.34163,11.7272,22.8725,22.8725
4222,20.175789,41.818908,42.91941,39.61791,22.00995,18.34163,11.7272,22.8725,22.8725
4223,20.175789,41.818908,42.91941,39.61791,22.00995,18.34163,11.7272,22.8725,22.8725
4224,20.175789,41.818908,42.91941,39.61791,22.00995,18.34163,11.7272,22.8725,22.8725
4225,20.175789,41.818908,42.91941,39.61791,22.00995,18.34163,11.7272,22.8725,22.8725
4226,20.175789,41.818908,42.91941,39.61791,22.00995,18.34163,11.7272,22.8725,22.8725
4227,20.175789,41.818908,42.91941,39.61791,22.00995,18.34163,11.7272,22.8725,22.8725
4228,20.175789,41.818908,42.91941,39.61791,22.00995,18.34163,11.7272,22.8725,22.8725
4229,20.175789,41.818908,42.91941,39.61791,22.00995,18.34163,11.7272,22.8725,22.8725
4230,20.175789,41.818908,42.91941,39.61791,22.00995,18.34163,11.7272,22.8725,22.8725
4231,20.175789,41.818908,42.91941,39.61791,22.00995,18.34163,11.7272,22.8725,22.8725
4232,20.175789,41.818908,42.91941,39.61791,22.00995,18.34163,11.7272,22.8725,22.8725
4233,20.175789,41.818908,42.91941,39.61791,22.00995,18.34163,11.7272,22.8725,22.8725
4234,20.175789,41.818908,42.91941,39.61791,22.00995,18.34163,11.7272,22.8725,22.8725
4235,20.175789,41.818908,42.91941,39.61791,22.00995,18.34163,11.7272,22.8725,22.8725
4236,20.175789,41.818908,42.91941,39.61791,22.00995,18.34163,11.7272,22.8725,22.8725
4237,20.175789,41.818908,42.91941,39.61791,22.00995,18.34163,11.7272,22.8725,22.8725
4238,20.175789,41.818908,42.91941,39.61791,22.00995,18.34163,11.7272,22.8725,22.8725
4239,20.175789,41.818908,42.91941,39.61791,22.00995,18.34163,11.7272,22.8725,22.8725
4240,20.175789,41.818908,42.91941,39.61791,22.00995,18.34163,11.7272,22.8725,22.8725
4241,20.175789,41.818908,42.91941,39.61791,22.00995,18.34163,11.7272,22.8725,22.8725
4242,20.175789,41.818908,42.91941,39.61791,22.00995,18.34163,11.7272,22.8725,22.8725
4243,20.175789,41.818908,42.91941,39.61791,22.00995,18.34163,11.7272,22.8725,22.8725
4244,20.175789,41.818908,42.91941,39.61791,22.00995,18.34163,11.7272,22.8725,22.8725
4245,20.175789,41.818908,42.91941,39.61791,22.00995,18.34163,11.7272,22.8725,22.8725
4246,20.175789,41.818908,42.91941,39.61791,22.00995,18.34163,11.7272,22.8725,22.8725
4247,20.175789,41.818908,42.91941,39.61791,22.00995,18.34163,11.7272,22.8725,22.8725
4248,20.175789,41.818908,42.91941,39.61791,22.00995,18.34163,11.7272,22.8725,22.8725
4249,20.175789,41.818908,42.91941,39.61791,22.00995,18.34163,11.7272,22.8725,22.8725
4250,20.175789,41.818908,42.91941,39.61791,22.00995,18.34163,11.7272,22.8725,22.8725
4251,20.175789,41.818908,42.91941,39.61791,22.00995,18.34163,11.7272,22.8725,22.8725
4252,20.175789,41.818908,42.91941,39.61791,22.00995,18.34163,11.7272,22.8725,22.8725
4253,20.175789,41.818908,42.91941,39.61791,22.00995,18.34163,11.7272,22.8725,22.8725
4254,20.175789,41.818908,42.91941,39.61791,22.00995,18.34163,11.7272,22.8725,22.8725
4255,20.175789,41.818908,42.91941,39.61791,22.00995,18.34163,11.7272,22.8725,22.8725
4256,20.175789,41.818908,42.91941,39.61791,22.00995,18.34163,11.7272,22.8725,22.8725
4257,20.175789,41.818908,42.91941,39.61791,22.00995,18.34163,11.7272,22.8725,22.8725
4258,20.175789,41.818908,42.91941,39.61791,22.00995,18.34163,11.7272,22.8725,22.8725
4259,20.175789,41.818908,42.91941,39.61791,22.00995,18.34163,11.7272,22.8725,22.8725
4260,20.175789,41.818908,42.91941,39.61791,22.00995,18.34163,11.7272,22.8725,22.8725
4261,20.175789,41.818908,42.91941,39.61791,22.00995,18.34163,11.7272,22.8725,22.8725
4262,20.175789,41.818908,42.91941,39.61791,22.00995,18.34163,11.7272,22.8725,22.8725
4263,20.175789,41.818908,42.91941,39.61791,22.00995,18.34163,11.7272,22.8725,22.8725
4264,20.175789,41.818908,42.91941,39.61791,22.00995,18.34163,11.7272,22.8725,22.8725
4265,20.175789,41.818908,42.91941,39.61791,22.00995,18.34163,11.7272,22.8725,22.8725
4266,20.175789,41.818908,42.91941,39.61791,22.00995,18.34163,11.7272,22.8725,22.8725
4267,20.175789,41.818908,42.91941,39.61791,22.00995,18.34163,11.7272,22.8725,22.8725
4268,20.175789,41.818908,42.91941,39.61791,22.00995,18.34163,11.7272,22.8725,22.8725
4269,20.175789,41.818908,42.91941,39.61791,22.00995,18.34163,11.7272,22.8725,22.8725
4270,20.175789,41.818908,42.91941,39.61791,22.00995,18.34163,11.7272,22.8725,22.8725
4271,20.175789,41.818908,42.91941,39.61791,22.00995,18.34163,11.7272,22.8725,22.8725
4272,20.175789,41.818908,42.91941,39.61791,22.00995,18.34163,11.7272,22.8725,22.8725
4273,20.175789,41.818908,42.91941,39.61791,22.00995,18.34163,11.7272,22.8725,22.8725
4274,20.175789,41.818908,42.91941,39.61791,22.00995,18.34163,11.7272,22.8725,22.8725
4275,20.175789,41.818908,42.91941,39.61791,22.00995,18.34163,11.7272,22.8725,22.8725
4276,20.175789,41.818908,42.91941,39.61791,22.00995,18.34163,11.7272,22.8725,22.8725
4277,20.175789,41.818908,42.91941,39.61791,22.00995,18.34163,11.7272,22.8725,22.8725
4278,20.175789,41.818908,42.91941,39.61791,22.00995,18.34163,11.7272,22.8725,22.8725
4279,20.175789,41.818908,42.91941,39.61791,22.00995,18.34163,11.7272,22.8725,22.8725
4280,20.175789,41.818908,42.91941,39.61791,22.00995,18.34163,11.7272,22.8725,22.8725
4281,20.175789,41.818908,42.91941,39.61791,22.00995,18.34163,11.7272,22.8725,22.8725
4282,20.175789,41.818908,42.91941,39.61791,22.00995,18.34163,11.7272,22.8725,22.8725
4283,20.175789,41.818908,42.91941,39.61791,22.00995,18.34163,11.7272,22.8725,22.8725
4284,20.175789,41.818908,42.91941,39.61791,22.00995,18.34163,11.7272,22.8725,22.8725
4285,20.175789,41.818908,42.91941,39.61791,22.00995,18.34163,11.7272,22.8725,22.8725
4286,20.175789,41.818908,42.91941,39.61791,22.00995,18.34163,11.7272,22.8725,22.8725
4287,20.175789,41.818908,42.91941,39.61791,22.00995,18.34163,11.7272,22.8725,22.8725
4288,20.175789,41.818908,42.91941,39.61791,22.00995,18.34163,11.7272,22.8725,22.8725
4289,20.175789,41.818908,42.91941,39.61791,22.00995,18.34163,11.7272,22.8725,22.8725
4290,20.175789,41.818908,42.91941,39.61791,22.00995,18.34163,11.7272,22.8725,22.8725
4291,20.175789,41.818908,42.91941,39.61791,22.00995,18.34163,11.7272,22.8725,22.8725
4292,20.175789,41.818908,42.91941,39.61791,22.00995,18.34163,11.7272,22.8725,22.8725
4293,20.175789,41.818908,42.91941,39.61791,22.00995,18.34163,11.7272,22.8725,22.8725
4294,20.175789,41.818908,42.91941,39.61791,22.00995,18.34163,11.7272,22.8725,22.8725
4295,20.175789,41.818908,42.91941,39.61791,22.00995,18.34163,11.7272,22.8725,22.8725
4296,20.175789,41.818908,42.91941,39.61791,22.00995,18.34163,11.7272,22.8725,22.8725
4297,20.175789,41.818908,42.91941,39.61791,22.00995,18.34163,11.7272,22.8725,22.8725
4298,20.175789,41.818908,42.91941,39.61791,22.00995,18.34163,11.7272,22.8725,22.8725
4299,20.175789,41.818908,42.91941,39.61791,22.00995,18.34163,11.7272,22.8725,22.8725
4300,20.175789,41.818908,42.91941,39.61791,22.00995,18.34163,11.7272,22.8725,22.8725
4301,20.175789,41.818908,42.91941,39.61791,22.00995,18.34163,11.7272,22.8725,22.8725
4302,20.175789,41.818908,42.91941,39.61791,22.00995,18.34163,11.7272,22.8725,22.8725
4303,20.175789,41.818908,42.91941,39.61791,22.00995,18.34163,11.7272,22.8725,22.8725
4304,20.175789,41.818908,42.91941,39.61791,22.00995,18.34163,11.7272,22.8725,22.8725
4305,20.175789,41.818908,42.91941,39.61791,22.00995,18.34163,11.7272,22.8725,22.8725
4306,20.175789,41.818908,42.91941,39.61791,22.00995,18.34163,11.7272,22.8725,22.8725
4307,20.175789,41.818908,42.91941,39.61791,22.00995,18.34163,11.7272,22.8725,22.8725
4308,20.175789,41.818908,42.91941,39.61791,22.00995,18.34163,11.7272,22.8725,22.8725
4309,20.175789,41.818908,42.91941,39.61791,22.00995,18.34163,11.7272,22.8725,22.8725
4310,20.175789,41.818908,42.91941,39.61791,22.00995,18.34163,11.7272,22.8725,22.8725
4311,20.175789,41.818908,42.91941,39.61791,22.00995,18.34163,11.7272,22.8725,22.8725
4312,20.175789,41.818908,42.91941,39.61791,22.00995,18.34163,11.7272,22.8725,22.8725
4313,20.175789,41.818908,42.91941,39.61791,22.00995,18.34163,11.7272,22.8725,22.8725
4314,20.175789,41.818908,42.91941,39.61791,22.00995,18.34163,11.7272,22.8725,22.8725
4315,20.175789,41.818908,42.91941,39.61791,22.00995,18.34163,11.7272,22.8725,22.8725
4316,20.175789,41.818908,42.91941,39.61791,22.00995,18.34163,11.7272,22.8725,22.8725
4317,20.175789,41.818908,42.91941,39.61791,22.00995,18.34163,11.7272,22.8725,22.8725
4318,20.175789,41.818908,42.91941,39.61791,22.00995,18.34163,11.7272,22.8725,22.8725
4319,20.175789,41.818908,42.91941,39.61791,22.00995,18.34163,11.7272,22.8725,22.8725
4320,20.175789,41.818908,42.91941,39.61791,22.00995,18.34163,11.7272,22.8725,22.8725
4321,20.175789,41.818908,42.91941,39.61791,22.00995,18.34163,11.7272,22.8725,22.8725
4322,20.175789,41.818908,42.91941,39.61791,22.00995,18.34163,11.7272,22.8725,22.8725
4323,20.175789,41.818908,42.91941,39.61791,22.00995,18.34163,11.7272,22.8725,22.8725
4324,20.175789,41.818908,42.91941,39.61791,22.00995,18.34163,11.7272,22.8725,22.8725
4325,20.175789,41.818908,42.91941,39.61791,22.00995,18.34163,11.7272,22.8725,22.8725
4326,20.175789,41.818908,42.91941,39.61791,22.00995,18.34163,11.7272,22.8725,22.8725
4327,20.175789,41.818908,42.91941,39.61791,22.00995,18.34163,11.7272,22.8725,22.8725
4328,20.175789,41.818908,42.91941,39.61791,22.00995,18.34163,11.7272,22.8725,22.8725
4329,20.175789,41.818908,42.91941,39.61791,22.00995,18.34163,11.7272,22.8725,22.8725
4330,20.175789,41.818908,42.91941,39.61791,22.00995,18.34163,11.7272,22.8725,22.8725
4331,20.175789,41.818908,42.91941,39.61791,22.00995,18.34163,11.7272,22.8725,22.8725
4332,20.175789,41.818908,42.91941,39.61791,22.00995,18.34163,11.7272,22.8725,22.8725
4333,20.175789,41.818908,42.91941,39.61791,22.00995,18.34163,11.7272,22.8725,22.8725
4334,20.175789,41.818908,42.91941,39.61791,22.00995,18.34163,11.7272,22.8725,22.8725
4335,20.175789,41.818908,42.91941,39.61791,22.00995,18.34163,11.7272,22.8725,22.8725
4336,20.175789,41.818908,42.91941,39.61791,22.00995,18.34163,11.7272,22.8725,22.8725
4337,20.175789,41.818908,42.91941,39.61791,22.00995,18.34163,11.7272,22.8725,22.8725
4338,20.175789,41.818908,42.91941,39.61791,22.00995,18.34163,11.7272,22.8725,22.8725
4339,20.175789,41.818908,42.91941,39.61791,22.00995,18.34163,11.7272,22.8725,22.8725
4340,20.175789,41.818908,42.91941,39.61791,22.00995,18.34163,11.7272,22.8725,22.8725
4341,20.175789,41.818908,42.91941,39.61791,22.00995,18.34163,11.7272,22.8725,22.8725
4342,20.175789,41.818908,42.91941,39.61791,22.00995,18.34163,11.7272,22.8725,22.8725
4343,20.175789,41.818908,42.91941,39.61791,22.00995,18.34163,11.7272,22.8725,22.8725
4344,20.175789,41.818908,42.91941,39.61791,22.00995,18.34163,11.7272,22.8725,22.8725
4345,20.175789,41.818908,42.91941,39.61791,22.00995,18.34163,11.7272,22.8725,22.8725
4346,20.175789,41.818908,42.91941,39.61791,22.00995,18.34163,11.7272,22.8725,22.8725
4347,20.175789,41.818908,42.91941,39.61791,22.00995,18.34163,11.7272,22.8725,22.8725
4348,20.175789,41.818908,42.91941,39.61791,22.00995,18.34163,11.7272,22.8725,22.8725
4349,20.175789,41.818908,42.91941,39.61791,22.00995,18.34163,11.7272,22.8725,22.8725
4350,20.175789,41.818908,42.91941,39.61791,22.00995,18.34163,11.7272,22.8725,22.8725
4351,20.175789,41.818908,42.91941,39.61791,22.00995,18.34163,11.7272,22.8725,22.8725
4352,20.175789,41.818908,42.91941,39.61791,22.00995,18.34163,11.7272,22.8725,22.8725
4353,20.175789,41.818908,42.91941,39.61791,22.00995,18.34163,11.7272,22.8725,22.8725
4354,20.175789,41.818908,42.91941,39.61791,22.00995,18.34163,11.7272,22.8725,22.8725
4355,20.175789,41.818908,42.91941,39.61791,22.00995,18.34163,11.7272,22.8725,22.8725
4356,20.175789,41.818908,42.91941,39.61791,22.00995,18.34163,11.7272,22.8725,22.8725
4357,20.175789,41.818908,42.91941,39.61791,22.00995,18.34163,11.7272,22.8725,22.8725
4358,20.175789,41.818908,42.91941,39.61791,22.00995,18.34163,11.7272,22.8725,22.8725
4359,20.175789,41.818908,42.91941,39.61791,22.00995,18.34163,11.7272,22.8725,22.8725
4360,20.175789,41.818908,42.91941,39.61791,22.00995,18.34163,11.7272,22.8725,22.8725
4361,20.175789,41.818908,42.91941,39.61791,22.00995,18.34163,11.7272,22.8725,22.8725
4362,20.175789,41.818908,42.91941,39.61791,22.00995,18.34163,11.7272,22.8725,22.8725
4363,20.175789,41.818908,42.91941,39.61791,22.00995,18.34163,11.7272,22.8725,22.8725
4364,20.175789,41.818908,42.91941,39.61791,22.00995,18.34163,11.7272,22.8725,22.8725
4365,20.175789,41.818908,42.91941,39.61791,22.00995,18.34163,11.7272,22.8725,22.8725
4366,20.175789,41.818908,42.91941,39.61791,22.00995,18.34163,11.7272,22.8725,22.8725
4367,20.175789,41.818908,42.91941,39.61791,22.00995,18.34163,11.7272,22.8725,22.8725
4368,20.175789,41.818908,42.91941,39.61791,22.00995,18.34163,11.7272,22.8725,22.8725
4369,20.175789,41.818908,42.91941,39.61791,22.00995,18.34163,11.7272,22.8725,22.8725
4370,20.175789,41.818908,42.91941,39.61791,22.00995,18.34163,11.7272,22.8725,22.8725
4371,20.175789,41.818908,42.91941,39.61791,22.00995,18.34163,11.7272,22.8725,22.8725
4372,20.175789,41.818908,42.91941,39.61791,22.00995,18.34163,11.7272,22.8725,22.8725
4373,20.175789,41.818908,42.91941,39.61791,22.00995,18.34163,11.7272,22.8725,22.8725
4374,20.175789,41.818908,42.91941,39.61791,22.00995,18.34163,11.7272,22.8725,22.8725
4375,20.175789,41.818908,42.91941,39.61791,22.00995,18.34163,11.7272,22.8725,22.8725
4376,20.175789,41.818908,42.91941,39.61791,22.00995,18.34163,11.7272,22.8725,22.8725
4377,20.175789,41.818908,42.91941,39.61791,22.00995,18.34163,11.7272,22.8725,22.8725
4378,20.175789,41.818908,42.91941,39.61791,22.00995,18.34163,11.7272,22.8725,22.8725
4379,20.175789,41.818908,42.91941,39.61791,22.00995,18.34163,11.7272,22.8725,22.8725
4380,20.175789,41.818908,42.91941,39.61791,22.00995,18.34163,11.7272,22.8725,22.8725
4381,20.175789,41.818908,42.91941,39.61791,22.00995,18.34163,11.7272,22.8725,22.8725
4382,20.175789,41.818908,42.91941,39.61791,22.00995,18.34163,11.7272,22.8725,22.8725
4383,20.175789,41.818908,42.91941,39.61791,22.00995,18.34163,11.7272,22.8725,22.8725
4384,20.175789,41.818908,42.91941,39.61791,22.00995,18.34163,11.7272,22.8725,22.8725
4385,20.175789,41.818908,42.91941,39.61791,22.00995,18.34163,11.7272,22.8725,22.8725
4386,20.175789,41.818908,42.91941,39.61791,22.00995,18.34163,11.7272,22.8725,22.8725
4387,20.175789,41.818908,42.91941,39.61791,22.00995,18.34163,11.7272,22.8725,22.8725
4388,20.175789,41.818908,42.91941,39.61791,22.00995,18.34163,11.7272,22.8725,22.8725
4389,20.175789,41.818908,42.91941,39.61791,22.00995,18.34163,11.7272,22.8725,22.8725
4390,20.175789,41.818908,42.91941,39.61791,22.00995,18.34163,11.7272,22.8725,22.8725
4391,20.175789,41.818908,42.91941,39.61791,22.00995,18.34163,11.7272,22.8725,22.8725
4392,20.175789,41.818908,42.91941,39.61791,22.00995,18.34163,11.7272,22.8725,22.8725
4393,20.175789,41.818908,42.91941,39.61791,22.00995,18.34163,11.7272,22.8725,22.8725
4394,20.175789,41.818908,42.91941,39.61791,22.00995,18.34163,11.7272,22.8725,22.8725
4395,20.175789,41.818908,42.91941,39.61791,22.00995,18.34163,11.7272,22.8725,22.8725
4396,20.175789,41.818908,42.91941,39.61791,22.00995,18.34163,11.7272,22.8725,22.8725
4397,20.175789,41.818908,42.91941,39.61791,22.00995,18.34163,11.7272,22.8725,22.8725
4398,20.175789,41.818908,42.91941,39.61791,22.00995,18.34163,11.7272,22.8725,22.8725
4399,20.175789,41.818908,42.91941,39.61791,22.00995,18.34163,11.7272,22.8725,22.8725
4400,20.175789,41.818908,42.91941,39.61791,22.00995,18.34163,11.7272,22.8725,22.8725
4401,20.175789,41.818908,42.91941,39.61791,22.00995,18.34163,11.7272,22.8725,22.8725
4402,20.175789,41.818908,42.91941,39.61791,22.00995,18.34163,11.7272,22.8725,22.8725
4403,20.175789,41.818908,42.91941,39.61791,22.00995,18.34163,11.7272,22.8725,22.8725
4404,20.175789,41.818908,42.91941,39.61791,22.00995,18.34163,11.7272,22.8725,22.8725
4405,20.175789,41.818908,42.91941,39.61791,22.00995,18.34163,11.7272,22.8725,22.8725
4406,20.175789,41.818908,42.91941,39.61791,22.00995,18.34163,11.7272,22.8725,22.8725
4407,20.175789,41.818908,42.91941,39.61791,22.00995,18.34163,11.7272,22.8725,22.8725
4408,20.175789,41.818908,42.91941,39.61791,22.00995,18.34163,11.7272,22.8725,22.8725
4409,20.175789,41.818908,42.91941,39.61791,22.00995,18.34163,11.7272,22.8725,22.8725
4410,20.175789,41.818908,42.91941,39.61791,22.00995,18.34163,11.7272,22.8725,22.8725
4411,20.175789,41.818908,42.91941,39.61791,22.00995,18.34163,11.7272,22.8725,22.8725
4412,20.175789,41.818908,42.91941,39.61791,22.00995,18.34163,11.7272,22.8725,22.8725
4413,20.175789,41.818908,42.91941,39.61791,22.00995,18.34163,11.7272,22.8725,22.8725
4414,20.175789,41.818908,42.91941,39.61791,22.00995,18.34163,11.7272,22.8725,22.8725
4415,20.175789,41.818908,42.91941,39.61791,22.00995,18.34163,11.7272,22.8725,22.8725
4416,20.175789,41.818908,42.91941,39.61791,22.00995,18.34163,11.7272,22.8725,22.8725
4417,20.175789,41.818908,42.91941,39.61791,22.00995,18.34163,11.7272,22.8725,22.8725
4418,20.175789,41.818908,42.91941,39.61791,22.00995,18.34163,11.7272,22.8725,22.8725
4419,20.175789,41.818908,42.91941,39.61791,22.00995,18.34163,11.7272,22.8725,22.8725
4420,20.175789,41.818908,42.91941,39.61791,22.00995,18.34163,11.7272,22.8725,22.8725
4421,20.175789,41.818908,42.91941,39.61791,22.00995,18.34163,11.7272,22.8725,22.8725
4422,20.175789,41.818908,42.91941,39.61791,22.00995,18.34163,11.7272,22.8725,22.8725
4423,20.175789,41.818908,42.91941,39.61791,22.00995,18.34163,11.7272,22.8725,22.8725
4424,20.175789,41.818908,42.91941,39.61791,22.00995,18.34163,11.7272,22.8725,22.8725
4425,20.175789,41.818908,42.91941,39.61791,22.00995,18.34163,11.7272,22.8725,22.8725
4426,20.175789,41.818908,42.91941,39.61791,22.00995,18.34163,11.7272,22.8725,22.8725
4427,20.175789,41.818908,42.91941,39.61791,22.00995,18.34163,11.7272,22.8725,22.8725
4428,20.175789,41.818908,42.91941,39.61791,22.00995,18.34163,11.7272,22.8725,22.8725
4429,20.175789,41.818908,42.91941,39.61791,22.00995,18.34163,11.7272,22.8725,22.8725
4430,20.175789,41.818908,42.91941,39.61791,22.00995,18.34163,11.7272,22.8725,22.8725
4431,20.175789,41.818908,42.91941,39.61791,22.00995,18.34163,11.7272,22.8725,22.8725
4432,20.175789,41.818908,42.91941,39.61791,22.00995,18.34163,11.7272,22.8725,22.8725
4433,20.175789,41.818908,42.91941,39.61791,22.00995,18.34163,11.7272,22.8725,22.8725
4434,20.175789,41.818908,42.91941,39.61791,22.00995,18.34163,11.7272,22.8725,22.8725
4435,20.175789,41.818908,42.91941,39.61791,22.00995,18.34163,11.7272,22.8725,22.8725
4436,20.175789,41.818908,42.91941,39.61791,22.00995,18.34163,11.7272,22.8725,22.8725
4437,20.175789,41.818908,42.91941,39.61791,22.00995,18.34163,11.7272,22.8725,22.8725
4438,20.175789,41.818908,42.91941,39.61791,22.00995,18.34163,11.7272,22.8725,22.8725
4439,20.175789,41.818908,42.91941,39.61791,22.00995,18.34163,11.7272,22.8725,22.8725
4440,20.175789,41.818908,42.91941,39.61791,22.00995,18.34163,11.7272,22.8725,22.8725
4441,20.175789,41.818908,42.91941,39.61791,22.00995,18.34163,11.7272,22.8725,22.8725
4442,20.175789,41.818908,42.91941,39.61791,22.00995,18.34163,11.7272,22.8725,22.8725
4443,20.175789,41.818908,42.91941,39.61791,22.00995,18.34163,11.7272,22.8725,22.8725
4444,20.175789,41.818908,42.91941,39.61791,22.00995,18.34163,11.7272,22.8725,22.8725
4445,20.175789,41.818908,42.91941,39.61791,22.00995,18.34163,11.7272,22.8725,22.8725
4446,20.175789,41.818908,42.91941,39.61791,22.00995,18.34163,11.7272,22.8725,22.8725
4447,20.175789,41.818908,42.91941,39.61791,22.00995,18.34163,11.7272,22.8725,22.8725
4448,20.175789,41.818908,42.91941,39.61791,22.00995,18.34163,11.7272,22.8725,22.8725
4449,20.175789,41.818908,42.91941,39.61791,22.00995,18.34163,11.7272,22.8725,22.8725
4450,20.175789,41.818908,42.91941,39.61791,22.00995,18.34163,11.7272,22.8725,22.8725
4451,20.175789,41.818908,42.91941,39.61791,22.00995,18.34163,11.7272,22.8725,22.8725
4452,20.175789,41.818908,42.91941,39.61791,22.00995,18.34163,11.7272,22.8725,22.8725
4453,20.175789,41.818908,42.91941,39.61791,22.00995,18.34163,11.7272,22.8725,22.8725
4454,20.175789,41.818908,42.91941,39.61791,22.00995,18.34163,11.7272,22.8725,22.8725
4455,20.175789,41.818908,42.91941,39.61791,22.00995,18.34163,11.7272,22.8725,22.8725
4456,20.175789,41.818908,42.91941,39.61791,22.00995,18.34163,11.7272,22.8725,22.8725
4457,20.175789,41.818908,42.91941,39.61791,22.00995,18.34163,11.7272,22.8725,22.8725
4458,20.175789,41.818908,42.91941,39.61791,22.00995,18.34163,11.7272,22.8725,22.8725
4459,20.175789,41.818908,42.91941,39.61791,22.00995,18.34163,11.7272,22.8725,22.8725
4460,20.175789,41.818908,42.91941,39.61791,22.00995,18.34163,11.7272,22.8725,22.8725
4461,20.175789,41.818908,42.91941,39.61791,22.00995,18.34163,11.7272,22.8725,22.8725
4462,20.175789,41.818908,42.91941,39.61791,22.00995,18.34163,11.7272,22.8725,22.8725
4463,20.175789,41.818908,42.91941,39.61791,22.00995,18.34163,11.7272,22.8725,22.8725
4464,20.175789,41.818908,42.91941,39.61791,22.00995,18.34163,11.7272,22.8725,22.8725
4465,20.175789,41.818908,42.91941,39.61791,22.00995,18.34163,11.7272,22.8725,22.8725
4466,20.175789,41.818908,42.91941,39.61791,22.00995,18.34163,11.7272,22.8725,22.8725
4467,20.175789,41.818908,42.91941,39.61791,22.00995,18.34163,11.7272,22.8725,22.8725
4468,20.175789,41.818908,42.91941,39.61791,22.00995,18.34163,11.7272,22.8725,22.8725
4469,20.175789,41.818908,42.91941,39.61791,22.00995,18.34163,11.7272,22.8725,22.8725
4470,20.175789,41.818908,42.91941,39.61791,22.00995,18.34163,11.7272,22.8725,22.8725
4471,20.175789,41.818908,42.91941,39.61791,22.00995,18.34163,11.7272,22.8725,22.8725
4472,20.175789,41.818908,42.91941,39.61791,22.00995,18.34163,11.7272,22.8725,22.8725
4473,20.175789,41.818908,42.91941,39.61791,22.00995,18.34163,11.7272,22.8725,22.8725
4474,20.175789,41.818908,42.91941,39.61791,22.00995,18.34163,11.7272,22.8725,22.8725
4475,20.175789,41.818908,42.91941,39.61791,22.00995,18.34163,11.7272,22.8725,22.8725
4476,20.175789,41.818908,42.91941,39.61791,22.00995,18.34163,11.7272,22.8725,22.8725
4477,20.175789,41.818908,42.91941,39.61791,22.00995,18.34163,11.7272,22.8725,22.8725
4478,20.175789,41.818908,42.91941,39.61791,22.00995,18.34163,11.7272,22.8725,22.8725
4479,20.175789,41.818908,42.91941,39.61791,22.00995,18.34163,11.7272,22.8725,22.8725
4480,20.175789,41.818908,42.91941,39.61791,22.00995,18.34163,11.7272,22.8725,22.8725
4481,20.175789,41.818908,42.91941,39.61791,22.00995,18.34163,11.7272,22.8725,22.8725
4482,20.175789,41.818908,42.91941,39.61791,22.00995,18.34163,11.7272,22.8725,22.8725
4483,20.175789,41.818908,42.91941,39.61791,22.00995,18.34163,11.7272,22.8725,22.8725
4484,20.175789,41.818908,42.91941,39.61791,22.00995,18.34163,11.7272,22.8725,22.8725
4485,20.175789,41.818908,42.91941,39.61791,22.00995,18.34163,11.7272,22.8725,22.8725
4486,20.175789,41.818908,42.91941,39.61791,22.00995,18.34163,11.7272,22.8725,22.8725
4487,20.175789,41.818908,42.91941,39.61791,22.00995,18.34163,11.7272,22.8725,22.8725
4488,20.175789,41.818908,42.91941,39.61791,22.00995,18.34163,11.7272,22.8725,22.8725
4489,20.175789,41.818908,42.91941,39.61791,22.00995,18.34163,11.7272,22.8725,22.8725
4490,20.175789,41.818908,42.91941,39.61791,22.00995,18.34163,11.7272,22.8725,22.8725
4491,20.175789,41.818908,42.91941,39.61791,22.00995,18.34163,11.7272,22.8725,22.8725
4492,20.175789,41.818908,42.91941,39.61791,22.00995,18.34163,11.7272,22.8725,22.8725
4493,20.175789,41.818908,42.91941,39.61791,22.00995,18.34163,11.7272,22.8725,22.8725
4494,20.175789,41.818908,42.91941,39.61791,22.00995,18.34163,11.7272,22.8725,22.8725
4495,20.175789,41.818908,42.91941,39.61791,22.00995,18.34163,11.7272,22.8725,22.8725
4496,20.175789,41.818908,42.91941,39.61791,22.00995,18.34163,11.7272,22.8725,22.8725
4497,20.175789,41.818908,42.91941,39.61791,22.00995,18.34163,11.7272,22.8725,22.8725
4498,20.175789,41.818908,42.91941,39.61791,22.00995,18.34163,11.7272,22.8725,22.8725
4499,20.175789,41.818908,42.91941,39.61791,22.00995,18.34163,11.7272,22.8725,22.8725
4500,20.175789,41.818908,42.91941,39.61791,22.00995,18.34163,11.7272,22.8725,22.8725
4501,20.175789,41.818908,42.91941,39.61791,22.00995,18.34163,11.7272,22.8725,22.8725
4502,20.175789,41.818908,42.91941,39.61791,22.00995,18.34163,11.7272,22.8725,22.8725
4503,20.175789,41.818908,42.91941,39.61791,22.00995,18.34163,11.7272,22.8725,22.8725
4504,20.175789,41.818908,42.91941,39.61791,22.00995,18.34163,11.7272,22.8725,22.8725
4505,20.175789,41.818908,42.91941,39.61791,22.00995,18.34163,11.7272,22.8725,22.8725
4506,20.175789,41.818908,42.91941,39.61791,22.00995,18.34163,11.7272,22.8725,22.8725
4507,20.175789,41.818908,42.91941,39.61791,22.00995,18.34163,11.7272,22.8725,22.8725
4508,20.175789,41.818908,42.91941,39.61791,22.00995,18.34163,11.7272,22.8725,22.8725
4509,20.175789,41.818908,42.91941,39.61791,22.00995,18.34163,11.7272,22.8725,22.8725
4510,20.175789,41.818908,42.91941,39.61791,22.00995,18.34163,11.7272,22.8725,22.8725
4511,20.175789,41.818908,42.91941,39.61791,22.00995,18.34163,11.7272,22.8725,22.8725
4512,20.175789,41.818908,42.91941,39.61791,22.00995,18.34163,11.7272,22.8725,22.8725
4513,20.175789,41.818908,42.91941,39.61791,22.00995,18.34163,11.7272,22.8725,22.8725
4514,20.175789,41.818908,42.91941,39.61791,22.00995,18.34163,11.7272,22.8725,22.8725
4515,20.175789,41.818908,42.91941,39.61791,22.00995,18.34163,11.7272,22.8725,22.8725
4516,20.175789,41.818908,42.91941,39.61791,22.00995,18.34163,11.7272,22.8725,22.8725
4517,20.175789,41.818908,42.91941,39.61791,22.00995,18.34163,11.7272,22.8725,22.8725
4518,20.175789,41.818908,42.91941,39.61791,22.00995,18.34163,11.7272,22.8725,22.8725
4519,20.175789,41.818908,42.91941,39.61791,22.00995,18.34163,11.7272,22.8725,22.8725
4520,20.175789,41.818908,42.91941,39.61791,22.00995,18.34163,11.7272,22.8725,22.8725
4521,20.175789,41.818908,42.91941,39.61791,22.00995,18.34163,11.7272,22.8725,22.8725
4522,20.175789,41.818908,42.91941,39.61791,22.00995,18.34163,11.7272,22.8725,22.8725
4523,20.175789,41.818908,42.91941,39.61791,22.00995,18.34163,11.7272,22.8725,22.8725
4524,20.175789,41.818908,42.91941,39.61791,22.00995,18.34163,11.7272,22.8725,22.8725
4525,20.175789,41.818908,42.91941,39.61791,22.00995,18.34163,11.7272,22.8725,22.8725
4526,20.175789,41.818908,42.91941,39.61791,22.00995,18.34163,11.7272,22.8725,22.8725
4527,20.175789,41.818908,42.91941,39.61791,22.00995,18.34163,11.7272,22.8725,22.8725
4528,20.175789,41.818908,42.91941,39.61791,22.00995,18.34163,11.7272,22.8725,22.8725
4529,20.175789,41.818908,42.91941,39.61791,22.00995,18.34163,11.7272,22.8725,22.8725
4530,20.175789,41.818908,42.91941,39.61791,22.00995,18.34163,11.7272,22.8725,22.8725
4531,20.175789,41.818908,42.91941,39.61791,22.00995,18.34163,11.7272,22.8725,22.8725
4532,20.175789,41.818908,42.91941,39.61791,22.00995,18.34163,11.7272,22.8725,22.8725
4533,20.175789,41.818908,42.91941,39.61791,22.00995,18.34163,11.7272,22.8725,22.8725
4534,20.175789,41.818908,42.91941,39.61791,22.00995,18.34163,11.7272,22.8725,22.8725
4535,20.175789,41.818908,42.91941,39.61791,22.00995,18.34163,11.7272,22.8725,22.8725
4536,20.175789,41.818908,42.91941,39.61791,22.00995,18.34163,11.7272,22.8725,22.8725
4537,20.175789,41.818908,42.91941,39.61791,22.00995,18.34163,11.7272,22.8725,22.8725
4538,20.175789,41.818908,42.91941,39.61791,22.00995,18.34163,11.7272,22.8725,22.8725
4539,20.175789,41.818908,42.91941,39.61791,22.00995,18.34163,11.7272,22.8725,22.8725
4540,20.175789,41.818908,42.91941,39.61791,22.00995,18.34163,11.7272,22.8725,22.8725
4541,20.175789,41.818908,42.91941,39.61791,22.00995,18.34163,11.7272,22.8725,22.8725
4542,20.175789,41.818908,42.91941,39.61791,22.00995,18.34163,11.7272,22.8725,22.8725
4543,20.175789,41.818908,42.91941,39.61791,22.00995,18.34163,11.7272,22.8725,22.8725
4544,20.175789,41.818908,42.91941,39.61791,22.00995,18.34163,11.7272,22.8725,22.8725
4545,20.175789,41.818908,42.91941,39.61791,22.00995,18.34163,11.7272,22.8725,22.8725
4546,20.175789,41.818908,42.91941,39.61791,22.00995,18.34163,11.7272,22.8725,22.8725
4547,20.175789,41.818908,42.91941,39.61791,22.00995,18.34163,11.7272,22.8725,22.8725
4548,20.175789,41.818908,42.91941,39.61791,22.00995,18.34163,11.7272,22.8725,22.8725
4549,20.175789,41.818908,42.91941,39.61791,22.00995,18.34163,11.7272,22.8725,22.8725
4550,20.175789,41.818908,42.91941,39.61791,22.00995,18.34163,11.7272,22.8725,22.8725
4551,20.175789,41.818908,42.91941,39.61791,22.00995,18.34163,11.7272,22.8725,22.8725
4552,20.175789,41.818908,42.91941,39.61791,22.00995,18.34163,11.7272,22.8725,22.8725
4553,20.175789,41.818908,42.91941,39.61791,22.00995,18.34163,11.7272,22.8725,22.8725
4554,20.175789,41.818908,42.91941,39.61791,22.00995,18.34163,11.7272,22.8725,22.8725
4555,20.175789,41.818908,42.91941,39.61791,22.00995,18.34163,11.7272,22.8725,22.8725
4556,20.175789,41.818908,42.91941,39.61791,22.00995,18.34163,11.7272,22.8725,22.8725
4557,20.175789,41.818908,42.91941,39.61791,22.00995,18.34163,11.7272,22.8725,22.8725
4558,20.175789,41.818908,42.91941,39.61791,22.00995,18.34163,11.7272,22.8725,22.8725
4559,20.175789,41.818908,42.91941,39.61791,22.00995,18.34163,11.7272,22.8725,22.8725
4560,20.175789,41.818908,42.91941,39.61791,22.00995,18.34163,11.7272,22.8725,22.8725
4561,20.175789,41.818908,42.91941,39.61791,22.00995,18.34163,11.7272,22.8725,22.8725
4562,20.175789,41.818908,42.91941,39.61791,22.00995,18.34163,11.7272,22.8725,22.8725
4563,20.175789,41.818908,42.91941,39.61791,22.00995,18.34163,11.7272,22.8725,22.8725
4564,20.175789,41.818908,42.91941,39.61791,22.00995,18.34163,11.7272,22.8725,22.8725
4565,20.175789,41.818908,42.91941,39.61791,22.00995,18.34163,11.7272,22.8725,22.8725
4566,20.175789,41.818908,42.91941,39.61791,22.00995,18.34163,11.7272,22.8725,22.8725
4567,20.175789,41.818908,42.91941,39.61791,22.00995,18.34163,11.7272,22.8725,22.8725
4568,20.175789,41.818908,42.91941,39.61791,22.00995,18.34163,11.7272,22.8725,22.8725
4569,20.175789,41.818908,42.91941,39.61791,22.00995,18.34163,11.7272,22.8725,22.8725
4570,20.175789,41.818908,42.91941,39.61791,22.00995,18.34163,11.7272,22.8725,22.8725
4571,20.175789,41.818908,42.91941,39.61791,22.00995,18.34163,11.7272,22.8725,22.8725
4572,20.175789,41.818908,42.91941,39.61791,22.00995,18.34163,11.7272,22.8725,22.8725
4573,20.175789,41.818908,42.91941,39.61791,22.00995,18.34163,11.7272,22.8725,22.8725
4574,20.175789,41.818908,42.91941,39.61791,22.00995,18.34163,11.7272,22.8725,22.8725
4575,20.175789,41.818908,42.91941,39.61791,22.00995,18.34163,11.7272,22.8725,22.8725
4576,20.175789,41.818908,42.91941,39.61791,22.00995,18.34163,11.7272,22.8725,22.8725
4577,20.175789,41.818908,42.91941,39.61791,22.00995,18.34163,11.7272,22.8725,22.8725
4578,20.175789,41.818908,42.91941,39.61791,22.00995,18.34163,11.7272,22.8725,22.8725
4579,20.175789,41.818908,42.91941,39.61791,22.00995,18.34163,11.7272,22.8725,22.8725
4580,20.175789,41.818908,42.91941,39.61791,22.00995,18.34163,11.7272,22.8725,22.8725
4581,20.175789,41.818908,42.91941,39.61791,22.00995,18.34163,11.7272,22.8725,22.8725
4582,20.175789,41.818908,42.91941,39.61791,22.00995,18.34163,11.7272,22.8725,22.8725
4583,20.175789,41.818908,42.91941,39.61791,22.00995,18.34163,11.7272,22.8725,22.8725
4584,20.175789,41.818908,42.91941,39.61791,22.00995,18.34163,11.7272,22.8725,22.8725
4585,20.175789,41.818908,42.91941,39.61791,22.00995,18.34163,11.7272,22.8725,22.8725
4586,20.175789,41.818908,42.91941,39.61791,22.00995,18.34163,11.7272,22.8725,22.8725
4587,20.175789,41.818908,42.91941,39.61791,22.00995,18.34163,11.7272,22.8725,22.8725
4588,20.175789,41.818908,42.91941,39.61791,22.00995,18.34163,11.7272,22.8725,22.8725
4589,20.175789,41.818908,42.91941,39.61791,22.00995,18.34163,11.7272,22.8725,22.8725
4590,20.175789,41.818908,42.91941,39.61791,22.00995,18.34163,11.7272,22.8725,22.8725
4591,20.175789,41.818908,42.91941,39.61791,22.00995,18.34163,11.7272,22.8725,22.8725
4592,20.175789,41.818908,42.91941,39.61791,22.00995,18.34163,11.7272,22.8725,22.8725
4593,20.175789,41.818908,42.91941,39.61791,22.00995,18.34163,11.7272,22.8725,22.8725
4594,20.175789,41.818908,42.91941,39.61791,22.00995,18.34163,11.7272,22.8725,22.8725
4595,20.175789,41.818908,42.91941,39.61791,22.00995,18.34163,11.7272,22.8725,22.8725
4596,20.175789,41.818908,42.91941,39.61791,22.00995,18.34163,11.7272,22.8725,22.8725
4597,20.175789,41.818908,42.91941,39.61791,22.00995,18.34163,11.7272,22.8725,22.8725
4598,20.175789,41.818908,42.91941,39.61791,22.00995,18.34163,11.7272,22.8725,22.8725
4599,20.175789,41.818908,42.91941,39.61791,22.00995,18.34163,11.7272,22.8725,22.8725
4600,20.175789,41.818908,42.91941,39.61791,22.00995,18.34163,11.7272,22.8725,22.8725
4601,20.175789,41.818908,42.91941,39.61791,22.00995,18.34163,11.7272,22.8725,22.8725
4602,20.175789,41.818908,42.91941,39.61791,22.00995,18.34163,11.7272,22.8725,22.8725
4603,20.175789,41.818908,42.91941,39.61791,22.00995,18.34163,11.7272,22.8725,22.8725
4604,20.175789,41.818908,42.91941,39.61791,22.00995,18.34163,11.7272,22.8725,22.8725
4605,20.175789,41.818908,42.91941,39.61791,22.00995,18.34163,11.7272,22.8725,22.8725
4606,20.175789,41.818908,42.91941,39.61791,22.00995,18.34163,11.7272,22.8725,22.8725
4607,20.175789,41.818908,42.91941,39.61791,22.00995,18.34163,11.7272,22.8725,22.8725
4608,20.175789,41.818908,42.91941,39.61791,22.00995,18.34163,11.7272,22.8725,22.8725
4609,20.175789,41.818908,42.91941,39.61791,22.00995,18.34163,11.7272,22.8725,22.8725
4610,20.175789,41.818908,42.91941,39.61791,22.00995,18.34163,11.7272,22.8725,22.8725
4611,20.175789,41.818908,42.91941,39.61791,22.00995,18.34163,11.7272,22.8725,22.8725
4612,20.175789,41.818908,42.91941,39.61791,22.00995,18.34163,11.7272,22.8725,22.8725
4613,20.175789,41.818908,42.91941,39.61791,22.00995,18.34163,11.7272,22.8725,22.8725
4614,20.175789,41.818908,42.91941,39.61791,22.00995,18.34163,11.7272,22.8725,22.8725
4615,20.175789,41.818908,42.91941,39.61791,22.00995,18.34163,11.7272,22.8725,22.8725
4616,20.175789,41.818908,42.91941,39.61791,22.00995,18.34163,11.7272,22.8725,22.8725
4617,20.175789,41.818908,42.91941,39.61791,22.00995,18.34163,11.7272,22.8725,22.8725
4618,20.175789,41.818908,42.91941,39.61791,22.00995,18.34163,11.7272,22.8725,22.8725
4619,20.175789,41.818908,42.91941,39.61791,22.00995,18.34163,11.7272,22.8725,22.8725
4620,20.175789,41.818908,42.91941,39.61791,22.00995,18.34163,11.7272,22.8725,22.8725
4621,20.175789,41.818908,42.91941,39.61791,22.00995,18.34163,11.7272,22.8725,22.8725
4622,20.175789,41.818908,42.91941,39.61791,22.00995,18.34163,11.7272,22.8725,22.8725
4623,20.175789,41.818908,42.91941,39.61791,22.00995,18.34163,11.7272,22.8725,22.8725
4624,20.175789,41.818908,42.91941,39.61791,22.00995,18.34163,11.7272,22.8725,22.8725
4625,20.175789,41.818908,42.91941,39.61791,22.00995,18.34163,11.7272,22.8725,22.8725
4626,20.175789,41.818908,42.91941,39.61791,22.00995,18.34163,11.7272,22.8725,22.8725
4627,20.175789,41.818908,42.91941,39.61791,22.00995,18.34163,11.7272,22.8725,22.8725
4628,20.175789,41.818908,42.91941,39.61791,22.00995,18.34163,11.7272,22.8725,22.8725
4629,20.175789,41.818908,42.91941,39.61791,22.00995,18.34163,11.7272,22.8725,22.8725
4630,20.175789,41.818908,42.91941,39.61791,22.00995,18.34163,11.7272,22.8725,22.8725
4631,20.175789,41.818908,42.91941,39.61791,22.00995,18.34163,11.7272,22.8725,22.8725
4632,20.175789,41.818908,42.91941,39.61791,22.00995,18.34163,11.7272,22.8725,22.8725
4633,20.175789,41.818908,42.91941,39.61791,22.00995,18.34163,11.7272,22.8725,22.8725
4634,20.175789,41.818908,42.91941,39.61791,22.00995,18.34163,11.7272,22.8725,22.8725
4635,20.175789,41.818908,42.91941,39.61791,22.00995,18.34163,11.7272,22.8725,22.8725
4636,20.175789,41.818908,42.91941,39.61791,22.00995,18.34163,11.7272,22.8725,22.8725
4637,20.175789,41.818908,42.91941,39.61791,22.00995,18.34163,11.7272,22.8725,22.8725
4638,20.175789,41.818908,42.91941,39.61791,22.00995,18.34163,11.7272,22.8725,22.8725
4639,20.175789,41.818908,42.91941,39.61791,22.00995,18.34163,11.7272,22.8725,22.8725
4640,20.175789,41.818908,42.91941,39.61791,22.00995,18.34163,11.7272,22.8725,22.8725
4641,20.175789,41.818908,42.91941,39.61791,22.00995,18.34163,11.7272,22.8725,22.8725
4642,20.175789,41.818908,42.91941,39.61791,22.00995,18.34163,11.7272,22.8725,22.8725
4643,20.175789,41.818908,42.91941,39.61791,22.00995,18.34163,11.7272,22.8725,22.8725
4644,20.175789,41.818908,42.91941,39.61791,22.00995,18.34163,11.7272,22.8725,22.8725
4645,20.175789,41.818908,42.91941,39.61791,22.00995,18.34163,11.7272,22.8725,22.8725
4646,20.175789,41.818908,42.91941,39.61791,22.00995,18.34163,11.7272,22.8725,22.8725
4647,20.175789,41.818908,42.91941,39.61791,22.00995,18.34163,11.7272,22.8725,22.8725
4648,20.175789,41.818908,42.91941,39.61791,22.00995,18.34163,11.7272,22.8725,22.8725
4649,20.175789,41.818908,42.91941,39.61791,22.00995,18.34163,11.7272,22.8725,22.8725
4650,20.175789,41.818908,42.91941,39.61791,22.00995,18.34163,11.7272,22.8725,22.8725
4651,20.175789,41.818908,42.91941,39.61791,22.00995,18.34163,11.7272,22.8725,22.8725
4652,20.175789,41.818908,42.91941,39.61791,22.00995,18.34163,11.7272,22.8725,22.8725
4653,20.175789,41.818908,42.91941,39.61791,22.00995,18.34163,11.7272,22.8725,22.8725
4654,20.175789,41.818908,42.91941,39.61791,22.00995,18.34163,11.7272,22.8725,22.8725
4655,20.175789,41.818908,42.91941,39.61791,22.00995,18.34163,11.7272,22.8725,22.8725
4656,20.175789,41.818908,42.91941,39.61791,22.00995,18.34163,11.7272,22.8725,22.8725
4657,20.175789,41.818908,42.91941,39.61791,22.00995,18.34163,11.7272,22.8725,22.8725
4658,20.175789,41.818908,42.91941,39.61791,22.00995,18.34163,11.7272,22.8725,22.8725
4659,20.175789,41.818908,42.91941,39.61791,22.00995,18.34163,11.7272,22.8725,22.8725
4660,20.175789,41.818908,42.91941,39.61791,22.00995,18.34163,11.7272,22.8725,22.8725
4661,20.175789,41.818908,42.91941,39.61791,22.00995,18.34163,11.7272,22.8725,22.8725
4662,20.175789,41.818908,42.91941,39.61791,22.00995,18.34163,11.7272,22.8725,22.8725
4663,20.175789,41.818908,42.91941,39.61791,22.00995,18.34163,11.7272,22.8725,22.8725
4664,20.175789,41.818908,42.91941,39.61791,22.00995,18.34163,11.7272,22.8725,22.8725
4665,20.175789,41.818908,42.91941,39.61791,22.00995,18.34163,11.7272,22.8725,22.8725
4666,20.175789,41.818908,42.91941,39.61791,22.00995,18.34163,11.7272,22.8725,22.8725
4667,20.175789,41.818908,42.91941,39.61791,22.00995,18.34163,11.7272,22.8725,22.8725
4668,20.175789,41.818908,42.91941,39.61791,22.00995,18.34163,11.7272,22.8725,22.8725
4669,20.175789,41.818908,42.91941,39.61791,22.00995,18.34163,11.7272,22.8725,22.8725
4670,20.175789,41.818908,42.91941,39.61791,22.00995,18.34163,11.7272,22.8725,22.8725
4671,20.175789,41.818908,42.91941,39.61791,22.00995,18.34163,11.7272,22.8725,22.8725
4672,20.175789,41.818908,42.91941,39.61791,22.00995,18.34163,11.7272,22.8725,22.8725
4673,20.175789,41.818908,42.91941,39.61791,22.00995,18.34163,11.7272,22.8725,22.8725
4674,20.175789,41.818908,42.91941,39.61791,22.00995,18.34163,11.7272,22.8725,22.8725
4675,20.175789,41.818908,42.91941,39.61791,22.00995,18.34163,11.7272,22.8725,22.8725
4676,20.175789,41.818908,42.91941,39.61791,22.00995,18.34163,11.7272,22.8725,22.8725
4677,20.175789,41.818908,42.91941,39.61791,22.00995,18.34163,11.7272,22.8725,22.8725
4678,20.175789,41.818908,42.91941,39.61791,22.00995,18.34163,11.7272,22.8725,22.8725
4679,20.175789,41.818908,42.91941,39.61791,22.00995,18.34163,11.7272,22.8725,22.8725
4680,20.175789,41.818908,42.91941,39.61791,22.00995,18.34163,11.7272,22.8725,22.8725
4681,20.175789,41.818908,42.91941,39.61791,22.00995,18.34163,11.7272,22.8725,22.8725
4682,20.175789,41.818908,42.91941,39.61791,22.00995,18.34163,11.7272,22.8725,22.8725
4683,20.175789,41.818908,42.91941,39.61791,22.00995,18.34163,11.7272,22.8725,22.8725
4684,20.175789,41.818908,42.91941,39.61791,22.00995,18.34163,11.7272,22.8725,22.8725
4685,20.175789,41.818908,42.91941,39.61791,22.00995,18.34163,11.7272,22.8725,22.8725
4686,20.175789,41.818908,42.91941,39.61791,22.00995,18.34163,11.7272,22.8725,22.8725
4687,20.175789,41.818908,42.91941,39.61791,22.00995,18.34163,11.7272,22.8725,22.8725
4688,20.175789,41.818908,42.91941,39.61791,22.00995,18.34163,11.7272,22.8725,22.8725
4689,20.175789,41.818908,42.91941,39.61791,22.00995,18.34163,11.7272,22.8725,22.8725
4690,20.175789,41.818908,42.91941,39.61791,22.00995,18.34163,11.7272,22.8725,22.8725
4691,20.175789,41.818908,42.91941,39.61791,22.00995,18.34163,11.7272,22.8725,22.8725
4692,20.175789,41.818908,42.91941,39.61791,22.00995,18.34163,11.7272,22.8725,22.8725
4693,20.175789,41.818908,42.91941,39.61791,22.00995,18.34163,11.7272,22.8725,22.8725
4694,20.175789,41.818908,42.91941,39.61791,22.00995,18.34163,11.7272,22.8725,22.8725
4695,20.175789,41.818908,42.91941,39.61791,22.00995,18.34163,11.7272,22.8725,22.8725
4696,20.175789,41.818908,42.91941,39.61791,22.00995,18.34163,11.7272,22.8725,22.8725
4697,20.175789,41.818908,42.91941,39.61791,22.00995,18.34163,11.7272,22.8725,22.8725
4698,20.175789,41.818908,42.91941,39.61791,22.00995,18.34163,11.7272,22.8725,22.8725
4699,20.175789,41.818908,42.91941,39.61791,22.00995,18.34163,11.7272,22.8725,22.8725
4700,20.175789,41.818908,42.91941,39.61791,22.00995,18.34163,11.7272,22.8725,22.8725
4701,20.175789,41.818908,42.91941,39.61791,22.00995,18.34163,11.7272,22.8725,22.8725
4702,20.175789,41.818908,42.91941,39.61791,22.00995,18.34163,11.7272,22.8725,22.8725
4703,20.175789,41.818908,42.91941,39.61791,22.00995,18.34163,11.7272,22.8725,22.8725
4704,20.175789,41.818908,42.91941,39.61791,22.00995,18.34163,11.7272,22.8725,22.8725
4705,20.175789,41.818908,42.91941,39.61791,22.00995,18.34163,11.7272,22.8725,22.8725
4706,20.175789,41.818908,42.91941,39.61791,22.00995,18.34163,11.7272,22.8725,22.8725
4707,20.175789,41.818908,42.91941,39.61791,22.00995,18.34163,11.7272,22.8725,22.8725
4708,20.175789,41.818908,42.91941,39.61791,22.00995,18.34163,11.7272,22.8725,22.8725
4709,20.175789,41.818908,42.91941,39.61791,22.00995,18.34163,11.7272,22.8725,22.8725
4710,20.175789,41.818908,42.91941,39.61791,22.00995,18.34163,11.7272,22.8725,22.8725
4711,20.175789,41.818908,42.91941,39.61791,22.00995,18.34163,11.7272,22.8725,22.8725
4712,20.175789,41.818908,42.91941,39.61791,22.00995,18.34163,11.7272,22.8725,22.8725
4713,20.175789,41.818908,42.91941,39.61791,22.00995,18.34163,11.7272,22.8725,22.8725
4714,20.175789,41.818908,42.91941,39.61791,22.00995,18.34163,11.7272,22.8725,22.8725
4715,20.175789,41.818908,42.91941,39.61791,22.00995,18.34163,11.7272,22.8725,22.8725
4716,20.175789,41.818908,42.91941,39.61791,22.00995,18.34163,11.7272,22.8725,22.8725
4717,20.175789,41.818908,42.91941,39.61791,22.00995,18.34163,11.7272,22.8725,22.8725
4718,20.175789,41.818908,42.91941,39.61791,22.00995,18.34163,11.7272,22.8725,22.8725
4719,20.175789,41.818908,42.91941,39.61791,22.00995,18.34163,11.7272,22.8725,22.8725
4720,20.175789,41.818908,42.91941,39.61791,22.00995,18.34163,11.7272,22.8725,22.8725
4721,20.175789,41.818908,42.91941,39.61791,22.00995,18.34163,11.7272,22.8725,22.8725
4722,20.175789,41.818908,42.91941,39.61791,22.00995,18.34163,11.7272,22.8725,22.8725
4723,20.175789,41.818908,42.91941,39.61791,22.00995,18.34163,11.7272,22.8725,22.8725
4724,20.175789,41.818908,42.91941,39.61791,22.00995,18.34163,11.7272,22.8725,22.8725
4725,20.175789,41.818908,42.91941,39.61791,22.00995,18.34163,11.7272,22.8725,22.8725
4726,20.175789,41.818908,42.91941,39.61791,22.00995,18.34163,11.7272,22.8725,22.8725
4727,20.175789,41.818908,42.91941,39.61791,22.00995,18.34163,11.7272,22.8725,22.8725
4728,20.175789,41.818908,42.91941,39.61791,22.00995,18.34163,11.7272,22.8725,22.8725
4729,20.175789,41.818908,42.91941,39.61791,22.00995,18.34163,11.7272,22.8725,22.8725
4730,20.175789,41.818908,42.91941,39.61791,22.00995,18.34163,11.7272,22.8725,22.8725
4731,20.175789,41.818908,42.91941,39.61791,22.00995,18.34163,11.7272,22.8725,22.8725
4732,20.175789,41.818908,42.91941,39.61791,22.00995,18.34163,11.7272,22.8725,22.8725
4733,20.175789,41.818908,42.91941,39.61791,22.00995,18.34163,11.7272,22.8725,22.8725
4734,20.175789,41.818908,42.91941,39.61791,22.00995,18.34163,11.7272,22.8725,22.8725
4735,20.175789,41.818908,42.91941,39.61791,22.00995,18.34163,11.7272,22.8725,22.8725
4736,20.175789,41.818908,42.91941,39.61791,22.00995,18.34163,11.7272,22.8725,22.8725
4737,20.175789,41.818908,42.91941,39.61791,22.00995,18.34163,11.7272,22.8725,22.8725
4738,20.175789,41.818908,42.91941,39.61791,22.00995,18.34163,11.7272,22.8725,22.8725
4739,20.175789,41.818908,42.91941,39.61791,22.00995,18.34163,11.7272,22.8725,22.8725
4740,20.175789,41.818908,42.91941,39.61791,22.00995,18.34163,11.7272,22.8725,22.8725
4741,20.175789,41.818908,42.91941,39.61791,22.00995,18.34163,11.7272,22.8725,22.8725
4742,20.175789,41.818908,42.91941,39.61791,22.00995,18.34163,11.7272,22.8725,22.8725
4743,20.175789,41.818908,42.91941,39.61791,22.00995,18.34163,11.7272,22.8725,22.8725
4744,20.175789,41.818908,42.91941,39.61791,22.00995,18.34163,11.7272,22.8725,22.8725
4745,20.175789,41.818908,42.91941,39.61791,22.00995,18.34163,11.7272,22.8725,22.8725
4746,20.175789,41.818908,42.91941,39.61791,22.00995,18.34163,11.7272,22.8725,22.8725
4747,20.175789,41.818908,42.91941,39.61791,22.00995,18.34163,11.7272,22.8725,22.8725
4748,20.175789,41.818908,42.91941,39.61791,22.00995,18.34163,11.7272,22.8725,22.8725
4749,20.175789,41.818908,42.91941,39.61791,22.00995,18.34163,11.7272,22.8725,22.8725
4750,20.175789,41.818908,42.91941,39.61791,22.00995,18.34163,11.7272,22.8725,22.8725
4751,20.175789,41.818908,42.91941,39.61791,22.00995,18.34163,11.7272,22.8725,22.8725
4752,20.175789,41.818908,42.91941,39.61791,22.00995,18.34163,11.7272,22.8725,22.8725
4753,20.175789,41.818908,42.91941,39.61791,22.00995,18.34163,11.7272,22.8725,22.8725
4754,20.175789,41.818908,42.91941,39.61791,22.00995,18.34163,11.7272,22.8725,22.8725
4755,20.175789,41.818908,42.91941,39.61791,22.00995,18.34163,11.7272,22.8725,22.8725
4756,20.175789,41.818908,42.91941,39.61791,22.00995,18.34163,11.7272,22.8725,22.8725
4757,20.175789,41.818908,42.91941,39.61791,22.00995,18.34163,11.7272,22.8725,22.8725
4758,20.175789,41.818908,42.91941,39.61791,22.00995,18.34163,11.7272,22.8725,22.8725
4759,20.175789,41.818908,42.91941,39.61791,22.00995,18.34163,11.7272,22.8725,22.8725
4760,20.175789,41.818908,42.91941,39.61791,22.00995,18.34163,11.7272,22.8725,22.8725
4761,20.175789,41.818908,42.91941,39.61791,22.00995,18.34163,11.7272,22.8725,22.8725
4762,20.175789,41.818908,42.91941,39.61791,22.00995,18.34163,11.7272,22.8725,22.8725
4763,20.175789,41.818908,42.91941,39.61791,22.00995,18.34163,11.7272,22.8725,22.8725
4764,20.175789,41.818908,42.91941,39.61791,22.00995,18.34163,11.7272,22.8725,22.8725
4765,20.175789,41.818908,42.91941,39.61791,22.00995,18.34163,11.7272,22.8725,22.8725
4766,20.175789,41.818908,42.91941,39.61791,22.00995,18.34163,11.7272,22.8725,22.8725
4767,20.175789,41.818908,42.91941,39.61791,22.00995,18.34163,11.7272,22.8725,22.8725
4768,20.175789,41.818908,42.91941,39.61791,22.00995,18.34163,11.7272,22.8725,22.8725
4769,20.175789,41.818908,42.91941,39.61791,22.00995,18.34163,11.7272,22.8725,22.8725
4770,20.175789,41.818908,42.91941,39.61791,22.00995,18.34163,11.7272,22.8725,22.8725
4771,20.175789,41.818908,42.91941,39.61791,22.00995,18.34163,11.7272,22.8725,22.8725
4772,20.175789,41.818908,42.91941,39.61791,22.00995,18.34163,11.7272,22.8725,22.8725
4773,20.175789,41.818908,42.91941,39.61791,22.00995,18.34163,11.7272,22.8725,22.8725
4774,20.175789,41.818908,42.91941,39.61791,22.00995,18.34163,11.7272,22.8725,22.8725
4775,20.175789,41.818908,42.91941,39.61791,22.00995,18.34163,11.7272,22.8725,22.8725
4776,20.175789,41.818908,42.91941,39.61791,22.00995,18.34163,11.7272,22.8725,22.8725
4777,20.175789,41.818908,42.91941,39.61791,22.00995,18.34163,11.7272,22.8725,22.8725
4778,20.175789,41.818908,42.91941,39.61791,22.00995,18.34163,11.7272,22.8725,22.8725
4779,20.175789,41.818908,42.91941,39.61791,22.00995,18.34163,11.7272,22.8725,22.8725
4780,20.175789,41.818908,42.91941,39.61791,22.00995,18.34163,11.7272,22.8725,22.8725
4781,20.175789,41.818908,42.91941,39.61791,22.00995,18.34163,11.7272,22.8725,22.8725
4782,20.175789,41.818908,42.91941,39.61791,22.00995,18.34163,11.7272,22.8725,22.8725
4783,20.175789,41.818908,42.91941,39.61791,22.00995,18.34163,11.7272,22.8725,22.8725
4784,20.175789,41.818908,42.91941,39.61791,22.00995,18.34163,11.7272,22.8725,22.8725
4785,20.175789,41.818908,42.91941,39.61791,22.00995,18.34163,11.7272,22.8725,22.8725
4786,20.175789,41.818908,42.91941,39.61791,22.00995,18.34163,11.7272,22.8725,22.8725
4787,20.175789,41.818908,42.91941,39.61791,22.00995,18.34163,11.7272,22.8725,22.8725
4788,20.175789,41.818908,42.91941,39.61791,22.00995,18.34163,11.7272,22.8725,22.8725
4789,20.175789,41.818908,42.91941,39.61791,22.00995,18.34163,11.7272,22.8725,22.8725
4790,20.175789,41.818908,42.91941,39.61791,22.00995,18.34163,11.7272,22.8725,22.8725
4791,20.175789,41.818908,42.91941,39.61791,22.00995,18.34163,11.7272,22.8725,22.8725
4792,20.175789,41.818908,42.91941,39.61791,22.00995,18.34163,11.7272,22.8725,22.8725
4793,20.175789,41.818908,42.91941,39.61791,22.00995,18.34163,11.7272,22.8725,22.8725
4794,20.175789,41.818908,42.91941,39.61791,22.00995,18.34163,11.7272,22.8725,22.8725
4795,20.175789,41.818908,42.91941,39.61791,22.00995,18.34163,11.7272,22.8725,22.8725
4796,20.175789,41.818908,42.91941,39.61791,22.00995,18.34163,11.7272,22.8725,22.8725
4797,20.175789,41.818908,42.91941,39.61791,22.00995,18.34163,11.7272,22.8725,22.8725
4798,20.175789,41.818908,42.91941,39.61791,22.00995,18.34163,11.7272,22.8725,22.8725
4799,20.175789,41.818908,42.91941,39.61791,22.00995,18.34163,11.7272,22.8725,22.8725
4800,20.175789,41.818908,42.91941,39.61791,22.00995,18.34163,11.7272,22.8725,22.8725
4801,20.175789,41.818908,42.91941,39.61791,22.00995,18.34163,11.7272,22.8725,22.8725
4802,20.175789,41.818908,42.91941,39.61791,22.00995,18.34163,11.7272,22.8725,22.8725
4803,20.175789,41.818908,42.91941,39.61791,22.00995,18.34163,11.7272,22.8725,22.8725
4804,20.175789,41.818908,42.91941,39.61791,22.00995,18.34163,11.7272,22.8725,22.8725
4805,20.175789,41.818908,42.91941,39.61791,22.00995,18.34163,11.7272,22.8725,22.8725
4806,20.175789,41.818908,42.91941,39.61791,22.00995,18.34163,11.7272,22.8725,22.8725
4807,20.175789,41.818908,42.91941,39.61791,22.00995,18.34163,11.7272,22.8725,22.8725
4808,20.175789,41.818908,42.91941,39.61791,22.00995,18.34163,11.7272,22.8725,22.8725
4809,20.175789,41.818908,42.91941,39.61791,22.00995,18.34163,11.7272,22.8725,22.8725
4810,20.175789,41.818908,42.91941,39.61791,22.00995,18.34163,11.7272,22.8725,22.8725
4811,20.175789,41.818908,42.91941,39.61791,22.00995,18.34163,11.7272,22.8725,22.8725
4812,20.175789,41.818908,42.91941,39.61791,22.00995,18.34163,11.7272,22.8725,22.8725
4813,20.175789,41.818908,42.91941,39.61791,22.00995,18.34163,11.7272,22.8725,22.8725
4814,20.175789,41.818908,42.91941,39.61791,22.00995,18.34163,11.7272,22.8725,22.8725
4815,20.175789,41.818908,42.91941,39.61791,22.00995,18.34163,11.7272,22.8725,22.8725
4816,20.175789,41.818908,42.91941,39.61791,22.00995,18.34163,11.7272,22.8725,22.8725
4817,20.175789,41.818908,42.91941,39.61791,22.00995,18.34163,11.7272,22.8725,22.8725
4818,20.175789,41.818908,42.91941,39.61791,22.00995,18.34163,11.7272,22.8725,22.8725
4819,20.175789,41.818908,42.91941,39.61791,22.00995,18.34163,11.7272,22.8725,22.8725
4820,20.175789,41.818908,42.91941,39.61791,22.00995,18.34163,11.7272,22.8725,22.8725
4821,20.175789,41.818908,42.91941,39.61791,22.00995,18.34163,11.7272,22.8725,22.8725
4822,20.175789,41.818908,42.91941,39.61791,22.00995,18.34163,11.7272,22.8725,22.8725
4823,20.175789,41.818908,42.91941,39.61791,22.00995,18.34163,11.7272,22.8725,22.8725
4824,20.175789,41.818908,42.91941,39.61791,22.00995,18.34163,11.7272,22.8725,22.8725
4825,20.175789,41.818908,42.91941,39.61791,22.00995,18.34163,11.7272,22.8725,22.8725
4826,20.175789,41.818908,42.91941,39.61791,22.00995,18.34163,11.7272,22.8725,22.8725
4827,20.175789,41.818908,42.91941,39.61791,22.00995,18.34163,11.7272,22.8725,22.8725
4828,20.175789,41.818908,42.91941,39.61791,22.00995,18.34163,11.7272,22.8725,22.8725
4829,20.175789,41.818908,42.91941,39.61791,22.00995,18.34163,11.7272,22.8725,22.8725
4830,20.175789,41.818908,42.91941,39.61791,22.00995,18.34163,11.7272,22.8725,22.8725
4831,20.175789,41.818908,42.91941,39.61791,22.00995,18.34163,11.7272,22.8725,22.8725
4832,20.175789,41.818908,42.91941,39.61791,22.00995,18.34163,11.7272,22.8725,22.8725
4833,20.175789,41.818908,42.91941,39.61791,22.00995,18.34163,11.7272,22.8725,22.8725
4834,20.175789,41.818908,42.91941,39.61791,22.00995,18.34163,11.7272,22.8725,22.8725
4835,20.175789,41.818908,42.91941,39.61791,22.00995,18.34163,11.7272,22.8725,22.8725
4836,20.175789,41.818908,42.91941,39.61791,22.00995,18.34163,11.7272,22.8725,22.8725
4837,20.175789,41.818908,42.91941,39.61791,22.00995,18.34163,11.7272,22.8725,22.8725
4838,20.175789,41.818908,42.91941,39.61791,22.00995,18.34163,11.7272,22.8725,22.8725
4839,20.175789,41.818908,42.91941,39.61791,22.00995,18.34163,11.7272,22.8725,22.8725
4840,20.175789,41.818908,42.91941,39.61791,22.00995,18.34163,11.7272,22.8725,22.8725
4841,20.175789,41.818908,42.91941,39.61791,22.00995,18.34163,11.7272,22.8725,22.8725
4842,20.175789,41.818908,42.91941,39.61791,22.00995,18.34163,11.7272,22.8725,22.8725
4843,20.175789,41.818908,42.91941,39.61791,22.00995,18.34163,11.7272,22.8725,22.8725
4844,20.175789,41.818908,42.91941,39.61791,22.00995,18.34163,11.7272,22.8725,22.8725
4845,20.175789,41.818908,42.91941,39.61791,22.00995,18.34163,11.7272,22.8725,22.8725
4846,20.175789,41.818908,42.91941,39.61791,22.00995,18.34163,11.7272,22.8725,22.8725
4847,20.175789,41.818908,42.91941,39.61791,22.00995,18.34163,11.7272,22.8725,22.8725
4848,20.175789,41.818908,42.91941,39.61791,22.00995,18.34163,11.7272,22.8725,22.8725
4849,20.175789,41.818908,42.91941,39.61791,22.00995,18.34163,11.7272,22.8725,22.8725
4850,20.175789,41.818908,42.91941,39.61791,22.00995,18.34163,11.7272,22.8725,22.8725
4851,20.175789,41.818908,42.91941,39.61791,22.00995,18.34163,11.7272,22.8725,22.8725
4852,20.175789,41.818908,42.91941,39.61791,22.00995,18.34163,11.7272,22.8725,22.8725
4853,20.175789,41.818908,42.91941,39.61791,22.00995,18.34163,11.7272,22.8725,22.8725
4854,20.175789,41.818908,42.91941,39.61791,22.00995,18.34163,11.7272,22.8725,22.8725
4855,20.175789,41.818908,42.91941,39.61791,22.00995,18.34163,11.7272,22.8725,22.8725
4856,20.175789,41.818908,42.91941,39.61791,22.00995,18.34163,11.7272,22.8725,22.8725
4857,20.175789,41.818908,42.91941,39.61791,22.00995,18.34163,11.7272,22.8725,22.8725
4858,20.175789,41.818908,42.91941,39.61791,22.00995,18.34163,11.7272,22.8725,22.8725
4859,20.175789,41.818908,42.91941,39.61791,22.00995,18.34163,11.7272,22.8725,22.8725
4860,20.175789,41.818908,42.91941,39.61791,22.00995,18.34163,11.7272,22.8725,22.8725
4861,20.175789,41.818908,42.91941,39.61791,22.00995,18.34163,11.7272,22.8725,22.8725
4862,20.175789,41.818908,42.91941,39.61791,22.00995,18.34163,11.7272,22.8725,22.8725
4863,20.175789,41.818908,42.91941,39.61791,22.00995,18.34163,11.7272,22.8725,22.8725
4864,20.175789,41.818908,42.91941,39.61791,22.00995,18.34163,11.7272,22.8725,22.8725
4865,20.175789,41.818908,42.91941,39.61791,22.00995,18.34163,11.7272,22.8725,22.8725
4866,20.175789,41.818908,42.91941,39.61791,22.00995,18.34163,11.7272,22.8725,22.8725
4867,20.175789,41.818908,42.91941,39.61791,22.00995,18.34163,11.7272,22.8725,22.8725
4868,20.175789,41.818908,42.91941,39.61791,22.00995,18.34163,11.7272,22.8725,22.8725
4869,20.175789,41.818908,42.91941,39.61791,22.00995,18.34163,11.7272,22.8725,22.8725
4870,20.175789,41.818908,42.91941,39.61791,22.00995,18.34163,11.7272,22.8725,22.8725
4871,20.175789,41.818908,42.91941,39.61791,22.00995,18.34163,11.7272,22.8725,22.8725
4872,20.175789,41.818908,42.91941,39.61791,22.00995,18.34163,11.7272,22.8725,22.8725
4873,20.175789,41.818908,42.91941,39.61791,22.00995,18.34163,11.7272,22.8725,22.8725
4874,20.175789,41.818908,42.91941,39.61791,22.00995,18.34163,11.7272,22.8725,22.8725
4875,20.175789,41.818908,42.91941,39.61791,22.00995,18.34163,11.7272,22.8725,22.8725
4876,20.175789,41.818908,42.91941,39.61791,22.00995,18.34163,11.7272,22.8725,22.8725
4877,20.175789,41.818908,42.91941,39.61791,22.00995,18.34163,11.7272,22.8725,22.8725
4878,20.175789,41.818908,42.91941,39.61791,22.00995,18.34163,11.7272,22.8725,22.8725
4879,20.175789,41.818908,42.91941,39.61791,22.00995,18.34163,11.7272,22.8725,22.8725
4880,20.175789,41.818908,42.91941,39.61791,22.00995,18.34163,11.7272,22.8725,22.8725
4881,20.175789,41.818908,42.91941,39.61791,22.00995,18.34163,11.7272,22.8725,22.8725
4882,20.175789,41.818908,42.91941,39.61791,22.00995,18.34163,11.7272,22.8725,22.8725
4883,20.175789,41.818908,42.91941,39.61791,22.00995,18.34163,11.7272,22.8725,22.8725
4884,20.175789,41.818908,42.91941,39.61791,22.00995,18.34163,11.7272,22.8725,22.8725
4885,20.175789,41.818908,42.91941,39.61791,22.00995,18.34163,11.7272,22.8725,22.8725
4886,20.175789,41.818908,42.91941,39.61791,22.00995,18.34163,11.7272,22.8725,22.8725
4887,20.175789,41.818908,42.91941,39.61791,22.00995,18.34163,11.7272,22.8725,22.8725
4888,20.175789,41.818908,42.91941,39.61791,22.00995,18.34163,11.7272,22.8725,22.8725
4889,20.175789,41.818908,42.91941,39.61791,22.00995,18.34163,11.7272,22.8725,22.8725
4890,20.175789,41.818908,42.91941,39.61791,22.00995,18.34163,11.7272,22.8725,22.8725
4891,20.175789,41.818908,42.91941,39.61791,22.00995,18.34163,11.7272,22.8725,22.8725
4892,20.175789,41.818908,42.91941,39.61791,22.00995,18.34163,11.7272,22.8725,22.8725
4893,20.175789,41.818908,42.91941,39.61791,22.00995,18.34163,11.7272,22.8725,22.8725
4894,20.175789,41.818908,42.91941,39.61791,22.00995,18.34163,11.7272,22.8725,22.8725
4895,20.175789,41.818908,42.91941,39.61791,22.00995,18.34163,11.7272,22.8725,22.8725
4896,20.175789,41.818908,42.91941,39.61791,22.00995,18.34163,11.7272,22.8725,22.8725
4897,20.175789,41.818908,42.91941,39.61791,22.00995,18.34163,11.7272,22.8725,22.8725
4898,20.175789,41.818908,42.91941,39.61791,22.00995,18.34163,11.7272,22.8725,22.8725
4899,20.175789,41.818908,42.91941,39.61791,22.00995,18.34163,11.7272,22.8725,22.8725
4900,20.175789,41.818908,42.91941,39.61791,22.00995,18.34163,11.7272,22.8725,22.8725
4901,20.175789,41.818908,42.91941,39.61791,22.00995,18.34163,11.7272,22.8725,22.8725
4902,20.175789,41.818908,42.91941,39.61791,22.00995,18.34163,11.7272,22.8725,22.8725
4903,20.175789,41.818908,42.91941,39.61791,22.00995,18.34163,11.7272,22.8725,22.8725
4904,20.175789,41.818908,42.91941,39.61791,22.00995,18.34163,11.7272,22.8725,22.8725
4905,20.175789,41.818908,42.91941,39.61791,22.00995,18.34163,11.7272,22.8725,22.8725
4906,20.175789,41.818908,42.91941,39.61791,22.00995,18.34163,11.7272,22.8725,22.8725
4907,20.175789,41.818908,42.91941,39.61791,22.00995,18.34163,11.7272,22.8725,22.8725
4908,20.175789,41.818908,42.91941,39.61791,22.00995,18.34163,11.7272,22.8725,22.8725
4909,20.175789,41.818908,42.91941,39.61791,22.00995,18.34163,11.7272,22.8725,22.8725
4910,20.175789,41.818908,42.91941,39.61791,22.00995,18.34163,11.7272,22.8725,22.8725
4911,20.175789,41.818908,42.91941,39.61791,22.00995,18.34163,11.7272,22.8725,22.8725
4912,20.175789,41.818908,42.91941,39.61791,22.00995,18.34163,11.7272,22.8725,22.8725
4913,20.175789,41.818908,42.91941,39.61791,22.00995,18.34163,11.7272,22.8725,22.8725
4914,20.175789,41.818908,42.91941,39.61791,22.00995,18.34163,11.7272,22.8725,22.8725
4915,20.175789,41.818908,42.91941,39.61791,22.00995,18.34163,11.7272,22.8725,22.8725
4916,20.175789,41.818908,42.91941,39.61791,22.00995,18.34163,11.7272,22.8725,22.8725
4917,20.175789,41.818908,42.91941,39.61791,22.00995,18.34163,11.7272,22.8725,22.8725
4918,20.175789,41.818908,42.91941,39.61791,22.00995,18.34163,11.7272,22.8725,22.8725
4919,20.175789,41.818908,42.91941,39.61791,22.00995,18.34163,11.7272,22.8725,22.8725
4920,20.175789,41.818908,42.91941,39.61791,22.00995,18.34163,11.7272,22.8725,22.8725
4921,20.175789,41.818908,42.91941,39.61791,22.00995,18.34163,11.7272,22.8725,22.8725
4922,20.175789,41.818908,42.91941,39.61791,22.00995,18.34163,11.7272,22.8725,22.8725
4923,20.175789,41.818908,42.91941,39.61791,22.00995,18.34163,11.7272,22.8725,22.8725
4924,20.175789,41.818908,42.91941,39.61791,22.00995,18.34163,11.7272,22.8725,22.8725
4925,20.175789,41.818908,42.91941,39.61791,22.00995,18.34163,11.7272,22.8725,22.8725
4926,20.175789,41.818908,42.91941,39.61791,22.00995,18.34163,11.7272,22.8725,22.8725
4927,20.175789,41.818908,42.91941,39.61791,22.00995,18.34163,11.7272,22.8725,22.8725
4928,20.175789,41.818908,42.91941,39.61791,22.00995,18.34163,11.7272,22.8725,22.8725
4929,20.175789,41.818908,42.91941,39.61791,22.00995,18.34163,11.7272,22.8725,22.8725
4930,20.175789,41.818908,42.91941,39.61791,22.00995,18.34163,11.7272,22.8725,22.8725
4931,20.175789,41.818908,42.91941,39.61791,22.00995,18.34163,11.7272,22.8725,22.8725
4932,20.175789,41.818908,42.91941,39.61791,22.00995,18.34163,11.7272,22.8725,22.8725
4933,20.175789,41.818908,42.91941,39.61791,22.00995,18.34163,11.7272,22.8725,22.8725
4934,20.175789,41.818908,42.91941,39.61791,22.00995,18.34163,11.7272,22.8725,22.8725
4935,20.175789,41.818908,42.91941,39.61791,22.00995,18.34163,11.7272,22.8725,22.8725
4936,20.175789,41.818908,42.91941,39.61791,22.00995,18.34163,11.7272,22.8725,22.8725
4937,20.175789,41.818908,42.91941,39.61791,22.00995,18.34163,11.7272,22.8725,22.8725
4938,20.175789,41.818908,42.91941,39.61791,22.00995,18.34163,11.7272,22.8725,22.8725
4939,20.175789,41.818908,42.91941,39.61791,22.00995,18.34163,11.7272,22.8725,22.8725
4940,20.175789,41.818908,42.91941,39.61791,22.00995,18.34163,11.7272,22.8725,22.8725
4941,20.175789,41.818908,42.91941,39.61791,22.00995,18.34163,11.7272,22.8725,22.8725
4942,20.175789,41.818908,42.91941,39.61791,22.00995,18.34163,11.7272,22.8725,22.8725
4943,20.175789,41.818908,42.91941,39.61791,22.00995,18.34163,11.7272,22.8725,22.8725
4944,20.175789,41.818908,42.91941,39.61791,22.00995,18.34163,11.7272,22.8725,22.8725
4945,20.175789,41.818908,42.91941,39.61791,22.00995,18.34163,11.7272,22.8725,22.8725
4946,20.175789,41.818908,42.91941,39.61791,22.00995,18.34163,11.7272,22.8725,22.8725
4947,20.175789,41.818908,42.91941,39.61791,22.00995,18.34163,11.7272,22.8725,22.8725
4948,20.175789,41.818908,42.91941,39.61791,22.00995,18.34163,11.7272,22.8725,22.8725
4949,20.175789,41.818908,42.91941,39.61791,22.00995,18.34163,11.7272,22.8725,22.8725
4950,20.175789,41.818908,42.91941,39.61791,22.00995,18.34163,11.7272,22.8725,22.8725
4951,20.175789,41.818908,42.91941,39.61791,22.00995,18.34163,11.7272,22.8725,22.8725
4952,20.175789,41.818908,42.91941,39.61791,22.00995,18.34163,11.7272,22.8725,22.8725
4953,20.175789,41.818908,42.91941,39.61791,22.00995,18.34163,11.7272,22.8725,22.8725
4954,20.175789,41.818908,42.91941,39.61791,22.00995,18.34163,11.7272,22.8725,22.8725
4955,20.175789,41.818908,42.91941,39.61791,22.00995,18.34163,11.7272,22.8725,22.8725
4956,20.175789,41.818908,42.91941,39.61791,22.00995,18.34163,11.7272,22.8725,22.8725
4957,20.175789,41.818908,42.91941,39.61791,22.00995,18.34163,11.7272,22.8725,22.8725
4958,20.175789,41.818908,42.91941,39.61791,22.00995,18.34163,11.7272,22.8725,22.8725
4959,20.175789,41.818908,42.91941,39.61791,22.00995,18.34163,11.7272,22.8725,22.8725
4960,20.175789,41.818908,42.91941,39.61791,22.00995,18.34163,11.7272,22.8725,22.8725
4961,20.175789,41.818908,42.91941,39.61791,22.00995,18.34163,11.7272,22.8725,22.8725
4962,20.175789,41.818908,42.91941,39.61791,22.00995,18.34163,11.7272,22.8725,22.8725
4963,20.175789,41.818908,42.91941,39.61791,22.00995,18.34163,11.7272,22.8725,22.8725
4964,20.175789,41.818908,42.91941,39.61791,22.00995,18.34163,11.7272,22.8725,22.8725
4965,20.175789,41.818908,42.91941,39.61791,22.00995,18.34163,11.7272,22.8725,22.8725
4966,20.175789,41.818908,42.91941,39.61791,22.00995,18.34163,11.7272,22.8725,22.8725
4967,20.175789,41.818908,42.91941,39.61791,22.00995,18.34163,11.7272,22.8725,22.8725
4968,20.175789,41.818908,42.91941,39.61791,22.00995,18.34163,11.7272,22.8725,22.8725
4969,20.175789,41.818908,42.91941,39.61791,22.00995,18.34163,11.7272,22.8725,22.8725
4970,20.175789,41.818908,42.91941,39.61791,22.00995,18.34163,11.7272,22.8725,22.8725
4971,20.175789,41.818908,42.91941,39.61791,22.00995,18.34163,11.7272,22.8725,22.8725
4972,20.175789,41.818908,42.91941,39.61791,22.00995,18.34163,11.7272,22.8725,22.8725
4973,20.175789,41.818908,42.91941,39.61791,22.00995,18.34163,11.7272,22.8725,22.8725
4974,20.175789,41.818908,42.91941,39.61791,22.00995,18.34163,11.7272,22.8725,22.8725
4975,20.175789,41.818908,42.91941,39.61791,22.00995,18.34163,11.7272,22.8725,22.8725
4976,20.175789,41.818908,42.91941,39.61791,22.00995,18.34163,11.7272,22.8725,22.8725
4977,20.175789,41.818908,42.91941,39.61791,22.00995,18.34163,11.7272,22.8725,22.8725
4978,20.175789,41.818908,42.91941,39.61791,22.00995,18.34163,11.7272,22.8725,22.8725
4979,20.175789,41.818908,42.91941,39.61791,22.00995,18.34163,11.7272,22.8725,22.8725
4980,20.175789,41.818908,42.91941,39.61791,22.00995,18.34163,11.7272,22.8725,22.8725
4981,20.175789,41.818908,42.91941,39.61791,22.00995,18.34163,11.7272,22.8725,22.8725
4982,20.175789,41.818908,42.91941,39.61791,22.00995,18.34163,11.7272,22.8725,22.8725
4983,20.175789,41.818908,42.91941,39.61791,22.00995,18.34163,11.7272,22.8725,22.8725
4984,20.175789,41.818908,42.91941,39.61791,22.00995,18.34163,11.7272,22.8725,22.8725
4985,20.175789,41.818908,42.91941,39.61791,22.00995,18.34163,11.7272,22.8725,22.8725
4986,20.175789,41.818908,42.91941,39.61791,22.00995,18.34163,11.7272,22.8725,22.8725
4987,20.175789,41.818908,42.91941,39.61791,22.00995,18.34163,11.7272,22.8725,22.8725
4988,20.175789,41.818908,42.91941,39.61791,22.00995,18.34163,11.7272,22.8725,22.8725
4989,20.175789,41.818908,42.91941,39.61791,22.00995,18.34163,11.7272,22.8725,22.8725
4990,20.175789,41.818908,42.91941,39.61791,22.00995,18.34163,11.7272,22.8725,22.8725
4991,20.175789,41.818908,42.91941,39.61791,22.00995,18.34163,11.7272,22.8725,22.8725
4992,20.175789,41.818908,42.91941,39.61791,22.00995,18.34163,11.7272,22.8725,22.8725
4993,20.175789,41.818908,42.91941,39.61791,22.00995,18.34163,11.7272,22.8725,22.8725
4994,20.175789,41.818908,42.91941,39.61791,22.00995,18.34163,11.7272,22.8725,22.8725
4995,20.175789,41.818908,42.91941,39.61791,22.00995,18.34163,11.7272,22.8725,22.8725
4996,20.175789,41.818908,42.91941,39.61791,22.00995,18.34163,11.7272,22.8725,22.8725
4997,20.175789,41.818908,42.91941,39.61791,22.00995,18.34163,11.7272,22.8725,22.8725
4998,20.175789,41.818908,42.91941,39.61791,22.00995,18.34163,11.7272,22.8725,22.8725
4999,20.175789,41.818908,42.91941,39.61791,22.00995,18.34163,11.7272,22.8725,22.8725
5000,20.175789,41.818908,42.91941,39.61791,22.00995,18.34163,11.7272,22.8725,22.8725
5001,20.175789,41.818908,42.91941,39.61791,22.00995,18.34163,11.7272,22.8725,22.8725
5002,20.175789,41.818908,42.91941,39.61791,22.00995,18.34163,11.7272,22.8725,22.8725
5003,20.175789,41.818908,42.91941,39.61791,22.00995,18.34163,11.7272,22.8725,22.8725
5004,20.175789,41.818908,42.91941,39.61791,22.00995,18.34163,11.7272,22.8725,22.8725
5005,20.175789,41.818908,42.91941,39.61791,22.00995,18.34163,11.7272,22.8725,22.8725
5006,20.175789,41.818908,42.91941,39.61791,22.00995,18.34163,11.7272,22.8725,22.8725
5007,20.175789,41.818908,42.91941,39.61791,22.00995,18.34163,11.7272,22.8725,22.8725
5008,20.175789,41.818908,42.91941,39.61791,22.00995,18.34163,11.7272,22.8725,22.8725
5009,20.175789,41.818908,42.91941,39.61791,22.00995,18.34163,11.7272,22.8725,22.8725
5010,20.175789,41.818908,42.91941,39.61791,22.00995,18.34163,11.7272,22.8725,22.8725
5011,20.175789,41.818908,42.91941,39.61791,22.00995,18.34163,11.7272,22.8725,22.8725
5012,20.175789,41.818908,42.91941,39.61791,22.00995,18.34163,11.7272,22.8725,22.8725
5013,20.175789,41.818908,42.91941,39.61791,22.00995,18.34163,11.7272,22.8725,22.8725
5014,20.175789,41.818908,42.91941,39.61791,22.00995,18.34163,11.7272,22.8725,22.8725
5015,20.175789,41.818908,42.91941,39.61791,22.00995,18.34163,11.7272,22.8725,22.8725
5016,20.175789,41.818908,42.91941,39.61791,22.00995,18.34163,11.7272,22.8725,22.8725
5017,20.175789,41.818908,42.91941,39.61791,22.00995,18.34163,11.7272,22.8725,22.8725
5018,20.175789,41.818908,42.91941,39.61791,22.00995,18.34163,11.7272,22.8725,22.8725
5019,20.175789,41.818908,42.91941,39.61791,22.00995,18.34163,11.7272,22.8725,22.8725
5020,20.175789,41.818908,42.91941,39.61791,22.00995,18.34163,11.7272,22.8725,22.8725
5021,20.175789,41.818908,42.91941,39.61791,22.00995,18.34163,11.7272,22.8725,22.8725
5022,20.175789,41.818908,42.91941,39.61791,22.00995,18.34163,11.7272,22.8725,22.8725
5023,20.175789,41.818908,42.91941,39.61791,22.00995,18.34163,11.7272,22.8725,22.8725
5024,20.175789,41.818908,42.91941,39.61791,22.00995,18.34163,11.7272,22.8725,22.8725
5025,20.175789,41.818908,42.91941,39.61791,22.00995,18.34163,11.7272,22.8725,22.8725
5026,20.175789,41.818908,42.91941,39.61791,22.00995,18.34163,11.7272,22.8725,22.8725
5027,20.175789,41.818908,42.91941,39.61791,22.00995,18.34163,11.7272,22.8725,22.8725
5028,20.175789,41.818908,42.91941,39.61791,22.00995,18.34163,11.7272,22.8725,22.8725
5029,20.175789,41.818908,42.91941,39.61791,22.00995,18.34163,11.7272,22.8725,22.8725
5030,20.175789,41.818908,42.91941,39.61791,22.00995,18.34163,11.7272,22.8725,22.8725
5031,20.175789,41.818908,42.91941,39.61791,22.00995,18.34163,11.7272,22.8725,22.8725
5032,20.175789,41.818908,42.91941,39.61791,22.00995,18.34163,11.7272,22.8725,22.8725
5033,20.175789,41.818908,42.91941,39.61791,22.00995,18.34163,11.7272,22.8725,22.8725
5034,20.175789,41.818908,42.91941,39.61791,22.00995,18.34163,11.7272,22.8725,22.8725
5035,20.175789,41.818908,42.91941,39.61791,22.00995,18.34163,11.7272,22.8725,22.8725
5036,20.175789,41.818908,42.91941,39.61791,22.00995,18.34163,11.7272,22.8725,22.8725
5037,20.175789,41.818908,42.91941,39.61791,22.00995,18.34163,11.7272,22.8725,22.8725
5038,20.175789,41.818908,42.91941,39.61791,22.00995,18.34163,11.7272,22.8725,22.8725
5039,20.175789,41.818908,42.91941,39.61791,22.00995,18.34163,11.7272,22.8725,22.8725
5040,20.175789,41.818908,42.91941,39.61791,22.00995,18.34163,11.7272,22.8725,22.8725
5041,20.175789,41.818908,42.91941,39.61791,22.00995,18.34163,11.7272,22.8725,22.8725
5042,20.175789,41.818908,42.91941,39.61791,22.00995,18.34163,11.7272,22.8725,22.8725
5043,20.175789,41.818908,42.91941,39.61791,22.00995,18.34163,11.7272,22.8725,22.8725
5044,20.175789,41.818908,42.91941,39.61791,22.00995,18.34163,11.7272,22.8725,22.8725
5045,20.175789,41.818908,42.91941,39.61791,22.00995,18.34163,11.7272,22.8725,22.8725
5046,20.175789,41.818908,42.91941,39.61791,22.00995,18.34163,11.7272,22.8725,22.8725
5047,20.175789,41.818908,42.91941,39.61791,22.00995,18.34163,11.7272,22.8725,22.8725
5048,20.175789,41.818908,42.91941,39.61791,22.00995,18.34163,11.7272,22.8725,22.8725
5049,20.175789,41.818908,42.91941,39.61791,22.00995,18.34163,11.7272,22.8725,22.8725
5050,20.175789,41.818908,42.91941,39.61791,22.00995,18.34163,11.7272,22.8725,22.8725
5051,20.175789,41.818908,42.91941,39.61791,22.00995,18.34163,11.7272,22.8725,22.8725
5052,20.175789,41.818908,42.91941,39.61791,22.00995,18.34163,11.7272,22.8725,22.8725
5053,20.175789,41.818908,42.91941,39.61791,22.00995,18.34163,11.7272,22.8725,22.8725
5054,20.175789,41.818908,42.91941,39.61791,22.00995,18.34163,11.7272,22.8725,22.8725
5055,20.175789,41.818908,42.91941,39.61791,22.00995,18.34163,11.7272,22.8725,22.8725
5056,20.175789,41.818908,42.91941,39.61791,22.00995,18.34163,11.7272,22.8725,22.8725
5057,20.175789,41.818908,42.91941,39.61791,22.00995,18.34163,11.7272,22.8725,22.8725
5058,20.175789,41.818908,42.91941,39.61791,22.00995,18.34163,11.7272,22.8725,22.8725
5059,20.175789,41.818908,42.91941,39.61791,22.00995,18.34163,11.7272,22.8725,22.8725
5060,20.175789,41.818908,42.91941,39.61791,22.00995,18.34163,11.7272,22.8725,22.8725
5061,20.175789,41.818908,42.91941,39.61791,22.00995,18.34163,11.7272,22.8725,22.8725
5062,20.175789,41.818908,42.91941,39.61791,22.00995,18.34163,11.7272,22.8725,22.8725
5063,20.175789,41.818908,42.91941,39.61791,22.00995,18.34163,11.7272,22.8725,22.8725
5064,20.175789,41.818908,42.91941,39.61791,22.00995,18.34163,11.7272,22.8725,22.8725
5065,20.175789,41.818908,42.91941,39.61791,22.00995,18.34163,11.7272,22.8725,22.8725
5066,20.175789,41.818908,42.91941,39.61791,22.00995,18.34163,11.7272,22.8725,22.8725
5067,20.175789,41.818908,42.91941,39.61791,22.00995,18.34163,11.7272,22.8725,22.8725
5068,20.175789,41.818908,42.91941,39.61791,22.00995,18.34163,11.7272,22.8725,22.8725
5069,20.175789,41.818908,42.91941,39.61791,22.00995,18.34163,11.7272,22.8725,22.8725
5070,20.175789,41.818908,42.91941,39.61791,22.00995,18.34163,11.7272,22.8725,22.8725
5071,20.175789,41.818908,42.91941,39.61791,22.00995,18.34163,11.7272,22.8725,22.8725
5072,20.175789,41.818908,42.91941,39.61791,22.00995,18.34163,11.7272,22.8725,22.8725
5073,20.175789,41.818908,42.91941,39.61791,22.00995,18.34163,11.7272,22.8725,22.8725
5074,20.175789,41.818908,42.91941,39.61791,22.00995,18.34163,11.7272,22.8725,22.8725
5075,20.175789,41.818908,42.91941,39.61791,22.00995,18.34163,11.7272,22.8725,22.8725
5076,20.175789,41.818908,42.91941,39.61791,22.00995,18.34163,11.7272,22.8725,22.8725
5077,20.175789,41.818908,42.91941,39.61791,22.00995,18.34163,11.7272,22.8725,22.8725
5078,20.175789,41.818908,42.91941,39.61791,22.00995,18.34163,11.7272,22.8725,22.8725
5079,20.175789,41.818908,42.91941,39.61791,22.00995,18.34163,11.7272,22.8725,22.8725
5080,20.175789,41.818908,42.91941,39.61791,22.00995,18.34163,11.7272,22.8725,22.8725
5081,20.175789,41.818908,42.91941,39.61791,22.00995,18.34163,11.7272,22.8725,22.8725
5082,20.175789,41.818908,42.91941,39.61791,22.00995,18.34163,11.7272,22.8725,22.8725
5083,20.175789,41.818908,42.91941,39.61791,22.00995,18.34163,11.7272,22.8725,22.8725
5084,20.175789,41.818908,42.91941,39.61791,22.00995,18.34163,11.7272,22.8725,22.8725
5085,20.175789,41.818908,42.91941,39.61791,22.00995,18.34163,11.7272,22.8725,22.8725
5086,20.175789,41.818908,42.91941,39.61791,22.00995,18.34163,11.7272,22.8725,22.8725
5087,20.175789,41.818908,42.91941,39.61791,22.00995,18.34163,11.7272,22.8725,22.8725
5088,20.175789,41.818908,42.91941,39.61791,22.00995,18.34163,11.7272,22.8725,22.8725
5089,20.175789,41.818908,42.91941,39.61791,22.00995,18.34163,11.7272,22.8725,22.8725
5090,20.175789,41.818908,42.91941,39.61791,22.00995,18.34163,11.7272,22.8725,22.8725
5091,20.175789,41.818908,42.91941,39.61791,22.00995,18.34163,11.7272,22.8725,22.8725
5092,20.175789,41.818908,42.91941,39.61791,22.00995,18.34163,11.7272,22.8725,22.8725
5093,20.175789,41.818908,42.91941,39.61791,22.00995,18.34163,11.7272,22.8725,22.8725
5094,20.175789,41.818908,42.91941,39.61791,22.00995,18.34163,11.7272,22.8725,22.8725
5095,20.175789,41.818908,42.91941,39.61791,22.00995,18.34163,11.7272,22.8725,22.8725
5096,20.175789,41.818908,42.91941,39.61791,22.00995,18.34163,11.7272,22.8725,22.8725
5097,20.175789,41.818908,42.91941,39.61791,22.00995,18.34163,11.7272,22.8725,22.8725
5098,20.175789,41.818908,42.91941,39.61791,22.00995,18.34163,11.7272,22.8725,22.8725
5099,20.175789,41.818908,42.91941,39.61791,22.00995,18.34163,11.7272,22.8725,22.8725
5100,20.175789,41.818908,42.91941,39.61791,22.00995,18.34163,11.7272,22.8725,22.8725
5101,20.175789,41.818908,42.91941,39.61791,22.00995,18.34163,11.7272,22.8725,22.8725
5102,20.175789,41.818908,42.91941,39.61791,22.00995,18.34163,11.7272,22.8725,22.8725
5103,20.175789,41.818908,42.91941,39.61791,22.00995,18.34163,11.7272,22.8725,22.8725
5104,20.175789,41.818908,42.91941,39.61791,22.00995,18.34163,11.7272,22.8725,22.8725
5105,20.175789,41.818908,42.91941,39.61791,22.00995,18.34163,11.7272,22.8725,22.8725
5106,20.175789,41.818908,42.91941,39.61791,22.00995,18.34163,11.7272,22.8725,22.8725
5107,20.175789,41.818908,42.91941,39.61791,22.00995,18.34163,11.7272,22.8725,22.8725
5108,20.175789,41.818908,42.91941,39.61791,22.00995,18.34163,11.7272,22.8725,22.8725
5109,20.175789,41.818908,42.91941,39.61791,22.00995,18.34163,11.7272,22.8725,22.8725
5110,20.175789,41.818908,42.91941,39.61791,22.00995,18.34163,11.7272,22.8725,22.8725
5111,20.175789,41.818908,42.91941,39.61791,22.00995,18.34163,11.7272,22.8725,22.8725
5112,20.175789,41.818908,42.91941,39.61791,22.00995,18.34163,11.7272,22.8725,22.8725
5113,20.175789,41.818908,42.91941,39.61791,22.00995,18.34163,11.7272,22.8725,22.8725
5114,20.175789,41.818908,42.91941,39.61791,22.00995,18.34163,11.7272,22.8725,22.8725
5115,20.175789,41.818908,42.91941,39.61791,22.00995,18.34163,11.7272,22.8725,22.8725
5116,20.175789,41.818908,42.91941,39.61791,22.00995,18.34163,11.7272,22.8725,22.8725
5117,20.175789,41.818908,42.91941,39.61791,22.00995,18.34163,11.7272,22.8725,22.8725
5118,20.175789,41.818908,42.91941,39.61791,22.00995,18.34163,11.7272,22.8725,22.8725
5119,20.175789,41.818908,42.91941,39.61791,22.00995,18.34163,11.7272,22.8725,22.8725
5120,20.175789,41.818908,42.91941,39.61791,22.00995,18.34163,11.7272,22.8725,22.8725
5121,20.175789,41.818908,42.91941,39.61791,22.00995,18.34163,11.7272,22.8725,22.8725
5122,20.175789,41.818908,42.91941,39.61791,22.00995,18.34163,11.7272,22.8725,22.8725
5123,20.175789,41.818908,42.91941,39.61791,22.00995,18.34163,11.7272,22.8725,22.8725
5124,20.175789,41.818908,42.91941,39.61791,22.00995,18.34163,11.7272,22.8725,22.8725
5125,20.175789,41.818908,42.91941,39.61791,22.00995,18.34163,11.7272,22.8725,22.8725
5126,20.175789,41.818908,42.91941,39.61791,22.00995,18.34163,11.7272,22.8725,22.8725
5127,20.175789,41.818908,42.91941,39.61791,22.00995,18.34163,11.7272,22.8725,22.8725
5128,20.175789,41.818908,42.91941,39.61791,22.00995,18.34163,11.7272,22.8725,22.8725
5129,20.175789,41.818908,42.91941,39.61791,22.00995,18.34163,11.7272,22.8725,22.8725
5130,20.175789,41.818908,42.91941,39.61791,22.00995,18.34163,11.7272,22.8725,22.8725
5131,20.175789,41.818908,42.91941,39.61791,22.00995,18.34163,11.7272,22.8725,22.8725
5132,20.175789,41.818908,42.91941,39.61791,22.00995,18.34163,11.7272,22.8725,22.8725
5133,20.175789,41.818908,42.91941,39.61791,22.00995,18.34163,11.7272,22.8725,22.8725
5134,20.175789,41.818908,42.91941,39.61791,22.00995,18.34163,11.7272,22.8725,22.8725
5135,20.175789,41.818908,42.91941,39.61791,22.00995,18.34163,11.7272,22.8725,22.8725
5136,20.175789,41.818908,42.91941,39.61791,22.00995,18.34163,11.7272,22.8725,22.8725
5137,20.175789,41.818908,42.91941,39.61791,22.00995,18.34163,11.7272,22.8725,22.8725
5138,20.175789,41.818908,42.91941,39.61791,22.00995,18.34163,11.7272,22.8725,22.8725
5139,20.175789,41.818908,42.91941,39.61791,22.00995,18.34163,11.7272,22.8725,22.8725
5140,20.175789,41.818908,42.91941,39.61791,22.00995,18.34163,11.7272,22.8725,22.8725
5141,20.175789,41.818908,42.91941,39.61791,22.00995,18.34163,11.7272,22.8725,22.8725
5142,20.175789,41.818908,42.91941,39.61791,22.00995,18.34163,11.7272,22.8725,22.8725
5143,20.175789,41.818908,42.91941,39.61791,22.00995,18.34163,11.7272,22.8725,22.8725
5144,20.175789,41.818908,42.91941,39.61791,22.00995,18.34163,11.7272,22.8725,22.8725
5145,20.175789,41.818908,42.91941,39.61791,22.00995,18.34163,11.7272,22.8725,22.8725
5146,20.175789,41.818908,42.91941,39.61791,22.00995,18.34163,11.7272,22.8725,22.8725
5147,20.175789,41.818908,42.91941,39.61791,22.00995,18.34163,11.7272,22.8725,22.8725
5148,20.175789,41.818908,42.91941,39.61791,22.00995,18.34163,11.7272,22.8725,22.8725
5149,20.175789,41.818908,42.91941,39.61791,22.00995,18.34163,11.7272,22.8725,22.8725
5150,20.175789,41.818908,42.91941,39.61791,22.00995,18.34163,11.7272,22.8725,22.8725
5151,20.175789,41.818908,42.91941,39.61791,22.00995,18.34163,11.7272,22.8725,22.8725
5152,20.175789,41.818908,42.91941,39.61791,22.00995,18.34163,11.7272,22.8725,22.8725
5153,20.175789,41.818908,42.91941,39.61791,22.00995,18.34163,11.7272,22.8725,22.8725
5154,20.175789,41.818908,42.91941,39.61791,22.00995,18.34163,11.7272,22.8725,22.8725
5155,20.175789,41.818908,42.91941,39.61791,22.00995,18.34163,11.7272,22.8725,22.8725
5156,20.175789,41.818908,42.91941,39.61791,22.00995,18.34163,11.7272,22.8725,22.8725
5157,20.175789,41.818908,42.91941,39.61791,22.00995,18.34163,11.7272,22.8725,22.8725
5158,20.175789,41.818908,42.91941,39.61791,22.00995,18.34163,11.7272,22.8725,22.8725
5159,20.175789,41.818908,42.91941,39.61791,22.00995,18.34163,11.7272,22.8725,22.8725
5160,20.175789,41.818908,42.91941,39.61791,22.00995,18.34163,11.7272,22.8725,22.8725
5161,20.175789,41.818908,42.91941,39.61791,22.00995,18.34163,11.7272,22.8725,22.8725
5162,20.175789,41.818908,42.91941,39.61791,22.00995,18.34163,11.7272,22.8725,22.8725
5163,20.175789,41.818908,42.91941,39.61791,22.00995,18.34163,11.7272,22.8725,22.8725
5164,20.175789,41.818908,42.91941,39.61791,22.00995,18.34163,11.7272,22.8725,22.8725
5165,20.175789,41.818908,42.91941,39.61791,22.00995,18.34163,11.7272,22.8725,22.8725
5166,20.175789,41.818908,42.91941,39.61791,22.00995,18.34163,11.7272,22.8725,22.8725
5167,20.175789,41.818908,42.91941,39.61791,22.00995,18.34163,11.7272,22.8725,22.8725
5168,20.175789,41.818908,42.91941,39.61791,22.00995,18.34163,11.7272,22.8725,22.8725
5169,20.175789,41.818908,42.91941,39.61791,22.00995,18.34163,11.7272,22.8725,22.8725
5170,20.175789,41.818908,42.91941,39.61791,22.00995,18.34163,11.7272,22.8725,22.8725
5171,20.175789,41.818908,42.91941,39.61791,22.00995,18.34163,11.7272,22.8725,22.8725
5172,20.175789,41.818908,42.91941,39.61791,22.00995,18.34163,11.7272,22.8725,22.8725
5173,20.175789,41.818908,42.91941,39.61791,22.00995,18.34163,11.7272,22.8725,22.8725
5174,20.175789,41.818908,42.91941,39.61791,22.00995,18.34163,11.7272,22.8725,22.8725
5175,20.175789,41.818908,42.91941,39.61791,22.00995,18.34163,11.7272,22.8725,22.8725
5176,20.175789,41.818908,42.91941,39.61791,22.00995,18.34163,11.7272,22.8725,22.8725
5177,20.175789,41.818908,42.91941,39.61791,22.00995,18.34163,11.7272,22.8725,22.8725
5178,20.175789,41.818908,42.91941,39.61791,22.00995,18.34163,11.7272,22.8725,22.8725
5179,20.175789,41.818908,42.91941,39.61791,22.00995,18.34163,11.7272,22.8725,22.8725
5180,20.175789,41.818908,42.91941,39.61791,22.00995,18.34163,11.7272,22.8725,22.8725
5181,20.175789,41.818908,42.91941,39.61791,22.00995,18.34163,11.7272,22.8725,22.8725
5182,20.175789,41.818908,42.91941,39.61791,22.00995,18.34163,11.7272,22.8725,22.8725
5183,20.175789,41.818908,42.91941,39.61791,22.00995,18.34163,11.7272,22.8725,22.8725
5184,20.175789,41.818908,42.91941,39.61791,22.00995,18.34163,11.7272,22.8725,22.8725
5185,20.175789,41.818908,42.91941,39.61791,22.00995,18.34163,11.7272,22.8725,22.8725
5186,20.175789,41.818908,42.91941,39.61791,22.00995,18.34163,11.7272,22.8725,22.8725
5187,20.175789,41.818908,42.91941,39.61791,22.00995,18.34163,11.7272,22.8725,22.8725
5188,20.175789,41.818908,42.91941,39.61791,22.00995,18.34163,11.7272,22.8725,22.8725
5189,20.175789,41.818908,42.91941,39.61791,22.00995,18.34163,11.7272,22.8725,22.8725
5190,20.175789,41.818908,42.91941,39.61791,22.00995,18.34163,11.7272,22.8725,22.8725
5191,20.175789,41.818908,42.91941,39.61791,22.00995,18.34163,11.7272,22.8725,22.8725
5192,20.175789,41.818908,42.91941,39.61791,22.00995,18.34163,11.7272,22.8725,22.8725
5193,20.175789,41.818908,42.91941,39.61791,22.00995,18.34163,11.7272,22.8725,22.8725
5194,20.175789,41.818908,42.91941,39.61791,22.00995,18.34163,11.7272,22.8725,22.8725
5195,20.175789,41.818908,42.91941,39.61791,22.00995,18.34163,11.7272,22.8725,22.8725
5196,20.175789,41.818908,42.91941,39.61791,22.00995,18.34163,11.7272,22.8725,22.8725
5197,20.175789,41.818908,42.91941,39.61791,22.00995,18.34163,11.7272,22.8725,22.8725
5198,20.175789,41.818908,42.91941,39.61791,22.00995,18.34163,11.7272,22.8725,22.8725
5199,20.175789,41.818908,42.91941,39.61791,22.00995,18.34163,11.7272,22.8725,22.8725
5200,20.175789,41.818908,42.91941,39.61791,22.00995,18.34163,11.7272,22.8725,22.8725
5201,20.175789,41.818908,42.91941,39.61791,22.00995,18.34163,11.7272,22.8725,22.8725
5202,20.175789,41.818908,42.91941,39.61791,22.00995,18.34163,11.7272,22.8725,22.8725
5203,20.175789,41.818908,42.91941,39.61791,22.00995,18.34163,11.7272,22.8725,22.8725
5204,20.175789,41.818908,42.91941,39.61791,22.00995,18.34163,11.7272,22.8725,22.8725
5205,20.175789,41.818908,42.91941,39.61791,22.00995,18.34163,11.7272,22.8725,22.8725
5206,20.175789,41.818908,42.91941,39.61791,22.00995,18.34163,11.7272,22.8725,22.8725
5207,20.175789,41.818908,42.91941,39.61791,22.00995,18.34163,11.7272,22.8725,22.8725
5208,20.175789,41.818908,42.91941,39.61791,22.00995,18.34163,11.7272,22.8725,22.8725
5209,20.175789,41.818908,42.91941,39.61791,22.00995,18.34163,11.7272,22.8725,22.8725
5210,20.175789,41.818908,42.91941,39.61791,22.00995,18.34163,11.7272,22.8725,22.8725
5211,20.175789,41.818908,42.91941,39.61791,22.00995,18.34163,11.7272,22.8725,22.8725
5212,20.175789,41.818908,42.91941,39.61791,22.00995,18.34163,11.7272,22.8725,22.8725
5213,20.175789,41.818908,42.91941,39.61791,22.00995,18.34163,11.7272,22.8725,22.8725
5214,20.175789,41.818908,42.91941,39.61791,22.00995,18.34163,11.7272,22.8725,22.8725
5215,20.175789,41.818908,42.91941,39.61791,22.00995,18.34163,11.7272,22.8725,22.8725
5216,20.175789,41.818908,42.91941,39.61791,22.00995,18.34163,11.7272,22.8725,22.8725
5217,20.175789,41.818908,42.91941,39.61791,22.00995,18.34163,11.7272,22.8725,22.8725
5218,20.175789,41.818908,42.91941,39.61791,22.00995,18.34163,11.7272,22.8725,22.8725
5219,20.175789,41.818908,42.91941,39.61791,22.00995,18.34163,11.7272,22.8725,22.8725
5220,20.175789,41.818908,42.91941,39.61791,22.00995,18.34163,11.7272,22.8725,22.8725
5221,20.175789,41.818908,42.91941,39.61791,22.00995,18.34163,11.7272,22.8725,22.8725
5222,20.175789,41.818908,42.91941,39.61791,22.00995,18.34163,11.7272,22.8725,22.8725
5223,20.175789,41.818908,42.91941,39.61791,22.00995,18.34163,11.7272,22.8725,22.8725
5224,20.175789,41.818908,42.91941,39.61791,22.00995,18.34163,11.7272,22.8725,22.8725
5225,20.175789,41.818908,42.91941,39.61791,22.00995,18.34163,11.7272,22.8725,22.8725
5226,20.175789,41.818908,42.91941,39.61791,22.00995,18.34163,11.7272,22.8725,22.8725
5227,20.175789,41.818908,42.91941,39.61791,22.00995,18.34163,11.7272,22.8725,22.8725
5228,20.175789,41.818908,42.91941,39.61791,22.00995,18.34163,11.7272,22.8725,22.8725
5229,20.175789,41.818908,42.91941,39.61791,22.00995,18.34163,11.7272,22.8725,22.8725
5230,20.175789,41.818908,42.91941,39.61791,22.00995,18.34163,11.7272,22.8725,22.8725
5231,20.175789,41.818908,42.91941,39.61791,22.00995,18.34163,11.7272,22.8725,22.8725
5232,20.175789,41.818908,42.91941,39.61791,22.00995,18.34163,11.7272,22.8725,22.8725
5233,20.175789,41.818908,42.91941,39.61791,22.00995,18.34163,11.7272,22.8725,22.8725
5234,20.175789,41.818908,42.91941,39.61791,22.00995,18.34163,11.7272,22.8725,22.8725
5235,20.175789,41.818908,42.91941,39.61791,22.00995,18.34163,11.7272,22.8725,22.8725
5236,20.175789,41.818908,42.91941,39.61791,22.00995,18.34163,11.7272,22.8725,22.8725
5237,20.175789,41.818908,42.91941,39.61791,22.00995,18.34163,11.7272,22.8725,22.8725
5238,20.175789,41.818908,42.91941,39.61791,22.00995,18.34163,11.7272,22.8725,22.8725
5239,20.175789,41.818908,42.91941,39.61791,22.00995,18.34163,11.7272,22.8725,22.8725
5240,20.175789,41.818908,42.91941,39.61791,22.00995,18.34163,11.7272,22.8725,22.8725
5241,20.175789,41.818908,42.91941,39.61791,22.00995,18.34163,11.7272,22.8725,22.8725
5242,20.175789,41.818908,42.91941,39.61791,22.00995,18.34163,11.7272,22.8725,22.8725
5243,20.175789,41.818908,42.91941,39.61791,22.00995,18.34163,11.7272,22.8725,22.8725
5244,20.175789,41.818908,42.91941,39.61791,22.00995,18.34163,11.7272,22.8725,22.8725
5245,20.175789,41.818908,42.91941,39.61791,22.00995,18.34163,11.7272,22.8725,22.8725
5246,20.175789,41.818908,42.91941,39.61791,22.00995,18.34163,11.7272,22.8725,22.8725
5247,20.175789,41.818908,42.91941,39.61791,22.00995,18.34163,11.7272,22.8725,22.8725
5248,20.175789,41.818908,42.91941,39.61791,22.00995,18.34163,11.7272,22.8725,22.8725
5249,20.175789,41.818908,42.91941,39.61791,22.00995,18.34163,11.7272,22.8725,22.8725
5250,20.175789,41.818908,42.91941,39.61791,22.00995,18.34163,11.7272,22.8725,22.8725
5251,20.175789,41.818908,42.91941,39.61791,22.00995,18.34163,11.7272,22.8725,22.8725
5252,20.175789,41.818908,42.91941,39.61791,22.00995,18.34163,11.7272,22.8725,22.8725
5253,20.175789,41.818908,42.91941,39.61791,22.00995,18.34163,11.7272,22.8725,22.8725
5254,20.175789,41.818908,42.91941,39.61791,22.00995,18.34163,11.7272,22.8725,22.8725
5255,20.175789,41.818908,42.91941,39.61791,22.00995,18.34163,11.7272,22.8725,22.8725
5256,20.175789,41.818908,42.91941,39.61791,22.00995,18.34163,11.7272,22.8725,22.8725
5257,20.175789,41.818908,42.91941,39.61791,22.00995,18.34163,11.7272,22.8725,22.8725
5258,20.175789,41.818908,42.91941,39.61791,22.00995,18.34163,11.7272,22.8725,22.8725
5259,20.175789,41.818908,42.91941,39.61791,22.00995,18.34163,11.7272,22.8725,22.8725
5260,20.175789,41.818908,42.91941,39.61791,22.00995,18.34163,11.7272,22.8725,22.8725
5261,20.175789,41.818908,42.91941,39.61791,22.00995,18.34163,11.7272,22.8725,22.8725
5262,20.175789,41.818908,42.91941,39.61791,22.00995,18.34163,11.7272,22.8725,22.8725
5263,20.175789,41.818908,42.91941,39.61791,22.00995,18.34163,11.7272,22.8725,22.8725
5264,20.175789,41.818908,42.91941,39.61791,22.00995,18.34163,11.7272,22.8725,22.8725
5265,20.175789,41.818908,42.91941,39.61791,22.00995,18.34163,11.7272,22.8725,22.8725
5266,20.175789,41.818908,42.91941,39.61791,22.00995,18.34163,11.7272,22.8725,22.8725
5267,20.175789,41.818908,42.91941,39.61791,22.00995,18.34163,11.7272,22.8725,22.8725
5268,20.175789,41.818908,42.91941,39.61791,22.00995,18.34163,11.7272,22.8725,22.8725
5269,20.175789,41.818908,42.91941,39.61791,22.00995,18.34163,11.7272,22.8725,22.8725
5270,20.175789,41.818908,42.91941,39.61791,22.00995,18.34163,11.7272,22.8725,22.8725
5271,20.175789,41.818908,42.91941,39.61791,22.00995,18.34163,11.7272,22.8725,22.8725
5272,20.175789,41.818908,42.91941,39.61791,22.00995,18.34163,11.7272,22.8725,22.8725
5273,20.175789,41.818908,42.91941,39.61791,22.00995,18.34163,11.7272,22.8725,22.8725
5274,20.175789,41.818908,42.91941,39.61791,22.00995,18.34163,11.7272,22.8725,22.8725
5275,20.175789,41.818908,42.91941,39.61791,22.00995,18.34163,11.7272,22.8725,22.8725
5276,20.175789,41.818908,42.91941,39.61791,22.00995,18.34163,11.7272,22.8725,22.8725
5277,20.175789,41.818908,42.91941,39.61791,22.00995,18.34163,11.7272,22.8725,22.8725
5278,20.175789,41.818908,42.91941,39.61791,22.00995,18.34163,11.7272,22.8725,22.8725
5279,20.175789,41.818908,42.91941,39.61791,22.00995,18.34163,11.7272,22.8725,22.8725
5280,20.175789,41.818908,42.91941,39.61791,22.00995,18.34163,11.7272,22.8725,22.8725
5281,20.175789,41.818908,42.91941,39.61791,22.00995,18.34163,11.7272,22.8725,22.8725
5282,20.175789,41.818908,42.91941,39.61791,22.00995,18.34163,11.7272,22.8725,22.8725
5283,20.175789,41.818908,42.91941,39.61791,22.00995,18.34163,11.7272,22.8725,22.8725
5284,20.175789,41.818908,42.91941,39.61791,22.00995,18.34163,11.7272,22.8725,22.8725
5285,20.175789,41.818908,42.91941,39.61791,22.00995,18.34163,11.7272,22.8725,22.8725
5286,20.175789,41.818908,42.91941,39.61791,22.00995,18.34163,11.7272,22.8725,22.8725
5287,20.175789,41.818908,42.91941,39.61791,22.00995,18.34163,11.7272,22.8725,22.8725
5288,20.175789,41.818908,42.91941,39.61791,22.00995,18.34163,11.7272,22.8725,22.8725
5289,20.175789,41.818908,42.91941,39.61791,22.00995,18.34163,11.7272,22.8725,22.8725
5290,20.175789,41.818908,42.91941,39.61791,22.00995,18.34163,11.7272,22.8725,22.8725
5291,20.175789,41.818908,42.91941,39.61791,22.00995,18.34163,11.7272,22.8725,22.8725
5292,20.175789,41.818908,42.91941,39.61791,22.00995,18.34163,11.7272,22.8725,22.8725
5293,20.175789,41.818908,42.91941,39.61791,22.00995,18.34163,11.7272,22.8725,22.8725
5294,20.175789,41.818908,42.91941,39.61791,22.00995,18.34163,11.7272,22.8725,22.8725
5295,20.175789,41.818908,42.91941,39.61791,22.00995,18.34163,11.7272,22.8725,22.8725
5296,20.175789,41.818908,42.91941,39.61791,22.00995,18.34163,11.7272,22.8725,22.8725
5297,20.175789,41.818908,42.91941,39.61791,22.00995,18.34163,11.7272,22.8725,22.8725
5298,20.175789,41.818908,42.91941,39.61791,22.00995,18.34163,11.7272,22.8725,22.8725
5299,20.175789,41.818908,42.91941,39.61791,22.00995,18.34163,11.7272,22.8725,22.8725
5300,20.175789,41.818908,42.91941,39.61791,22.00995,18.34163,11.7272,22.8725,22.8725
5301,20.175789,41.818908,42.91941,39.61791,22.00995,18.34163,11.7272,22.8725,22.8725
5302,20.175789,41.818908,42.91941,39.61791,22.00995,18.34163,11.7272,22.8725,22.8725
5303,20.175789,41.818908,42.91941,39.61791,22.00995,18.34163,11.7272,22.8725,22.8725
5304,20.175789,41.818908,42.91941,39.61791,22.00995,18.34163,11.7272,22.8725,22.8725
5305,20.175789,41.818908,42.91941,39.61791,22.00995,18.34163,11.7272,22.8725,22.8725
5306,20.175789,41.818908,42.91941,39.61791,22.00995,18.34163,11.7272,22.8725,22.8725
5307,20.175789,41.818908,42.91941,39.61791,22.00995,18.34163,11.7272,22.8725,22.8725
5308,20.175789,41.818908,42.91941,39.61791,22.00995,18.34163,11.7272,22.8725,22.8725
5309,20.175789,41.818908,42.91941,39.61791,22.00995,18.34163,11.7272,22.8725,22.8725
5310,20.175789,41.818908,42.91941,39.61791,22.00995,18.34163,11.7272,22.8725,22.8725
5311,20.175789,41.818908,42.91941,39.61791,22.00995,18.34163,11.7272,22.8725,22.8725
5312,20.175789,41.818908,42.91941,39.61791,22.00995,18.34163,11.7272,22.8725,22.8725
5313,20.175789,41.818908,42.91941,39.61791,22.00995,18.34163,11.7272,22.8725,22.8725
5314,20.175789,41.818908,42.91941,39.61791,22.00995,18.34163,11.7272,22.8725,22.8725
5315,20.175789,41.818908,42.91941,39.61791,22.00995,18.34163,11.7272,22.8725,22.8725
5316,20.175789,41.818908,42.91941,39.61791,22.00995,18.34163,11.7272,22.8725,22.8725
5317,20.175789,41.818908,42.91941,39.61791,22.00995,18.34163,11.7272,22.8725,22.8725
5318,20.175789,41.818908,42.91941,39.61791,22.00995,18.34163,11.7272,22.8725,22.8725
5319,20.175789,41.818908,42.91941,39.61791,22.00995,18.34163,11.7272,22.8725,22.8725
5320,20.175789,41.818908,42.91941,39.61791,22.00995,18.34163,11.7272,22.8725,22.8725
5321,20.175789,41.818908,42.91941,39.61791,22.00995,18.34163,11.7272,22.8725,22.8725
5322,20.175789,41.818908,42.91941,39.61791,22.00995,18.34163,11.7272,22.8725,22.8725
5323,20.175789,41.818908,42.91941,39.61791,22.00995,18.34163,11.7272,22.8725,22.8725
5324,20.175789,41.818908,42.91941,39.61791,22.00995,18.34163,11.7272,22.8725,22.8725
5325,20.175789,41.818908,42.91941,39.61791,22.00995,18.34163,11.7272,22.8725,22.8725
5326,20.175789,41.818908,42.91941,39.61791,22.00995,18.34163,11.7272,22.8725,22.8725
5327,20.175789,41.818908,42.91941,39.61791,22.00995,18.34163,11.7272,22.8725,22.8725
5328,20.175789,41.818908,42.91941,39.61791,22.00995,18.34163,11.7272,22.8725,22.8725
5329,20.175789,41.818908,42.91941,39.61791,22.00995,18.34163,11.7272,22.8725,22.8725
5330,20.175789,41.818908,42.91941,39.61791,22.00995,18.34163,11.7272,22.8725,22.8725
5331,20.175789,41.818908,42.91941,39.61791,22.00995,18.34163,11.7272,22.8725,22.8725
5332,20.175789,41.818908,42.91941,39.61791,22.00995,18.34163,11.7272,22.8725,22.8725
5333,20.175789,41.818908,42.91941,39.61791,22.00995,18.34163,11.7272,22.8725,22.8725
5334,20.175789,41.818908,42.91941,39.61791,22.00995,18.34163,11.7272,22.8725,22.8725
5335,20.175789,41.818908,42.91941,39.61791,22.00995,18.34163,11.7272,22.8725,22.8725
5336,20.175789,41.818908,42.91941,39.61791,22.00995,18.34163,11.7272,22.8725,22.8725
5337,20.175789,41.818908,42.91941,39.61791,22.00995,18.34163,11.7272,22.8725,22.8725
5338,20.175789,41.818908,42.91941,39.61791,22.00995,18.34163,11.7272,22.8725,22.8725
5339,20.175789,41.818908,42.91941,39.61791,22.00995,18.34163,11.7272,22.8725,22.8725
5340,20.175789,41.818908,42.91941,39.61791,22.00995,18.34163,11.7272,22.8725,22.8725
5341,20.175789,41.818908,42.91941,39.61791,22.00995,18.34163,11.7272,22.8725,22.8725
5342,20.175789,41.818908,42.91941,39.61791,22.00995,18.34163,11.7272,22.8725,22.8725
5343,20.175789,41.818908,42.91941,39.61791,22.00995,18.34163,11.7272,22.8725,22.8725
5344,20.175789,41.818908,42.91941,39.61791,22.00995,18.34163,11.7272,22.8725,22.8725
5345,20.175789,41.818908,42.91941,39.61791,22.00995,18.34163,11.7272,22.8725,22.8725
5346,20.175789,41.818908,42.91941,39.61791,22.00995,18.34163,11.7272,22.8725,22.8725
5347,20.175789,41.818908,42.91941,39.61791,22.00995,18.34163,11.7272,22.8725,22.8725
5348,20.175789,41.818908,42.91941,39.61791,22.00995,18.34163,11.7272,22.8725,22.8725
5349,20.175789,41.818908,42.91941,39.61791,22.00995,18.34163,11.7272,22.8725,22.8725
5350,20.175789,41.818908,42.91941,39.61791,22.00995,18.34163,11.7272,22.8725,22.8725
5351,20.175789,41.818908,42.91941,39.61791,22.00995,18.34163,11.7272,22.8725,22.8725
5352,20.175789,41.818908,42.91941,39.61791,22.00995,18.34163,11.7272,22.8725,22.8725
5353,20.175789,41.818908,42.91941,39.61791,22.00995,18.34163,11.7272,22.8725,22.8725
5354,20.175789,41.818908,42.91941,39.61791,22.00995,18.34163,11.7272,22.8725,22.8725
5355,20.175789,41.818908,42.91941,39.61791,22.00995,18.34163,11.7272,22.8725,22.8725
5356,20.175789,41.818908,42.91941,39.61791,22.00995,18.34163,11.7272,22.8725,22.8725
5357,20.175789,41.818908,42.91941,39.61791,22.00995,18.34163,11.7272,22.8725,22.8725
5358,20.175789,41.818908,42.91941,39.61791,22.00995,18.34163,11.7272,22.8725,22.8725
5359,20.175789,41.818908,42.91941,39.61791,22.00995,18.34163,11.7272,22.8725,22.8725
5360,20.175789,41.818908,42.91941,39.61791,22.00995,18.34163,11.7272,22.8725,22.8725
5361,20.175789,41.818908,42.91941,39.61791,22.00995,18.34163,11.7272,22.8725,22.8725
5362,20.175789,41.818908,42.91941,39.61791,22.00995,18.34163,11.7272,22.8725,22.8725
5363,20.175789,41.818908,42.91941,39.61791,22.00995,18.34163,11.7272,22.8725,22.8725
5364,20.175789,41.818908,42.91941,39.61791,22.00995,18.34163,11.7272,22.8725,22.8725
5365,20.175789,41.818908,42.91941,39.61791,22.00995,18.34163,11.7272,22.8725,22.8725
5366,20.175789,41.818908,42.91941,39.61791,22.00995,18.34163,11.7272,22.8725,22.8725
5367,20.175789,41.818908,42.91941,39.61791,22.00995,18.34163,11.7272,22.8725,22.8725
5368,20.175789,41.818908,42.91941,39.61791,22.00995,18.34163,11.7272,22.8725,22.8725
5369,20.175789,41.818908,42.91941,39.61791,22.00995,18.34163,11.7272,22.8725,22.8725
5370,20.175789,41.818908,42.91941,39.61791,22.00995,18.34163,11.7272,22.8725,22.8725
5371,20.175789,41.818908,42.91941,39.61791,22.00995,18.34163,11.7272,22.8725,22.8725
5372,20.175789,41.818908,42.91941,39.61791,22.00995,18.34163,11.7272,22.8725,22.8725
5373,20.175789,41.818908,42.91941,39.61791,22.00995,18.34163,11.7272,22.8725,22.8725
5374,20.175789,41.818908,42.91941,39.61791,22.00995,18.34163,11.7272,22.8725,22.8725
5375,20.175789,41.818908,42.91941,39.61791,22.00995,18.34163,11.7272,22.8725,22.8725
5376,20.175789,41.818908,42.91941,39.61791,22.00995,18.34163,11.7272,22.8725,22.8725
5377,20.175789,41.818908,42.91941,39.61791,22.00995,18.34163,11.7272,22.8725,22.8725
5378,20.175789,41.818908,42.91941,39.61791,22.00995,18.34163,11.7272,22.8725,22.8725
5379,20.175789,41.818908,42.91941,39.61791,22.00995,18.34163,11.7272,22.8725,22.8725
5380,20.175789,41.818908,42.91941,39.61791,22.00995,18.34163,11.7272,22.8725,22.8725
5381,20.175789,41.818908,42.91941,39.61791,22.00995,18.34163,11.7272,22.8725,22.8725
5382,20.175789,41.818908,42.91941,39.61791,22.00995,18.34163,11.7272,22.8725,22.8725
5383,20.175789,41.818908,42.91941,39.61791,22.00995,18.34163,11.7272,22.8725,22.8725
5384,20.175789,41.818908,42.91941,39.61791,22.00995,18.34163,11.7272,22.8725,22.8725
5385,20.175789,41.818908,42.91941,39.61791,22.00995,18.34163,11.7272,22.8725,22.8725
5386,20.175789,41.818908,42.91941,39.61791,22.00995,18.34163,11.7272,22.8725,22.8725
5387,20.175789,41.818908,42.91941,39.61791,22.00995,18.34163,11.7272,22.8725,22.8725
5388,20.175789,41.818908,42.91941,39.61791,22.00995,18.34163,11.7272,22.8725,22.8725
5389,20.175789,41.818908,42.91941,39.61791,22.00995,18.34163,11.7272,22.8725,22.8725
5390,20.175789,41.818908,42.91941,39.61791,22.00995,18.34163,11.7272,22.8725,22.8725
5391,20.175789,41.818908,42.91941,39.61791,22.00995,18.34163,11.7272,22.8725,22.8725
5392,20.175789,41.818908,42.91941,39.61791,22.00995,18.34163,11.7272,22.8725,22.8725
5393,20.175789,41.818908,42.91941,39.61791,22.00995,18.34163,11.7272,22.8725,22.8725
5394,20.175789,41.818908,42.91941,39.61791,22.00995,18.34163,11.7272,22.8725,22.8725
5395,20.175789,41.818908,42.91941,39.61791,22.00995,18.34163,11.7272,22.8725,22.8725
5396,20.175789,41.818908,42.91941,39.61791,22.00995,18.34163,11.7272,22.8725,22.8725
5397,20.175789,41.818908,42.91941,39.61791,22.00995,18.34163,11.7272,22.8725,22.8725
5398,20.175789,41.818908,42.91941,39.61791,22.00995,18.34163,11.7272,22.8725,22.8725
5399,20.175789,41.818908,42.91941,39.61791,22.00995,18.34163,11.7272,22.8725,22.8725
5400,20.175789,41.818908,42.91941,39.61791,22.00995,18.34163,11.7272,22.8725,22.8725
5401,20.175789,41.818908,42.91941,39.61791,22.00995,18.34163,11.7272,22.8725,22.8725
5402,20.175789,41.818908,42.91941,39.61791,22.00995,18.34163,11.7272,22.8725,22.8725
5403,20.175789,41.818908,42.91941,39.61791,22.00995,18.34163,11.7272,22.8725,22.8725
5404,20.175789,41.818908,42.91941,39.61791,22.00995,18.34163,11.7272,22.8725,22.8725
5405,20.175789,41.818908,42.91941,39.61791,22.00995,18.34163,11.7272,22.8725,22.8725
5406,20.175789,41.818908,42.91941,39.61791,22.00995,18.34163,11.7272,22.8725,22.8725
5407,20.175789,41.818908,42.91941,39.61791,22.00995,18.34163,11.7272,22.8725,22.8725
5408,20.175789,41.818908,42.91941,39.61791,22.00995,18.34163,11.7272,22.8725,22.8725
5409,20.175789,41.818908,42.91941,39.61791,22.00995,18.34163,11.7272,22.8725,22.8725
5410,20.175789,41.818908,42.91941,39.61791,22.00995,18.34163,11.7272,22.8725,22.8725
5411,20.175789,41.818908,42.91941,39.61791,22.00995,18.34163,11.7272,22.8725,22.8725
5412,20.175789,41.818908,42.91941,39.61791,22.00995,18.34163,11.7272,22.8725,22.8725
5413,20.175789,41.818908,42.91941,39.61791,22.00995,18.34163,11.7272,22.8725,22.8725
5414,20.175789,41.818908,42.91941,39.61791,22.00995,18.34163,11.7272,22.8725,22.8725
5415,20.175789,41.818908,42.91941,39.61791,22.00995,18.34163,11.7272,22.8725,22.8725
5416,20.175789,41.818908,42.91941,39.61791,22.00995,18.34163,11.7272,22.8725,22.8725
5417,20.175789,41.818908,42.91941,39.61791,22.00995,18.34163,11.7272,22.8725,22.8725
5418,20.175789,41.818908,42.91941,39.61791,22.00995,18.34163,11.7272,22.8725,22.8725
5419,20.175789,41.818908,42.91941,39.61791,22.00995,18.34163,11.7272,22.8725,22.8725
5420,20.175789,41.818908,42.91941,39.61791,22.00995,18.34163,11.7272,22.8725,22.8725
5421,20.175789,41.818908,42.91941,39.61791,22.00995,18.34163,11.7272,22.8725,22.8725
5422,20.175789,41.818908,42.91941,39.61791,22.00995,18.34163,11.7272,22.8725,22.8725
5423,20.175789,41.818908,42.91941,39.61791,22.00995,18.34163,11.7272,22.8725,22.8725
5424,20.175789,41.818908,42.91941,39.61791,22.00995,18.34163,11.7272,22.8725,22.8725
5425,20.175789,41.818908,42.91941,39.61791,22.00995,18.34163,11.7272,22.8725,22.8725
5426,20.175789,41.818908,42.91941,39.61791,22.00995,18.34163,11.7272,22.8725,22.8725
5427,20.175789,41.818908,42.91941,39.61791,22.00995,18.34163,11.7272,22.8725,22.8725
5428,20.175789,41.818908,42.91941,39.61791,22.00995,18.34163,11.7272,22.8725,22.8725
5429,20.175789,41.818908,42.91941,39.61791,22.00995,18.34163,11.7272,22.8725,22.8725
5430,20.175789,41.818908,42.91941,39.61791,22.00995,18.34163,11.7272,22.8725,22.8725
5431,20.175789,41.818908,42.91941,39.61791,22.00995,18.34163,11.7272,22.8725,22.8725
5432,20.175789,41.818908,42.91941,39.61791,22.00995,18.34163,11.7272,22.8725,22.8725
5433,20.175789,41.818908,42.91941,39.61791,22.00995,18.34163,11.7272,22.8725,22.8725
5434,20.175789,41.818908,42.91941,39.61791,22.00995,18.34163,11.7272,22.8725,22.8725
5435,20.175789,41.818908,42.91941,39.61791,22.00995,18.34163,11.7272,22.8725,22.8725
5436,20.175789,41.818908,42.91941,39.61791,22.00995,18.34163,11.7272,22.8725,22.8725
5437,20.175789,41.818908,42.91941,39.61791,22.00995,18.34163,11.7272,22.8725,22.8725
5438,20.175789,41.818908,42.91941,39.61791,22.00995,18.34163,11.7272,22.8725,22.8725
5439,20.175789,41.818908,42.91941,39.61791,22.00995,18.34163,11.7272,22.8725,22.8725
5440,20.175789,41.818908,42.91941,39.61791,22.00995,18.34163,11.7272,22.8725,22.8725
5441,20.175789,41.818908,42.91941,39.61791,22.00995,18.34163,11.7272,22.8725,22.8725
5442,20.175789,41.818908,42.91941,39.61791,22.00995,18.34163,11.7272,22.8725,22.8725
5443,20.175789,41.818908,42.91941,39.61791,22.00995,18.34163,11.7272,22.8725,22.8725
5444,20.175789,41.818908,42.91941,39.61791,22.00995,18.34163,11.7272,22.8725,22.8725
5445,20.175789,41.818908,42.91941,39.61791,22.00995,18.34163,11.7272,22.8725,22.8725
5446,20.175789,41.818908,42.91941,39.61791,22.00995,18.34163,11.7272,22.8725,22.8725
5447,20.175789,41.818908,42.91941,39.61791,22.00995,18.34163,11.7272,22.8725,22.8725
5448,20.175789,41.818908,42.91941,39.61791,22.00995,18.34163,11.7272,22.8725,22.8725
5449,20.175789,41.818908,42.91941,39.61791,22.00995,18.34163,11.7272,22.8725,22.8725
5450,20.175789,41.818908,42.91941,39.61791,22.00995,18.34163,11.7272,22.8725,22.8725
5451,20.175789,41.818908,42.91941,39.61791,22.00995,18.34163,11.7272,22.8725,22.8725
5452,20.175789,41.818908,42.91941,39.61791,22.00995,18.34163,11.7272,22.8725,22.8725
5453,20.175789,41.818908,42.91941,39.61791,22.00995,18.34163,11.7272,22.8725,22.8725
5454,20.175789,41.818908,42.91941,39.61791,22.00995,18.34163,11.7272,22.8725,22.8725
5455,20.175789,41.818908,42.91941,39.61791,22.00995,18.34163,11.7272,22.8725,22.8725
5456,20.175789,41.818908,42.91941,39.61791,22.00995,18.34163,11.7272,22.8725,22.8725
5457,20.175789,41.818908,42.91941,39.61791,22.00995,18.34163,11.7272,22.8725,22.8725
5458,20.175789,41.818908,42.91941,39.61791,22.00995,18.34163,11.7272,22.8725,22.8725
5459,20.175789,41.818908,42.91941,39.61791,22.00995,18.34163,11.7272,22.8725,22.8725
5460,20.175789,41.818908,42.91941,39.61791,22.00995,18.34163,11.7272,22.8725,22.8725
5461,20.175789,41.818908,42.91941,39.61791,22.00995,18.34163,11.7272,22.8725,22.8725
5462,20.175789,41.818908,42.91941,39.61791,22.00995,18.34163,11.7272,22.8725,22.8725
5463,20.175789,41.818908,42.91941,39.61791,22.00995,18.34163,11.7272,22.8725,22.8725
5464,20.175789,41.818908,42.91941,39.61791,22.00995,18.34163,11.7272,22.8725,22.8725
5465,20.175789,41.818908,42.91941,39.61791,22.00995,18.34163,11.7272,22.8725,22.8725
5466,20.175789,41.818908,42.91941,39.61791,22.00995,18.34163,11.7272,22.8725,22.8725
5467,20.175789,41.818908,42.91941,39.61791,22.00995,18.34163,11.7272,22.8725,22.8725
5468,20.175789,41.818908,42.91941,39.61791,22.00995,18.34163,11.7272,22.8725,22.8725
5469,20.175789,41.818908,42.91941,39.61791,22.00995,18.34163,11.7272,22.8725,22.8725
5470,20.175789,41.818908,42.91941,39.61791,22.00995,18.34163,11.7272,22.8725,22.8725
5471,20.175789,41.818908,42.91941,39.61791,22.00995,18.34163,11.7272,22.8725,22.8725
5472,20.175789,41.818908,42.91941,39.61791,22.00995,18.34163,11.7272,22.8725,22.8725
5473,20.175789,41.818908,42.91941,39.61791,22.00995,18.34163,11.7272,22.8725,22.8725
5474,20.175789,41.818908,42.91941,39.61791,22.00995,18.34163,11.7272,22.8725,22.8725
5475,20.175789,41.818908,42.91941,39.61791,22.00995,18.34163,11.7272,22.8725,22.8725
5476,20.175789,41.818908,42.91941,39.61791,22.00995,18.34163,11.7272,22.8725,22.8725
5477,20.175789,41.818908,42.91941,39.61791,22.00995,18.34163,11.7272,22.8725,22.8725
5478,20.175789,41.818908,42.91941,39.61791,22.00995,18.34163,11.7272,22.8725,22.8725
5479,20.175789,41.818908,42.91941,39.61791,22.00995,18.34163,11.7272,22.8725,22.8725
5480,20.175789,41.818908,42.91941,39.61791,22.00995,18.34163,11.7272,22.8725,22.8725
5481,20.175789,41.818908,42.91941,39.61791,22.00995,18.34163,11.7272,22.8725,22.8725
5482,20.175789,41.818908,42.91941,39.61791,22.00995,18.34163,11.7272,22.8725,22.8725
5483,20.175789,41.818908,42.91941,39.61791,22.00995,18.34163,11.7272,22.8725,22.8725
5484,20.175789,41.818908,42.91941,39.61791,22.00995,18.34163,11.7272,22.8725,22.8725
5485,20.175789,41.818908,42.91941,39.61791,22.00995,18.34163,11.7272,22.8725,22.8725
5486,20.175789,41.818908,42.91941,39.61791,22.00995,18.34163,11.7272,22.8725,22.8725
5487,20.175789,41.818908,42.91941,39.61791,22.00995,18.34163,11.7272,22.8725,22.8725
5488,20.175789,41.818908,42.91941,39.61791,22.00995,18.34163,11.7272,22.8725,22.8725
5489,20.175789,41.818908,42.91941,39.61791,22.00995,18.34163,11.7272,22.8725,22.8725
5490,20.175789,41.818908,42.91941,39.61791,22.00995,18.34163,11.7272,22.8725,22.8725
5491,20.175789,41.818908,42.91941,39.61791,22.00995,18.34163,11.7272,22.8725,22.8725
5492,20.175789,41.818908,42.91941,39.61791,22.00995,18.34163,11.7272,22.8725,22.8725
5493,20.175789,41.818908,42.91941,39.61791,22.00995,18.34163,11.7272,22.8725,22.8725
5494,20.175789,41.818908,42.91941,39.61791,22.00995,18.34163,11.7272,22.8725,22.8725
5495,20.175789,41.818908,42.91941,39.61791,22.00995,18.34163,11.7272,22.8725,22.8725
5496,20.175789,41.818908,42.91941,39.61791,22.00995,18.34163,11.7272,22.8725,22.8725
5497,20.175789,41.818908,42.91941,39.61791,22.00995,18.34163,11.7272,22.8725,22.8725
5498,20.175789,41.818908,42.91941,39.61791,22.00995,18.34163,11.7272,22.8725,22.8725
5499,20.175789,41.818908,42.91941,39.61791,22.00995,18.34163,11.7272,22.8725,22.8725
5500,20.175789,41.818908,42.91941,39.61791,22.00995,18.34163,11.7272,22.8725,22.8725
5501,20.175789,41.818908,42.91941,39.61791,22.00995,18.34163,11.7272,22.8725,22.8725
5502,20.175789,41.818908,42.91941,39.61791,22.00995,18.34163,11.7272,22.8725,22.8725
5503,20.175789,41.818908,42.91941,39.61791,22.00995,18.34163,11.7272,22.8725,22.8725
5504,20.175789,41.818908,42.91941,39.61791,22.00995,18.34163,11.7272,22.8725,22.8725
5505,20.175789,41.818908,42.91941,39.61791,22.00995,18.34163,11.7272,22.8725,22.8725
5506,20.175789,41.818908,42.91941,39.61791,22.00995,18.34163,11.7272,22.8725,22.8725
5507,20.175789,41.818908,42.91941,39.61791,22.00995,18.34163,11.7272,22.8725,22.8725
5508,20.175789,41.818908,42.91941,39.61791,22.00995,18.34163,11.7272,22.8725,22.8725
5509,20.175789,41.818908,42.91941,39.61791,22.00995,18.34163,11.7272,22.8725,22.8725
5510,20.175789,41.818908,42.91941,39.61791,22.00995,18.34163,11.7272,22.8725,22.8725
5511,20.175789,41.818908,42.91941,39.61791,22.00995,18.34163,11.7272,22.8725,22.8725
5512,20.175789,41.818908,42.91941,39.61791,22.00995,18.34163,11.7272,22.8725,22.8725
5513,20.175789,41.818908,42.91941,39.61791,22.00995,18.34163,11.7272,22.8725,22.8725
5514,20.175789,41.818908,42.91941,39.61791,22.00995,18.34163,11.7272,22.8725,22.8725
5515,20.175789,41.818908,42.91941,39.61791,22.00995,18.34163,11.7272,22.8725,22.8725
5516,20.175789,41.818908,42.91941,39.61791,22.00995,18.34163,11.7272,22.8725,22.8725
5517,20.175789,41.818908,42.91941,39.61791,22.00995,18.34163,11.7272,22.8725,22.8725
5518,20.175789,41.818908,42.91941,39.61791,22.00995,18.34163,11.7272,22.8725,22.8725
5519,20.175789,41.818908,42.91941,39.61791,22.00995,18.34163,11.7272,22.8725,22.8725
5520,20.175789,41.818908,42.91941,39.61791,22.00995,18.34163,11.7272,22.8725,22.8725
5521,20.175789,41.818908,42.91941,39.61791,22.00995,18.34163,11.7272,22.8725,22.8725
5522,20.175789,41.818908,42.91941,39.61791,22.00995,18.34163,11.7272,22.8725,22.8725
5523,20.175789,41.818908,42.91941,39.61791,22.00995,18.34163,11.7272,22.8725,22.8725
5524,20.175789,41.818908,42.91941,39.61791,22.00995,18.34163,11.7272,22.8725,22.8725
5525,20.175789,41.818908,42.91941,39.61791,22.00995,18.34163,11.7272,22.8725,22.8725
5526,20.175789,41.818908,42.91941,39.61791,22.00995,18.34163,11.7272,22.8725,22.8725
5527,20.175789,41.818908,42.91941,39.61791,22.00995,18.34163,11.7272,22.8725,22.8725
5528,20.175789,41.818908,42.91941,39.61791,22.00995,18.34163,11.7272,22.8725,22.8725
5529,20.175789,41.818908,42.91941,39.61791,22.00995,18.34163,11.7272,22.8725,22.8725
5530,20.175789,41.818908,42.91941,39.61791,22.00995,18.34163,11.7272,22.8725,22.8725
5531,20.175789,41.818908,42.91941,39.61791,22.00995,18.34163,11.7272,22.8725,22.8725
5532,20.175789,41.818908,42.91941,39.61791,22.00995,18.34163,11.7272,22.8725,22.8725
5533,20.175789,41.818908,42.91941,39.61791,22.00995,18.34163,11.7272,22.8725,22.8725
5534,20.175789,41.818908,42.91941,39.61791,22.00995,18.34163,11.7272,22.8725,22.8725
5535,20.175789,41.818908,42.91941,39.61791,22.00995,18.34163,11.7272,22.8725,22.8725
5536,20.175789,41.818908,42.91941,39.61791,22.00995,18.34163,11.7272,22.8725,22.8725
5537,20.175789,41.818908,42.91941,39.61791,22.00995,18.34163,11.7272,22.8725,22.8725
5538,20.175789,41.818908,42.91941,39.61791,22.00995,18.34163,11.7272,22.8725,22.8725
5539,20.175789,41.818908,42.91941,39.61791,22.00995,18.34163,11.7272,22.8725,22.8725
5540,20.175789,41.818908,42.91941,39.61791,22.00995,18.34163,11.7272,22.8725,22.8725
5541,20.175789,41.818908,42.91941,39.61791,22.00995,18.34163,11.7272,22.8725,22.8725
5542,20.175789,41.818908,42.91941,39.61791,22.00995,18.34163,11.7272,22.8725,22.8725
5543,20.175789,41.818908,42.91941,39.61791,22.00995,18.34163,11.7272,22.8725,22.8725
5544,20.175789,41.818908,42.91941,39.61791,22.00995,18.34163,11.7272,22.8725,22.8725
5545,20.175789,41.818908,42.91941,39.61791,22.00995,18.34163,11.7272,22.8725,22.8725
5546,20.175789,41.818908,42.91941,39.61791,22.00995,18.34163,11.7272,22.8725,22.8725
5547,20.175789,41.818908,42.91941,39.61791,22.00995,18.34163,11.7272,22.8725,22.8725
5548,20.175789,41.818908,42.91941,39.61791,22.00995,18.34163,11.7272,22.8725,22.8725
5549,20.175789,41.818908,42.91941,39.61791,22.00995,18.34163,11.7272,22.8725,22.8725
5550,20.175789,41.818908,42.91941,39.61791,22.00995,18.34163,11.7272,22.8725,22.8725
5551,20.175789,41.818908,42.91941,39.61791,22.00995,18.34163,11.7272,22.8725,22.8725
5552,20.175789,41.818908,42.91941,39.61791,22.00995,18.34163,11.7272,22.8725,22.8725
5553,20.175789,41.818908,42.91941,39.61791,22.00995,18.34163,11.7272,22.8725,22.8725
5554,20.175789,41.818908,42.91941,39.61791,22.00995,18.34163,11.7272,22.8725,22.8725
5555,20.175789,41.818908,42.91941,39.61791,22.00995,18.34163,11.7272,22.8725,22.8725
5556,20.175789,41.818908,42.91941,39.61791,22.00995,18.34163,11.7272,22.8725,22.8725
5557,20.175789,41.818908,42.91941,39.61791,22.00995,18.34163,11.7272,22.8725,22.8725
5558,20.175789,41.818908,42.91941,39.61791,22.00995,18.34163,11.7272,22.8725,22.8725
5559,20.175789,41.818908,42.91941,39.61791,22.00995,18.34163,11.7272,22.8725,22.8725
5560,20.175789,41.818908,42.91941,39.61791,22.00995,18.34163,11.7272,22.8725,22.8725
5561,20.175789,41.818908,42.91941,39.61791,22.00995,18.34163,11.7272,22.8725,22.8725
5562,20.175789,41.818908,42.91941,39.61791,22.00995,18.34163,11.7272,22.8725,22.8725
5563,20.175789,41.818908,42.91941,39.61791,22.00995,18.34163,11.7272,22.8725,22.8725
5564,20.175789,41.818908,42.91941,39.61791,22.00995,18.34163,11.7272,22.8725,22.8725
5565,20.175789,41.818908,42.91941,39.61791,22.00995,18.34163,11.7272,22.8725,22.8725
5566,20.175789,41.818908,42.91941,39.61791,22.00995,18.34163,11.7272,22.8725,22.8725
5567,20.175789,41.818908,42.91941,39.61791,22.00995,18.34163,11.7272,22.8725,22.8725
5568,20.175789,41.818908,42.91941,39.61791,22.00995,18.34163,11.7272,22.8725,22.8725
5569,20.175789,41.818908,42.91941,39.61791,22.00995,18.34163,11.7272,22.8725,22.8725
5570,20.175789,41.818908,42.91941,39.61791,22.00995,18.34163,11.7272,22.8725,22.8725
5571,20.175789,41.818908,42.91941,39.61791,22.00995,18.34163,11.7272,22.8725,22.8725
5572,20.175789,41.818908,42.91941,39.61791,22.00995,18.34163,11.7272,22.8725,22.8725
5573,20.175789,41.818908,42.91941,39.61791,22.00995,18.34163,11.7272,22.8725,22.8725
5574,20.175789,41.818908,42.91941,39.61791,22.00995,18.34163,11.7272,22.8725,22.8725
5575,20.175789,41.818908,42.91941,39.61791,22.00995,18.34163,11.7272,22.8725,22.8725
5576,20.175789,41.818908,42.91941,39.61791,22.00995,18.34163,11.7272,22.8725,22.8725
5577,20.175789,41.818908,42.91941,39.61791,22.00995,18.34163,11.7272,22.8725,22.8725
5578,20.175789,41.818908,42.91941,39.61791,22.00995,18.34163,11.7272,22.8725,22.8725
5579,20.175789,41.818908,42.91941,39.61791,22.00995,18.34163,11.7272,22.8725,22.8725
5580,20.175789,41.818908,42.91941,39.61791,22.00995,18.34163,11.7272,22.8725,22.8725
5581,20.175789,41.818908,42.91941,39.61791,22.00995,18.34163,11.7272,22.8725,22.8725
5582,20.175789,41.818908,42.91941,39.61791,22.00995,18.34163,11.7272,22.8725,22.8725
5583,20.175789,41.818908,42.91941,39.61791,22.00995,18.34163,11.7272,22.8725,22.8725
5584,20.175789,41.818908,42.91941,39.61791,22.00995,18.34163,11.7272,22.8725,22.8725
5585,20.175789,41.818908,42.91941,39.61791,22.00995,18.34163,11.7272,22.8725,22.8725
5586,20.175789,41.818908,42.91941,39.61791,22.00995,18.34163,11.7272,22.8725,22.8725
5587,20.175789,41.818908,42.91941,39.61791,22.00995,18.34163,11.7272,22.8725,22.8725
5588,20.175789,41.818908,42.91941,39.61791,22.00995,18.34163,11.7272,22.8725,22.8725
5589,20.175789,41.818908,42.91941,39.61791,22.00995,18.34163,11.7272,22.8725,22.8725
5590,20.175789,41.818908,42.91941,39.61791,22.00995,18.34163,11.7272,22.8725,22.8725
5591,20.175789,41.818908,42.91941,39.61791,22.00995,18.34163,11.7272,22.8725,22.8725
5592,20.175789,41.818908,42.91941,39.61791,22.00995,18.34163,11.7272,22.8725,22.8725
5593,20.175789,41.818908,42.91941,39.61791,22.00995,18.34163,11.7272,22.8725,22.8725
5594,20.175789,41.818908,42.91941,39.61791,22.00995,18.34163,11.7272,22.8725,22.8725
5595,20.175789,41.818908,42.91941,39.61791,22.00995,18.34163,11.7272,22.8725,22.8725
5596,20.175789,41.818908,42.91941,39.61791,22.00995,18.34163,11.7272,22.8725,22.8725
5597,20.175789,41.818908,42.91941,39.61791,22.00995,18.34163,11.7272,22.8725,22.8725
5598,20.175789,41.818908,42.91941,39.61791,22.00995,18.34163,11.7272,22.8725,22.8725
5599,20.175789,41.818908,42.91941,39.61791,22.00995,18.34163,11.7272,22.8725,22.8725
5600,20.175789,41.818908,42.91941,39.61791,22.00995,18.34163,11.7272,22.8725,22.8725
5601,20.175789,41.818908,42.91941,39.61791,22.00995,18.34163,11.7272,22.8725,22.8725
5602,20.175789,41.818908,42.91941,39.61791,22.00995,18.34163,11.7272,22.8725,22.8725
5603,20.175789,41.818908,42.91941,39.61791,22.00995,18.34163,11.7272,22.8725,22.8725
5604,20.175789,41.818908,42.91941,39.61791,22.00995,18.34163,11.7272,22.8725,22.8725
5605,20.175789,41.818908,42.91941,39.61791,22.00995,18.34163,11.7272,22.8725,22.8725
5606,20.175789,41.818908,42.91941,39.61791,22.00995,18.34163,11.7272,22.8725,22.8725
5607,20.175789,41.818908,42.91941,39.61791,22.00995,18.34163,11.7272,22.8725,22.8725
5608,20.175789,41.818908,42.91941,39.61791,22.00995,18.34163,11.7272,22.8725,22.8725
5609,20.175789,41.818908,42.91941,39.61791,22.00995,18.34163,11.7272,22.8725,22.8725
5610,20.175789,41.818908,42.91941,39.61791,22.00995,18.34163,11.7272,22.8725,22.8725
5611,20.175789,41.818908,42.91941,39.61791,22.00995,18.34163,11.7272,22.8725,22.8725
5612,20.175789,41.818908,42.91941,39.61791,22.00995,18.34163,11.7272,22.8725,22.8725
5613,20.175789,41.818908,42.91941,39.61791,22.00995,18.34163,11.7272,22.8725,22.8725
5614,20.175789,41.818908,42.91941,39.61791,22.00995,18.34163,11.7272,22.8725,22.8725
5615,20.175789,41.818908,42.91941,39.61791,22.00995,18.34163,11.7272,22.8725,22.8725
5616,20.175789,41.818908,42.91941,39.61791,22.00995,18.34163,11.7272,22.8725,22.8725
5617,20.175789,41.818908,42.91941,39.61791,22.00995,18.34163,11.7272,22.8725,22.8725
5618,20.175789,41.818908,42.91941,39.61791,22.00995,18.34163,11.7272,22.8725,22.8725
5619,20.175789,41.818908,42.91941,39.61791,22.00995,18.34163,11.7272,22.8725,22.8725
5620,20.175789,41.818908,42.91941,39.61791,22.00995,18.34163,11.7272,22.8725,22.8725
5621,20.175789,41.818908,42.91941,39.61791,22.00995,18.34163,11.7272,22.8725,22.8725
5622,20.175789,41.818908,42.91941,39.61791,22.00995,18.34163,11.7272,22.8725,22.8725
5623,20.175789,41.818908,42.91941,39.61791,22.00995,18.34163,11.7272,22.8725,22.8725
5624,20.175789,41.818908,42.91941,39.61791,22.00995,18.34163,11.7272,22.8725,22.8725
5625,20.175789,41.818908,42.91941,39.61791,22.00995,18.34163,11.7272,22.8725,22.8725
5626,20.175789,41.818908,42.91941,39.61791,22.00995,18.34163,11.7272,22.8725,22.8725
5627,20.175789,41.818908,42.91941,39.61791,22.00995,18.34163,11.7272,22.8725,22.8725
5628,20.175789,41.818908,42.91941,39.61791,22.00995,18.34163,11.7272,22.8725,22.8725
5629,20.175789,41.818908,42.91941,39.61791,22.00995,18.34163,11.7272,22.8725,22.8725
5630,20.175789,41.818908,42.91941,39.61791,22.00995,18.34163,11.7272,22.8725,22.8725
5631,20.175789,41.818908,42.91941,39.61791,22.00995,18.34163,11.7272,22.8725,22.8725
5632,20.175789,41.818908,42.91941,39.61791,22.00995,18.34163,11.7272,22.8725,22.8725
5633,20.175789,41.818908,42.91941,39.61791,22.00995,18.34163,11.7272,22.8725,22.8725
5634,20.175789,41.818908,42.91941,39.61791,22.00995,18.34163,11.7272,22.8725,22.8725
5635,20.175789,41.818908,42.91941,39.61791,22.00995,18.34163,11.7272,22.8725,22.8725
5636,20.175789,41.818908,42.91941,39.61791,22.00995,18.34163,11.7272,22.8725,22.8725
5637,20.175789,41.818908,42.91941,39.61791,22.00995,18.34163,11.7272,22.8725,22.8725
5638,20.175789,41.818908,42.91941,39.61791,22.00995,18.34163,11.7272,22.8725,22.8725
5639,20.175789,41.818908,42.91941,39.61791,22.00995,18.34163,11.7272,22.8725,22.8725
5640,20.175789,41.818908,42.91941,39.61791,22.00995,18.34163,11.7272,22.8725,22.8725
5641,20.175789,41.818908,42.91941,39.61791,22.00995,18.34163,11.7272,22.8725,22.8725
5642,20.175789,41.818908,42.91941,39.61791,22.00995,18.34163,11.7272,22.8725,22.8725
5643,20.175789,41.818908,42.91941,39.61791,22.00995,18.34163,11.7272,22.8725,22.8725
5644,20.175789,41.818908,42.91941,39.61791,22.00995,18.34163,11.7272,22.8725,22.8725
5645,20.175789,41.818908,42.91941,39.61791,22.00995,18.34163,11.7272,22.8725,22.8725
5646,20.175789,41.818908,42.91941,39.61791,22.00995,18.34163,11.7272,22.8725,22.8725
5647,20.175789,41.818908,42.91941,39.61791,22.00995,18.34163,11.7272,22.8725,22.8725
5648,20.175789,41.818908,42.91941,39.61791,22.00995,18.34163,11.7272,22.8725,22.8725
5649,20.175789,41.818908,42.91941,39.61791,22.00995,18.34163,11.7272,22.8725,22.8725
5650,20.175789,41.818908,42.91941,39.61791,22.00995,18.34163,11.7272,22.8725,22.8725
5651,20.175789,41.818908,42.91941,39.61791,22.00995,18.34163,11.7272,22.8725,22.8725
5652,20.175789,41.818908,42.91941,39.61791,22.00995,18.34163,11.7272,22.8725,22.8725
5653,20.175789,41.818908,42.91941,39.61791,22.00995,18.34163,11.7272,22.8725,22.8725
5654,20.175789,41.818908,42.91941,39.61791,22.00995,18.34163,11.7272,22.8725,22.8725
5655,20.175789,41.818908,42.91941,39.61791,22.00995,18.34163,11.7272,22.8725,22.8725
5656,20.175789,41.818908,42.91941,39.61791,22.00995,18.34163,11.7272,22.8725,22.8725
5657,20.175789,41.818908,42.91941,39.61791,22.00995,18.34163,11.7272,22.8725,22.8725
5658,20.175789,41.818908,42.91941,39.61791,22.00995,18.34163,11.7272,22.8725,22.8725
5659,20.175789,41.818908,42.91941,39.61791,22.00995,18.34163,11.7272,22.8725,22.8725
5660,20.175789,41.818908,42.91941,39.61791,22.00995,18.34163,11.7272,22.8725,22.8725
5661,20.175789,41.818908,42.91941,39.61791,22.00995,18.34163,11.7272,22.8725,22.8725
5662,20.175789,41.818908,42.91941,39.61791,22.00995,18.34163,11.7272,22.8725,22.8725
5663,20.175789,41.818908,42.91941,39.61791,22.00995,18.34163,11.7272,22.8725,22.8725
5664,20.175789,41.818908,42.91941,39.61791,22.00995,18.34163,11.7272,22.8725,22.8725
5665,20.175789,41.818908,42.91941,39.61791,22.00995,18.34163,11.7272,22.8725,22.8725
5666,20.175789,41.818908,42.91941,39.61791,22.00995,18.34163,11.7272,22.8725,22.8725
5667,20.175789,41.818908,42.91941,39.61791,22.00995,18.34163,11.7272,22.8725,22.8725
5668,20.175789,41.818908,42.91941,39.61791,22.00995,18.34163,11.7272,22.8725,22.8725
5669,20.175789,41.818908,42.91941,39.61791,22.00995,18.34163,11.7272,22.8725,22.8725
5670,20.175789,41.818908,42.91941,39.61791,22.00995,18.34163,11.7272,22.8725,22.8725
5671,20.175789,41.818908,42.91941,39.61791,22.00995,18.34163,11.7272,22.8725,22.8725
5672,20.175789,41.818908,42.91941,39.61791,22.00995,18.34163,11.7272,22.8725,22.8725
5673,20.175789,41.818908,42.91941,39.61791,22.00995,18.34163,11.7272,22.8725,22.8725
5674,20.175789,41.818908,42.91941,39.61791,22.00995,18.34163,11.7272,22.8725,22.8725
5675,20.175789,41.818908,42.91941,39.61791,22.00995,18.34163,11.7272,22.8725,22.8725
5676,20.175789,41.818908,42.91941,39.61791,22.00995,18.34163,11.7272,22.8725,22.8725
5677,20.175789,41.818908,42.91941,39.61791,22.00995,18.34163,11.7272,22.8725,22.8725
5678,20.175789,41.818908,42.91941,39.61791,22.00995,18.34163,11.7272,22.8725,22.8725
5679,20.175789,41.818908,42.91941,39.61791,22.00995,18.34163,11.7272,22.8725,22.8725
5680,20.175789,41.818908,42.91941,39.61791,22.00995,18.34163,11.7272,22.8725,22.8725
5681,20.175789,41.818908,42.91941,39.61791,22.00995,18.34163,11.7272,22.8725,22.8725
5682,20.175789,41.818908,42.91941,39.61791,22.00995,18.34163,11.7272,22.8725,22.8725
5683,20.175789,41.818908,42.91941,39.61791,22.00995,18.34163,11.7272,22.8725,22.8725
5684,20.175789,41.818908,42.91941,39.61791,22.00995,18.34163,11.7272,22.8725,22.8725
5685,20.175789,41.818908,42.91941,39.61791,22.00995,18.34163,11.7272,22.8725,22.8725
5686,20.175789,41.818908,42.91941,39.61791,22.00995,18.34163,11.7272,22.8725,22.8725
5687,20.175789,41.818908,42.91941,39.61791,22.00995,18.34163,11.7272,22.8725,22.8725
5688,20.175789,41.818908,42.91941,39.61791,22.00995,18.34163,11.7272,22.8725,22.8725
5689,20.175789,41.818908,42.91941,39.61791,22.00995,18.34163,11.7272,22.8725,22.8725
5690,20.175789,41.818908,42.91941,39.61791,22.00995,18.34163,11.7272,22.8725,22.8725
5691,20.175789,41.818908,42.91941,39.61791,22.00995,18.34163,11.7272,22.8725,22.8725
5692,20.175789,41.818908,42.91941,39.61791,22.00995,18.34163,11.7272,22.8725,22.8725
5693,20.175789,41.818908,42.91941,39.61791,22.00995,18.34163,11.7272,22.8725,22.8725
5694,20.175789,41.818908,42.91941,39.61791,22.00995,18.34163,11.7272,22.8725,22.8725
5695,20.175789,41.818908,42.91941,39.61791,22.00995,18.34163,11.7272,22.8725,22.8725
5696,20.175789,41.818908,42.91941,39.61791,22.00995,18.34163,11.7272,22.8725,22.8725
5697,20.175789,41.818908,42.91941,39.61791,22.00995,18.34163,11.7272,22.8725,22.8725
5698,20.175789,41.818908,42.91941,39.61791,22.00995,18.34163,11.7272,22.8725,22.8725
5699,20.175789,41.818908,42.91941,39.61791,22.00995,18.34163,11.7272,22.8725,22.8725
5700,20.175789,41.818908,42.91941,39.61791,22.00995,18.34163,11.7272,22.8725,22.8725
5701,20.175789,41.818908,42.91941,39.61791,22.00995,18.34163,11.7272,22.8725,22.8725
5702,20.175789,41.818908,42.91941,39.61791,22.00995,18.34163,11.7272,22.8725,22.8725
5703,20.175789,41.818908,42.91941,39.61791,22.00995,18.34163,11.7272,22.8725,22.8725
5704,20.175789,41.818908,42.91941,39.61791,22.00995,18.34163,11.7272,22.8725,22.8725
5705,20.175789,41.818908,42.91941,39.61791,22.00995,18.34163,11.7272,22.8725,22.8725
5706,20.175789,41.818908,42.91941,39.61791,22.00995,18.34163,11.7272,22.8725,22.8725
5707,20.175789,41.818908,42.91941,39.61791,22.00995,18.34163,11.7272,22.8725,22.8725
5708,20.175789,41.818908,42.91941,39.61791,22.00995,18.34163,11.7272,22.8725,22.8725
5709,20.175789,41.818908,42.91941,39.61791,22.00995,18.34163,11.7272,22.8725,22.8725
5710,20.175789,41.818908,42.91941,39.61791,22.00995,18.34163,11.7272,22.8725,22.8725
5711,20.175789,41.818908,42.91941,39.61791,22.00995,18.34163,11.7272,22.8725,22.8725
5712,20.175789,41.818908,42.91941,39.61791,22.00995,18.34163,11.7272,22.8725,22.8725
5713,20.175789,41.818908,42.91941,39.61791,22.00995,18.34163,11.7272,22.8725,22.8725
5714,20.175789,41.818908,42.91941,39.61791,22.00995,18.34163,11.7272,22.8725,22.8725
5715,20.175789,41.818908,42.91941,39.61791,22.00995,18.34163,11.7272,22.8725,22.8725
5716,20.175789,41.818908,42.91941,39.61791,22.00995,18.34163,11.7272,22.8725,22.8725
5717,20.175789,41.818908,42.91941,39.61791,22.00995,18.34163,11.7272,22.8725,22.8725
5718,20.175789,41.818908,42.91941,39.61791,22.00995,18.34163,11.7272,22.8725,22.8725
5719,20.175789,41.818908,42.91941,39.61791,22.00995,18.34163,11.7272,22.8725,22.8725
5720,20.175789,41.818908,42.91941,39.61791,22.00995,18.34163,11.7272,22.8725,22.8725
5721,20.175789,41.818908,42.91941,39.61791,22.00995,18.34163,11.7272,22.8725,22.8725
5722,20.175789,41.818908,42.91941,39.61791,22.00995,18.34163,11.7272,22.8725,22.8725
5723,20.175789,41.818908,42.91941,39.61791,22.00995,18.34163,11.7272,22.8725,22.8725
5724,20.175789,41.818908,42.91941,39.61791,22.00995,18.34163,11.7272,22.8725,22.8725
5725,20.175789,41.818908,42.91941,39.61791,22.00995,18.34163,11.7272,22.8725,22.8725
5726,20.175789,41.818908,42.91941,39.61791,22.00995,18.34163,11.7272,22.8725,22.8725
5727,20.175789,41.818908,42.91941,39.61791,22.00995,18.34163,11.7272,22.8725,22.8725
5728,20.175789,41.818908,42.91941,39.61791,22.00995,18.34163,11.7272,22.8725,22.8725
5729,20.175789,41.818908,42.91941,39.61791,22.00995,18.34163,11.7272,22.8725,22.8725
5730,20.175789,41.818908,42.91941,39.61791,22.00995,18.34163,11.7272,22.8725,22.8725
5731,20.175789,41.818908,42.91941,39.61791,22.00995,18.34163,11.7272,22.8725,22.8725
5732,20.175789,41.818908,42.91941,39.61791,22.00995,18.34163,11.7272,22.8725,22.8725
5733,20.175789,41.818908,42.91941,39.61791,22.00995,18.34163,11.7272,22.8725,22.8725
5734,20.175789,41.818908,42.91941,39.61791,22.00995,18.34163,11.7272,22.8725,22.8725
5735,20.175789,41.818908,42.91941,39.61791,22.00995,18.34163,11.7272,22.8725,22.8725
5736,20.175789,41.818908,42.91941,39.61791,22.00995,18.34163,11.7272,22.8725,22.8725
5737,20.175789,41.818908,42.91941,39.61791,22.00995,18.34163,11.7272,22.8725,22.8725
5738,20.175789,41.818908,42.91941,39.61791,22.00995,18.34163,11.7272,22.8725,22.8725
5739,20.175789,41.818908,42.91941,39.61791,22.00995,18.34163,11.7272,22.8725,22.8725
5740,20.175789,41.818908,42.91941,39.61791,22.00995,18.34163,11.7272,22.8725,22.8725
5741,20.175789,41.818908,42.91941,39.61791,22.00995,18.34163,11.7272,22.8725,22.8725
5742,20.175789,41.818908,42.91941,39.61791,22.00995,18.34163,11.7272,22.8725,22.8725
5743,20.175789,41.818908,42.91941,39.61791,22.00995,18.34163,11.7272,22.8725,22.8725
5744,20.175789,41.818908,42.91941,39.61791,22.00995,18.34163,11.7272,22.8725,22.8725
5745,20.175789,41.818908,42.91941,39.61791,22.00995,18.34163,11.7272,22.8725,22.8725
5746,20.175789,41.818908,42.91941,39.61791,22.00995,18.34163,11.7272,22.8725,22.8725
5747,20.175789,41.818908,42.91941,39.61791,22.00995,18.34163,11.7272,22.8725,22.8725
5748,20.175789,41.818908,42.91941,39.61791,22.00995,18.34163,11.7272,22.8725,22.8725
5749,20.175789,41.818908,42.91941,39.61791,22.00995,18.34163,11.7272,22.8725,22.8725
5750,20.175789,41.818908,42.91941,39.61791,22.00995,18.34163,11.7272,22.8725,22.8725
5751,20.175789,41.818908,42.91941,39.61791,22.00995,18.34163,11.7272,22.8725,22.8725
5752,20.175789,41.818908,42.91941,39.61791,22.00995,18.34163,11.7272,22.8725,22.8725
5753,20.175789,41.818908,42.91941,39.61791,22.00995,18.34163,11.7272,22.8725,22.8725
5754,20.175789,41.818908,42.91941,39.61791,22.00995,18.34163,11.7272,22.8725,22.8725
5755,20.175789,41.818908,42.91941,39.61791,22.00995,18.34163,11.7272,22.8725,22.8725
5756,20.175789,41.818908,42.91941,39.61791,22.00995,18.34163,11.7272,22.8725,22.8725
5757,20.175789,41.818908,42.91941,39.61791,22.00995,18.34163,11.7272,22.8725,22.8725
5758,20.175789,41.818908,42.91941,39.61791,22.00995,18.34163,11.7272,22.8725,22.8725
5759,20.175789,41.818908,42.91941,39.61791,22.00995,18.34163,11.7272,22.8725,22.8725
5760,20.175789,41.818908,42.91941,39.61791,22.00995,18.34163,11.7272,22.8725,22.8725
5761,20.175789,41.818908,42.91941,39.61791,22.00995,18.34163,11.7272,22.8725,22.8725
5762,20.175789,41.818908,42.91941,39.61791,22.00995,18.34163,11.7272,22.8725,22.8725
5763,20.175789,41.818908,42.91941,39.61791,22.00995,18.34163,11.7272,22.8725,22.8725
5764,20.175789,41.818908,42.91941,39.61791,22.00995,18.34163,11.7272,22.8725,22.8725
5765,20.175789,41.818908,42.91941,39.61791,22.00995,18.34163,11.7272,22.8725,22.8725
5766,20.175789,41.818908,42.91941,39.61791,22.00995,18.34163,11.7272,22.8725,22.8725
5767,20.175789,41.818908,42.91941,39.61791,22.00995,18.34163,11.7272,22.8725,22.8725
5768,20.175789,41.818908,42.91941,39.61791,22.00995,18.34163,11.7272,22.8725,22.8725
5769,20.175789,41.818908,42.91941,39.61791,22.00995,18.34163,11.7272,22.8725,22.8725
5770,20.175789,41.818908,42.91941,39.61791,22.00995,18.34163,11.7272,22.8725,22.8725
5771,20.175789,41.818908,42.91941,39.61791,22.00995,18.34163,11.7272,22.8725,22.8725
5772,20.175789,41.818908,42.91941,39.61791,22.00995,18.34163,11.7272,22.8725,22.8725
5773,20.175789,41.818908,42.91941,39.61791,22.00995,18.34163,11.7272,22.8725,22.8725
5774,20.175789,41.818908,42.91941,39.61791,22.00995,18.34163,11.7272,22.8725,22.8725
5775,20.175789,41.818908,42.91941,39.61791,22.00995,18.34163,11.7272,22.8725,22.8725
5776,20.175789,41.818908,42.91941,39.61791,22.00995,18.34163,11.7272,22.8725,22.8725
5777,20.175789,41.818908,42.91941,39.61791,22.00995,18.34163,11.7272,22.8725,22.8725
5778,20.175789,41.818908,42.91941,39.61791,22.00995,18.34163,11.7272,22.8725,22.8725
5779,20.175789,41.818908,42.91941,39.61791,22.00995,18.34163,11.7272,22.8725,22.8725
5780,20.175789,41.818908,42.91941,39.61791,22.00995,18.34163,11.7272,22.8725,22.8725
5781,20.175789,41.818908,42.91941,39.61791,22.00995,18.34163,11.7272,22.8725,22.8725
5782,20.175789,41.818908,42.91941,39.61791,22.00995,18.34163,11.7272,22.8725,22.8725
5783,20.175789,41.818908,42.91941,39.61791,22.00995,18.34163,11.7272,22.8725,22.8725
5784,20.175789,41.818908,42.91941,39.61791,22.00995,18.34163,11.7272,22.8725,22.8725
5785,20.175789,41.818908,42.91941,39.61791,22.00995,18.34163,11.7272,22.8725,22.8725
5786,20.175789,41.818908,42.91941,39.61791,22.00995,18.34163,11.7272,22.8725,22.8725
5787,20.175789,41.818908,42.91941,39.61791,22.00995,18.34163,11.7272,22.8725,22.8725
5788,20.175789,41.818908,42.91941,39.61791,22.00995,18.34163,11.7272,22.8725,22.8725
5789,20.175789,41.818908,42.91941,39.61791,22.00995,18.34163,11.7272,22.8725,22.8725
5790,20.175789,41.818908,42.91941,39.61791,22.00995,18.34163,11.7272,22.8725,22.8725
5791,20.175789,41.818908,42.91941,39.61791,22.00995,18.34163,11.7272,22.8725,22.8725
5792,20.175789,41.818908,42.91941,39.61791,22.00995,18.34163,11.7272,22.8725,22.8725
5793,20.175789,41.818908,42.91941,39.61791,22.00995,18.34163,11.7272,22.8725,22.8725
5794,20.175789,41.818908,42.91941,39.61791,22.00995,18.34163,11.7272,22.8725,22.8725
5795,20.175789,41.818908,42.91941,39.61791,22.00995,18.34163,11.7272,22.8725,22.8725
5796,20.175789,41.818908,42.91941,39.61791,22.00995,18.34163,11.7272,22.8725,22.8725
5797,20.175789,41.818908,42.91941,39.61791,22.00995,18.34163,11.7272,22.8725,22.8725
5798,20.175789,41.818908,42.91941,39.61791,22.00995,18.34163,11.7272,22.8725,22.8725
5799,20.175789,41.818908,42.91941,39.61791,22.00995,18.34163,11.7272,22.8725,22.8725
5800,20.175789,41.818908,42.91941,39.61791,22.00995,18.34163,11.7272,22.8725,22.8725
5801,20.175789,41.818908,42.91941,39.61791,22.00995,18.34163,11.7272,22.8725,22.8725
5802,20.175789,41.818908,42.91941,39.61791,22.00995,18.34163,11.7272,22.8725,22.8725
5803,20.175789,41.818908,42.91941,39.61791,22.00995,18.34163,11.7272,22.8725,22.8725
5804,20.175789,41.818908,42.91941,39.61791,22.00995,18.34163,11.7272,22.8725,22.8725
5805,20.175789,41.818908,42.91941,39.61791,22.00995,18.34163,11.7272,22.8725,22.8725
5806,20.175789,41.818908,42.91941,39.61791,22.00995,18.34163,11.7272,22.8725,22.8725
5807,20.175789,41.818908,42.91941,39.61791,22.00995,18.34163,11.7272,22.8725,22.8725
5808,20.175789,41.818908,42.91941,39.61791,22.00995,18.34163,11.7272,22.8725,22.8725
5809,20.175789,41.818908,42.91941,39.61791,22.00995,18.34163,11.7272,22.8725,22.8725
5810,20.175789,41.818908,42.91941,39.61791,22.00995,18.34163,11.7272,22.8725,22.8725
5811,20.175789,41.818908,42.91941,39.61791,22.00995,18.34163,11.7272,22.8725,22.8725
5812,20.175789,41.818908,42.91941,39.61791,22.00995,18.34163,11.7272,22.8725,22.8725
5813,20.175789,41.818908,42.91941,39.61791,22.00995,18.34163,11.7272,22.8725,22.8725
5814,20.175789,41.818908,42.91941,39.61791,22.00995,18.34163,11.7272,22.8725,22.8725
5815,20.175789,41.818908,42.91941,39.61791,22.00995,18.34163,11.7272,22.8725,22.8725
5816,20.175789,41.818908,42.91941,39.61791,22.00995,18.34163,11.7272,22.8725,22.8725
5817,20.175789,41.818908,42.91941,39.61791,22.00995,18.34163,11.7272,22.8725,22.8725
5818,20.175789,41.818908,42.91941,39.61791,22.00995,18.34163,11.7272,22.8725,22.8725
5819,20.175789,41.818908,42.91941,39.61791,22.00995,18.34163,11.7272,22.8725,22.8725
5820,20.175789,41.818908,42.91941,39.61791,22.00995,18.34163,11.7272,22.8725,22.8725
5821,20.175789,41.818908,42.91941,39.61791,22.00995,18.34163,11.7272,22.8725,22.8725
5822,20.175789,41.818908,42.91941,39.61791,22.00995,18.34163,11.7272,22.8725,22.8725
5823,20.175789,41.818908,42.91941,39.61791,22.00995,18.34163,11.7272,22.8725,22.8725
5824,20.175789,41.818908,42.91941,39.61791,22.00995,18.34163,11.7272,22.8725,22.8725
5825,20.175789,41.818908,42.91941,39.61791,22.00995,18.34163,11.7272,22.8725,22.8725
5826,20.175789,41.818908,42.91941,39.61791,22.00995,18.34163,11.7272,22.8725,22.8725
5827,20.175789,41.818908,42.91941,39.61791,22.00995,18.34163,11.7272,22.8725,22.8725
5828,20.175789,41.818908,42.91941,39.61791,22.00995,18.34163,11.7272,22.8725,22.8725
5829,20.175789,41.818908,42.91941,39.61791,22.00995,18.34163,11.7272,22.8725,22.8725
5830,20.175789,41.818908,42.91941,39.61791,22.00995,18.34163,11.7272,22.8725,22.8725
5831,20.175789,41.818908,42.91941,39.61791,22.00995,18.34163,11.7272,22.8725,22.8725
5832,20.175789,41.818908,42.91941,39.61791,22.00995,18.34163,11.7272,22.8725,22.8725
5833,20.175789,41.818908,42.91941,39.61791,22.00995,18.34163,11.7272,22.8725,22.8725
5834,20.175789,41.818908,42.91941,39.61791,22.00995,18.34163,11.7272,22.8725,22.8725
5835,20.175789,41.818908,42.91941,39.61791,22.00995,18.34163,11.7272,22.8725,22.8725
5836,20.175789,41.818908,42.91941,39.61791,22.00995,18.34163,11.7272,22.8725,22.8725
5837,20.175789,41.818908,42.91941,39.61791,22.00995,18.34163,11.7272,22.8725,22.8725
5838,20.175789,41.818908,42.91941,39.61791,22.00995,18.34163,11.7272,22.8725,22.8725
5839,20.175789,41.818908,42.91941,39.61791,22.00995,18.34163,11.7272,22.8725,22.8725
5840,20.175789,41.818908,42.91941,39.61791,22.00995,18.34163,11.7272,22.8725,22.8725
5841,20.175789,41.818908,42.91941,39.61791,22.00995,18.34163,11.7272,22.8725,22.8725
5842,20.175789,41.818908,42.91941,39.61791,22.00995,18.34163,11.7272,22.8725,22.8725
5843,20.175789,41.818908,42.91941,39.61791,22.00995,18.34163,11.7272,22.8725,22.8725
5844,20.175789,41.818908,42.91941,39.61791,22.00995,18.34163,11.7272,22.8725,22.8725
5845,20.175789,41.818908,42.91941,39.61791,22.00995,18.34163,11.7272,22.8725,22.8725
5846,20.175789,41.818908,42.91941,39.61791,22.00995,18.34163,11.7272,22.8725,22.8725
5847,20.175789,41.818908,42.91941,39.61791,22.00995,18.34163,11.7272,22.8725,22.8725
5848,20.175789,41.818908,42.91941,39.61791,22.00995,18.34163,11.7272,22.8725,22.8725
5849,20.175789,41.818908,42.91941,39.61791,22.00995,18.34163,11.7272,22.8725,22.8725
5850,20.175789,41.818908,42.91941,39.61791,22.00995,18.34163,11.7272,22.8725,22.8725
5851,20.175789,41.818908,42.91941,39.61791,22.00995,18.34163,11.7272,22.8725,22.8725
5852,20.175789,41.818908,42.91941,39.61791,22.00995,18.34163,11.7272,22.8725,22.8725
5853,20.175789,41.818908,42.91941,39.61791,22.00995,18.34163,11.7272,22.8725,22.8725
5854,20.175789,41.818908,42.91941,39.61791,22.00995,18.34163,11.7272,22.8725,22.8725
5855,20.175789,41.818908,42.91941,39.61791,22.00995,18.34163,11.7272,22.8725,22.8725
5856,20.175789,41.818908,42.91941,39.61791,22.00995,18.34163,11.7272,22.8725,22.8725
5857,20.175789,41.818908,42.91941,39.61791,22.00995,18.34163,11.7272,22.8725,22.8725
5858,20.175789,41.818908,42.91941,39.61791,22.00995,18.34163,11.7272,22.8725,22.8725
5859,20.175789,41.818908,42.91941,39.61791,22.00995,18.34163,11.7272,22.8725,22.8725
5860,20.175789,41.818908,42.91941,39.61791,22.00995,18.34163,11.7272,22.8725,22.8725
5861,20.175789,41.818908,42.91941,39.61791,22.00995,18.34163,11.7272,22.8725,22.8725
5862,20.175789,41.818908,42.91941,39.61791,22.00995,18.34163,11.7272,22.8725,22.8725
5863,20.175789,41.818908,42.91941,39.61791,22.00995,18.34163,11.7272,22.8725,22.8725
5864,20.175789,41.818908,42.91941,39.61791,22.00995,18.34163,11.7272,22.8725,22.8725
5865,20.175789,41.818908,42.91941,39.61791,22.00995,18.34163,11.7272,22.8725,22.8725
5866,20.175789,41.818908,42.91941,39.61791,22.00995,18.34163,11.7272,22.8725,22.8725
5867,20.175789,41.818908,42.91941,39.61791,22.00995,18.34163,11.7272,22.8725,22.8725
5868,20.175789,41.818908,42.91941,39.61791,22.00995,18.34163,11.7272,22.8725,22.8725
5869,20.175789,41.818908,42.91941,39.61791,22.00995,18.34163,11.7272,22.8725,22.8725
5870,20.175789,41.818908,42.91941,39.61791,22.00995,18.34163,11.7272,22.8725,22.8725
5871,20.175789,41.818908,42.91941,39.61791,22.00995,18.34163,11.7272,22.8725,22.8725
5872,20.175789,41.818908,42.91941,39.61791,22.00995,18.34163,11.7272,22.8725,22.8725
5873,20.175789,41.818908,42.91941,39.61791,22.00995,18.34163,11.7272,22.8725,22.8725
5874,20.175789,41.818908,42.91941,39.61791,22.00995,18.34163,11.7272,22.8725,22.8725
5875,20.175789,41.818908,42.91941,39.61791,22.00995,18.34163,11.7272,22.8725,22.8725
5876,20.175789,41.818908,42.91941,39.61791,22.00995,18.34163,11.7272,22.8725,22.8725
5877,20.175789,41.818908,42.91941,39.61791,22.00995,18.34163,11.7272,22.8725,22.8725
5878,20.175789,41.818908,42.91941,39.61791,22.00995,18.34163,11.7272,22.8725,22.8725
5879,20.175789,41.818908,42.91941,39.61791,22.00995,18.34163,11.7272,22.8725,22.8725
5880,20.175789,41.818908,42.91941,39.61791,22.00995,18.34163,11.7272,22.8725,22.8725
5881,20.175789,41.818908,42.91941,39.61791,22.00995,18.34163,11.7272,22.8725,22.8725
5882,20.175789,41.818908,42.91941,39.61791,22.00995,18.34163,11.7272,22.8725,22.8725
5883,20.175789,41.818908,42.91941,39.61791,22.00995,18.34163,11.7272,22.8725,22.8725
5884,20.175789,41.818908,42.91941,39.61791,22.00995,18.34163,11.7272,22.8725,22.8725
5885,20.175789,41.818908,42.91941,39.61791,22.00995,18.34163,11.7272,22.8725,22.8725
5886,20.175789,41.818908,42.91941,39.61791,22.00995,18.34163,11.7272,22.8725,22.8725
5887,20.175789,41.818908,42.91941,39.61791,22.00995,18.34163,11.7272,22.8725,22.8725
5888,20.175789,41.818908,42.91941,39.61791,22.00995,18.34163,11.7272,22.8725,22.8725
5889,20.175789,41.818908,42.91941,39.61791,22.00995,18.34163,11.7272,22.8725,22.8725
5890,20.175789,41.818908,42.91941,39.61791,22.00995,18.34163,11.7272,22.8725,22.8725
5891,20.175789,41.818908,42.91941,39.61791,22.00995,18.34163,11.7272,22.8725,22.8725
5892,20.175789,41.818908,42.91941,39.61791,22.00995,18.34163,11.7272,22.8725,22.8725
5893,20.175789,41.818908,42.91941,39.61791,22.00995,18.34163,11.7272,22.8725,22.8725
5894,20.175789,41.818908,42.91941,39.61791,22.00995,18.34163,11.7272,22.8725,22.8725
5895,20.175789,41.818908,42.91941,39.61791,22.00995,18.34163,11.7272,22.8725,22.8725
5896,20.175789,41.818908,42.91941,39.61791,22.00995,18.34163,11.7272,22.8725,22.8725
5897,20.175789,41.818908,42.91941,39.61791,22.00995,18.34163,11.7272,22.8725,22.8725
5898,20.175789,41.818908,42.91941,39.61791,22.00995,18.34163,11.7272,22.8725,22.8725
5899,20.175789,41.818908,42.91941,39.61791,22.00995,18.34163,11.7272,22.8725,22.8725
5900,20.175789,41.818908,42.91941,39.61791,22.00995,18.34163,11.7272,22.8725,22.8725
5901,20.175789,41.818908,42.91941,39.61791,22.00995,18.34163,11.7272,22.8725,22.8725
5902,20.175789,41.818908,42.91941,39.61791,22.00995,18.34163,11.7272,22.8725,22.8725
5903,20.175789,41.818908,42.91941,39.61791,22.00995,18.34163,11.7272,22.8725,22.8725
5904,20.175789,41.818908,42.91941,39.61791,22.00995,18.34163,11.7272,22.8725,22.8725
5905,20.175789,41.818908,42.91941,39.61791,22.00995,18.34163,11.7272,22.8725,22.8725
5906,20.175789,41.818908,42.91941,39.61791,22.00995,18.34163,11.7272,22.8725,22.8725
5907,20.175789,41.818908,42.91941,39.61791,22.00995,18.34163,11.7272,22.8725,22.8725
5908,20.175789,41.818908,42.91941,39.61791,22.00995,18.34163,11.7272,22.8725,22.8725
5909,20.175789,41.818908,42.91941,39.61791,22.00995,18.34163,11.7272,22.8725,22.8725
5910,20.175789,41.818908,42.91941,39.61791,22.00995,18.34163,11.7272,22.8725,22.8725
5911,20.175789,41.818908,42.91941,39.61791,22.00995,18.34163,11.7272,22.8725,22.8725
5912,20.175789,41.818908,42.91941,39.61791,22.00995,18.34163,11.7272,22.8725,22.8725
5913,20.175789,41.818908,42.91941,39.61791,22.00995,18.34163,11.7272,22.8725,22.8725
5914,20.175789,41.818908,42.91941,39.61791,22.00995,18.34163,11.7272,22.8725,22.8725
5915,20.175789,41.818908,42.91941,39.61791,22.00995,18.34163,11.7272,22.8725,22.8725
5916,20.175789,41.818908,42.91941,39.61791,22.00995,18.34163,11.7272,22.8725,22.8725
5917,20.175789,41.818908,42.91941,39.61791,22.00995,18.34163,11.7272,22.8725,22.8725
5918,20.175789,41.818908,42.91941,39.61791,22.00995,18.34163,11.7272,22.8725,22.8725
5919,20.175789,41.818908,42.91941,39.61791,22.00995,18.34163,11.7272,22.8725,22.8725
5920,20.175789,41.818908,42.91941,39.61791,22.00995,18.34163,11.7272,22.8725,22.8725
5921,20.175789,41.818908,42.91941,39.61791,22.00995,18.34163,11.7272,22.8725,22.8725
5922,20.175789,41.818908,42.91941,39.61791,22.00995,18.34163,11.7272,22.8725,22.8725
5923,20.175789,41.818908,42.91941,39.61791,22.00995,18.34163,11.7272,22.8725,22.8725
5924,20.175789,41.818908,42.91941,39.61791,22.00995,18.34163,11.7272,22.8725,22.8725
5925,20.175789,41.818908,42.91941,39.61791,22.00995,18.34163,11.7272,22.8725,22.8725
5926,20.175789,41.818908,42.91941,39.61791,22.00995,18.34163,11.7272,22.8725,22.8725
5927,20.175789,41.818908,42.91941,39.61791,22.00995,18.34163,11.7272,22.8725,22.8725
5928,20.175789,41.818908,42.91941,39.61791,22.00995,18.34163,11.7272,22.8725,22.8725
5929,20.175789,41.818908,42.91941,39.61791,22.00995,18.34163,11.7272,22.8725,22.8725
5930,20.175789,41.818908,42.91941,39.61791,22.00995,18.34163,11.7272,22.8725,22.8725
5931,20.175789,41.818908,42.91941,39.61791,22.00995,18.34163,11.7272,22.8725,22.8725
5932,20.175789,41.818908,42.91941,39.61791,22.00995,18.34163,11.7272,22.8725,22.8725
5933,20.175789,41.818908,42.91941,39.61791,22.00995,18.34163,11.7272,22.8725,22.8725
5934,20.175789,41.818908,42.91941,39.61791,22.00995,18.34163,11.7272,22.8725,22.8725
5935,20.175789,41.818908,42.91941,39.61791,22.00995,18.34163,11.7272,22.8725,22.8725
5936,20.175789,41.818908,42.91941,39.61791,22.00995,18.34163,11.7272,22.8725,22.8725
5937,20.175789,41.818908,42.91941,39.61791,22.00995,18.34163,11.7272,22.8725,22.8725
5938,20.175789,41.818908,42.91941,39.61791,22.00995,18.34163,11.7272,22.8725,22.8725
5939,20.175789,41.818908,42.91941,39.61791,22.00995,18.34163,11.7272,22.8725,22.8725
5940,20.175789,41.818908,42.91941,39.61791,22.00995,18.34163,11.7272,22.8725,22.8725
5941,20.175789,41.818908,42.91941,39.61791,22.00995,18.34163,11.7272,22.8725,22.8725
5942,20.175789,41.818908,42.91941,39.61791,22.00995,18.34163,11.7272,22.8725,22.8725
5943,20.175789,41.818908,42.91941,39.61791,22.00995,18.34163,11.7272,22.8725,22.8725
5944,20.175789,41.818908,42.91941,39.61791,22.00995,18.34163,11.7272,22.8725,22.8725
5945,20.175789,41.818908,42.91941,39.61791,22.00995,18.34163,11.7272,22.8725,22.8725
5946,20.175789,41.818908,42.91941,39.61791,22.00995,18.34163,11.7272,22.8725,22.8725
5947,20.175789,41.818908,42.91941,39.61791,22.00995,18.34163,11.7272,22.8725,22.8725
5948,20.175789,41.818908,42.91941,39.61791,22.00995,18.34163,11.7272,22.8725,22.8725
5949,20.175789,41.818908,42.91941,39.61791,22.00995,18.34163,11.7272,22.8725,22.8725
5950,20.175789,41.818908,42.91941,39.61791,22.00995,18.34163,11.7272,22.8725,22.8725
5951,20.175789,41.818908,42.91941,39.61791,22.00995,18.34163,11.7272,22.8725,22.8725
5952,20.175789,41.818908,42.91941,39.61791,22.00995,18.34163,11.7272,22.8725,22.8725
5953,20.175789,41.818908,42.91941,39.61791,22.00995,18.34163,11.7272,22.8725,22.8725
5954,20.175789,41.818908,42.91941,39.61791,22.00995,18.34163,11.7272,22.8725,22.8725
5955,20.175789,41.818908,42.91941,39.61791,22.00995,18.34163,11.7272,22.8725,22.8725
5956,20.175789,41.818908,42.91941,39.61791,22.00995,18.34163,11.7272,22.8725,22.8725
5957,20.175789,41.818908,42.91941,39.61791,22.00995,18.34163,11.7272,22.8725,22.8725
5958,20.175789,41.818908,42.91941,39.61791,22.00995,18.34163,11.7272,22.8725,22.8725
5959,20.175789,41.818908,42.91941,39.61791,22.00995,18.34163,11.7272,22.8725,22.8725
5960,20.175789,41.818908,42.91941,39.61791,22.00995,18.34163,11.7272,22.8725,22.8725
5961,20.175789,41.818908,42.91941,39.61791,22.00995,18.34163,11.7272,22.8725,22.8725
5962,20.175789,41.818908,42.91941,39.61791,22.00995,18.34163,11.7272,22.8725,22.8725
5963,20.175789,41.818908,42.91941,39.61791,22.00995,18.34163,11.7272,22.8725,22.8725
5964,20.175789,41.818908,42.91941,39.61791,22.00995,18.34163,11.7272,22.8725,22.8725
5965,20.175789,41.818908,42.91941,39.61791,22.00995,18.34163,11.7272,22.8725,22.8725
5966,20.175789,41.818908,42.91941,39.61791,22.00995,18.34163,11.7272,22.8725,22.8725
5967,20.175789,41.818908,42.91941,39.61791,22.00995,18.34163,11.7272,22.8725,22.8725
5968,20.175789,41.818908,42.91941,39.61791,22.00995,18.34163,11.7272,22.8725,22.8725
5969,20.175789,41.818908,42.91941,39.61791,22.00995,18.34163,11.7272,22.8725,22.8725
5970,20.175789,41.818908,42.91941,39.61791,22.00995,18.34163,11.7272,22.8725,22.8725
5971,20.175789,41.818908,42.91941,39.61791,22.00995,18.34163,11.7272,22.8725,22.8725
5972,20.175789,41.818908,42.91941,39.61791,22.00995,18.34163,11.7272,22.8725,22.8725
5973,20.175789,41.818908,42.91941,39.61791,22.00995,18.34163,11.7272,22.8725,22.8725
5974,20.175789,41.818908,42.91941,39.61791,22.00995,18.34163,11.7272,22.8725,22.8725
5975,20.175789,41.818908,42.91941,39.61791,22.00995,18.34163,11.7272,22.8725,22.8725
5976,20.175789,41.818908,42.91941,39.61791,22.00995,18.34163,11.7272,22.8725,22.8725
5977,20.175789,41.818908,42.91941,39.61791,22.00995,18.34163,11.7272,22.8725,22.8725
5978,20.175789,41.818908,42.91941,39.61791,22.00995,18.34163,11.7272,22.8725,22.8725
5979,20.175789,41.818908,42.91941,39.61791,22.00995,18.34163,11.7272,22.8725,22.8725
5980,20.175789,41.818908,42.91941,39.61791,22.00995,18.34163,11.7272,22.8725,22.8725
5981,20.175789,41.818908,42.91941,39.61791,22.00995,18.34163,11.7272,22.8725,22.8725
5982,20.175789,41.818908,42.91941,39.61791,22.00995,18.34163,11.7272,22.8725,22.8725
5983,20.175789,41.818908,42.91941,39.61791,22.00995,18.34163,11.7272,22.8725,22.8725
5984,20.175789,41.818908,42.91941,39.61791,22.00995,18.34163,11.7272,22.8725,22.8725
5985,20.175789,41.818908,42.91941,39.61791,22.00995,18.34163,11.7272,22.8725,22.8725
5986,20.175789,41.818908,42.91941,39.61791,22.00995,18.34163,11.7272,22.8725,22.8725
5987,20.175789,41.818908,42.91941,39.61791,22.00995,18.34163,11.7272,22.8725,22.8725
5988,20.175789,41.818908,42.91941,39.61791,22.00995,18.34163,11.7272,22.8725,22.8725
5989,20.175789,41.818908,42.91941,39.61791,22.00995,18.34163,11.7272,22.8725,22.8725
5990,20.175789,41.818908,42.91941,39.61791,22.00995,18.34163,11.7272,22.8725,22.8725
5991,20.175789,41.818908,42.91941,39.61791,22.00995,18.34163,11.7272,22.8725,22.8725
5992,20.175789,41.818908,42.91941,39.61791,22.00995,18.34163,11.7272,22.8725,22.8725
5993,20.175789,41.818908,42.91941,39.61791,22.00995,18.34163,11.7272,22.8725,22.8725
5994,20.175789,41.818908,42.91941,39.61791,22.00995,18.34163,11.7272,22.8725,22.8725
5995,20.175789,41.818908,42.91941,39.61791,22.00995,18.34163,11.7272,22.8725,22.8725
5996,20.175789,41.818908,42.91941,39.61791,22.00995,18.34163,11.7272,22.8725,22.8725
5997,20.175789,41.818908,42.91941,39.61791,22.00995,18.34163,11.7272,22.8725,22.8725
5998,20.175789,41.818908,42.91941,39.61791,22.00995,18.34163,11.7272,22.8725,22.8725
5999,20.175789,41.818908,42.91941,39.61791,22.00995,18.34163,11.7272,22.8725,22.8725
6000,20.175789,41.818908,42.91941,39.61791,22.00995,18.34163,11.7272,22.8725,22.8725
6001,20.175789,41.818908,42.91941,39.61791,22.00995,18.34163,11.7272,22.8725,22.8725
6002,20.175789,41.818908,42.91941,39.61791,22.00995,18.34163,11.7272,22.8725,22.8725
6003,20.175789,41.818908,42.91941,39.61791,22.00995,18.34163,11.7272,22.8725,22.8725
6004,20.175789,41.818908,42.91941,39.61791,22.00995,18.34163,11.7272,22.8725,22.8725
6005,20.175789,41.818908,42.91941,39.61791,22.00995,18.34163,11.7272,22.8725,22.8725
6006,20.175789,41.818908,42.91941,39.61791,22.00995,18.34163,11.7272,22.8725,22.8725
6007,20.175789,41.818908,42.91941,39.61791,22.00995,18.34163,11.7272,22.8725,22.8725
6008,20.175789,41.818908,42.91941,39.61791,22.00995,18.34163,11.7272,22.8725,22.8725
6009,20.175789,41.818908,42.91941,39.61791,22.00995,18.34163,11.7272,22.8725,22.8725
6010,20.175789,41.818908,42.91941,39.61791,22.00995,18.34163,11.7272,22.8725,22.8725
6011,20.175789,41.818908,42.91941,39.61791,22.00995,18.34163,11.7272,22.8725,22.8725
6012,20.175789,41.818908,42.91941,39.61791,22.00995,18.34163,11.7272,22.8725,22.8725
6013,20.175789,41.818908,42.91941,39.61791,22.00995,18.34163,11.7272,22.8725,22.8725
6014,20.175789,41.818908,42.91941,39.61791,22.00995,18.34163,11.7272,22.8725,22.8725
6015,20.175789,41.818908,42.91941,39.61791,22.00995,18.34163,11.7272,22.8725,22.8725
6016,20.175789,41.818908,42.91941,39.61791,22.00995,18.34163,11.7272,22.8725,22.8725
6017,20.175789,41.818908,42.91941,39.61791,22.00995,18.34163,11.7272,22.8725,22.8725
6018,20.175789,41.818908,42.91941,39.61791,22.00995,18.34163,11.7272,22.8725,22.8725
6019,20.175789,41.818908,42.91941,39.61791,22.00995,18.34163,11.7272,22.8725,22.8725
6020,20.175789,41.818908,42.91941,39.61791,22.00995,18.34163,11.7272,22.8725,22.8725
6021,20.175789,41.818908,42.91941,39.61791,22.00995,18.34163,11.7272,22.8725,22.8725
6022,20.175789,41.818908,42.91941,39.61791,22.00995,18.34163,11.7272,22.8725,22.8725
6023,20.175789,41.818908,42.91941,39.61791,22.00995,18.34163,11.7272,22.8725,22.8725
6024,20.175789,41.818908,42.91941,39.61791,22.00995,18.34163,11.7272,22.8725,22.8725
6025,20.175789,41.818908,42.91941,39.61791,22.00995,18.34163,11.7272,22.8725,22.8725
6026,20.175789,41.818908,42.91941,39.61791,22.00995,18.34163,11.7272,22.8725,22.8725
6027,20.175789,41.818908,42.91941,39.61791,22.00995,18.34163,11.7272,22.8725,22.8725
6028,20.175789,41.818908,42.91941,39.61791,22.00995,18.34163,11.7272,22.8725,22.8725
6029,20.175789,41.818908,42.91941,39.61791,22.00995,18.34163,11.7272,22.8725,22.8725
6030,20.175789,41.818908,42.91941,39.61791,22.00995,18.34163,11.7272,22.8725,22.8725
6031,20.175789,41.818908,42.91941,39.61791,22.00995,18.34163,11.7272,22.8725,22.8725
6032,20.175789,41.818908,42.91941,39.61791,22.00995,18.34163,11.7272,22.8725,22.8725
6033,20.175789,41.818908,42.91941,39.61791,22.00995,18.34163,11.7272,22.8725,22.8725
6034,20.175789,41.818908,42.91941,39.61791,22.00995,18.34163,11.7272,22.8725,22.8725
6035,20.175789,41.818908,42.91941,39.61791,22.00995,18.34163,11.7272,22.8725,22.8725
6036,20.175789,41.818908,42.91941,39.61791,22.00995,18.34163,11.7272,22.8725,22.8725
6037,20.175789,41.818908,42.91941,39.61791,22.00995,18.34163,11.7272,22.8725,22.8725
6038,20.175789,41.818908,42.91941,39.61791,22.00995,18.34163,11.7272,22.8725,22.8725
6039,20.175789,41.818908,42.91941,39.61791,22.00995,18.34163,11.7272,22.8725,22.8725
6040,20.175789,41.818908,42.91941,39.61791,22.00995,18.34163,11.7272,22.8725,22.8725
6041,20.175789,41.818908,42.91941,39.61791,22.00995,18.34163,11.7272,22.8725,22.8725
6042,20.175789,41.818908,42.91941,39.61791,22.00995,18.34163,11.7272,22.8725,22.8725
6043,20.175789,41.818908,42.91941,39.61791,22.00995,18.34163,11.7272,22.8725,22.8725
6044,20.175789,41.818908,42.91941,39.61791,22.00995,18.34163,11.7272,22.8725,22.8725
6045,20.175789,41.818908,42.91941,39.61791,22.00995,18.34163,11.7272,22.8725,22.8725
6046,20.175789,41.818908,42.91941,39.61791,22.00995,18.34163,11.7272,22.8725,22.8725
6047,20.175789,41.818908,42.91941,39.61791,22.00995,18.34163,11.7272,22.8725,22.8725
6048,20.175789,41.818908,42.91941,39.61791,22.00995,18.34163,11.7272,22.8725,22.8725
6049,20.175789,41.818908,42.91941,39.61791,22.00995,18.34163,11.7272,22.8725,22.8725
6050,20.175789,41.818908,42.91941,39.61791,22.00995,18.34163,11.7272,22.8725,22.8725
6051,20.175789,41.818908,42.91941,39.61791,22.00995,18.34163,11.7272,22.8725,22.8725
6052,20.175789,41.818908,42.91941,39.61791,22.00995,18.34163,11.7272,22.8725,22.8725
6053,20.175789,41.818908,42.91941,39.61791,22.00995,18.34163,11.7272,22.8725,22.8725
6054,20.175789,41.818908,42.91941,39.61791,22.00995,18.34163,11.7272,22.8725,22.8725
6055,20.175789,41.818908,42.91941,39.61791,22.00995,18.34163,11.7272,22.8725,22.8725
6056,20.175789,41.818908,42.91941,39.61791,22.00995,18.34163,11.7272,22.8725,22.8725
6057,20.175789,41.818908,42.91941,39.61791,22.00995,18.34163,11.7272,22.8725,22.8725
6058,20.175789,41.818908,42.91941,39.61791,22.00995,18.34163,11.7272,22.8725,22.8725
6059,20.175789,41.818908,42.91941,39.61791,22.00995,18.34163,11.7272,22.8725,22.8725
6060,20.175789,41.818908,42.91941,39.61791,22.00995,18.34163,11.7272,22.8725,22.8725
6061,20.175789,41.818908,42.91941,39.61791,22.00995,18.34163,11.7272,22.8725,22.8725
6062,20.175789,41.818908,42.91941,39.61791,22.00995,18.34163,11.7272,22.8725,22.8725
6063,20.175789,41.818908,42.91941,39.61791,22.00995,18.34163,11.7272,22.8725,22.8725
6064,20.175789,41.818908,42.91941,39.61791,22.00995,18.34163,11.7272,22.8725,22.8725
6065,20.175789,41.818908,42.91941,39.61791,22.00995,18.34163,11.7272,22.8725,22.8725
6066,20.175789,41.818908,42.91941,39.61791,22.00995,18.34163,11.7272,22.8725,22.8725
6067,20.175789,41.818908,42.91941,39.61791,22.00995,18.34163,11.7272,22.8725,22.8725
6068,20.175789,41.818908,42.91941,39.61791,22.00995,18.34163,11.7272,22.8725,22.8725
6069,20.175789,41.818908,42.91941,39.61791,22.00995,18.34163,11.7272,22.8725,22.8725
6070,20.175789,41.818908,42.91941,39.61791,22.00995,18.34163,11.7272,22.8725,22.8725
6071,20.175789,41.818908,42.91941,39.61791,22.00995,18.34163,11.7272,22.8725,22.8725
6072,20.175789,41.818908,42.91941,39.61791,22.00995,18.34163,11.7272,22.8725,22.8725
6073,20.175789,41.818908,42.91941,39.61791,22.00995,18.34163,11.7272,22.8725,22.8725
6074,20.175789,41.818908,42.91941,39.61791,22.00995,18.34163,11.7272,22.8725,22.8725
6075,20.175789,41.818908,42.91941,39.61791,22.00995,18.34163,11.7272,22.8725,22.8725
6076,20.175789,41.818908,42.91941,39.61791,22.00995,18.34163,11.7272,22.8725,22.8725
6077,20.175789,41.818908,42.91941,39.61791,22.00995,18.34163,11.7272,22.8725,22.8725
6078,20.175789,41.818908,42.91941,39.61791,22.00995,18.34163,11.7272,22.8725,22.8725
6079,20.175789,41.818908,42.91941,39.61791,22.00995,18.34163,11.7272,22.8725,22.8725
6080,20.175789,41.818908,42.91941,39.61791,22.00995,18.34163,11.7272,22.8725,22.8725
6081,20.175789,41.818908,42.91941,39.61791,22.00995,18.34163,11.7272,22.8725,22.8725
6082,20.175789,41.818908,42.91941,39.61791,22.00995,18.34163,11.7272,22.8725,22.8725
6083,20.175789,41.818908,42.91941,39.61791,22.00995,18.34163,11.7272,22.8725,22.8725
6084,20.175789,41.818908,42.91941,39.61791,22.00995,18.34163,11.7272,22.8725,22.8725
6085,20.175789,41.818908,42.91941,39.61791,22.00995,18.34163,11.7272,22.8725,22.8725
6086,20.175789,41.818908,42.91941,39.61791,22.00995,18.34163,11.7272,22.8725,22.8725
6087,20.175789,41.818908,42.91941,39.61791,22.00995,18.34163,11.7272,22.8725,22.8725
6088,20.175789,41.818908,42.91941,39.61791,22.00995,18.34163,11.7272,22.8725,22.8725
6089,20.175789,41.818908,42.91941,39.61791,22.00995,18.34163,11.7272,22.8725,22.8725
6090,20.175789,41.818908,42.91941,39.61791,22.00995,18.34163,11.7272,22.8725,22.8725
6091,20.175789,41.818908,42.91941,39.61791,22.00995,18.34163,11.7272,22.8725,22.8725
6092,20.175789,41.818908,42.91941,39.61791,22.00995,18.34163,11.7272,22.8725,22.8725
6093,20.175789,41.818908,42.91941,39.61791,22.00995,18.34163,11.7272,22.8725,22.8725
6094,20.175789,41.818908,42.91941,39.61791,22.00995,18.34163,11.7272,22.8725,22.8725
6095,20.175789,41.818908,42.91941,39.61791,22.00995,18.34163,11.7272,22.8725,22.8725
6096,20.175789,41.818908,42.91941,39.61791,22.00995,18.34163,11.7272,22.8725,22.8725
6097,20.175789,41.818908,42.91941,39.61791,22.00995,18.34163,11.7272,22.8725,22.8725
6098,20.175789,41.818908,42.91941,39.61791,22.00995,18.34163,11.7272,22.8725,22.8725
6099,20.175789,41.818908,42.91941,39.61791,22.00995,18.34163,11.7272,22.8725,22.8725
6100,20.175789,41.818908,42.91941,39.61791,22.00995,18.34163,11.7272,22.8725,22.8725
6101,20.175789,41.818908,42.91941,39.61791,22.00995,18.34163,11.7272,22.8725,22.8725
6102,20.175789,41.818908,42.91941,39.61791,22.00995,18.34163,11.7272,22.8725,22.8725
6103,20.175789,41.818908,42.91941,39.61791,22.00995,18.34163,11.7272,22.8725,22.8725
6104,20.175789,41.818908,42.91941,39.61791,22.00995,18.34163,11.7272,22.8725,22.8725
6105,20.175789,41.818908,42.91941,39.61791,22.00995,18.34163,11.7272,22.8725,22.8725
6106,20.175789,41.818908,42.91941,39.61791,22.00995,18.34163,11.7272,22.8725,22.8725
6107,20.175789,41.818908,42.91941,39.61791,22.00995,18.34163,11.7272,22.8725,22.8725
6108,20.175789,41.818908,42.91941,39.61791,22.00995,18.34163,11.7272,22.8725,22.8725
6109,20.175789,41.818908,42.91941,39.61791,22.00995,18.34163,11.7272,22.8725,22.8725
6110,20.175789,41.818908,42.91941,39.61791,22.00995,18.34163,11.7272,22.8725,22.8725
6111,20.175789,41.818908,42.91941,39.61791,22.00995,18.34163,11.7272,22.8725,22.8725
6112,20.175789,41.818908,42.91941,39.61791,22.00995,18.34163,11.7272,22.8725,22.8725
6113,20.175789,41.818908,42.91941,39.61791,22.00995,18.34163,11.7272,22.8725,22.8725
6114,20.175789,41.818908,42.91941,39.61791,22.00995,18.34163,11.7272,22.8725,22.8725
6115,20.175789,41.818908,42.91941,39.61791,22.00995,18.34163,11.7272,22.8725,22.8725
6116,20.175789,41.818908,42.91941,39.61791,22.00995,18.34163,11.7272,22.8725,22.8725
6117,20.175789,41.818908,42.91941,39.61791,22.00995,18.34163,11.7272,22.8725,22.8725
6118,20.175789,41.818908,42.91941,39.61791,22.00995,18.34163,11.7272,22.8725,22.8725
6119,20.175789,41.818908,42.91941,39.61791,22.00995,18.34163,11.7272,22.8725,22.8725
6120,20.175789,41.818908,42.91941,39.61791,22.00995,18.34163,11.7272,22.8725,22.8725
6121,20.175789,41.818908,42.91941,39.61791,22.00995,18.34163,11.7272,22.8725,22.8725
6122,20.175789,41.818908,42.91941,39.61791,22.00995,18.34163,11.7272,22.8725,22.8725
6123,20.175789,41.818908,42.91941,39.61791,22.00995,18.34163,11.7272,22.8725,22.8725
6124,20.175789,41.818908,42.91941,39.61791,22.00995,18.34163,11.7272,22.8725,22.8725
6125,20.175789,41.818908,42.91941,39.61791,22.00995,18.34163,11.7272,22.8725,22.8725
6126,20.175789,41.818908,42.91941,39.61791,22.00995,18.34163,11.7272,22.8725,22.8725
6127,20.175789,41.818908,42.91941,39.61791,22.00995,18.34163,11.7272,22.8725,22.8725
6128,20.175789,41.818908,42.91941,39.61791,22.00995,18.34163,11.7272,22.8725,22.8725
6129,20.175789,41.818908,42.91941,39.61791,22.00995,18.34163,11.7272,22.8725,22.8725
6130,20.175789,41.818908,42.91941,39.61791,22.00995,18.34163,11.7272,22.8725,22.8725
6131,20.175789,41.818908,42.91941,39.61791,22.00995,18.34163,11.7272,22.8725,22.8725
6132,20.175789,41.818908,42.91941,39.61791,22.00995,18.34163,11.7272,22.8725,22.8725
6133,20.175789,41.818908,42.91941,39.61791,22.00995,18.34163,11.7272,22.8725,22.8725
6134,20.175789,41.818908,42.91941,39.61791,22.00995,18.34163,11.7272,22.8725,22.8725
6135,20.175789,41.818908,42.91941,39.61791,22.00995,18.34163,11.7272,22.8725,22.8725
6136,20.175789,41.818908,42.91941,39.61791,22.00995,18.34163,11.7272,22.8725,22.8725
6137,20.175789,41.818908,42.91941,39.61791,22.00995,18.34163,11.7272,22.8725,22.8725
6138,20.175789,41.818908,42.91941,39.61791,22.00995,18.34163,11.7272,22.8725,22.8725
6139,20.175789,41.818908,42.91941,39.61791,22.00995,18.34163,11.7272,22.8725,22.8725
6140,20.175789,41.818908,42.91941,39.61791,22.00995,18.34163,11.7272,22.8725,22.8725
6141,20.175789,41.818908,42.91941,39.61791,22.00995,18.34163,11.7272,22.8725,22.8725
6142,20.175789,41.818908,42.91941,39.61791,22.00995,18.34163,11.7272,22.8725,22.8725
6143,20.175789,41.818908,42.91941,39.61791,22.00995,18.34163,11.7272,22.8725,22.8725
6144,20.175789,41.818908,42.91941,39.61791,22.00995,18.34163,11.7272,22.8725,22.8725
6145,20.175789,41.818908,42.91941,39.61791,22.00995,18.34163,11.7272,22.8725,22.8725
6146,20.175789,41.818908,42.91941,39.61791,22.00995,18.34163,11.7272,22.8725,22.8725
6147,20.175789,41.818908,42.91941,39.61791,22.00995,18.34163,11.7272,22.8725,22.8725
6148,20.175789,41.818908,42.91941,39.61791,22.00995,18.34163,11.7272,22.8725,22.8725
6149,20.175789,41.818908,42.91941,39.61791,22.00995,18.34163,11.7272,22.8725,22.8725
6150,20.175789,41.818908,42.91941,39.61791,22.00995,18.34163,11.7272,22.8725,22.8725
6151,20.175789,41.818908,42.91941,39.61791,22.00995,18.34163,11.7272,22.8725,22.8725
6152,20.175789,41.818908,42.91941,39.61791,22.00995,18.34163,11.7272,22.8725,22.8725
6153,20.175789,41.818908,42.91941,39.61791,22.00995,18.34163,11.7272,22.8725,22.8725
6154,20.175789,41.818908,42.91941,39.61791,22.00995,18.34163,11.7272,22.8725,22.8725
6155,20.175789,41.818908,42.91941,39.61791,22.00995,18.34163,11.7272,22.8725,22.8725
6156,20.175789,41.818908,42.91941,39.61791,22.00995,18.34163,11.7272,22.8725,22.8725
6157,20.175789,41.818908,42.91941,39.61791,22.00995,18.34163,11.7272,22.8725,22.8725
6158,20.175789,41.818908,42.91941,39.61791,22.00995,18.34163,11.7272,22.8725,22.8725
6159,20.175789,41.818908,42.91941,39.61791,22.00995,18.34163,11.7272,22.8725,22.8725
6160,20.175789,41.818908,42.91941,39.61791,22.00995,18.34163,11.7272,22.8725,22.8725
6161,20.175789,41.818908,42.91941,39.61791,22.00995,18.34163,11.7272,22.8725,22.8725
6162,20.175789,41.818908,42.91941,39.61791,22.00995,18.34163,11.7272,22.8725,22.8725
6163,20.175789,41.818908,42.91941,39.61791,22.00995,18.34163,11.7272,22.8725,22.8725
6164,20.175789,41.818908,42.91941,39.61791,22.00995,18.34163,11.7272,22.8725,22.8725
6165,20.175789,41.818908,42.91941,39.61791,22.00995,18.34163,11.7272,22.8725,22.8725
6166,20.175789,41.818908,42.91941,39.61791,22.00995,18.34163,11.7272,22.8725,22.8725
6167,20.175789,41.818908,42.91941,39.61791,22.00995,18.34163,11.7272,22.8725,22.8725
6168,20.175789,41.818908,42.91941,39.61791,22.00995,18.34163,11.7272,22.8725,22.8725
6169,20.175789,41.818908,42.91941,39.61791,22.00995,18.34163,11.7272,22.8725,22.8725
6170,20.175789,41.818908,42.91941,39.61791,22.00995,18.34163,11.7272,22.8725,22.8725
6171,20.175789,41.818908,42.91941,39.61791,22.00995,18.34163,11.7272,22.8725,22.8725
6172,20.175789,41.818908,42.91941,39.61791,22.00995,18.34163,11.7272,22.8725,22.8725
6173,20.175789,41.818908,42.91941,39.61791,22.00995,18.34163,11.7272,22.8725,22.8725
6174,20.175789,41.818908,42.91941,39.61791,22.00995,18.34163,11.7272,22.8725,22.8725
6175,20.175789,41.818908,42.91941,39.61791,22.00995,18.34163,11.7272,22.8725,22.8725
6176,20.175789,41.818908,42.91941,39.61791,22.00995,18.34163,11.7272,22.8725,22.8725
6177,20.175789,41.818908,42.91941,39.61791,22.00995,18.34163,11.7272,22.8725,22.8725
6178,20.175789,41.818908,42.91941,39.61791,22.00995,18.34163,11.7272,22.8725,22.8725
6179,20.175789,41.818908,42.91941,39.61791,22.00995,18.34163,11.7272,22.8725,22.8725
6180,20.175789,41.818908,42.91941,39.61791,22.00995,18.34163,11.7272,22.8725,22.8725
6181,20.175789,41.818908,42.91941,39.61791,22.00995,18.34163,11.7272,22.8725,22.8725
6182,20.175789,41.818908,42.91941,39.61791,22.00995,18.34163,11.7272,22.8725,22.8725
6183,20.175789,41.818908,42.91941,39.61791,22.00995,18.34163,11.7272,22.8725,22.8725
6184,20.175789,41.818908,42.91941,39.61791,22.00995,18.34163,11.7272,22.8725,22.8725
6185,20.175789,41.818908,42.91941,39.61791,22.00995,18.34163,11.7272,22.8725,22.8725
6186,20.175789,41.818908,42.91941,39.61791,22.00995,18.34163,11.7272,22.8725,22.8725
6187,20.175789,41.818908,42.91941,39.61791,22.00995,18.34163,11.7272,22.8725,22.8725
6188,20.175789,41.818908,42.91941,39.61791,22.00995,18.34163,11.7272,22.8725,22.8725
6189,20.175789,41.818908,42.91941,39.61791,22.00995,18.34163,11.7272,22.8725,22.8725
6190,20.175789,41.818908,42.91941,39.61791,22.00995,18.34163,11.7272,22.8725,22.8725
6191,20.175789,41.818908,42.91941,39.61791,22.00995,18.34163,11.7272,22.8725,22.8725
6192,20.175789,41.818908,42.91941,39.61791,22.00995,18.34163,11.7272,22.8725,22.8725
6193,20.175789,41.818908,42.91941,39.61791,22.00995,18.34163,11.7272,22.8725,22.8725
6194,20.175789,41.818908,42.91941,39.61791,22.00995,18.34163,11.7272,22.8725,22.8725
6195,20.175789,41.818908,42.91941,39.61791,22.00995,18.34163,11.7272,22.8725,22.8725
6196,20.175789,41.818908,42.91941,39.61791,22.00995,18.34163,11.7272,22.8725,22.8725
6197,20.175789,41.818908,42.91941,39.61791,22.00995,18.34163,11.7272,22.8725,22.8725
6198,20.175789,41.818908,42.91941,39.61791,22.00995,18.34163,11.7272,22.8725,22.8725
6199,20.175789,41.818908,42.91941,39.61791,22.00995,18.34163,11.7272,22.8725,22.8725
6200,20.175789,41.818908,42.91941,39.61791,22.00995,18.34163,11.7272,22.8725,22.8725
6201,20.175789,41.818908,42.91941,39.61791,22.00995,18.34163,11.7272,22.8725,22.8725
6202,20.175789,41.818908,42.91941,39.61791,22.00995,18.34163,11.7272,22.8725,22.8725
6203,20.175789,41.818908,42.91941,39.61791,22.00995,18.34163,11.7272,22.8725,22.8725
6204,20.175789,41.818908,42.91941,39.61791,22.00995,18.34163,11.7272,22.8725,22.8725
6205,20.175789,41.818908,42.91941,39.61791,22.00995,18.34163,11.7272,22.8725,22.8725
6206,20.175789,41.818908,42.91941,39.61791,22.00995,18.34163,11.7272,22.8725,22.8725
6207,20.175789,41.818908,42.91941,39.61791,22.00995,18.34163,11.7272,22.8725,22.8725
6208,20.175789,41.818908,42.91941,39.61791,22.00995,18.34163,11.7272,22.8725,22.8725
6209,20.175789,41.818908,42.91941,39.61791,22.00995,18.34163,11.7272,22.8725,22.8725
6210,20.175789,41.818908,42.91941,39.61791,22.00995,18.34163,11.7272,22.8725,22.8725
6211,20.175789,41.818908,42.91941,39.61791,22.00995,18.34163,11.7272,22.8725,22.8725
6212,20.175789,41.818908,42.91941,39.61791,22.00995,18.34163,11.7272,22.8725,22.8725
6213,20.175789,41.818908,42.91941,39.61791,22.00995,18.34163,11.7272,22.8725,22.8725
6214,20.175789,41.818908,42.91941,39.61791,22.00995,18.34163,11.7272,22.8725,22.8725
6215,20.175789,41.818908,42.91941,39.61791,22.00995,18.34163,11.7272,22.8725,22.8725
6216,20.175789,41.818908,42.91941,39.61791,22.00995,18.34163,11.7272,22.8725,22.8725
6217,20.175789,41.818908,42.91941,39.61791,22.00995,18.34163,11.7272,22.8725,22.8725
6218,20.175789,41.818908,42.91941,39.61791,22.00995,18.34163,11.7272,22.8725,22.8725
6219,20.175789,41.818908,42.91941,39.61791,22.00995,18.34163,11.7272,22.8725,22.8725
6220,20.175789,41.818908,42.91941,39.61791,22.00995,18.34163,11.7272,22.8725,22.8725
6221,20.175789,41.818908,42.91941,39.61791,22.00995,18.34163,11.7272,22.8725,22.8725
6222,20.175789,41.818908,42.91941,39.61791,22.00995,18.34163,11.7272,22.8725,22.8725
6223,20.175789,41.818908,42.91941,39.61791,22.00995,18.34163,11.7272,22.8725,22.8725
6224,20.175789,41.818908,42.91941,39.61791,22.00995,18.34163,11.7272,22.8725,22.8725
6225,20.175789,41.818908,42.91941,39.61791,22.00995,18.34163,11.7272,22.8725,22.8725
6226,20.175789,41.818908,42.91941,39.61791,22.00995,18.34163,11.7272,22.8725,22.8725
6227,20.175789,41.818908,42.91941,39.61791,22.00995,18.34163,11.7272,22.8725,22.8725
6228,20.175789,41.818908,42.91941,39.61791,22.00995,18.34163,11.7272,22.8725,22.8725
6229,20.175789,41.818908,42.91941,39.61791,22.00995,18.34163,11.7272,22.8725,22.8725
6230,20.175789,41.818908,42.91941,39.61791,22.00995,18.34163,11.7272,22.8725,22.8725
6231,20.175789,41.818908,42.91941,39.61791,22.00995,18.34163,11.7272,22.8725,22.8725
6232,20.175789,41.818908,42.91941,39.61791,22.00995,18.34163,11.7272,22.8725,22.8725
6233,20.175789,41.818908,42.91941,39.61791,22.00995,18.34163,11.7272,22.8725,22.8725
6234,20.175789,41.818908,42.91941,39.61791,22.00995,18.34163,11.7272,22.8725,22.8725
6235,20.175789,41.818908,42.91941,39.61791,22.00995,18.34163,11.7272,22.8725,22.8725
6236,20.175789,41.818908,42.91941,39.61791,22.00995,18.34163,11.7272,22.8725,22.8725
6237,20.175789,41.818908,42.91941,39.61791,22.00995,18.34163,11.7272,22.8725,22.8725
6238,20.175789,41.818908,42.91941,39.61791,22.00995,18.34163,11.7272,22.8725,22.8725
6239,20.175789,41.818908,42.91941,39.61791,22.00995,18.34163,11.7272,22.8725,22.8725
6240,20.175789,41.818908,42.91941,39.61791,22.00995,18.34163,11.7272,22.8725,22.8725
6241,20.175789,41.818908,42.91941,39.61791,22.00995,18.34163,11.7272,22.8725,22.8725
6242,20.175789,41.818908,42.91941,39.61791,22.00995,18.34163,11.7272,22.8725,22.8725
6243,20.175789,41.818908,42.91941,39.61791,22.00995,18.34163,11.7272,22.8725,22.8725
6244,20.175789,41.818908,42.91941,39.61791,22.00995,18.34163,11.7272,22.8725,22.8725
6245,20.175789,41.818908,42.91941,39.61791,22.00995,18.34163,11.7272,22.8725,22.8725
6246,20.175789,41.818908,42.91941,39.61791,22.00995,18.34163,11.7272,22.8725,22.8725
6247,20.175789,41.818908,42.91941,39.61791,22.00995,18.34163,11.7272,22.8725,22.8725
6248,20.175789,41.818908,42.91941,39.61791,22.00995,18.34163,11.7272,22.8725,22.8725
6249,20.175789,41.818908,42.91941,39.61791,22.00995,18.34163,11.7272,22.8725,22.8725
6250,20.175789,41.818908,42.91941,39.61791,22.00995,18.34163,11.7272,22.8725,22.8725
6251,20.175789,41.818908,42.91941,39.61791,22.00995,18.34163,11.7272,22.8725,22.8725
6252,20.175789,41.818908,42.91941,39.61791,22.00995,18.34163,11.7272,22.8725,22.8725
6253,20.175789,41.818908,42.91941,39.61791,22.00995,18.34163,11.7272,22.8725,22.8725
6254,20.175789,41.818908,42.91941,39.61791,22.00995,18.34163,11.7272,22.8725,22.8725
6255,20.175789,41.818908,42.91941,39.61791,22.00995,18.34163,11.7272,22.8725,22.8725
6256,20.175789,41.818908,42.91941,39.61791,22.00995,18.34163,11.7272,22.8725,22.8725
6257,20.175789,41.818908,42.91941,39.61791,22.00995,18.34163,11.7272,22.8725,22.8725
6258,20.175789,41.818908,42.91941,39.61791,22.00995,18.34163,11.7272,22.8725,22.8725
6259,20.175789,41.818908,42.91941,39.61791,22.00995,18.34163,11.7272,22.8725,22.8725
6260,20.175789,41.818908,42.91941,39.61791,22.00995,18.34163,11.7272,22.8725,22.8725
6261,20.175789,41.818908,42.91941,39.61791,22.00995,18.34163,11.7272,22.8725,22.8725
6262,20.175789,41.818908,42.91941,39.61791,22.00995,18.34163,11.7272,22.8725,22.8725
6263,20.175789,41.818908,42.91941,39.61791,22.00995,18.34163,11.7272,22.8725,22.8725
6264,20.175789,41.818908,42.91941,39.61791,22.00995,18.34163,11.7272,22.8725,22.8725
6265,20.175789,41.818908,42.91941,39.61791,22.00995,18.34163,11.7272,22.8725,22.8725
6266,20.175789,41.818908,42.91941,39.61791,22.00995,18.34163,11.7272,22.8725,22.8725
6267,20.175789,41.818908,42.91941,39.61791,22.00995,18.34163,11.7272,22.8725,22.8725
6268,20.175789,41.818908,42.91941,39.61791,22.00995,18.34163,11.7272,22.8725,22.8725
6269,20.175789,41.818908,42.91941,39.61791,22.00995,18.34163,11.7272,22.8725,22.8725
6270,20.175789,41.818908,42.91941,39.61791,22.00995,18.34163,11.7272,22.8725,22.8725
6271,20.175789,41.818908,42.91941,39.61791,22.00995,18.34163,11.7272,22.8725,22.8725
6272,20.175789,41.818908,42.91941,39.61791,22.00995,18.34163,11.7272,22.8725,22.8725
6273,20.175789,41.818908,42.91941,39.61791,22.00995,18.34163,11.7272,22.8725,22.8725
6274,20.175789,41.818908,42.91941,39.61791,22.00995,18.34163,11.7272,22.8725,22.8725
6275,20.175789,41.818908,42.91941,39.61791,22.00995,18.34163,11.7272,22.8725,22.8725
6276,20.175789,41.818908,42.91941,39.61791,22.00995,18.34163,11.7272,22.8725,22.8725
6277,20.175789,41.818908,42.91941,39.61791,22.00995,18.34163,11.7272,22.8725,22.8725
6278,20.175789,41.818908,42.91941,39.61791,22.00995,18.34163,11.7272,22.8725,22.8725
6279,20.175789,41.818908,42.91941,39.61791,22.00995,18.34163,11.7272,22.8725,22.8725
6280,20.175789,41.818908,42.91941,39.61791,22.00995,18.34163,11.7272,22.8725,22.8725
6281,20.175789,41.818908,42.91941,39.61791,22.00995,18.34163,11.7272,22.8725,22.8725
6282,20.175789,41.818908,42.91941,39.61791,22.00995,18.34163,11.7272,22.8725,22.8725
6283,20.175789,41.818908,42.91941,39.61791,22.00995,18.34163,11.7272,22.8725,22.8725
6284,20.175789,41.818908,42.91941,39.61791,22.00995,18.34163,11.7272,22.8725,22.8725
6285,20.175789,41.818908,42.91941,39.61791,22.00995,18.34163,11.7272,22.8725,22.8725
6286,20.175789,41.818908,42.91941,39.61791,22.00995,18.34163,11.7272,22.8725,22.8725
6287,20.175789,41.818908,42.91941,39.61791,22.00995,18.34163,11.7272,22.8725,22.8725
6288,20.175789,41.818908,42.91941,39.61791,22.00995,18.34163,11.7272,22.8725,22.8725
6289,20.175789,41.818908,42.91941,39.61791,22.00995,18.34163,11.7272,22.8725,22.8725
6290,20.175789,41.818908,42.91941,39.61791,22.00995,18.34163,11.7272,22.8725,22.8725
6291,20.175789,41.818908,42.91941,39.61791,22.00995,18.34163,11.7272,22.8725,22.8725
6292,20.175789,41.818908,42.91941,39.61791,22.00995,18.34163,11.7272,22.8725,22.8725
6293,20.175789,41.818908,42.91941,39.61791,22.00995,18.34163,11.7272,22.8725,22.8725
6294,20.175789,41.818908,42.91941,39.61791,22.00995,18.34163,11.7272,22.8725,22.8725
6295,20.175789,41.818908,42.91941,39.61791,22.00995,18.34163,11.7272,22.8725,22.8725
6296,20.175789,41.818908,42.91941,39.61791,22.00995,18.34163,11.7272,22.8725,22.8725
6297,20.175789,41.818908,42.91941,39.61791,22.00995,18.34163,11.7272,22.8725,22.8725
6298,20.175789,41.818908,42.91941,39.61791,22.00995,18.34163,11.7272,22.8725,22.8725
6299,20.175789,41.818908,42.91941,39.61791,22.00995,18.34163,11.7272,22.8725,22.8725
6300,20.175789,41.818908,42.91941,39.61791,22.00995,18.34163,11.7272,22.8725,22.8725
6301,20.175789,41.818908,42.91941,39.61791,22.00995,18.34163,11.7272,22.8725,22.8725
6302,20.175789,41.818908,42.91941,39.61791,22.00995,18.34163,11.7272,22.8725,22.8725
6303,20.175789,41.818908,42.91941,39.61791,22.00995,18.34163,11.7272,22.8725,22.8725
6304,20.175789,41.818908,42.91941,39.61791,22.00995,18.34163,11.7272,22.8725,22.8725
6305,20.175789,41.818908,42.91941,39.61791,22.00995,18.34163,11.7272,22.8725,22.8725
6306,20.175789,41.818908,42.91941,39.61791,22.00995,18.34163,11.7272,22.8725,22.8725
6307,20.175789,41.818908,42.91941,39.61791,22.00995,18.34163,11.7272,22.8725,22.8725
6308,20.175789,41.818908,42.91941,39.61791,22.00995,18.34163,11.7272,22.8725,22.8725
6309,20.175789,41.818908,42.91941,39.61791,22.00995,18.34163,11.7272,22.8725,22.8725
6310,20.175789,41.818908,42.91941,39.61791,22.00995,18.34163,11.7272,22.8725,22.8725
6311,20.175789,41.818908,42.91941,39.61791,22.00995,18.34163,11.7272,22.8725,22.8725
6312,20.175789,41.818908,42.91941,39.61791,22.00995,18.34163,11.7272,22.8725,22.8725
6313,20.175789,41.818908,42.91941,39.61791,22.00995,18.34163,11.7272,22.8725,22.8725
6314,20.175789,41.818908,42.91941,39.61791,22.00995,18.34163,11.7272,22.8725,22.8725
6315,20.175789,41.818908,42.91941,39.61791,22.00995,18.34163,11.7272,22.8725,22.8725
6316,20.175789,41.818908,42.91941,39.61791,22.00995,18.34163,11.7272,22.8725,22.8725
6317,20.175789,41.818908,42.91941,39.61791,22.00995,18.34163,11.7272,22.8725,22.8725
6318,20.175789,41.818908,42.91941,39.61791,22.00995,18.34163,11.7272,22.8725,22.8725
6319,20.175789,41.818908,42.91941,39.61791,22.00995,18.34163,11.7272,22.8725,22.8725
6320,20.175789,41.818908,42.91941,39.61791,22.00995,18.34163,11.7272,22.8725,22.8725
6321,20.175789,41.818908,42.91941,39.61791,22.00995,18.34163,11.7272,22.8725,22.8725
6322,20.175789,41.818908,42.91941,39.61791,22.00995,18.34163,11.7272,22.8725,22.8725
6323,20.175789,41.818908,42.91941,39.61791,22.00995,18.34163,11.7272,22.8725,22.8725
6324,20.175789,41.818908,42.91941,39.61791,22.00995,18.34163,11.7272,22.8725,22.8725
6325,20.175789,41.818908,42.91941,39.61791,22.00995,18.34163,11.7272,22.8725,22.8725
6326,20.175789,41.818908,42.91941,39.61791,22.00995,18.34163,11.7272,22.8725,22.8725
6327,20.175789,41.818908,42.91941,39.61791,22.00995,18.34163,11.7272,22.8725,22.8725
6328,20.175789,41.818908,42.91941,39.61791,22.00995,18.34163,11.7272,22.8725,22.8725
6329,20.175789,41.818908,42.91941,39.61791,22.00995,18.34163,11.7272,22.8725,22.8725
6330,20.175789,41.818908,42.91941,39.61791,22.00995,18.34163,11.7272,22.8725,22.8725
6331,20.175789,41.818908,42.91941,39.61791,22.00995,18.34163,11.7272,22.8725,22.8725
6332,20.175789,41.818908,42.91941,39.61791,22.00995,18.34163,11.7272,22.8725,22.8725
6333,20.175789,41.818908,42.91941,39.61791,22.00995,18.34163,11.7272,22.8725,22.8725
6334,20.175789,41.818908,42.91941,39.61791,22.00995,18.34163,11.7272,22.8725,22.8725
6335,20.175789,41.818908,42.91941,39.61791,22.00995,18.34163,11.7272,22.8725,22.8725
6336,20.175789,41.818908,42.91941,39.61791,22.00995,18.34163,11.7272,22.8725,22.8725
6337,20.175789,41.818908,42.91941,39.61791,22.00995,18.34163,11.7272,22.8725,22.8725
6338,20.175789,41.818908,42.91941,39.61791,22.00995,18.34163,11.7272,22.8725,22.8725
6339,20.175789,41.818908,42.91941,39.61791,22.00995,18.34163,11.7272,22.8725,22.8725
6340,20.175789,41.818908,42.91941,39.61791,22.00995,18.34163,11.7272,22.8725,22.8725
6341,20.175789,41.818908,42.91941,39.61791,22.00995,18.34163,11.7272,22.8725,22.8725
6342,20.175789,41.818908,42.91941,39.61791,22.00995,18.34163,11.7272,22.8725,22.8725
6343,20.175789,41.818908,42.91941,39.61791,22.00995,18.34163,11.7272,22.8725,22.8725
6344,20.175789,41.818908,42.91941,39.61791,22.00995,18.34163,11.7272,22.8725,22.8725
6345,20.175789,41.818908,42.91941,39.61791,22.00995,18.34163,11.7272,22.8725,22.8725
6346,20.175789,41.818908,42.91941,39.61791,22.00995,18.34163,11.7272,22.8725,22.8725
6347,20.175789,41.818908,42.91941,39.61791,22.00995,18.34163,11.7272,22.8725,22.8725
6348,20.175789,41.818908,42.91941,39.61791,22.00995,18.34163,11.7272,22.8725,22.8725
6349,20.175789,41.818908,42.91941,39.61791,22.00995,18.34163,11.7272,22.8725,22.8725
6350,20.175789,41.818908,42.91941,39.61791,22.00995,18.34163,11.7272,22.8725,22.8725
6351,20.175789,41.818908,42.91941,39.61791,22.00995,18.34163,11.7272,22.8725,22.8725
6352,20.175789,41.818908,42.91941,39.61791,22.00995,18.34163,11.7272,22.8725,22.8725
6353,20.175789,41.818908,42.91941,39.61791,22.00995,18.34163,11.7272,22.8725,22.8725
6354,20.175789,41.818908,42.91941,39.61791,22.00995,18.34163,11.7272,22.8725,22.8725
6355,20.175789,41.818908,42.91941,39.61791,22.00995,18.34163,11.7272,22.8725,22.8725
6356,20.175789,41.818908,42.91941,39.61791,22.00995,18.34163,11.7272,22.8725,22.8725
6357,20.175789,41.818908,42.91941,39.61791,22.00995,18.34163,11.7272,22.8725,22.8725
6358,20.175789,41.818908,42.91941,39.61791,22.00995,18.34163,11.7272,22.8725,22.8725
6359,20.175789,41.818908,42.91941,39.61791,22.00995,18.34163,11.7272,22.8725,22.8725
6360,20.175789,41.818908,42.91941,39.61791,22.00995,18.34163,11.7272,22.8725,22.8725
6361,20.175789,41.818908,42.91941,39.61791,22.00995,18.34163,11.7272,22.8725,22.8725
6362,20.175789,41.818908,42.91941,39.61791,22.00995,18.34163,11.7272,22.8725,22.8725
6363,20.175789,41.818908,42.91941,39.61791,22.00995,18.34163,11.7272,22.8725,22.8725
6364,20.175789,41.818908,42.91941,39.61791,22.00995,18.34163,11.7272,22.8725,22.8725
6365,20.175789,41.818908,42.91941,39.61791,22.00995,18.34163,11.7272,22.8725,22.8725
6366,20.175789,41.818908,42.91941,39.61791,22.00995,18.34163,11.7272,22.8725,22.8725
6367,20.175789,41.818908,42.91941,39.61791,22.00995,18.34163,11.7272,22.8725,22.8725
6368,20.175789,41.818908,42.91941,39.61791,22.00995,18.34163,11.7272,22.8725,22.8725
6369,20.175789,41.818908,42.91941,39.61791,22.00995,18.34163,11.7272,22.8725,22.8725
6370,20.175789,41.818908,42.91941,39.61791,22.00995,18.34163,11.7272,22.8725,22.8725
6371,20.175789,41.818908,42.91941,39.61791,22.00995,18.34163,11.7272,22.8725,22.8725
6372,20.175789,41.818908,42.91941,39.61791,22.00995,18.34163,11.7272,22.8725,22.8725
6373,20.175789,41.818908,42.91941,39.61791,22.00995,18.34163,11.7272,22.8725,22.8725
6374,20.175789,41.818908,42.91941,39.61791,22.00995,18.34163,11.7272,22.8725,22.8725
6375,20.175789,41.818908,42.91941,39.61791,22.00995,18.34163,11.7272,22.8725,22.8725
6376,20.175789,41.818908,42.91941,39.61791,22.00995,18.34163,11.7272,22.8725,22.8725
6377,20.175789,41.818908,42.91941,39.61791,22.00995,18.34163,11.7272,22.8725,22.8725
6378,20.175789,41.818908,42.91941,39.61791,22.00995,18.34163,11.7272,22.8725,22.8725
6379,20.175789,41.818908,42.91941,39.61791,22.00995,18.34163,11.7272,22.8725,22.8725
6380,20.175789,41.818908,42.91941,39.61791,22.00995,18.34163,11.7272,22.8725,22.8725
6381,20.175789,41.818908,42.91941,39.61791,22.00995,18.34163,11.7272,22.8725,22.8725
6382,20.175789,41.818908,42.91941,39.61791,22.00995,18.34163,11.7272,22.8725,22.8725
6383,20.175789,41.818908,42.91941,39.61791,22.00995,18.34163,11.7272,22.8725,22.8725
6384,20.175789,41.818908,42.91941,39.61791,22.00995,18.34163,11.7272,22.8725,22.8725
6385,20.175789,41.818908,42.91941,39.61791,22.00995,18.34163,11.7272,22.8725,22.8725
6386,20.175789,41.818908,42.91941,39.61791,22.00995,18.34163,11.7272,22.8725,22.8725
6387,20.175789,41.818908,42.91941,39.61791,22.00995,18.34163,11.7272,22.8725,22.8725
6388,20.175789,41.818908,42.91941,39.61791,22.00995,18.34163,11.7272,22.8725,22.8725
6389,20.175789,41.818908,42.91941,39.61791,22.00995,18.34163,11.7272,22.8725,22.8725
6390,20.175789,41.818908,42.91941,39.61791,22.00995,18.34163,11.7272,22.8725,22.8725
6391,20.175789,41.818908,42.91941,39.61791,22.00995,18.34163,11.7272,22.8725,22.8725
6392,20.175789,41.818908,42.91941,39.61791,22.00995,18.34163,11.7272,22.8725,22.8725
6393,20.175789,41.818908,42.91941,39.61791,22.00995,18.34163,11.7272,22.8725,22.8725
6394,20.175789,41.818908,42.91941,39.61791,22.00995,18.34163,11.7272,22.8725,22.8725
6395,20.175789,41.818908,42.91941,39.61791,22.00995,18.34163,11.7272,22.8725,22.8725
6396,20.175789,41.818908,42.91941,39.61791,22.00995,18.34163,11.7272,22.8725,22.8725
6397,20.175789,41.818908,42.91941,39.61791,22.00995,18.34163,11.7272,22.8725,22.8725
6398,20.175789,41.818908,42.91941,39.61791,22.00995,18.34163,11.7272,22.8725,22.8725
6399,20.175789,41.818908,42.91941,39.61791,22.00995,18.34163,11.7272,22.8725,22.8725
6400,20.175789,41.818908,42.91941,39.61791,22.00995,18.34163,11.7272,22.8725,22.8725
6401,20.175789,41.818908,42.91941,39.61791,22.00995,18.34163,11.7272,22.8725,22.8725
6402,20.175789,41.818908,42.91941,39.61791,22.00995,18.34163,11.7272,22.8725,22.8725
6403,20.175789,41.818908,42.91941,39.61791,22.00995,18.34163,11.7272,22.8725,22.8725
6404,20.175789,41.818908,42.91941,39.61791,22.00995,18.34163,11.7272,22.8725,22.8725
6405,20.175789,41.818908,42.91941,39.61791,22.00995,18.34163,11.7272,22.8725,22.8725
6406,20.175789,41.818908,42.91941,39.61791,22.00995,18.34163,11.7272,22.8725,22.8725
6407,20.175789,41.818908,42.91941,39.61791,22.00995,18.34163,11.7272,22.8725,22.8725
6408,20.175789,41.818908,42.91941,39.61791,22.00995,18.34163,11.7272,22.8725,22.8725
6409,20.175789,41.818908,42.91941,39.61791,22.00995,18.34163,11.7272,22.8725,22.8725
6410,20.175789,41.818908,42.91941,39.61791,22.00995,18.34163,11.7272,22.8725,22.8725
6411,20.175789,41.818908,42.91941,39.61791,22.00995,18.34163,11.7272,22.8725,22.8725
6412,20.175789,41.818908,42.91941,39.61791,22.00995,18.34163,11.7272,22.8725,22.8725
6413,20.175789,41.818908,42.91941,39.61791,22.00995,18.34163,11.7272,22.8725,22.8725
6414,20.175789,41.818908,42.91941,39.61791,22.00995,18.34163,11.7272,22.8725,22.8725
6415,20.175789,41.818908,42.91941,39.61791,22.00995,18.34163,11.7272,22.8725,22.8725
6416,20.175789,41.818908,42.91941,39.61791,22.00995,18.34163,11.7272,22.8725,22.8725
6417,20.175789,41.818908,42.91941,39.61791,22.00995,18.34163,11.7272,22.8725,22.8725
6418,20.175789,41.818908,42.91941,39.61791,22.00995,18.34163,11.7272,22.8725,22.8725
6419,20.175789,41.818908,42.91941,39.61791,22.00995,18.34163,11.7272,22.8725,22.8725
6420,20.175789,41.818908,42.91941,39.61791,22.00995,18.34163,11.7272,22.8725,22.8725
6421,20.175789,41.818908,42.91941,39.61791,22.00995,18.34163,11.7272,22.8725,22.8725
6422,20.175789,41.818908,42.91941,39.61791,22.00995,18.34163,11.7272,22.8725,22.8725
6423,20.175789,41.818908,42.91941,39.61791,22.00995,18.34163,11.7272,22.8725,22.8725
6424,20.175789,41.818908,42.91941,39.61791,22.00995,18.34163,11.7272,22.8725,22.8725
6425,20.175789,41.818908,42.91941,39.61791,22.00995,18.34163,11.7272,22.8725,22.8725
6426,20.175789,41.818908,42.91941,39.61791,22.00995,18.34163,11.7272,22.8725,22.8725
6427,20.175789,41.818908,42.91941,39.61791,22.00995,18.34163,11.7272,22.8725,22.8725
6428,20.175789,41.818908,42.91941,39.61791,22.00995,18.34163,11.7272,22.8725,22.8725
6429,20.175789,41.818908,42.91941,39.61791,22.00995,18.34163,11.7272,22.8725,22.8725
6430,20.175789,41.818908,42.91941,39.61791,22.00995,18.34163,11.7272,22.8725,22.8725
6431,20.175789,41.818908,42.91941,39.61791,22.00995,18.34163,11.7272,22.8725,22.8725
6432,20.175789,41.818908,42.91941,39.61791,22.00995,18.34163,11.7272,22.8725,22.8725
6433,20.175789,41.818908,42.91941,39.61791,22.00995,18.34163,11.7272,22.8725,22.8725
6434,20.175789,41.818908,42.91941,39.61791,22.00995,18.34163,11.7272,22.8725,22.8725
6435,20.175789,41.818908,42.91941,39.61791,22.00995,18.34163,11.7272,22.8725,22.8725
6436,20.175789,41.818908,42.91941,39.61791,22.00995,18.34163,11.7272,22.8725,22.8725
6437,20.175789,41.818908,42.91941,39.61791,22.00995,18.34163,11.7272,22.8725,22.8725
6438,20.175789,41.818908,42.91941,39.61791,22.00995,18.34163,11.7272,22.8725,22.8725
6439,20.175789,41.818908,42.91941,39.61791,22.00995,18.34163,11.7272,22.8725,22.8725
6440,20.175789,41.818908,42.91941,39.61791,22.00995,18.34163,11.7272,22.8725,22.8725
6441,20.175789,41.818908,42.91941,39.61791,22.00995,18.34163,11.7272,22.8725,22.8725
6442,20.175789,41.818908,42.91941,39.61791,22.00995,18.34163,11.7272,22.8725,22.8725
6443,20.175789,41.818908,42.91941,39.61791,22.00995,18.34163,11.7272,22.8725,22.8725
6444,20.175789,41.818908,42.91941,39.61791,22.00995,18.34163,11.7272,22.8725,22.8725
6445,20.175789,41.818908,42.91941,39.61791,22.00995,18.34163,11.7272,22.8725,22.8725
6446,20.175789,41.818908,42.91941,39.61791,22.00995,18.34163,11.7272,22.8725,22.8725
6447,20.175789,41.818908,42.91941,39.61791,22.00995,18.34163,11.7272,22.8725,22.8725
6448,20.175789,41.818908,42.91941,39.61791,22.00995,18.34163,11.7272,22.8725,22.8725
6449,20.175789,41.818908,42.91941,39.61791,22.00995,18.34163,11.7272,22.8725,22.8725
6450,20.175789,41.818908,42.91941,39.61791,22.00995,18.34163,11.7272,22.8725,22.8725
6451,20.175789,41.818908,42.91941,39.61791,22.00995,18.34163,11.7272,22.8725,22.8725
6452,20.175789,41.818908,42.91941,39.61791,22.00995,18.34163,11.7272,22.8725,22.8725
6453,20.175789,41.818908,42.91941,39.61791,22.00995,18.34163,11.7272,22.8725,22.8725
6454,20.175789,41.818908,42.91941,39.61791,22.00995,18.34163,11.7272,22.8725,22.8725
6455,20.175789,41.818908,42.91941,39.61791,22.00995,18.34163,11.7272,22.8725,22.8725
6456,20.175789,41.818908,42.91941,39.61791,22.00995,18.34163,11.7272,22.8725,22.8725
6457,20.175789,41.818908,42.91941,39.61791,22.00995,18.34163,11.7272,22.8725,22.8725
6458,20.175789,41.818908,42.91941,39.61791,22.00995,18.34163,11.7272,22.8725,22.8725
6459,20.175789,41.818908,42.91941,39.61791,22.00995,18.34163,11.7272,22.8725,22.8725
6460,20.175789,41.818908,42.91941,39.61791,22.00995,18.34163,11.7272,22.8725,22.8725
6461,20.175789,41.818908,42.91941,39.61791,22.00995,18.34163,11.7272,22.8725,22.8725
6462,20.175789,41.818908,42.91941,39.61791,22.00995,18.34163,11.7272,22.8725,22.8725
6463,20.175789,41.818908,42.91941,39.61791,22.00995,18.34163,11.7272,22.8725,22.8725
6464,20.175789,41.818908,42.91941,39.61791,22.00995,18.34163,11.7272,22.8725,22.8725
6465,20.175789,41.818908,42.91941,39.61791,22.00995,18.34163,11.7272,22.8725,22.8725
6466,20.175789,41.818908,42.91941,39.61791,22.00995,18.34163,11.7272,22.8725,22.8725
6467,20.175789,41.818908,42.91941,39.61791,22.00995,18.34163,11.7272,22.8725,22.8725
6468,20.175789,41.818908,42.91941,39.61791,22.00995,18.34163,11.7272,22.8725,22.8725
6469,20.175789,41.818908,42.91941,39.61791,22.00995,18.34163,11.7272,22.8725,22.8725
6470,20.175789,41.818908,42.91941,39.61791,22.00995,18.34163,11.7272,22.8725,22.8725
6471,20.175789,41.818908,42.91941,39.61791,22.00995,18.34163,11.7272,22.8725,22.8725
6472,20.175789,41.818908,42.91941,39.61791,22.00995,18.34163,11.7272,22.8725,22.8725
6473,20.175789,41.818908,42.91941,39.61791,22.00995,18.34163,11.7272,22.8725,22.8725
6474,20.175789,41.818908,42.91941,39.61791,22.00995,18.34163,11.7272,22.8725,22.8725
6475,20.175789,41.818908,42.91941,39.61791,22.00995,18.34163,11.7272,22.8725,22.8725
6476,20.175789,41.818908,42.91941,39.61791,22.00995,18.34163,11.7272,22.8725,22.8725
6477,20.175789,41.818908,42.91941,39.61791,22.00995,18.34163,11.7272,22.8725,22.8725
6478,20.175789,41.818908,42.91941,39.61791,22.00995,18.34163,11.7272,22.8725,22.8725
6479,20.175789,41.818908,42.91941,39.61791,22.00995,18.34163,11.7272,22.8725,22.8725
6480,20.175789,41.818908,42.91941,39.61791,22.00995,18.34163,11.7272,22.8725,22.8725
6481,20.175789,41.818908,42.91941,39.61791,22.00995,18.34163,11.7272,22.8725,22.8725
6482,20.175789,41.818908,42.91941,39.61791,22.00995,18.34163,11.7272,22.8725,22.8725
6483,20.175789,41.818908,42.91941,39.61791,22.00995,18.34163,11.7272,22.8725,22.8725
6484,20.175789,41.818908,42.91941,39.61791,22.00995,18.34163,11.7272,22.8725,22.8725
6485,20.175789,41.818908,42.91941,39.61791,22.00995,18.34163,11.7272,22.8725,22.8725
6486,20.175789,41.818908,42.91941,39.61791,22.00995,18.34163,11.7272,22.8725,22.8725
6487,20.175789,41.818908,42.91941,39.61791,22.00995,18.34163,11.7272,22.8725,22.8725
6488,20.175789,41.818908,42.91941,39.61791,22.00995,18.34163,11.7272,22.8725,22.8725
6489,20.175789,41.818908,42.91941,39.61791,22.00995,18.34163,11.7272,22.8725,22.8725
6490,20.175789,41.818908,42.91941,39.61791,22.00995,18.34163,11.7272,22.8725,22.8725
6491,20.175789,41.818908,42.91941,39.61791,22.00995,18.34163,11.7272,22.8725,22.8725
6492,20.175789,41.818908,42.91941,39.61791,22.00995,18.34163,11.7272,22.8725,22.8725
6493,20.175789,41.818908,42.91941,39.61791,22.00995,18.34163,11.7272,22.8725,22.8725
6494,20.175789,41.818908,42.91941,39.61791,22.00995,18.34163,11.7272,22.8725,22.8725
6495,20.175789,41.818908,42.91941,39.61791,22.00995,18.34163,11.7272,22.8725,22.8725
6496,20.175789,41.818908,42.91941,39.61791,22.00995,18.34163,11.7272,22.8725,22.8725
6497,20.175789,41.818908,42.91941,39.61791,22.00995,18.34163,11.7272,22.8725,22.8725
6498,20.175789,41.818908,42.91941,39.61791,22.00995,18.34163,11.7272,22.8725,22.8725
6499,20.175789,41.818908,42.91941,39.61791,22.00995,18.34163,11.7272,22.8725,22.8725
6500,20.175789,41.818908,42.91941,39.61791,22.00995,18.34163,11.7272,22.8725,22.8725
6501,20.175789,41.818908,42.91941,39.61791,22.00995,18.34163,11.7272,22.8725,22.8725
6502,20.175789,41.818908,42.91941,39.61791,22.00995,18.34163,11.7272,22.8725,22.8725
6503,20.175789,41.818908,42.91941,39.61791,22.00995,18.34163,11.7272,22.8725,22.8725
6504,20.175789,41.818908,42.91941,39.61791,22.00995,18.34163,11.7272,22.8725,22.8725
6505,20.175789,41.818908,42.91941,39.61791,22.00995,18.34163,11.7272,22.8725,22.8725
6506,20.175789,41.818908,42.91941,39.61791,22.00995,18.34163,11.7272,22.8725,22.8725
6507,20.175789,41.818908,42.91941,39.61791,22.00995,18.34163,11.7272,22.8725,22.8725
6508,20.175789,41.818908,42.91941,39.61791,22.00995,18.34163,11.7272,22.8725,22.8725
6509,20.175789,41.818908,42.91941,39.61791,22.00995,18.34163,11.7272,22.8725,22.8725
6510,20.175789,41.818908,42.91941,39.61791,22.00995,18.34163,11.7272,22.8725,22.8725
6511,20.175789,41.818908,42.91941,39.61791,22.00995,18.34163,11.7272,22.8725,22.8725
6512,20.175789,41.818908,42.91941,39.61791,22.00995,18.34163,11.7272,22.8725,22.8725
6513,20.175789,41.818908,42.91941,39.61791,22.00995,18.34163,11.7272,22.8725,22.8725
6514,20.175789,41.818908,42.91941,39.61791,22.00995,18.34163,11.7272,22.8725,22.8725
6515,20.175789,41.818908,42.91941,39.61791,22.00995,18.34163,11.7272,22.8725,22.8725
6516,20.175789,41.818908,42.91941,39.61791,22.00995,18.34163,11.7272,22.8725,22.8725
6517,20.175789,41.818908,42.91941,39.61791,22.00995,18.34163,11.7272,22.8725,22.8725
6518,20.175789,41.818908,42.91941,39.61791,22.00995,18.34163,11.7272,22.8725,22.8725
6519,20.175789,41.818908,42.91941,39.61791,22.00995,18.34163,11.7272,22.8725,22.8725
6520,20.175789,41.818908,42.91941,39.61791,22.00995,18.34163,11.7272,22.8725,22.8725
6521,20.175789,41.818908,42.91941,39.61791,22.00995,18.34163,11.7272,22.8725,22.8725
6522,20.175789,41.818908,42.91941,39.61791,22.00995,18.34163,11.7272,22.8725,22.8725
6523,20.175789,41.818908,42.91941,39.61791,22.00995,18.34163,11.7272,22.8725,22.8725
6524,20.175789,41.818908,42.91941,39.61791,22.00995,18.34163,11.7272,22.8725,22.8725
6525,20.175789,41.818908,42.91941,39.61791,22.00995,18.34163,11.7272,22.8725,22.8725
6526,20.175789,41.818908,42.91941,39.61791,22.00995,18.34163,11.7272,22.8725,22.8725
6527,20.175789,41.818908,42.91941,39.61791,22.00995,18.34163,11.7272,22.8725,22.8725
6528,20.175789,41.818908,42.91941,39.61791,22.00995,18.34163,11.7272,22.8725,22.8725
6529,20.175789,41.818908,42.91941,39.61791,22.00995,18.34163,11.7272,22.8725,22.8725
6530,20.175789,41.818908,42.91941,39.61791,22.00995,18.34163,11.7272,22.8725,22.8725
6531,20.175789,41.818908,42.91941,39.61791,22.00995,18.34163,11.7272,22.8725,22.8725
6532,20.175789,41.818908,42.91941,39.61791,22.00995,18.34163,11.7272,22.8725,22.8725
6533,20.175789,41.818908,42.91941,39.61791,22.00995,18.34163,11.7272,22.8725,22.8725
6534,20.175789,41.818908,42.91941,39.61791,22.00995,18.34163,11.7272,22.8725,22.8725
6535,20.175789,41.818908,42.91941,39.61791,22.00995,18.34163,11.7272,22.8725,22.8725
6536,20.175789,41.818908,42.91941,39.61791,22.00995,18.34163,11.7272,22.8725,22.8725
6537,20.175789,41.818908,42.91941,39.61791,22.00995,18.34163,11.7272,22.8725,22.8725
6538,20.175789,41.818908,42.91941,39.61791,22.00995,18.34163,11.7272,22.8725,22.8725
6539,20.175789,41.818908,42.91941,39.61791,22.00995,18.34163,11.7272,22.8725,22.8725
6540,20.175789,41.818908,42.91941,39.61791,22.00995,18.34163,11.7272,22.8725,22.8725
6541,20.175789,41.818908,42.91941,39.61791,22.00995,18.34163,11.7272,22.8725,22.8725
6542,20.175789,41.818908,42.91941,39.61791,22.00995,18.34163,11.7272,22.8725,22.8725
6543,20.175789,41.818908,42.91941,39.61791,22.00995,18.34163,11.7272,22.8725,22.8725
6544,20.175789,41.818908,42.91941,39.61791,22.00995,18.34163,11.7272,22.8725,22.8725
6545,20.175789,41.818908,42.91941,39.61791,22.00995,18.34163,11.7272,22.8725,22.8725
6546,20.175789,41.818908,42.91941,39.61791,22.00995,18.34163,11.7272,22.8725,22.8725
6547,20.175789,41.818908,42.91941,39.61791,22.00995,18.34163,11.7272,22.8725,22.8725
6548,20.175789,41.818908,42.91941,39.61791,22.00995,18.34163,11.7272,22.8725,22.8725
6549,20.175789,41.818908,42.91941,39.61791,22.00995,18.34163,11.7272,22.8725,22.8725
6550,20.175789,41.818908,42.91941,39.61791,22.00995,18.34163,11.7272,22.8725,22.8725
6551,20.175789,41.818908,42.91941,39.61791,22.00995,18.34163,11.7272,22.8725,22.8725
6552,20.175789,41.818908,42.91941,39.61791,22.00995,18.34163,11.7272,22.8725,22.8725
6553,20.175789,41.818908,42.91941,39.61791,22.00995,18.34163,11.7272,22.8725,22.8725
6554,20.175789,41.818908,42.91941,39.61791,22.00995,18.34163,11.7272,22.8725,22.8725
6555,20.175789,41.818908,42.91941,39.61791,22.00995,18.34163,11.7272,22.8725,22.8725
6556,20.175789,41.818908,42.91941,39.61791,22.00995,18.34163,11.7272,22.8725,22.8725
6557,20.175789,41.818908,42.91941,39.61791,22.00995,18.34163,11.7272,22.8725,22.8725
6558,20.175789,41.818908,42.91941,39.61791,22.00995,18.34163,11.7272,22.8725,22.8725
6559,20.175789,41.818908,42.91941,39.61791,22.00995,18.34163,11.7272,22.8725,22.8725
6560,20.175789,41.818908,42.91941,39.61791,22.00995,18.34163,11.7272,22.8725,22.8725
6561,20.175789,41.818908,42.91941,39.61791,22.00995,18.34163,11.7272,22.8725,22.8725
6562,20.175789,41.818908,42.91941,39.61791,22.00995,18.34163,11.7272,22.8725,22.8725
6563,20.175789,41.818908,42.91941,39.61791,22.00995,18.34163,11.7272,22.8725,22.8725
6564,20.175789,41.818908,42.91941,39.61791,22.00995,18.34163,11.7272,22.8725,22.8725
6565,20.175789,41.818908,42.91941,39.61791,22.00995,18.34163,11.7272,22.8725,22.8725
6566,20.175789,41.818908,42.91941,39.61791,22.00995,18.34163,11.7272,22.8725,22.8725
6567,20.175789,41.818908,42.91941,39.61791,22.00995,18.34163,11.7272,22.8725,22.8725
6568,20.175789,41.818908,42.91941,39.61791,22.00995,18.34163,11.7272,22.8725,22.8725
6569,20.175789,41.818908,42.91941,39.61791,22.00995,18.34163,11.7272,22.8725,22.8725
6570,20.175789,41.818908,42.91941,39.61791,22.00995,18.34163,11.7272,22.8725,22.8725
6571,20.175789,41.818908,42.91941,39.61791,22.00995,18.34163,11.7272,22.8725,22.8725
6572,20.175789,41.818908,42.91941,39.61791,22.00995,18.34163,11.7272,22.8725,22.8725
6573,20.175789,41.818908,42.91941,39.61791,22.00995,18.34163,11.7272,22.8725,22.8725
6574,20.175789,41.818908,42.91941,39.61791,22.00995,18.34163,11.7272,22.8725,22.8725
6575,20.175789,41.818908,42.91941,39.61791,22.00995,18.34163,11.7272,22.8725,22.8725
6576,20.175789,41.818908,42.91941,39.61791,22.00995,18.34163,11.7272,22.8725,22.8725
6577,20.175789,41.818908,42.91941,39.61791,22.00995,18.34163,11.7272,22.8725,22.8725
6578,20.175789,41.818908,42.91941,39.61791,22.00995,18.34163,11.7272,22.8725,22.8725
6579,20.175789,41.818908,42.91941,39.61791,22.00995,18.34163,11.7272,22.8725,22.8725
6580,20.175789,41.818908,42.91941,39.61791,22.00995,18.34163,11.7272,22.8725,22.8725
6581,20.175789,41.818908,42.91941,39.61791,22.00995,18.34163,11.7272,22.8725,22.8725
6582,20.175789,41.818908,42.91941,39.61791,22.00995,18.34163,11.7272,22.8725,22.8725
6583,20.175789,41.818908,42.91941,39.61791,22.00995,18.34163,11.7272,22.8725,22.8725
6584,20.175789,41.818908,42.91941,39.61791,22.00995,18.34163,11.7272,22.8725,22.8725
6585,20.175789,41.818908,42.91941,39.61791,22.00995,18.34163,11.7272,22.8725,22.8725
6586,20.175789,41.818908,42.91941,39.61791,22.00995,18.34163,11.7272,22.8725,22.8725
6587,20.175789,41.818908,42.91941,39.61791,22.00995,18.34163,11.7272,22.8725,22.8725
6588,20.175789,41.818908,42.91941,39.61791,22.00995,18.34163,11.7272,22.8725,22.8725
6589,20.175789,41.818908,42.91941,39.61791,22.00995,18.34163,11.7272,22.8725,22.8725
6590,20.175789,41.818908,42.91941,39.61791,22.00995,18.34163,11.7272,22.8725,22.8725
6591,20.175789,41.818908,42.91941,39.61791,22.00995,18.34163,11.7272,22.8725,22.8725
6592,20.175789,41.818908,42.91941,39.61791,22.00995,18.34163,11.7272,22.8725,22.8725
6593,20.175789,41.818908,42.91941,39.61791,22.00995,18.34163,11.7272,22.8725,22.8725
6594,20.175789,41.818908,42.91941,39.61791,22.00995,18.34163,11.7272,22.8725,22.8725
6595,20.175789,41.818908,42.91941,39.61791,22.00995,18.34163,11.7272,22.8725,22.8725
6596,20.175789,41.818908,42.91941,39.61791,22.00995,18.34163,11.7272,22.8725,22.8725
6597,20.175789,41.818908,42.91941,39.61791,22.00995,18.34163,11.7272,22.8725,22.8725
6598,20.175789,41.818908,42.91941,39.61791,22.00995,18.34163,11.7272,22.8725,22.8725
6599,20.175789,41.818908,42.91941,39.61791,22.00995,18.34163,11.7272,22.8725,22.8725
6600,20.175789,41.818908,42.91941,39.61791,22.00995,18.34163,11.7272,22.8725,22.8725
6601,20.175789,41.818908,42.91941,39.61791,22.00995,18.34163,11.7272,22.8725,22.8725
6602,20.175789,41.818908,42.91941,39.61791,22.00995,18.34163,11.7272,22.8725,22.8725
6603,20.175789,41.818908,42.91941,39.61791,22.00995,18.34163,11.7272,22.8725,22.8725
6604,20.175789,41.818908,42.91941,39.61791,22.00995,18.34163,11.7272,22.8725,22.8725
6605,20.175789,41.818908,42.91941,39.61791,22.00995,18.34163,11.7272,22.8725,22.8725
6606,20.175789,41.818908,42.91941,39.61791,22.00995,18.34163,11.7272,22.8725,22.8725
6607,20.175789,41.818908,42.91941,39.61791,22.00995,18.34163,11.7272,22.8725,22.8725
6608,20.175789,41.818908,42.91941,39.61791,22.00995,18.34163,11.7272,22.8725,22.8725
6609,20.175789,41.818908,42.91941,39.61791,22.00995,18.34163,11.7272,22.8725,22.8725
6610,20.175789,41.818908,42.91941,39.61791,22.00995,18.34163,11.7272,22.8725,22.8725
6611,20.175789,41.818908,42.91941,39.61791,22.00995,18.34163,11.7272,22.8725,22.8725
6612,20.175789,41.818908,42.91941,39.61791,22.00995,18.34163,11.7272,22.8725,22.8725
6613,20.175789,41.818908,42.91941,39.61791,22.00995,18.34163,11.7272,22.8725,22.8725
6614,20.175789,41.818908,42.91941,39.61791,22.00995,18.34163,11.7272,22.8725,22.8725
6615,20.175789,41.818908,42.91941,39.61791,22.00995,18.34163,11.7272,22.8725,22.8725
6616,20.175789,41.818908,42.91941,39.61791,22.00995,18.34163,11.7272,22.8725,22.8725
6617,20.175789,41.818908,42.91941,39.61791,22.00995,18.34163,11.7272,22.8725,22.8725
6618,20.175789,41.818908,42.91941,39.61791,22.00995,18.34163,11.7272,22.8725,22.8725
6619,20.175789,41.818908,42.91941,39.61791,22.00995,18.34163,11.7272,22.8725,22.8725
6620,20.175789,41.818908,42.91941,39.61791,22.00995,18.34163,11.7272,22.8725,22.8725
6621,20.175789,41.818908,42.91941,39.61791,22.00995,18.34163,11.7272,22.8725,22.8725
6622,20.175789,41.818908,42.91941,39.61791,22.00995,18.34163,11.7272,22.8725,22.8725
6623,20.175789,41.818908,42.91941,39.61791,22.00995,18.34163,11.7272,22.8725,22.8725
6624,20.175789,41.818908,42.91941,39.61791,22.00995,18.34163,11.7272,22.8725,22.8725
6625,20.175789,41.818908,42.91941,39.61791,22.00995,18.34163,11.7272,22.8725,22.8725
6626,20.175789,41.818908,42.91941,39.61791,22.00995,18.34163,11.7272,22.8725,22.8725
6627,20.175789,41.818908,42.91941,39.61791,22.00995,18.34163,11.7272,22.8725,22.8725
6628,20.175789,41.818908,42.91941,39.61791,22.00995,18.34163,11.7272,22.8725,22.8725
6629,20.175789,41.818908,42.91941,39.61791,22.00995,18.34163,11.7272,22.8725,22.8725
6630,20.175789,41.818908,42.91941,39.61791,22.00995,18.34163,11.7272,22.8725,22.8725
6631,20.175789,41.818908,42.91941,39.61791,22.00995,18.34163,11.7272,22.8725,22.8725
6632,20.175789,41.818908,42.91941,39.61791,22.00995,18.34163,11.7272,22.8725,22.8725
6633,20.175789,41.818908,42.91941,39.61791,22.00995,18.34163,11.7272,22.8725,22.8725
6634,20.175789,41.818908,42.91941,39.61791,22.00995,18.34163,11.7272,22.8725,22.8725
6635,20.175789,41.818908,42.91941,39.61791,22.00995,18.34163,11.7272,22.8725,22.8725
6636,20.175789,41.818908,42.91941,39.61791,22.00995,18.34163,11.7272,22.8725,22.8725
6637,20.175789,41.818908,42.91941,39.61791,22.00995,18.34163,11.7272,22.8725,22.8725
6638,20.175789,41.818908,42.91941,39.61791,22.00995,18.34163,11.7272,22.8725,22.8725
6639,20.175789,41.818908,42.91941,39.61791,22.00995,18.34163,11.7272,22.8725,22.8725
6640,20.175789,41.818908,42.91941,39.61791,22.00995,18.34163,11.7272,22.8725,22.8725
6641,20.175789,41.818908,42.91941,39.61791,22.00995,18.34163,11.7272,22.8725,22.8725
6642,20.175789,41.818908,42.91941,39.61791,22.00995,18.34163,11.7272,22.8725,22.8725
6643,20.175789,41.818908,42.91941,39.61791,22.00995,18.34163,11.7272,22.8725,22.8725
6644,20.175789,41.818908,42.91941,39.61791,22.00995,18.34163,11.7272,22.8725,22.8725
6645,20.175789,41.818908,42.91941,39.61791,22.00995,18.34163,11.7272,22.8725,22.8725
6646,20.175789,41.818908,42.91941,39.61791,22.00995,18.34163,11.7272,22.8725,22.8725
6647,20.175789,41.818908,42.91941,39.61791,22.00995,18.34163,11.7272,22.8725,22.8725
6648,20.175789,41.818908,42.91941,39.61791,22.00995,18.34163,11.7272,22.8725,22.8725
6649,20.175789,41.818908,42.91941,39.61791,22.00995,18.34163,11.7272,22.8725,22.8725
6650,20.175789,41.818908,42.91941,39.61791,22.00995,18.34163,11.7272,22.8725,22.8725
6651,20.175789,41.818908,42.91941,39.61791,22.00995,18.34163,11.7272,22.8725,22.8725
6652,20.175789,41.818908,42.91941,39.61791,22.00995,18.34163,11.7272,22.8725,22.8725
6653,20.175789,41.818908,42.91941,39.61791,22.00995,18.34163,11.7272,22.8725,22.8725
6654,20.175789,41.818908,42.91941,39.61791,22.00995,18.34163,11.7272,22.8725,22.8725
6655,20.175789,41.818908,42.91941,39.61791,22.00995,18.34163,11.7272,22.8725,22.8725
6656,20.175789,41.818908,42.91941,39.61791,22.00995,18.34163,11.7272,22.8725,22.8725
6657,20.175789,41.818908,42.91941,39.61791,22.00995,18.34163,11.7272,22.8725,22.8725
6658,20.175789,41.818908,42.91941,39.61791,22.00995,18.34163,11.7272,22.8725,22.8725
6659,20.175789,41.818908,42.91941,39.61791,22.00995,18.34163,11.7272,22.8725,22.8725
6660,20.175789,41.818908,42.91941,39.61791,22.00995,18.34163,11.7272,22.8725,22.8725
6661,20.175789,41.818908,42.91941,39.61791,22.00995,18.34163,11.7272,22.8725,22.8725
6662,20.175789,41.818908,42.91941,39.61791,22.00995,18.34163,11.7272,22.8725,22.8725
6663,20.175789,41.818908,42.91941,39.61791,22.00995,18.34163,11.7272,22.8725,22.8725
6664,20.175789,41.818908,42.91941,39.61791,22.00995,18.34163,11.7272,22.8725,22.8725
6665,20.175789,41.818908,42.91941,39.61791,22.00995,18.34163,11.7272,22.8725,22.8725
6666,20.175789,41.818908,42.91941,39.61791,22.00995,18.34163,11.7272,22.8725,22.8725
6667,20.175789,41.818908,42.91941,39.61791,22.00995,18.34163,11.7272,22.8725,22.8725
6668,20.175789,41.818908,42.91941,39.61791,22.00995,18.34163,11.7272,22.8725,22.8725
6669,20.175789,41.818908,42.91941,39.61791,22.00995,18.34163,11.7272,22.8725,22.8725
6670,20.175789,41.818908,42.91941,39.61791,22.00995,18.34163,11.7272,22.8725,22.8725
6671,20.175789,41.818908,42.91941,39.61791,22.00995,18.34163,11.7272,22.8725,22.8725
6672,20.175789,41.818908,42.91941,39.61791,22.00995,18.34163,11.7272,22.8725,22.8725
6673,20.175789,41.818908,42.91941,39.61791,22.00995,18.34163,11.7272,22.8725,22.8725
6674,20.175789,41.818908,42.91941,39.61791,22.00995,18.34163,11.7272,22.8725,22.8725
6675,20.175789,41.818908,42.91941,39.61791,22.00995,18.34163,11.7272,22.8725,22.8725
6676,20.175789,41.818908,42.91941,39.61791,22.00995,18.34163,11.7272,22.8725,22.8725
6677,20.175789,41.818908,42.91941,39.61791,22.00995,18.34163,11.7272,22.8725,22.8725
6678,20.175789,41.818908,42.91941,39.61791,22.00995,18.34163,11.7272,22.8725,22.8725
6679,20.175789,41.818908,42.91941,39.61791,22.00995,18.34163,11.7272,22.8725,22.8725
6680,20.175789,41.818908,42.91941,39.61791,22.00995,18.34163,11.7272,22.8725,22.8725
6681,20.175789,41.818908,42.91941,39.61791,22.00995,18.34163,11.7272,22.8725,22.8725
6682,20.175789,41.818908,42.91941,39.61791,22.00995,18.34163,11.7272,22.8725,22.8725
6683,20.175789,41.818908,42.91941,39.61791,22.00995,18.34163,11.7272,22.8725,22.8725
6684,20.175789,41.818908,42.91941,39.61791,22.00995,18.34163,11.7272,22.8725,22.8725
6685,20.175789,41.818908,42.91941,39.61791,22.00995,18.34163,11.7272,22.8725,22.8725
6686,20.175789,41.818908,42.91941,39.61791,22.00995,18.34163,11.7272,22.8725,22.8725
6687,20.175789,41.818908,42.91941,39.61791,22.00995,18.34163,11.7272,22.8725,22.8725
6688,20.175789,41.818908,42.91941,39.61791,22.00995,18.34163,11.7272,22.8725,22.8725
6689,20.175789,41.818908,42.91941,39.61791,22.00995,18.34163,11.7272,22.8725,22.8725
6690,20.175789,41.818908,42.91941,39.61791,22.00995,18.34163,11.7272,22.8725,22.8725
6691,20.175789,41.818908,42.91941,39.61791,22.00995,18.34163,11.7272,22.8725,22.8725
6692,20.175789,41.818908,42.91941,39.61791,22.00995,18.34163,11.7272,22.8725,22.8725
6693,20.175789,41.818908,42.91941,39.61791,22.00995,18.34163,11.7272,22.8725,22.8725
6694,20.175789,41.818908,42.91941,39.61791,22.00995,18.34163,11.7272,22.8725,22.8725
6695,20.175789,41.818908,42.91941,39.61791,22.00995,18.34163,11.7272,22.8725,22.8725
6696,20.175789,41.818908,42.91941,39.61791,22.00995,18.34163,11.7272,22.8725,22.8725
6697,20.175789,41.818908,42.91941,39.61791,22.00995,18.34163,11.7272,22.8725,22.8725
6698,20.175789,41.818908,42.91941,39.61791,22.00995,18.34163,11.7272,22.8725,22.8725
6699,20.175789,41.818908,42.91941,39.61791,22.00995,18.34163,11.7272,22.8725,22.8725
6700,20.175789,41.818908,42.91941,39.61791,22.00995,18.34163,11.7272,22.8725,22.8725
6701,20.175789,41.818908,42.91941,39.61791,22.00995,18.34163,11.7272,22.8725,22.8725
6702,20.175789,41.818908,42.91941,39.61791,22.00995,18.34163,11.7272,22.8725,22.8725
6703,20.175789,41.818908,42.91941,39.61791,22.00995,18.34163,11.7272,22.8725,22.8725
6704,20.175789,41.818908,42.91941,39.61791,22.00995,18.34163,11.7272,22.8725,22.8725
6705,20.175789,41.818908,42.91941,39.61791,22.00995,18.34163,11.7272,22.8725,22.8725
6706,20.175789,41.818908,42.91941,39.61791,22.00995,18.34163,11.7272,22.8725,22.8725
6707,20.175789,41.818908,42.91941,39.61791,22.00995,18.34163,11.7272,22.8725,22.8725
6708,20.175789,41.818908,42.91941,39.61791,22.00995,18.34163,11.7272,22.8725,22.8725
6709,20.175789,41.818908,42.91941,39.61791,22.00995,18.34163,11.7272,22.8725,22.8725
6710,20.175789,41.818908,42.91941,39.61791,22.00995,18.34163,11.7272,22.8725,22.8725
6711,20.175789,41.818908,42.91941,39.61791,22.00995,18.34163,11.7272,22.8725,22.8725
6712,20.175789,41.818908,42.91941,39.61791,22.00995,18.34163,11.7272,22.8725,22.8725
6713,20.175789,41.818908,42.91941,39.61791,22.00995,18.34163,11.7272,22.8725,22.8725
6714,20.175789,41.818908,42.91941,39.61791,22.00995,18.34163,11.7272,22.8725,22.8725
6715,20.175789,41.818908,42.91941,39.61791,22.00995,18.34163,11.7272,22.8725,22.8725
6716,20.175789,41.818908,42.91941,39.61791,22.00995,18.34163,11.7272,22.8725,22.8725
6717,20.175789,41.818908,42.91941,39.61791,22.00995,18.34163,11.7272,22.8725,22.8725
6718,20.175789,41.818908,42.91941,39.61791,22.00995,18.34163,11.7272,22.8725,22.8725
6719,20.175789,41.818908,42.91941,39.61791,22.00995,18.34163,11.7272,22.8725,22.8725
6720,20.175789,41.818908,42.91941,39.61791,22.00995,18.34163,11.7272,22.8725,22.8725
6721,20.175789,41.818908,42.91941,39.61791,22.00995,18.34163,11.7272,22.8725,22.8725
6722,20.175789,41.818908,42.91941,39.61791,22.00995,18.34163,11.7272,22.8725,22.8725
6723,20.175789,41.818908,42.91941,39.61791,22.00995,18.34163,11.7272,22.8725,22.8725
6724,20.175789,41.818908,42.91941,39.61791,22.00995,18.34163,11.7272,22.8725,22.8725
6725,20.175789,41.818908,42.91941,39.61791,22.00995,18.34163,11.7272,22.8725,22.8725
6726,20.175789,41.818908,42.91941,39.61791,22.00995,18.34163,11.7272,22.8725,22.8725
6727,20.175789,41.818908,42.91941,39.61791,22.00995,18.34163,11.7272,22.8725,22.8725
6728,20.175789,41.818908,42.91941,39.61791,22.00995,18.34163,11.7272,22.8725,22.8725
6729,20.175789,41.818908,42.91941,39.61791,22.00995,18.34163,11.7272,22.8725,22.8725
6730,20.175789,41.818908,42.91941,39.61791,22.00995,18.34163,11.7272,22.8725,22.8725
6731,20.175789,41.818908,42.91941,39.61791,22.00995,18.34163,11.7272,22.8725,22.8725
6732,20.175789,41.818908,42.91941,39.61791,22.00995,18.34163,11.7272,22.8725,22.8725
6733,20.175789,41.818908,42.91941,39.61791,22.00995,18.34163,11.7272,22.8725,22.8725
6734,20.175789,41.818908,42.91941,39.61791,22.00995,18.34163,11.7272,22.8725,22.8725
6735,20.175789,41.818908,42.91941,39.61791,22.00995,18.34163,11.7272,22.8725,22.8725
6736,20.175789,41.818908,42.91941,39.61791,22.00995,18.34163,11.7272,22.8725,22.8725
6737,20.175789,41.818908,42.91941,39.61791,22.00995,18.34163,11.7272,22.8725,22.8725
6738,20.175789,41.818908,42.91941,39.61791,22.00995,18.34163,11.7272,22.8725,22.8725
6739,20.175789,41.818908,42.91941,39.61791,22.00995,18.34163,11.7272,22.8725,22.8725
6740,20.175789,41.818908,42.91941,39.61791,22.00995,18.34163,11.7272,22.8725,22.8725
6741,20.175789,41.818908,42.91941,39.61791,22.00995,18.34163,11.7272,22.8725,22.8725
6742,20.175789,41.818908,42.91941,39.61791,22.00995,18.34163,11.7272,22.8725,22.8725
6743,20.175789,41.818908,42.91941,39.61791,22.00995,18.34163,11.7272,22.8725,22.8725
6744,20.175789,41.818908,42.91941,39.61791,22.00995,18.34163,11.7272,22.8725,22.8725
6745,20.175789,41.818908,42.91941,39.61791,22.00995,18.34163,11.7272,22.8725,22.8725
6746,20.175789,41.818908,42.91941,39.61791,22.00995,18.34163,11.7272,22.8725,22.8725
6747,20.175789,41.818908,42.91941,39.61791,22.00995,18.34163,11.7272,22.8725,22.8725
6748,20.175789,41.818908,42.91941,39.61791,22.00995,18.34163,11.7272,22.8725,22.8725
6749,20.175789,41.818908,42.91941,39.61791,22.00995,18.34163,11.7272,22.8725,22.8725
6750,20.175789,41.818908,42.91941,39.61791,22.00995,18.34163,11.7272,22.8725,22.8725
6751,20.175789,41.818908,42.91941,39.61791,22.00995,18.34163,11.7272,22.8725,22.8725
6752,20.175789,41.818908,42.91941,39.61791,22.00995,18.34163,11.7272,22.8725,22.8725
6753,20.175789,41.818908,42.91941,39.61791,22.00995,18.34163,11.7272,22.8725,22.8725
6754,20.175789,41.818908,42.91941,39.61791,22.00995,18.34163,11.7272,22.8725,22.8725
6755,20.175789,41.818908,42.91941,39.61791,22.00995,18.34163,11.7272,22.8725,22.8725
6756,20.175789,41.818908,42.91941,39.61791,22.00995,18.34163,11.7272,22.8725,22.8725
6757,20.175789,41.818908,42.91941,39.61791,22.00995,18.34163,11.7272,22.8725,22.8725
6758,20.175789,41.818908,42.91941,39.61791,22.00995,18.34163,11.7272,22.8725,22.8725
6759,20.175789,41.818908,42.91941,39.61791,22.00995,18.34163,11.7272,22.8725,22.8725
6760,20.175789,41.818908,42.91941,39.61791,22.00995,18.34163,11.7272,22.8725,22.8725
6761,20.175789,41.818908,42.91941,39.61791,22.00995,18.34163,11.7272,22.8725,22.8725
6762,20.175789,41.818908,42.91941,39.61791,22.00995,18.34163,11.7272,22.8725,22.8725
6763,20.175789,41.818908,42.91941,39.61791,22.00995,18.34163,11.7272,22.8725,22.8725
6764,20.175789,41.818908,42.91941,39.61791,22.00995,18.34163,11.7272,22.8725,22.8725
6765,20.175789,41.818908,42.91941,39.61791,22.00995,18.34163,11.7272,22.8725,22.8725
6766,20.175789,41.818908,42.91941,39.61791,22.00995,18.34163,11.7272,22.8725,22.8725
6767,20.175789,41.818908,42.91941,39.61791,22.00995,18.34163,11.7272,22.8725,22.8725
6768,20.175789,41.818908,42.91941,39.61791,22.00995,18.34163,11.7272,22.8725,22.8725
6769,20.175789,41.818908,42.91941,39.61791,22.00995,18.34163,11.7272,22.8725,22.8725
6770,20.175789,41.818908,42.91941,39.61791,22.00995,18.34163,11.7272,22.8725,22.8725
6771,20.175789,41.818908,42.91941,39.61791,22.00995,18.34163,11.7272,22.8725,22.8725
6772,20.175789,41.818908,42.91941,39.61791,22.00995,18.34163,11.7272,22.8725,22.8725
6773,20.175789,41.818908,42.91941,39.61791,22.00995,18.34163,11.7272,22.8725,22.8725
6774,20.175789,41.818908,42.91941,39.61791,22.00995,18.34163,11.7272,22.8725,22.8725
6775,20.175789,41.818908,42.91941,39.61791,22.00995,18.34163,11.7272,22.8725,22.8725
6776,20.175789,41.818908,42.91941,39.61791,22.00995,18.34163,11.7272,22.8725,22.8725
6777,20.175789,41.818908,42.91941,39.61791,22.00995,18.34163,11.7272,22.8725,22.8725
6778,20.175789,41.818908,42.91941,39.61791,22.00995,18.34163,11.7272,22.8725,22.8725
6779,20.175789,41.818908,42.91941,39.61791,22.00995,18.34163,11.7272,22.8725,22.8725
6780,20.175789,41.818908,42.91941,39.61791,22.00995,18.34163,11.7272,22.8725,22.8725
6781,20.175789,41.818908,42.91941,39.61791,22.00995,18.34163,11.7272,22.8725,22.8725
6782,20.175789,41.818908,42.91941,39.61791,22.00995,18.34163,11.7272,22.8725,22.8725
6783,20.175789,41.818908,42.91941,39.61791,22.00995,18.34163,11.7272,22.8725,22.8725
6784,20.175789,41.818908,42.91941,39.61791,22.00995,18.34163,11.7272,22.8725,22.8725
6785,20.175789,41.818908,42.91941,39.61791,22.00995,18.34163,11.7272,22.8725,22.8725
6786,20.175789,41.818908,42.91941,39.61791,22.00995,18.34163,11.7272,22.8725,22.8725
6787,20.175789,41.818908,42.91941,39.61791,22.00995,18.34163,11.7272,22.8725,22.8725
6788,20.175789,41.818908,42.91941,39.61791,22.00995,18.34163,11.7272,22.8725,22.8725
6789,20.175789,41.818908,42.91941,39.61791,22.00995,18.34163,11.7272,22.8725,22.8725
6790,20.175789,41.818908,42.91941,39.61791,22.00995,18.34163,11.7272,22.8725,22.8725
6791,20.175789,41.818908,42.91941,39.61791,22.00995,18.34163,11.7272,22.8725,22.8725
6792,20.175789,41.818908,42.91941,39.61791,22.00995,18.34163,11.7272,22.8725,22.8725
6793,20.175789,41.818908,42.91941,39.61791,22.00995,18.34163,11.7272,22.8725,22.8725
6794,20.175789,41.818908,42.91941,39.61791,22.00995,18.34163,11.7272,22.8725,22.8725
6795,20.175789,41.818908,42.91941,39.61791,22.00995,18.34163,11.7272,22.8725,22.8725
6796,20.175789,41.818908,42.91941,39.61791,22.00995,18.34163,11.7272,22.8725,22.8725
6797,20.175789,41.818908,42.91941,39.61791,22.00995,18.34163,11.7272,22.8725,22.8725
6798,20.175789,41.818908,42.91941,39.61791,22.00995,18.34163,11.7272,22.8725,22.8725
6799,20.175789,41.818908,42.91941,39.61791,22.00995,18.34163,11.7272,22.8725,22.8725
6800,20.175789,41.818908,42.91941,39.61791,22.00995,18.34163,11.7272,22.8725,22.8725
6801,20.175789,41.818908,42.91941,39.61791,22.00995,18.34163,11.7272,22.8725,22.8725
6802,20.175789,41.818908,42.91941,39.61791,22.00995,18.34163,11.7272,22.8725,22.8725
6803,20.175789,41.818908,42.91941,39.61791,22.00995,18.34163,11.7272,22.8725,22.8725
6804,20.175789,41.818908,42.91941,39.61791,22.00995,18.34163,11.7272,22.8725,22.8725
6805,20.175789,41.818908,42.91941,39.61791,22.00995,18.34163,11.7272,22.8725,22.8725
6806,20.175789,41.818908,42.91941,39.61791,22.00995,18.34163,11.7272,22.8725,22.8725
6807,20.175789,41.818908,42.91941,39.61791,22.00995,18.34163,11.7272,22.8725,22.8725
6808,20.175789,41.818908,42.91941,39.61791,22.00995,18.34163,11.7272,22.8725,22.8725
6809,20.175789,41.818908,42.91941,39.61791,22.00995,18.34163,11.7272,22.8725,22.8725
6810,20.175789,41.818908,42.91941,39.61791,22.00995,18.34163,11.7272,22.8725,22.8725
6811,20.175789,41.818908,42.91941,39.61791,22.00995,18.34163,11.7272,22.8725,22.8725
6812,20.175789,41.818908,42.91941,39.61791,22.00995,18.34163,11.7272,22.8725,22.8725
6813,20.175789,41.818908,42.91941,39.61791,22.00995,18.34163,11.7272,22.8725,22.8725
6814,20.175789,41.818908,42.91941,39.61791,22.00995,18.34163,11.7272,22.8725,22.8725
6815,20.175789,41.818908,42.91941,39.61791,22.00995,18.34163,11.7272,22.8725,22.8725
6816,20.175789,41.818908,42.91941,39.61791,22.00995,18.34163,11.7272,22.8725,22.8725
6817,20.175789,41.818908,42.91941,39.61791,22.00995,18.34163,11.7272,22.8725,22.8725
6818,20.175789,41.818908,42.91941,39.61791,22.00995,18.34163,11.7272,22.8725,22.8725
6819,20.175789,41.818908,42.91941,39.61791,22.00995,18.34163,11.7272,22.8725,22.8725
6820,20.175789,41.818908,42.91941,39.61791,22.00995,18.34163,11.7272,22.8725,22.8725
6821,20.175789,41.818908,42.91941,39.61791,22.00995,18.34163,11.7272,22.8725,22.8725
6822,20.175789,41.818908,42.91941,39.61791,22.00995,18.34163,11.7272,22.8725,22.8725
6823,20.175789,41.818908,42.91941,39.61791,22.00995,18.34163,11.7272,22.8725,22.8725
6824,20.175789,41.818908,42.91941,39.61791,22.00995,18.34163,11.7272,22.8725,22.8725
6825,20.175789,41.818908,42.91941,39.61791,22.00995,18.34163,11.7272,22.8725,22.8725
6826,20.175789,41.818908,42.91941,39.61791,22.00995,18.34163,11.7272,22.8725,22.8725
6827,20.175789,41.818908,42.91941,39.61791,22.00995,18.34163,11.7272,22.8725,22.8725
6828,20.175789,41.818908,42.91941,39.61791,22.00995,18.34163,11.7272,22.8725,22.8725
6829,20.175789,41.818908,42.91941,39.61791,22.00995,18.34163,11.7272,22.8725,22.8725
6830,20.175789,41.818908,42.91941,39.61791,22.00995,18.34163,11.7272,22.8725,22.8725
6831,20.175789,41.818908,42.91941,39.61791,22.00995,18.34163,11.7272,22.8725,22.8725
6832,20.175789,41.818908,42.91941,39.61791,22.00995,18.34163,11.7272,22.8725,22.8725
6833,20.175789,41.818908,42.91941,39.61791,22.00995,18.34163,11.7272,22.8725,22.8725
6834,20.175789,41.818908,42.91941,39.61791,22.00995,18.34163,11.7272,22.8725,22.8725
6835,20.175789,41.818908,42.91941,39.61791,22.00995,18.34163,11.7272,22.8725,22.8725
6836,20.175789,41.818908,42.91941,39.61791,22.00995,18.34163,11.7272,22.8725,22.8725
6837,20.175789,41.818908,42.91941,39.61791,22.00995,18.34163,11.7272,22.8725,22.8725
6838,20.175789,41.818908,42.91941,39.61791,22.00995,18.34163,11.7272,22.8725,22.8725
6839,20.175789,41.818908,42.91941,39.61791,22.00995,18.34163,11.7272,22.8725,22.8725
6840,20.175789,41.818908,42.91941,39.61791,22.00995,18.34163,11.7272,22.8725,22.8725
6841,20.175789,41.818908,42.91941,39.61791,22.00995,18.34163,11.7272,22.8725,22.8725
6842,20.175789,41.818908,42.91941,39.61791,22.00995,18.34163,11.7272,22.8725,22.8725
6843,20.175789,41.818908,42.91941,39.61791,22.00995,18.34163,11.7272,22.8725,22.8725
6844,20.175789,41.818908,42.91941,39.61791,22.00995,18.34163,11.7272,22.8725,22.8725
6845,20.175789,41.818908,42.91941,39.61791,22.00995,18.34163,11.7272,22.8725,22.8725
6846,20.175789,41.818908,42.91941,39.61791,22.00995,18.34163,11.7272,22.8725,22.8725
6847,20.175789,41.818908,42.91941,39.61791,22.00995,18.34163,11.7272,22.8725,22.8725
6848,20.175789,41.818908,42.91941,39.61791,22.00995,18.34163,11.7272,22.8725,22.8725
6849,20.175789,41.818908,42.91941,39.61791,22.00995,18.34163,11.7272,22.8725,22.8725
6850,20.175789,41.818908,42.91941,39.61791,22.00995,18.34163,11.7272,22.8725,22.8725
6851,20.175789,41.818908,42.91941,39.61791,22.00995,18.34163,11.7272,22.8725,22.8725
6852,20.175789,41.818908,42.91941,39.61791,22.00995,18.34163,11.7272,22.8725,22.8725
6853,20.175789,41.818908,42.91941,39.61791,22.00995,18.34163,11.7272,22.8725,22.8725
6854,20.175789,41.818908,42.91941,39.61791,22.00995,18.34163,11.7272,22.8725,22.8725
6855,20.175789,41.818908,42.91941,39.61791,22.00995,18.34163,11.7272,22.8725,22.8725
6856,20.175789,41.818908,42.91941,39.61791,22.00995,18.34163,11.7272,22.8725,22.8725
6857,20.175789,41.818908,42.91941,39.61791,22.00995,18.34163,11.7272,22.8725,22.8725
6858,20.175789,41.818908,42.91941,39.61791,22.00995,18.34163,11.7272,22.8725,22.8725
6859,20.175789,41.818908,42.91941,39.61791,22.00995,18.34163,11.7272,22.8725,22.8725
6860,20.175789,41.818908,42.91941,39.61791,22.00995,18.34163,11.7272,22.8725,22.8725
6861,20.175789,41.818908,42.91941,39.61791,22.00995,18.34163,11.7272,22.8725,22.8725
6862,20.175789,41.818908,42.91941,39.61791,22.00995,18.34163,11.7272,22.8725,22.8725
6863,20.175789,41.818908,42.91941,39.61791,22.00995,18.34163,11.7272,22.8725,22.8725
6864,20.175789,41.818908,42.91941,39.61791,22.00995,18.34163,11.7272,22.8725,22.8725
6865,20.175789,41.818908,42.91941,39.61791,22.00995,18.34163,11.7272,22.8725,22.8725
6866,20.175789,41.818908,42.91941,39.61791,22.00995,18.34163,11.7272,22.8725,22.8725
6867,20.175789,41.818908,42.91941,39.61791,22.00995,18.34163,11.7272,22.8725,22.8725
6868,20.175789,41.818908,42.91941,39.61791,22.00995,18.34163,11.7272,22.8725,22.8725
6869,20.175789,41.818908,42.91941,39.61791,22.00995,18.34163,11.7272,22.8725,22.8725
6870,20.175789,41.818908,42.91941,39.61791,22.00995,18.34163,11.7272,22.8725,22.8725
6871,20.175789,41.818908,42.91941,39.61791,22.00995,18.34163,11.7272,22.8725,22.8725
6872,20.175789,41.818908,42.91941,39.61791,22.00995,18.34163,11.7272,22.8725,22.8725
6873,20.175789,41.818908,42.91941,39.61791,22.00995,18.34163,11.7272,22.8725,22.8725
6874,20.175789,41.818908,42.91941,39.61791,22.00995,18.34163,11.7272,22.8725,22.8725
6875,20.175789,41.818908,42.91941,39.61791,22.00995,18.34163,11.7272,22.8725,22.8725
6876,20.175789,41.818908,42.91941,39.61791,22.00995,18.34163,11.7272,22.8725,22.8725
6877,20.175789,41.818908,42.91941,39.61791,22.00995,18.34163,11.7272,22.8725,22.8725
6878,20.175789,41.818908,42.91941,39.61791,22.00995,18.34163,11.7272,22.8725,22.8725
6879,20.175789,41.818908,42.91941,39.61791,22.00995,18.34163,11.7272,22.8725,22.8725
6880,20.175789,41.818908,42.91941,39.61791,22.00995,18.34163,11.7272,22.8725,22.8725
6881,20.175789,41.818908,42.91941,39.61791,22.00995,18.34163,11.7272,22.8725,22.8725
6882,20.175789,41.818908,42.91941,39.61791,22.00995,18.34163,11.7272,22.8725,22.8725
6883,20.175789,41.818908,42.91941,39.61791,22.00995,18.34163,11.7272,22.8725,22.8725
6884,20.175789,41.818908,42.91941,39.61791,22.00995,18.34163,11.7272,22.8725,22.8725
6885,20.175789,41.818908,42.91941,39.61791,22.00995,18.34163,11.7272,22.8725,22.8725
6886,20.175789,41.818908,42.91941,39.61791,22.00995,18.34163,11.7272,22.8725,22.8725
6887,20.175789,41.818908,42.91941,39.61791,22.00995,18.34163,11.7272,22.8725,22.8725
6888,20.175789,41.818908,42.91941,39.61791,22.00995,18.34163,11.7272,22.8725,22.8725
6889,20.175789,41.818908,42.91941,39.61791,22.00995,18.34163,11.7272,22.8725,22.8725
6890,20.175789,41.818908,42.91941,39.61791,22.00995,18.34163,11.7272,22.8725,22.8725
6891,20.175789,41.818908,42.91941,39.61791,22.00995,18.34163,11.7272,22.8725,22.8725
6892,20.175789,41.818908,42.91941,39.61791,22.00995,18.34163,11.7272,22.8725,22.8725
6893,20.175789,41.818908,42.91941,39.61791,22.00995,18.34163,11.7272,22.8725,22.8725
6894,20.175789,41.818908,42.91941,39.61791,22.00995,18.34163,11.7272,22.8725,22.8725
6895,20.175789,41.818908,42.91941,39.61791,22.00995,18.34163,11.7272,22.8725,22.8725
6896,20.175789,41.818908,42.91941,39.61791,22.00995,18.34163,11.7272,22.8725,22.8725
6897,20.175789,41.818908,42.91941,39.61791,22.00995,18.34163,11.7272,22.8725,22.8725
6898,20.175789,41.818908,42.91941,39.61791,22.00995,18.34163,11.7272,22.8725,22.8725
6899,20.175789,41.818908,42.91941,39.61791,22.00995,18.34163,11.7272,22.8725,22.8725
6900,20.175789,41.818908,42.91941,39.61791,22.00995,18.34163,11.7272,22.8725,22.8725
6901,20.175789,41.818908,42.91941,39.61791,22.00995,18.34163,11.7272,22.8725,22.8725
6902,20.175789,41.818908,42.91941,39.61791,22.00995,18.34163,11.7272,22.8725,22.8725
6903,20.175789,41.818908,42.91941,39.61791,22.00995,18.34163,11.7272,22.8725,22.8725
6904,20.175789,41.818908,42.91941,39.61791,22.00995,18.34163,11.7272,22.8725,22.8725
6905,20.175789,41.818908,42.91941,39.61791,22.00995,18.34163,11.7272,22.8725,22.8725
6906,20.175789,41.818908,42.91941,39.61791,22.00995,18.34163,11.7272,22.8725,22.8725
6907,20.175789,41.818908,42.91941,39.61791,22.00995,18.34163,11.7272,22.8725,22.8725
6908,20.175789,41.818908,42.91941,39.61791,22.00995,18.34163,11.7272,22.8725,22.8725
6909,20.175789,41.818908,42.91941,39.61791,22.00995,18.34163,11.7272,22.8725,22.8725
6910,20.175789,41.818908,42.91941,39.61791,22.00995,18.34163,11.7272,22.8725,22.8725
6911,20.175789,41.818908,42.91941,39.61791,22.00995,18.34163,11.7272,22.8725,22.8725
6912,20.175789,41.818908,42.91941,39.61791,22.00995,18.34163,11.7272,22.8725,22.8725
6913,20.175789,41.818908,42.91941,39.61791,22.00995,18.34163,11.7272,22.8725,22.8725
6914,20.175789,41.818908,42.91941,39.61791,22.00995,18.34163,11.7272,22.8725,22.8725
6915,20.175789,41.818908,42.91941,39.61791,22.00995,18.34163,11.7272,22.8725,22.8725
6916,20.175789,41.818908,42.91941,39.61791,22.00995,18.34163,11.7272,22.8725,22.8725
6917,20.175789,41.818908,42.91941,39.61791,22.00995,18.34163,11.7272,22.8725,22.8725
6918,20.175789,41.818908,42.91941,39.61791,22.00995,18.34163,11.7272,22.8725,22.8725
6919,20.175789,41.818908,42.91941,39.61791,22.00995,18.34163,11.7272,22.8725,22.8725
6920,20.175789,41.818908,42.91941,39.61791,22.00995,18.34163,11.7272,22.8725,22.8725
6921,20.175789,41.818908,42.91941,39.61791,22.00995,18.34163,11.7272,22.8725,22.8725
6922,20.175789,41.818908,42.91941,39.61791,22.00995,18.34163,11.7272,22.8725,22.8725
6923,20.175789,41.818908,42.91941,39.61791,22.00995,18.34163,11.7272,22.8725,22.8725
6924,20.175789,41.818908,42.91941,39.61791,22.00995,18.34163,11.7272,22.8725,22.8725
6925,20.175789,41.818908,42.91941,39.61791,22.00995,18.34163,11.7272,22.8725,22.8725
6926,20.175789,41.818908,42.91941,39.61791,22.00995,18.34163,11.7272,22.8725,22.8725
6927,20.175789,41.818908,42.91941,39.61791,22.00995,18.34163,11.7272,22.8725,22.8725
6928,20.175789,41.818908,42.91941,39.61791,22.00995,18.34163,11.7272,22.8725,22.8725
6929,20.175789,41.818908,42.91941,39.61791,22.00995,18.34163,11.7272,22.8725,22.8725
6930,20.175789,41.818908,42.91941,39.61791,22.00995,18.34163,11.7272,22.8725,22.8725
6931,20.175789,41.818908,42.91941,39.61791,22.00995,18.34163,11.7272,22.8725,22.8725
6932,20.175789,41.818908,42.91941,39.61791,22.00995,18.34163,11.7272,22.8725,22.8725
6933,20.175789,41.818908,42.91941,39.61791,22.00995,18.34163,11.7272,22.8725,22.8725
6934,20.175789,41.818908,42.91941,39.61791,22.00995,18.34163,11.7272,22.8725,22.8725
6935,20.175789,41.818908,42.91941,39.61791,22.00995,18.34163,11.7272,22.8725,22.8725
6936,20.175789,41.818908,42.91941,39.61791,22.00995,18.34163,11.7272,22.8725,22.8725
6937,20.175789,41.818908,42.91941,39.61791,22.00995,18.34163,11.7272,22.8725,22.8725
6938,20.175789,41.818908,42.91941,39.61791,22.00995,18.34163,11.7272,22.8725,22.8725
6939,20.175789,41.818908,42.91941,39.61791,22.00995,18.34163,11.7272,22.8725,22.8725
6940,20.175789,41.818908,42.91941,39.61791,22.00995,18.34163,11.7272,22.8725,22.8725
6941,20.175789,41.818908,42.91941,39.61791,22.00995,18.34163,11.7272,22.8725,22.8725
6942,20.175789,41.818908,42.91941,39.61791,22.00995,18.34163,11.7272,22.8725,22.8725
6943,20.175789,41.818908,42.91941,39.61791,22.00995,18.34163,11.7272,22.8725,22.8725
6944,20.175789,41.818908,42.91941,39.61791,22.00995,18.34163,11.7272,22.8725,22.8725
6945,20.175789,41.818908,42.91941,39.61791,22.00995,18.34163,11.7272,22.8725,22.8725
6946,20.175789,41.818908,42.91941,39.61791,22.00995,18.34163,11.7272,22.8725,22.8725
6947,20.175789,41.818908,42.91941,39.61791,22.00995,18.34163,11.7272,22.8725,22.8725
6948,20.175789,41.818908,42.91941,39.61791,22.00995,18.34163,11.7272,22.8725,22.8725
6949,20.175789,41.818908,42.91941,39.61791,22.00995,18.34163,11.7272,22.8725,22.8725
6950,20.175789,41.818908,42.91941,39.61791,22.00995,18.34163,11.7272,22.8725,22.8725
6951,20.175789,41.818908,42.91941,39.61791,22.00995,18.34163,11.7272,22.8725,22.8725
6952,20.175789,41.818908,42.91941,39.61791,22.00995,18.34163,11.7272,22.8725,22.8725
6953,20.175789,41.818908,42.91941,39.61791,22.00995,18.34163,11.7272,22.8725,22.8725
6954,20.175789,41.818908,42.91941,39.61791,22.00995,18.34163,11.7272,22.8725,22.8725
6955,20.175789,41.818908,42.91941,39.61791,22.00995,18.34163,11.7272,22.8725,22.8725
6956,20.175789,41.818908,42.91941,39.61791,22.00995,18.34163,11.7272,22.8725,22.8725
6957,20.175789,41.818908,42.91941,39.61791,22.00995,18.34163,11.7272,22.8725,22.8725
6958,20.175789,41.818908,42.91941,39.61791,22.00995,18.34163,11.7272,22.8725,22.8725
6959,20.175789,41.818908,42.91941,39.61791,22.00995,18.34163,11.7272,22.8725,22.8725
6960,20.175789,41.818908,42.91941,39.61791,22.00995,18.34163,11.7272,22.8725,22.8725
6961,20.175789,41.818908,42.91941,39.61791,22.00995,18.34163,11.7272,22.8725,22.8725
6962,20.175789,41.818908,42.91941,39.61791,22.00995,18.34163,11.7272,22.8725,22.8725
6963,20.175789,41.818908,42.91941,39.61791,22.00995,18.34163,11.7272,22.8725,22.8725
6964,20.175789,41.818908,42.91941,39.61791,22.00995,18.34163,11.7272,22.8725,22.8725
6965,20.175789,41.818908,42.91941,39.61791,22.00995,18.34163,11.7272,22.8725,22.8725
6966,20.175789,41.818908,42.91941,39.61791,22.00995,18.34163,11.7272,22.8725,22.8725
6967,20.175789,41.818908,42.91941,39.61791,22.00995,18.34163,11.7272,22.8725,22.8725
6968,20.175789,41.818908,42.91941,39.61791,22.00995,18.34163,11.7272,22.8725,22.8725
6969,20.175789,41.818908,42.91941,39.61791,22.00995,18.34163,11.7272,22.8725,22.8725
6970,20.175789,41.818908,42.91941,39.61791,22.00995,18.34163,11.7272,22.8725,22.8725
6971,20.175789,41.818908,42.91941,39.61791,22.00995,18.34163,11.7272,22.8725,22.8725
6972,20.175789,41.818908,42.91941,39.61791,22.00995,18.34163,11.7272,22.8725,22.8725
6973,20.175789,41.818908,42.91941,39.61791,22.00995,18.34163,11.7272,22.8725,22.8725
6974,20.175789,41.818908,42.91941,39.61791,22.00995,18.34163,11.7272,22.8725,22.8725
6975,20.175789,41.818908,42.91941,39.61791,22.00995,18.34163,11.7272,22.8725,22.8725
6976,20.175789,41.818908,42.91941,39.61791,22.00995,18.34163,11.7272,22.8725,22.8725
6977,20.175789,41.818908,42.91941,39.61791,22.00995,18.34163,11.7272,22.8725,22.8725
6978,20.175789,41.818908,42.91941,39.61791,22.00995,18.34163,11.7272,22.8725,22.8725
6979,20.175789,41.818908,42.91941,39.61791,22.00995,18.34163,11.7272,22.8725,22.8725
6980,20.175789,41.818908,42.91941,39.61791,22.00995,18.34163,11.7272,22.8725,22.8725
6981,20.175789,41.818908,42.91941,39.61791,22.00995,18.34163,11.7272,22.8725,22.8725
6982,20.175789,41.818908,42.91941,39.61791,22.00995,18.34163,11.7272,22.8725,22.8725
6983,20.175789,41.818908,42.91941,39.61791,22.00995,18.34163,11.7272,22.8725,22.8725
6984,20.175789,41.818908,42.91941,39.61791,22.00995,18.34163,11.7272,22.8725,22.8725
6985,20.175789,41.818908,42.91941,39.61791,22.00995,18.34163,11.7272,22.8725,22.8725
6986,20.175789,41.818908,42.91941,39.61791,22.00995,18.34163,11.7272,22.8725,22.8725
6987,20.175789,41.818908,42.91941,39.61791,22.00995,18.34163,11.7272,22.8725,22.8725
6988,20.175789,41.818908,42.91941,39.61791,22.00995,18.34163,11.7272,22.8725,22.8725
6989,20.175789,41.818908,42.91941,39.61791,22.00995,18.34163,11.7272,22.8725,22.8725
6990,20.175789,41.818908,42.91941,39.61791,22.00995,18.34163,11.7272,22.8725,22.8725
6991,20.175789,41.818908,42.91941,39.61791,22.00995,18.34163,11.7272,22.8725,22.8725
6992,20.175789,41.818908,42.91941,39.61791,22.00995,18.34163,11.7272,22.8725,22.8725
6993,20.175789,41.818908,42.91941,39.61791,22.00995,18.34163,11.7272,22.8725,22.8725
6994,20.175789,41.818908,42.91941,39.61791,22.00995,18.34163,11.7272,22.8725,22.8725
6995,20.175789,41.818908,42.91941,39.61791,22.00995,18.34163,11.7272,22.8725,22.8725
6996,20.175789,41.818908,42.91941,39.61791,22.00995,18.34163,11.7272,22.8725,22.8725
6997,20.175789,41.818908,42.91941,39.61791,22.00995,18.34163,11.7272,22.8725,22.8725
6998,20.175789,41.818908,42.91941,39.61791,22.00995,18.34163,11.7272,22.8725,22.8725
6999,20.175789,41.818908,42.91941,39.61791,22.00995,18.34163,11.7272,22.8725,22.8725
7000,20.175789,41.818908,42.91941,39.61791,22.00995,18.34163,11.7272,22.8725,22.8725
7001,20.175789,41.818908,42.91941,39.61791,22.00995,18.34163,11.7272,22.8725,22.8725
7002,20.175789,41.818908,42.91941,39.61791,22.00995,18.34163,11.7272,22.8725,22.8725
7003,20.175789,41.818908,42.91941,39.61791,22.00995,18.34163,11.7272,22.8725,22.8725
7004,20.175789,41.818908,42.91941,39.61791,22.00995,18.34163,11.7272,22.8725,22.8725
7005,20.175789,41.818908,42.91941,39.61791,22.00995,18.34163,11.7272,22.8725,22.8725
7006,20.175789,41.818908,42.91941,39.61791,22.00995,18.34163,11.7272,22.8725,22.8725
7007,20.175789,41.818908,42.91941,39.61791,22.00995,18.34163,11.7272,22.8725,22.8725
7008,20.175789,41.818908,42.91941,39.61791,22.00995,18.34163,11.7272,22.8725,22.8725
7009,20.175789,41.818908,42.91941,39.61791,22.00995,18.34163,11.7272,22.8725,22.8725
7010,20.175789,41.818908,42.91941,39.61791,22.00995,18.34163,11.7272,22.8725,22.8725
7011,20.175789,41.818908,42.91941,39.61791,22.00995,18.34163,11.7272,22.8725,22.8725
7012,20.175789,41.818908,42.91941,39.61791,22.00995,18.34163,11.7272,22.8725,22.8725
7013,20.175789,41.818908,42.91941,39.61791,22.00995,18.34163,11.7272,22.8725,22.8725
7014,20.175789,41.818908,42.91941,39.61791,22.00995,18.34163,11.7272,22.8725,22.8725
7015,20.175789,41.818908,42.91941,39.61791,22.00995,18.34163,11.7272,22.8725,22.8725
7016,20.175789,41.818908,42.91941,39.61791,22.00995,18.34163,11.7272,22.8725,22.8725
7017,20.175789,41.818908,42.91941,39.61791,22.00995,18.34163,11.7272,22.8725,22.8725
7018,20.175789,41.818908,42.91941,39.61791,22.00995,18.34163,11.7272,22.8725,22.8725
7019,20.175789,41.818908,42.91941,39.61791,22.00995,18.34163,11.7272,22.8725,22.8725
7020,20.175789,41.818908,42.91941,39.61791,22.00995,18.34163,11.7272,22.8725,22.8725
7021,20.175789,41.818908,42.91941,39.61791,22.00995,18.34163,11.7272,22.8725,22.8725
7022,20.175789,41.818908,42.91941,39.61791,22.00995,18.34163,11.7272,22.8725,22.8725
7023,20.175789,41.818908,42.91941,39.61791,22.00995,18.34163,11.7272,22.8725,22.8725
7024,20.175789,41.818908,42.91941,39.61791,22.00995,18.34163,11.7272,22.8725,22.8725
7025,20.175789,41.818908,42.91941,39.61791,22.00995,18.34163,11.7272,22.8725,22.8725
7026,20.175789,41.818908,42.91941,39.61791,22.00995,18.34163,11.7272,22.8725,22.8725
7027,20.175789,41.818908,42.91941,39.61791,22.00995,18.34163,11.7272,22.8725,22.8725
7028,20.175789,41.818908,42.91941,39.61791,22.00995,18.34163,11.7272,22.8725,22.8725
7029,20.175789,41.818908,42.91941,39.61791,22.00995,18.34163,11.7272,22.8725,22.8725
7030,20.175789,41.818908,42.91941,39.61791,22.00995,18.34163,11.7272,22.8725,22.8725
7031,20.175789,41.818908,42.91941,39.61791,22.00995,18.34163,11.7272,22.8725,22.8725
7032,20.175789,41.818908,42.91941,39.61791,22.00995,18.34163,11.7272,22.8725,22.8725
7033,20.175789,41.818908,42.91941,39.61791,22.00995,18.34163,11.7272,22.8725,22.8725
7034,20.175789,41.818908,42.91941,39.61791,22.00995,18.34163,11.7272,22.8725,22.8725
7035,20.175789,41.818908,42.91941,39.61791,22.00995,18.34163,11.7272,22.8725,22.8725
7036,20.175789,41.818908,42.91941,39.61791,22.00995,18.34163,11.7272,22.8725,22.8725
7037,20.175789,41.818908,42.91941,39.61791,22.00995,18.34163,11.7272,22.8725,22.8725
7038,20.175789,41.818908,42.91941,39.61791,22.00995,18.34163,11.7272,22.8725,22.8725
7039,20.175789,41.818908,42.91941,39.61791,22.00995,18.34163,11.7272,22.8725,22.8725
7040,20.175789,41.818908,42.91941,39.61791,22.00995,18.34163,11.7272,22.8725,22.8725
7041,20.175789,41.818908,42.91941,39.61791,22.00995,18.34163,11.7272,22.8725,22.8725
7042,20.175789,41.818908,42.91941,39.61791,22.00995,18.34163,11.7272,22.8725,22.8725
7043,20.175789,41.818908,42.91941,39.61791,22.00995,18.34163,11.7272,22.8725,22.8725
7044,20.175789,41.818908,42.91941,39.61791,22.00995,18.34163,11.7272,22.8725,22.8725
7045,20.175789,41.818908,42.91941,39.61791,22.00995,18.34163,11.7272,22.8725,22.8725
7046,20.175789,41.818908,42.91941,39.61791,22.00995,18.34163,11.7272,22.8725,22.8725
7047,20.175789,41.818908,42.91941,39.61791,22.00995,18.34163,11.7272,22.8725,22.8725
7048,20.175789,41.818908,42.91941,39.61791,22.00995,18.34163,11.7272,22.8725,22.8725
7049,20.175789,41.818908,42.91941,39.61791,22.00995,18.34163,11.7272,22.8725,22.8725
7050,20.175789,41.818908,42.91941,39.61791,22.00995,18.34163,11.7272,22.8725,22.8725
7051,20.175789,41.818908,42.91941,39.61791,22.00995,18.34163,11.7272,22.8725,22.8725
7052,20.175789,41.818908,42.91941,39.61791,22.00995,18.34163,11.7272,22.8725,22.8725
7053,20.175789,41.818908,42.91941,39.61791,22.00995,18.34163,11.7272,22.8725,22.8725
7054,20.175789,41.818908,42.91941,39.61791,22.00995,18.34163,11.7272,22.8725,22.8725
7055,20.175789,41.818908,42.91941,39.61791,22.00995,18.34163,11.7272,22.8725,22.8725
7056,20.175789,41.818908,42.91941,39.61791,22.00995,18.34163,11.7272,22.8725,22.8725
7057,20.175789,41.818908,42.91941,39.61791,22.00995,18.34163,11.7272,22.8725,22.8725
7058,20.175789,41.818908,42.91941,39.61791,22.00995,18.34163,11.7272,22.8725,22.8725
7059,20.175789,41.818908,42.91941,39.61791,22.00995,18.34163,11.7272,22.8725,22.8725
7060,20.175789,41.818908,42.91941,39.61791,22.00995,18.34163,11.7272,22.8725,22.8725
7061,20.175789,41.818908,42.91941,39.61791,22.00995,18.34163,11.7272,22.8725,22.8725
7062,20.175789,41.818908,42.91941,39.61791,22.00995,18.34163,11.7272,22.8725,22.8725
7063,20.175789,41.818908,42.91941,39.61791,22.00995,18.34163,11.7272,22.8725,22.8725
7064,20.175789,41.818908,42.91941,39.61791,22.00995,18.34163,11.7272,22.8725,22.8725
7065,20.175789,41.818908,42.91941,39.61791,22.00995,18.34163,11.7272,22.8725,22.8725
7066,20.175789,41.818908,42.91941,39.61791,22.00995,18.34163,11.7272,22.8725,22.8725
7067,20.175789,41.818908,42.91941,39.61791,22.00995,18.34163,11.7272,22.8725,22.8725
7068,20.175789,41.818908,42.91941,39.61791,22.00995,18.34163,11.7272,22.8725,22.8725
7069,20.175789,41.818908,42.91941,39.61791,22.00995,18.34163,11.7272,22.8725,22.8725
7070,20.175789,41.818908,42.91941,39.61791,22.00995,18.34163,11.7272,22.8725,22.8725
7071,20.175789,41.818908,42.91941,39.61791,22.00995,18.34163,11.7272,22.8725,22.8725
7072,20.175789,41.818908,42.91941,39.61791,22.00995,18.34163,11.7272,22.8725,22.8725
7073,20.175789,41.818908,42.91941,39.61791,22.00995,18.34163,11.7272,22.8725,22.8725
7074,20.175789,41.818908,42.91941,39.61791,22.00995,18.34163,11.7272,22.8725,22.8725
7075,20.175789,41.818908,42.91941,39.61791,22.00995,18.34163,11.7272,22.8725,22.8725
7076,20.175789,41.818908,42.91941,39.61791,22.00995,18.34163,11.7272,22.8725,22.8725
7077,20.175789,41.818908,42.91941,39.61791,22.00995,18.34163,11.7272,22.8725,22.8725
7078,20.175789,41.818908,42.91941,39.61791,22.00995,18.34163,11.7272,22.8725,22.8725
7079,20.175789,41.818908,42.91941,39.61791,22.00995,18.34163,11.7272,22.8725,22.8725
7080,20.175789,41.818908,42.91941,39.61791,22.00995,18.34163,11.7272,22.8725,22.8725
7081,20.175789,41.818908,42.91941,39.61791,22.00995,18.34163,11.7272,22.8725,22.8725
7082,20.175789,41.818908,42.91941,39.61791,22.00995,18.34163,11.7272,22.8725,22.8725
7083,20.175789,41.818908,42.91941,39.61791,22.00995,18.34163,11.7272,22.8725,22.8725
7084,20.175789,41.818908,42.91941,39.61791,22.00995,18.34163,11.7272,22.8725,22.8725
7085,20.175789,41.818908,42.91941,39.61791,22.00995,18.34163,11.7272,22.8725,22.8725
7086,20.175789,41.818908,42.91941,39.61791,22.00995,18.34163,11.7272,22.8725,22.8725
7087,20.175789,41.818908,42.91941,39.61791,22.00995,18.34163,11.7272,22.8725,22.8725
7088,20.175789,41.818908,42.91941,39.61791,22.00995,18.34163,11.7272,22.8725,22.8725
7089,20.175789,41.818908,42.91941,39.61791,22.00995,18.34163,11.7272,22.8725,22.8725
7090,20.175789,41.818908,42.91941,39.61791,22.00995,18.34163,11.7272,22.8725,22.8725
7091,20.175789,41.818908,42.91941,39.61791,22.00995,18.34163,11.7272,22.8725,22.8725
7092,20.175789,41.818908,42.91941,39.61791,22.00995,18.34163,11.7272,22.8725,22.8725
7093,20.175789,41.818908,42.91941,39.61791,22.00995,18.34163,11.7272,22.8725,22.8725
7094,20.175789,41.818908,42.91941,39.61791,22.00995,18.34163,11.7272,22.8725,22.8725
7095,20.175789,41.818908,42.91941,39.61791,22.00995,18.34163,11.7272,22.8725,22.8725
7096,20.175789,41.818908,42.91941,39.61791,22.00995,18.34163,11.7272,22.8725,22.8725
7097,20.175789,41.818908,42.91941,39.61791,22.00995,18.34163,11.7272,22.8725,22.8725
7098,20.175789,41.818908,42.91941,39.61791,22.00995,18.34163,11.7272,22.8725,22.8725
7099,20.175789,41.818908,42.91941,39.61791,22.00995,18.34163,11.7272,22.8725,22.8725
7100,20.175789,41.818908,42.91941,39.61791,22.00995,18.34163,11.7272,22.8725,22.8725
7101,20.175789,41.818908,42.91941,39.61791,22.00995,18.34163,11.7272,22.8725,22.8725
7102,20.175789,41.818908,42.91941,39.61791,22.00995,18.34163,11.7272,22.8725,22.8725
7103,20.175789,41.818908,42.91941,39.61791,22.00995,18.34163,11.7272,22.8725,22.8725
7104,20.175789,41.818908,42.91941,39.61791,22.00995,18.34163,11.7272,22.8725,22.8725
7105,20.175789,41.818908,42.91941,39.61791,22.00995,18.34163,11.7272,22.8725,22.8725
7106,20.175789,41.818908,42.91941,39.61791,22.00995,18.34163,11.7272,22.8725,22.8725
7107,20.175789,41.818908,42.91941,39.61791,22.00995,18.34163,11.7272,22.8725,22.8725
7108,20.175789,41.818908,42.91941,39.61791,22.00995,18.34163,11.7272,22.8725,22.8725
7109,20.175789,41.818908,42.91941,39.61791,22.00995,18.34163,11.7272,22.8725,22.8725
7110,20.175789,41.818908,42.91941,39.61791,22.00995,18.34163,11.7272,22.8725,22.8725
7111,20.175789,41.818908,42.91941,39.61791,22.00995,18.34163,11.7272,22.8725,22.8725
7112,20.175789,41.818908,42.91941,39.61791,22.00995,18.34163,11.7272,22.8725,22.8725
7113,20.175789,41.818908,42.91941,39.61791,22.00995,18.34163,11.7272,22.8725,22.8725
7114,20.175789,41.818908,42.91941,39.61791,22.00995,18.34163,11.7272,22.8725,22.8725
7115,20.175789,41.818908,42.91941,39.61791,22.00995,18.34163,11.7272,22.8725,22.8725
7116,20.175789,41.818908,42.91941,39.61791,22.00995,18.34163,11.7272,22.8725,22.8725
7117,20.175789,41.818908,42.91941,39.61791,22.00995,18.34163,11.7272,22.8725,22.8725
7118,20.175789,41.818908,42.91941,39.61791,22.00995,18.34163,11.7272,22.8725,22.8725
7119,20.175789,41.818908,42.91941,39.61791,22.00995,18.34163,11.7272,22.8725,22.8725
7120,20.175789,41.818908,42.91941,39.61791,22.00995,18.34163,11.7272,22.8725,22.8725
7121,20.175789,41.818908,42.91941,39.61791,22.00995,18.34163,11.7272,22.8725,22.8725
7122,20.175789,41.818908,42.91941,39.61791,22.00995,18.34163,11.7272,22.8725,22.8725
7123,20.175789,41.818908,42.91941,39.61791,22.00995,18.34163,11.7272,22.8725,22.8725
7124,20.175789,41.818908,42.91941,39.61791,22.00995,18.34163,11.7272,22.8725,22.8725
7125,20.175789,41.818908,42.91941,39.61791,22.00995,18.34163,11.7272,22.8725,22.8725
7126,20.175789,41.818908,42.91941,39.61791,22.00995,18.34163,11.7272,22.8725,22.8725
7127,20.175789,41.818908,42.91941,39.61791,22.00995,18.34163,11.7272,22.8725,22.8725
7128,20.175789,41.818908,42.91941,39.61791,22.00995,18.34163,11.7272,22.8725,22.8725
7129,20.175789,41.818908,42.91941,39.61791,22.00995,18.34163,11.7272,22.8725,22.8725
7130,20.175789,41.818908,42.91941,39.61791,22.00995,18.34163,11.7272,22.8725,22.8725
7131,20.175789,41.818908,42.91941,39.61791,22.00995,18.34163,11.7272,22.8725,22.8725
7132,20.175789,41.818908,42.91941,39.61791,22.00995,18.34163,11.7272,22.8725,22.8725
7133,20.175789,41.818908,42.91941,39.61791,22.00995,18.34163,11.7272,22.8725,22.8725
7134,20.175789,41.818908,42.91941,39.61791,22.00995,18.34163,11.7272,22.8725,22.8725
7135,20.175789,41.818908,42.91941,39.61791,22.00995,18.34163,11.7272,22.8725,22.8725
7136,20.175789,41.818908,42.91941,39.61791,22.00995,18.34163,11.7272,22.8725,22.8725
7137,20.175789,41.818908,42.91941,39.61791,22.00995,18.34163,11.7272,22.8725,22.8725
7138,20.175789,41.818908,42.91941,39.61791,22.00995,18.34163,11.7272,22.8725,22.8725
7139,20.175789,41.818908,42.91941,39.61791,22.00995,18.34163,11.7272,22.8725,22.8725
7140,20.175789,41.818908,42.91941,39.61791,22.00995,18.34163,11.7272,22.8725,22.8725
7141,20.175789,41.818908,42.91941,39.61791,22.00995,18.34163,11.7272,22.8725,22.8725
7142,20.175789,41.818908,42.91941,39.61791,22.00995,18.34163,11.7272,22.8725,22.8725
7143,20.175789,41.818908,42.91941,39.61791,22.00995,18.34163,11.7272,22.8725,22.8725
7144,20.175789,41.818908,42.91941,39.61791,22.00995,18.34163,11.7272,22.8725,22.8725
7145,20.175789,41.818908,42.91941,39.61791,22.00995,18.34163,11.7272,22.8725,22.8725
7146,20.175789,41.818908,42.91941,39.61791,22.00995,18.34163,11.7272,22.8725,22.8725
7147,20.175789,41.818908,42.91941,39.61791,22.00995,18.34163,11.7272,22.8725,22.8725
7148,20.175789,41.818908,42.91941,39.61791,22.00995,18.34163,11.7272,22.8725,22.8725
7149,20.175789,41.818908,42.91941,39.61791,22.00995,18.34163,11.7272,22.8725,22.8725
7150,20.175789,41.818908,42.91941,39.61791,22.00995,18.34163,11.7272,22.8725,22.8725
7151,20.175789,41.818908,42.91941,39.61791,22.00995,18.34163,11.7272,22.8725,22.8725
7152,20.175789,41.818908,42.91941,39.61791,22.00995,18.34163,11.7272,22.8725,22.8725
7153,20.175789,41.818908,42.91941,39.61791,22.00995,18.34163,11.7272,22.8725,22.8725
7154,20.175789,41.818908,42.91941,39.61791,22.00995,18.34163,11.7272,22.8725,22.8725
7155,20.175789,41.818908,42.91941,39.61791,22.00995,18.34163,11.7272,22.8725,22.8725
7156,20.175789,41.818908,42.91941,39.61791,22.00995,18.34163,11.7272,22.8725,22.8725
7157,20.175789,41.818908,42.91941,39.61791,22.00995,18.34163,11.7272,22.8725,22.8725
7158,20.175789,41.818908,42.91941,39.61791,22.00995,18.34163,11.7272,22.8725,22.8725
7159,20.175789,41.818908,42.91941,39.61791,22.00995,18.34163,11.7272,22.8725,22.8725
7160,20.175789,41.818908,42.91941,39.61791,22.00995,18.34163,11.7272,22.8725,22.8725
7161,20.175789,41.818908,42.91941,39.61791,22.00995,18.34163,11.7272,22.8725,22.8725
7162,20.175789,41.818908,42.91941,39.61791,22.00995,18.34163,11.7272,22.8725,22.8725
7163,20.175789,41.818908,42.91941,39.61791,22.00995,18.34163,11.7272,22.8725,22.8725
7164,20.175789,41.818908,42.91941,39.61791,22.00995,18.34163,11.7272,22.8725,22.8725
7165,20.175789,41.818908,42.91941,39.61791,22.00995,18.34163,11.7272,22.8725,22.8725
7166,20.175789,41.818908,42.91941,39.61791,22.00995,18.34163,11.7272,22.8725,22.8725
7167,20.175789,41.818908,42.91941,39.61791,22.00995,18.34163,11.7272,22.8725,22.8725
7168,20.175789,41.818908,42.91941,39.61791,22.00995,18.34163,11.7272,22.8725,22.8725
7169,20.175789,41.818908,42.91941,39.61791,22.00995,18.34163,11.7272,22.8725,22.8725
7170,20.175789,41.818908,42.91941,39.61791,22.00995,18.34163,11.7272,22.8725,22.8725
7171,20.175789,41.818908,42.91941,39.61791,22.00995,18.34163,11.7272,22.8725,22.8725
7172,20.175789,41.818908,42.91941,39.61791,22.00995,18.34163,11.7272,22.8725,22.8725
7173,20.175789,41.818908,42.91941,39.61791,22.00995,18.34163,11.7272,22.8725,22.8725
7174,20.175789,41.818908,42.91941,39.61791,22.00995,18.34163,11.7272,22.8725,22.8725
7175,20.175789,41.818908,42.91941,39.61791,22.00995,18.34163,11.7272,22.8725,22.8725
7176,20.175789,41.818908,42.91941,39.61791,22.00995,18.34163,11.7272,22.8725,22.8725
7177,20.175789,41.818908,42.91941,39.61791,22.00995,18.34163,11.7272,22.8725,22.8725
7178,20.175789,41.818908,42.91941,39.61791,22.00995,18.34163,11.7272,22.8725,22.8725
7179,20.175789,41.818908,42.91941,39.61791,22.00995,18.34163,11.7272,22.8725,22.8725
7180,20.175789,41.818908,42.91941,39.61791,22.00995,18.34163,11.7272,22.8725,22.8725
7181,20.175789,41.818908,42.91941,39.61791,22.00995,18.34163,11.7272,22.8725,22.8725
7182,20.175789,41.818908,42.91941,39.61791,22.00995,18.34163,11.7272,22.8725,22.8725
7183,20.175789,41.818908,42.91941,39.61791,22.00995,18.34163,11.7272,22.8725,22.8725
7184,20.175789,41.818908,42.91941,39.61791,22.00995,18.34163,11.7272,22.8725,22.8725
7185,20.175789,41.818908,42.91941,39.61791,22.00995,18.34163,11.7272,22.8725,22.8725
7186,20.175789,41.818908,42.91941,39.61791,22.00995,18.34163,11.7272,22.8725,22.8725
7187,20.175789,41.818908,42.91941,39.61791,22.00995,18.34163,11.7272,22.8725,22.8725
7188,20.175789,41.818908,42.91941,39.61791,22.00995,18.34163,11.7272,22.8725,22.8725
7189,20.175789,41.818908,42.91941,39.61791,22.00995,18.34163,11.7272,22.8725,22.8725
7190,20.175789,41.818908,42.91941,39.61791,22.00995,18.34163,11.7272,22.8725,22.8725
7191,20.175789,41.818908,42.91941,39.61791,22.00995,18.34163,11.7272,22.8725,22.8725
7192,20.175789,41.818908,42.91941,39.61791,22.00995,18.34163,11.7272,22.8725,22.8725
7193,20.175789,41.818908,42.91941,39.61791,22.00995,18.34163,11.7272,22.8725,22.8725
7194,20.175789,41.818908,42.91941,39.61791,22.00995,18.34163,11.7272,22.8725,22.8725
7195,20.175789,41.818908,42.91941,39.61791,22.00995,18.34163,11.7272,22.8725,22.8725
7196,20.175789,41.818908,42.91941,39.61791,22.00995,18.34163,11.7272,22.8725,22.8725
7197,20.175789,41.818908,42.91941,39.61791,22.00995,18.34163,11.7272,22.8725,22.8725
7198,20.175789,41.818908,42.91941,39.61791,22.00995,18.34163,11.7272,22.8725,22.8725
7199,20.175789,41.818908,42.91941,39.61791,22.00995,18.34163,11.7272,22.8725,22.8725
7200,20.175789,41.818908,42.91941,39.61791,22.00995,18.34163,11.7272,22.8725,22.8725
7201,20.175789,41.818908,42.91941,39.61791,22.00995,18.34163,11.7272,22.8725,22.8725
7202,20.175789,41.818908,42.91941,39.61791,22.00995,18.34163,11.7272,22.8725,22.8725
7203,20.175789,41.818908,42.91941,39.61791,22.00995,18.34163,11.7272,22.8725,22.8725
7204,20.175789,41.818908,42.91941,39.61791,22.00995,18.34163,11.7272,22.8725,22.8725
7205,20.175789,41.818908,42.91941,39.61791,22.00995,18.34163,11.7272,22.8725,22.8725
7206,20.175789,41.818908,42.91941,39.61791,22.00995,18.34163,11.7272,22.8725,22.8725
7207,20.175789,41.818908,42.91941,39.61791,22.00995,18.34163,11.7272,22.8725,22.8725
7208,20.175789,41.818908,42.91941,39.61791,22.00995,18.34163,11.7272,22.8725,22.8725
7209,20.175789,41.818908,42.91941,39.61791,22.00995,18.34163,11.7272,22.8725,22.8725
7210,20.175789,41.818908,42.91941,39.61791,22.00995,18.34163,11.7272,22.8725,22.8725
7211,20.175789,41.818908,42.91941,39.61791,22.00995,18.34163,11.7272,22.8725,22.8725
7212,20.175789,41.818908,42.91941,39.61791,22.00995,18.34163,11.7272,22.8725,22.8725
7213,20.175789,41.818908,42.91941,39.61791,22.00995,18.34163,11.7272,22.8725,22.8725
7214,20.175789,41.818908,42.91941,39.61791,22.00995,18.34163,11.7272,22.8725,22.8725
7215,20.175789,41.818908,42.91941,39.61791,22.00995,18.34163,11.7272,22.8725,22.8725
7216,20.175789,41.818908,42.91941,39.61791,22.00995,18.34163,11.7272,22.8725,22.8725
7217,20.175789,41.818908,42.91941,39.61791,22.00995,18.34163,11.7272,22.8725,22.8725
7218,20.175789,41.818908,42.91941,39.61791,22.00995,18.34163,11.7272,22.8725,22.8725
7219,20.175789,41.818908,42.91941,39.61791,22.00995,18.34163,11.7272,22.8725,22.8725
7220,20.175789,41.818908,42.91941,39.61791,22.00995,18.34163,11.7272,22.8725,22.8725
7221,20.175789,41.818908,42.91941,39.61791,22.00995,18.34163,11.7272,22.8725,22.8725
7222,20.175789,41.818908,42.91941,39.61791,22.00995,18.34163,11.7272,22.8725,22.8725
7223,20.175789,41.818908,42.91941,39.61791,22.00995,18.34163,11.7272,22.8725,22.8725
7224,20.175789,41.818908,42.91941,39.61791,22.00995,18.34163,11.7272,22.8725,22.8725
7225,20.175789,41.818908,42.91941,39.61791,22.00995,18.34163,11.7272,22.8725,22.8725
7226,20.175789,41.818908,42.91941,39.61791,22.00995,18.34163,11.7272,22.8725,22.8725
7227,20.175789,41.818908,42.91941,39.61791,22.00995,18.34163,11.7272,22.8725,22.8725
7228,20.175789,41.818908,42.91941,39.61791,22.00995,18.34163,11.7272,22.8725,22.8725
7229,20.175789,41.818908,42.91941,39.61791,22.00995,18.34163,11.7272,22.8725,22.8725
7230,20.175789,41.818908,42.91941,39.61791,22.00995,18.34163,11.7272,22.8725,22.8725
7231,20.175789,41.818908,42.91941,39.61791,22.00995,18.34163,11.7272,22.8725,22.8725
7232,20.175789,41.818908,42.91941,39.61791,22.00995,18.34163,11.7272,22.8725,22.8725
7233,20.175789,41.818908,42.91941,39.61791,22.00995,18.34163,11.7272,22.8725,22.8725
7234,20.175789,41.818908,42.91941,39.61791,22.00995,18.34163,11.7272,22.8725,22.8725
7235,20.175789,41.818908,42.91941,39.61791,22.00995,18.34163,11.7272,22.8725,22.8725
7236,20.175789,41.818908,42.91941,39.61791,22.00995,18.34163,11.7272,22.8725,22.8725
7237,20.175789,41.818908,42.91941,39.61791,22.00995,18.34163,11.7272,22.8725,22.8725
7238,20.175789,41.818908,42.91941,39.61791,22.00995,18.34163,11.7272,22.8725,22.8725
7239,20.175789,41.818908,42.91941,39.61791,22.00995,18.34163,11.7272,22.8725,22.8725
7240,20.175789,41.818908,42.91941,39.61791,22.00995,18.34163,11.7272,22.8725,22.8725
7241,20.175789,41.818908,42.91941,39.61791,22.00995,18.34163,11.7272,22.8725,22.8725
7242,20.175789,41.818908,42.91941,39.61791,22.00995,18.34163,11.7272,22.8725,22.8725
7243,20.175789,41.818908,42.91941,39.61791,22.00995,18.34163,11.7272,22.8725,22.8725
7244,20.175789,41.818908,42.91941,39.61791,22.00995,18.34163,11.7272,22.8725,22.8725
7245,20.175789,41.818908,42.91941,39.61791,22.00995,18.34163,11.7272,22.8725,22.8725
7246,20.175789,41.818908,42.91941,39.61791,22.00995,18.34163,11.7272,22.8725,22.8725
7247,20.175789,41.818908,42.91941,39.61791,22.00995,18.34163,11.7272,22.8725,22.8725
7248,20.175789,41.818908,42.91941,39.61791,22.00995,18.34163,11.7272,22.8725,22.8725
7249,20.175789,41.818908,42.91941,39.61791,22.00995,18.34163,11.7272,22.8725,22.8725
7250,20.175789,41.818908,42.91941,39.61791,22.00995,18.34163,11.7272,22.8725,22.8725
7251,20.175789,41.818908,42.91941,39.61791,22.00995,18.34163,11.7272,22.8725,22.8725
7252,20.175789,41.818908,42.91941,39.61791,22.00995,18.34163,11.7272,22.8725,22.8725
7253,20.175789,41.818908,42.91941,39.61791,22.00995,18.34163,11.7272,22.8725,22.8725
7254,20.175789,41.818908,42.91941,39.61791,22.00995,18.34163,11.7272,22.8725,22.8725
7255,20.175789,41.818908,42.91941,39.61791,22.00995,18.34163,11.7272,22.8725,22.8725
7256,20.175789,41.818908,42.91941,39.61791,22.00995,18.34163,11.7272,22.8725,22.8725
7257,20.175789,41.818908,42.91941,39.61791,22.00995,18.34163,11.7272,22.8725,22.8725
7258,20.175789,41.818908,42.91941,39.61791,22.00995,18.34163,11.7272,22.8725,22.8725
7259,20.175789,41.818908,42.91941,39.61791,22.00995,18.34163,11.7272,22.8725,22.8725
7260,20.175789,41.818908,42.91941,39.61791,22.00995,18.34163,11.7272,22.8725,22.8725
7261,20.175789,41.818908,42.91941,39.61791,22.00995,18.34163,11.7272,22.8725,22.8725
7262,20.175789,41.818908,42.91941,39.61791,22.00995,18.34163,11.7272,22.8725,22.8725
7263,20.175789,41.818908,42.91941,39.61791,22.00995,18.34163,11.7272,22.8725,22.8725
7264,20.175789,41.818908,42.91941,39.61791,22.00995,18.34163,11.7272,22.8725,22.8725
7265,20.175789,41.818908,42.91941,39.61791,22.00995,18.34163,11.7272,22.8725,22.8725
7266,20.175789,41.818908,42.91941,39.61791,22.00995,18.34163,11.7272,22.8725,22.8725
7267,20.175789,41.818908,42.91941,39.61791,22.00995,18.34163,11.7272,22.8725,22.8725
7268,20.175789,41.818908,42.91941,39.61791,22.00995,18.34163,11.7272,22.8725,22.8725
7269,20.175789,41.818908,42.91941,39.61791,22.00995,18.34163,11.7272,22.8725,22.8725
7270,20.175789,41.818908,42.91941,39.61791,22.00995,18.34163,11.7272,22.8725,22.8725
7271,20.175789,41.818908,42.91941,39.61791,22.00995,18.34163,11.7272,22.8725,22.8725
7272,20.175789,41.818908,42.91941,39.61791,22.00995,18.34163,11.7272,22.8725,22.8725
7273,20.175789,41.818908,42.91941,39.61791,22.00995,18.34163,11.7272,22.8725,22.8725
7274,20.175789,41.818908,42.91941,39.61791,22.00995,18.34163,11.7272,22.8725,22.8725
7275,20.175789,41.818908,42.91941,39.61791,22.00995,18.34163,11.7272,22.8725,22.8725
7276,20.175789,41.818908,42.91941,39.61791,22.00995,18.34163,11.7272,22.8725,22.8725
7277,20.175789,41.818908,42.91941,39.61791,22.00995,18.34163,11.7272,22.8725,22.8725
7278,20.175789,41.818908,42.91941,39.61791,22.00995,18.34163,11.7272,22.8725,22.8725
7279,20.175789,41.818908,42.91941,39.61791,22.00995,18.34163,11.7272,22.8725,22.8725
7280,20.175789,41.818908,42.91941,39.61791,22.00995,18.34163,11.7272,22.8725,22.8725
7281,20.175789,41.818908,42.91941,39.61791,22.00995,18.34163,11.7272,22.8725,22.8725
7282,20.175789,41.818908,42.91941,39.61791,22.00995,18.34163,11.7272,22.8725,22.8725
7283,20.175789,41.818908,42.91941,39.61791,22.00995,18.34163,11.7272,22.8725,22.8725
7284,20.175789,41.818908,42.91941,39.61791,22.00995,18.34163,11.7272,22.8725,22.8725
7285,20.175789,41.818908,42.91941,39.61791,22.00995,18.34163,11.7272,22.8725,22.8725
7286,20.175789,41.818908,42.91941,39.61791,22.00995,18.34163,11.7272,22.8725,22.8725
7287,20.175789,41.818908,42.91941,39.61791,22.00995,18.34163,11.7272,22.8725,22.8725
7288,20.175789,41.818908,42.91941,39.61791,22.00995,18.34163,11.7272,22.8725,22.8725
7289,20.175789,41.818908,42.91941,39.61791,22.00995,18.34163,11.7272,22.8725,22.8725
7290,20.175789,41.818908,42.91941,39.61791,22.00995,18.34163,11.7272,22.8725,22.8725
7291,20.175789,41.818908,42.91941,39.61791,22.00995,18.34163,11.7272,22.8725,22.8725
7292,20.175789,41.818908,42.91941,39.61791,22.00995,18.34163,11.7272,22.8725,22.8725
7293,20.175789,41.818908,42.91941,39.61791,22.00995,18.34163,11.7272,22.8725,22.8725
7294,20.175789,41.818908,42.91941,39.61791,22.00995,18.34163,11.7272,22.8725,22.8725
7295,20.175789,41.818908,42.91941,39.61791,22.00995,18.34163,11.7272,22.8725,22.8725
7296,20.175789,41.818908,42.91941,39.61791,22.00995,18.34163,11.7272,22.8725,22.8725
7297,20.175789,41.818908,42.91941,39.61791,22.00995,18.34163,11.7272,22.8725,22.8725
7298,20.175789,41.818908,42.91941,39.61791,22.00995,18.34163,11.7272,22.8725,22.8725
7299,20.175789,41.818908,42.91941,39.61791,22.00995,18.34163,11.7272,22.8725,22.8725
7300,20.175789,41.818908,42.91941,39.61791,22.00995,18.34163,11.7272,22.8725,22.8725
7301,20.175789,41.818908,42.91941,39.61791,22.00995,18.34163,11.7272,22.8725,22.8725
7302,20.175789,41.818908,42.91941,39.61791,22.00995,18.34163,11.7272,22.8725,22.8725
7303,20.175789,41.818908,42.91941,39.61791,22.00995,18.34163,11.7272,22.8725,22.8725
7304,20.175789,41.818908,42.91941,39.61791,22.00995,18.34163,11.7272,22.8725,22.8725
7305,20.175789,41.818908,42.91941,39.61791,22.00995,18.34163,11.7272,22.8725,22.8725
7306,20.175789,41.818908,42.91941,39.61791,22.00995,18.34163,11.7272,22.8725,22.8725
7307,20.175789,41.818908,42.91941,39.61791,22.00995,18.34163,11.7272,22.8725,22.8725
7308,20.175789,41.818908,42.91941,39.61791,22.00995,18.34163,11.7272,22.8725,22.8725
7309,20.175789,41.818908,42.91941,39.61791,22.00995,18.34163,11.7272,22.8725,22.8725
7310,20.175789,41.818908,42.91941,39.61791,22.00995,18.34163,11.7272,22.8725,22.8725
7311,20.175789,41.818908,42.91941,39.61791,22.00995,18.34163,11.7272,22.8725,22.8725
7312,20.175789,41.818908,42.91941,39.61791,22.00995,18.34163,11.7272,22.8725,22.8725
7313,20.175789,41.818908,42.91941,39.61791,22.00995,18.34163,11.7272,22.8725,22.8725
7314,20.175789,41.818908,42.91941,39.61791,22.00995,18.34163,11.7272,22.8725,22.8725
7315,20.175789,41.818908,42.91941,39.61791,22.00995,18.34163,11.7272,22.8725,22.8725
7316,20.175789,41.818908,42.91941,39.61791,22.00995,18.34163,11.7272,22.8725,22.8725
7317,20.175789,41.818908,42.91941,39.61791,22.00995,18.34163,11.7272,22.8725,22.8725
7318,20.175789,41.818908,42.91941,39.61791,22.00995,18.34163,11.7272,22.8725,22.8725
7319,20.175789,41.818908,42.91941,39.61791,22.00995,18.34163,11.7272,22.8725,22.8725
7320,20.175789,41.818908,42.91941,39.61791,22.00995,18.34163,11.7272,22.8725,22.8725
7321,20.175789,41.818908,42.91941,39.61791,22.00995,18.34163,11.7272,22.8725,22.8725
7322,20.175789,41.818908,42.91941,39.61791,22.00995,18.34163,11.7272,22.8725,22.8725
7323,20.175789,41.818908,42.91941,39.61791,22.00995,18.34163,11.7272,22.8725,22.8725
7324,20.175789,41.818908,42.91941,39.61791,22.00995,18.34163,11.7272,22.8725,22.8725
7325,20.175789,41.818908,42.91941,39.61791,22.00995,18.34163,11.7272,22.8725,22.8725
7326,20.175789,41.818908,42.91941,39.61791,22.00995,18.34163,11.7272,22.8725,22.8725
7327,20.175789,41.818908,42.91941,39.61791,22.00995,18.34163,11.7272,22.8725,22.8725
7328,20.175789,41.818908,42.91941,39.61791,22.00995,18.34163,11.7272,22.8725,22.8725
7329,20.175789,41.818908,42.91941,39.61791,22.00995,18.34163,11.7272,22.8725,22.8725
7330,20.175789,41.818908,42.91941,39.61791,22.00995,18.34163,11.7272,22.8725,22.8725
7331,20.175789,41.818908,42.91941,39.61791,22.00995,18.34163,11.7272,22.8725,22.8725
7332,20.175789,41.818908,42.91941,39.61791,22.00995,18.34163,11.7272,22.8725,22.8725
7333,20.175789,41.818908,42.91941,39.61791,22.00995,18.34163,11.7272,22.8725,22.8725
7334,20.175789,41.818908,42.91941,39.61791,22.00995,18.34163,11.7272,22.8725,22.8725
7335,20.175789,41.818908,42.91941,39.61791,22.00995,18.34163,11.7272,22.8725,22.8725
7336,20.175789,41.818908,42.91941,39.61791,22.00995,18.34163,11.7272,22.8725,22.8725
7337,20.175789,41.818908,42.91941,39.61791,22.00995,18.34163,11.7272,22.8725,22.8725
7338,20.175789,41.818908,42.91941,39.61791,22.00995,18.34163,11.7272,22.8725,22.8725
7339,20.175789,41.818908,42.91941,39.61791,22.00995,18.34163,11.7272,22.8725,22.8725
7340,20.175789,41.818908,42.91941,39.61791,22.00995,18.34163,11.7272,22.8725,22.8725
7341,20.175789,41.818908,42.91941,39.61791,22.00995,18.34163,11.7272,22.8725,22.8725
7342,20.175789,41.818908,42.91941,39.61791,22.00995,18.34163,11.7272,22.8725,22.8725
7343,20.175789,41.818908,42.91941,39.61791,22.00995,18.34163,11.7272,22.8725,22.8725
7344,20.175789,41.818908,42.91941,39.61791,22.00995,18.34163,11.7272,22.8725,22.8725
7345,20.175789,41.818908,42.91941,39.61791,22.00995,18.34163,11.7272,22.8725,22.8725
7346,20.175789,41.818908,42.91941,39.61791,22.00995,18.34163,11.7272,22.8725,22.8725
7347,20.175789,41.818908,42.91941,39.61791,22.00995,18.34163,11.7272,22.8725,22.8725
7348,20.175789,41.818908,42.91941,39.61791,22.00995,18.34163,11.7272,22.8725,22.8725
7349,20.175789,41.818908,42.91941,39.61791,22.00995,18.34163,11.7272,22.8725,22.8725
7350,20.175789,41.818908,42.91941,39.61791,22.00995,18.34163,11.7272,22.8725,22.8725
7351,20.175789,41.818908,42.91941,39.61791,22.00995,18.34163,11.7272,22.8725,22.8725
7352,20.175789,41.818908,42.91941,39.61791,22.00995,18.34163,11.7272,22.8725,22.8725
7353,20.175789,41.818908,42.91941,39.61791,22.00995,18.34163,11.7272,22.8725,22.8725
7354,20.175789,41.818908,42.91941,39.61791,22.00995,18.34163,11.7272,22.8725,22.8725
7355,20.175789,41.818908,42.91941,39.61791,22.00995,18.34163,11.7272,22.8725,22.8725
7356,20.175789,41.818908,42.91941,39.61791,22.00995,18.34163,11.7272,22.8725,22.8725
7357,20.175789,41.818908,42.91941,39.61791,22.00995,18.34163,11.7272,22.8725,22.8725
7358,20.175789,41.818908,42.91941,39.61791,22.00995,18.34163,11.7272,22.8725,22.8725
7359,20.175789,41.818908,42.91941,39.61791,22.00995,18.34163,11.7272,22.8725,22.8725
7360,20.175789,41.818908,42.91941,39.61791,22.00995,18.34163,11.7272,22.8725,22.8725
7361,20.175789,41.818908,42.91941,39.61791,22.00995,18.34163,11.7272,22.8725,22.8725
7362,20.175789,41.818908,42.91941,39.61791,22.00995,18.34163,11.7272,22.8725,22.8725
7363,20.175789,41.818908,42.91941,39.61791,22.00995,18.34163,11.7272,22.8725,22.8725
7364,20.175789,41.818908,42.91941,39.61791,22.00995,18.34163,11.7272,22.8725,22.8725
7365,20.175789,41.818908,42.91941,39.61791,22.00995,18.34163,11.7272,22.8725,22.8725
7366,20.175789,41.818908,42.91941,39.61791,22.00995,18.34163,11.7272,22.8725,22.8725
7367,20.175789,41.818908,42.91941,39.61791,22.00995,18.34163,11.7272,22.8725,22.8725
7368,20.175789,41.818908,42.91941,39.61791,22.00995,18.34163,11.7272,22.8725,22.8725
7369,20.175789,41.818908,42.91941,39.61791,22.00995,18.34163,11.7272,22.8725,22.8725
7370,20.175789,41.818908,42.91941,39.61791,22.00995,18.34163,11.7272,22.8725,22.8725
7371,20.175789,41.818908,42.91941,39.61791,22.00995,18.34163,11.7272,22.8725,22.8725
7372,20.175789,41.818908,42.91941,39.61791,22.00995,18.34163,11.7272,22.8725,22.8725
7373,20.175789,41.818908,42.91941,39.61791,22.00995,18.34163,11.7272,22.8725,22.8725
7374,20.175789,41.818908,42.91941,39.61791,22.00995,18.34163,11.7272,22.8725,22.8725
7375,20.175789,41.818908,42.91941,39.61791,22.00995,18.34163,11.7272,22.8725,22.8725
7376,20.175789,41.818908,42.91941,39.61791,22.00995,18.34163,11.7272,22.8725,22.8725
7377,20.175789,41.818908,42.91941,39.61791,22.00995,18.34163,11.7272,22.8725,22.8725
7378,20.175789,41.818908,42.91941,39.61791,22.00995,18.34163,11.7272,22.8725,22.8725
7379,20.175789,41.818908,42.91941,39.61791,22.00995,18.34163,11.7272,22.8725,22.8725
7380,20.175789,41.818908,42.91941,39.61791,22.00995,18.34163,11.7272,22.8725,22.8725
7381,20.175789,41.818908,42.91941,39.61791,22.00995,18.34163,11.7272,22.8725,22.8725
7382,20.175789,41.818908,42.91941,39.61791,22.00995,18.34163,11.7272,22.8725,22.8725
7383,20.175789,41.818908,42.91941,39.61791,22.00995,18.34163,11.7272,22.8725,22.8725
7384,20.175789,41.818908,42.91941,39.61791,22.00995,18.34163,11.7272,22.8725,22.8725
7385,20.175789,41.818908,42.91941,39.61791,22.00995,18.34163,11.7272,22.8725,22.8725
7386,20.175789,41.818908,42.91941,39.61791,22.00995,18.34163,11.7272,22.8725,22.8725
7387,20.175789,41.818908,42.91941,39.61791,22.00995,18.34163,11.7272,22.8725,22.8725
7388,20.175789,41.818908,42.91941,39.61791,22.00995,18.34163,11.7272,22.8725,22.8725
7389,20.175789,41.818908,42.91941,39.61791,22.00995,18.34163,11.7272,22.8725,22.8725
7390,20.175789,41.818908,42.91941,39.61791,22.00995,18.34163,11.7272,22.8725,22.8725
7391,20.175789,41.818908,42.91941,39.61791,22.00995,18.34163,11.7272,22.8725,22.8725
7392,20.175789,41.818908,42.91941,39.61791,22.00995,18.34163,11.7272,22.8725,22.8725
7393,20.175789,41.818908,42.91941,39.61791,22.00995,18.34163,11.7272,22.8725,22.8725
7394,20.175789,41.818908,42.91941,39.61791,22.00995,18.34163,11.7272,22.8725,22.8725
7395,20.175789,41.818908,42.91941,39.61791,22.00995,18.34163,11.7272,22.8725,22.8725
7396,20.175789,41.818908,42.91941,39.61791,22.00995,18.34163,11.7272,22.8725,22.8725
7397,20.175789,41.818908,42.91941,39.61791,22.00995,18.34163,11.7272,22.8725,22.8725
7398,20.175789,41.818908,42.91941,39.61791,22.00995,18.34163,11.7272,22.8725,22.8725
7399,20.175789,41.818908,42.91941,39.61791,22.00995,18.34163,11.7272,22.8725,22.8725
7400,20.175789,41.818908,42.91941,39.61791,22.00995,18.34163,11.7272,22.8725,22.8725
7401,20.175789,41.818908,42.91941,39.61791,22.00995,18.34163,11.7272,22.8725,22.8725
7402,20.175789,41.818908,42.91941,39.61791,22.00995,18.34163,11.7272,22.8725,22.8725
7403,20.175789,41.818908,42.91941,39.61791,22.00995,18.34163,11.7272,22.8725,22.8725
7404,20.175789,41.818908,42.91941,39.61791,22.00995,18.34163,11.7272,22.8725,22.8725
7405,20.175789,41.818908,42.91941,39.61791,22.00995,18.34163,11.7272,22.8725,22.8725
7406,20.175789,41.818908,42.91941,39.61791,22.00995,18.34163,11.7272,22.8725,22.8725
7407,20.175789,41.818908,42.91941,39.61791,22.00995,18.34163,11.7272,22.8725,22.8725
7408,20.175789,41.818908,42.91941,39.61791,22.00995,18.34163,11.7272,22.8725,22.8725
7409,20.175789,41.818908,42.91941,39.61791,22.00995,18.34163,11.7272,22.8725,22.8725
7410,20.175789,41.818908,42.91941,39.61791,22.00995,18.34163,11.7272,22.8725,22.8725
7411,20.175789,41.818908,42.91941,39.61791,22.00995,18.34163,11.7272,22.8725,22.8725
7412,20.175789,41.818908,42.91941,39.61791,22.00995,18.34163,11.7272,22.8725,22.8725
7413,20.175789,41.818908,42.91941,39.61791,22.00995,18.34163,11.7272,22.8725,22.8725
7414,20.175789,41.818908,42.91941,39.61791,22.00995,18.34163,11.7272,22.8725,22.8725
7415,20.175789,41.818908,42.91941,39.61791,22.00995,18.34163,11.7272,22.8725,22.8725
7416,20.175789,41.818908,42.91941,39.61791,22.00995,18.34163,11.7272,22.8725,22.8725
7417,20.175789,41.818908,42.91941,39.61791,22.00995,18.34163,11.7272,22.8725,22.8725
7418,20.175789,41.818908,42.91941,39.61791,22.00995,18.34163,11.7272,22.8725,22.8725
7419,20.175789,41.818908,42.91941,39.61791,22.00995,18.34163,11.7272,22.8725,22.8725
7420,20.175789,41.818908,42.91941,39.61791,22.00995,18.34163,11.7272,22.8725,22.8725
7421,20.175789,41.818908,42.91941,39.61791,22.00995,18.34163,11.7272,22.8725,22.8725
7422,20.175789,41.818908,42.91941,39.61791,22.00995,18.34163,11.7272,22.8725,22.8725
7423,20.175789,41.818908,42.91941,39.61791,22.00995,18.34163,11.7272,22.8725,22.8725
7424,20.175789,41.818908,42.91941,39.61791,22.00995,18.34163,11.7272,22.8725,22.8725
7425,20.175789,41.818908,42.91941,39.61791,22.00995,18.34163,11.7272,22.8725,22.8725
7426,20.175789,41.818908,42.91941,39.61791,22.00995,18.34163,11.7272,22.8725,22.8725
7427,20.175789,41.818908,42.91941,39.61791,22.00995,18.34163,11.7272,22.8725,22.8725
7428,20.175789,41.818908,42.91941,39.61791,22.00995,18.34163,11.7272,22.8725,22.8725
7429,20.175789,41.818908,42.91941,39.61791,22.00995,18.34163,11.7272,22.8725,22.8725
7430,20.175789,41.818908,42.91941,39.61791,22.00995,18.34163,11.7272,22.8725,22.8725
7431,20.175789,41.818908,42.91941,39.61791,22.00995,18.34163,11.7272,22.8725,22.8725
7432,20.175789,41.818908,42.91941,39.61791,22.00995,18.34163,11.7272,22.8725,22.8725
7433,20.175789,41.818908,42.91941,39.61791,22.00995,18.34163,11.7272,22.8725,22.8725
7434,20.175789,41.818908,42.91941,39.61791,22.00995,18.34163,11.7272,22.8725,22.8725
7435,20.175789,41.818908,42.91941,39.61791,22.00995,18.34163,11.7272,22.8725,22.8725
7436,20.175789,41.818908,42.91941,39.61791,22.00995,18.34163,11.7272,22.8725,22.8725
7437,20.175789,41.818908,42.91941,39.61791,22.00995,18.34163,11.7272,22.8725,22.8725
7438,20.175789,41.818908,42.91941,39.61791,22.00995,18.34163,11.7272,22.8725,22.8725
7439,20.175789,41.818908,42.91941,39.61791,22.00995,18.34163,11.7272,22.8725,22.8725
7440,20.175789,41.818908,42.91941,39.61791,22.00995,18.34163,11.7272,22.8725,22.8725
7441,20.175789,41.818908,42.91941,39.61791,22.00995,18.34163,11.7272,22.8725,22.8725
7442,20.175789,41.818908,42.91941,39.61791,22.00995,18.34163,11.7272,22.8725,22.8725
7443,20.175789,41.818908,42.91941,39.61791,22.00995,18.34163,11.7272,22.8725,22.8725
7444,20.175789,41.818908,42.91941,39.61791,22.00995,18.34163,11.7272,22.8725,22.8725
7445,20.175789,41.818908,42.91941,39.61791,22.00995,18.34163,11.7272,22.8725,22.8725
7446,20.175789,41.818908,42.91941,39.61791,22.00995,18.34163,11.7272,22.8725,22.8725
7447,20.175789,41.818908,42.91941,39.61791,22.00995,18.34163,11.7272,22.8725,22.8725
7448,20.175789,41.818908,42.91941,39.61791,22.00995,18.34163,11.7272,22.8725,22.8725
7449,20.175789,41.818908,42.91941,39.61791,22.00995,18.34163,11.7272,22.8725,22.8725
7450,20.175789,41.818908,42.91941,39.61791,22.00995,18.34163,11.7272,22.8725,22.8725
7451,20.175789,41.818908,42.91941,39.61791,22.00995,18.34163,11.7272,22.8725,22.8725
7452,20.175789,41.818908,42.91941,39.61791,22.00995,18.34163,11.7272,22.8725,22.8725
7453,20.175789,41.818908,42.91941,39.61791,22.00995,18.34163,11.7272,22.8725,22.8725
7454,20.175789,41.818908,42.91941,39.61791,22.00995,18.34163,11.7272,22.8725,22.8725
7455,20.175789,41.818908,42.91941,39.61791,22.00995,18.34163,11.7272,22.8725,22.8725
7456,20.175789,41.818908,42.91941,39.61791,22.00995,18.34163,11.7272,22.8725,22.8725
7457,20.175789,41.818908,42.91941,39.61791,22.00995,18.34163,11.7272,22.8725,22.8725
7458,20.175789,41.818908,42.91941,39.61791,22.00995,18.34163,11.7272,22.8725,22.8725
7459,20.175789,41.818908,42.91941,39.61791,22.00995,18.34163,11.7272,22.8725,22.8725
7460,20.175789,41.818908,42.91941,39.61791,22.00995,18.34163,11.7272,22.8725,22.8725
7461,20.175789,41.818908,42.91941,39.61791,22.00995,18.34163,11.7272,22.8725,22.8725
7462,20.175789,41.818908,42.91941,39.61791,22.00995,18.34163,11.7272,22.8725,22.8725
7463,20.175789,41.818908,42.91941,39.61791,22.00995,18.34163,11.7272,22.8725,22.8725
7464,20.175789,41.818908,42.91941,39.61791,22.00995,18.34163,11.7272,22.8725,22.8725
7465,20.175789,41.818908,42.91941,39.61791,22.00995,18.34163,11.7272,22.8725,22.8725
7466,20.175789,41.818908,42.91941,39.61791,22.00995,18.34163,11.7272,22.8725,22.8725
7467,20.175789,41.818908,42.91941,39.61791,22.00995,18.34163,11.7272,22.8725,22.8725
7468,20.175789,41.818908,42.91941,39.61791,22.00995,18.34163,11.7272,22.8725,22.8725
7469,20.175789,41.818908,42.91941,39.61791,22.00995,18.34163,11.7272,22.8725,22.8725
7470,20.175789,41.818908,42.91941,39.61791,22.00995,18.34163,11.7272,22.8725,22.8725
7471,20.175789,41.818908,42.91941,39.61791,22.00995,18.34163,11.7272,22.8725,22.8725
7472,20.175789,41.818908,42.91941,39.61791,22.00995,18.34163,11.7272,22.8725,22.8725
7473,20.175789,41.818908,42.91941,39.61791,22.00995,18.34163,11.7272,22.8725,22.8725
7474,20.175789,41.818908,42.91941,39.61791,22.00995,18.34163,11.7272,22.8725,22.8725
7475,20.175789,41.818908,42.91941,39.61791,22.00995,18.34163,11.7272,22.8725,22.8725
7476,20.175789,41.818908,42.91941,39.61791,22.00995,18.34163,11.7272,22.8725,22.8725
7477,20.175789,41.818908,42.91941,39.61791,22.00995,18.34163,11.7272,22.8725,22.8725
7478,20.175789,41.818908,42.91941,39.61791,22.00995,18.34163,11.7272,22.8725,22.8725
7479,20.175789,41.818908,42.91941,39.61791,22.00995,18.34163,11.7272,22.8725,22.8725
7480,20.175789,41.818908,42.91941,39.61791,22.00995,18.34163,11.7272,22.8725,22.8725
7481,20.175789,41.818908,42.91941,39.61791,22.00995,18.34163,11.7272,22.8725,22.8725
7482,20.175789,41.818908,42.91941,39.61791,22.00995,18.34163,11.7272,22.8725,22.8725
7483,20.175789,41.818908,42.91941,39.61791,22.00995,18.34163,11.7272,22.8725,22.8725
7484,20.175789,41.818908,42.91941,39.61791,22.00995,18.34163,11.7272,22.8725,22.8725
7485,20.175789,41.818908,42.91941,39.61791,22.00995,18.34163,11.7272,22.8725,22.8725
7486,20.175789,41.818908,42.91941,39.61791,22.00995,18.34163,11.7272,22.8725,22.8725
7487,20.175789,41.818908,42.91941,39.61791,22.00995,18.34163,11.7272,22.8725,22.8725
7488,20.175789,41.818908,42.91941,39.61791,22.00995,18.34163,11.7272,22.8725,22.8725
7489,20.175789,41.818908,42.91941,39.61791,22.00995,18.34163,11.7272,22.8725,22.8725
7490,20.175789,41.818908,42.91941,39.61791,22.00995,18.34163,11.7272,22.8725,22.8725
7491,20.175789,41.818908,42.91941,39.61791,22.00995,18.34163,11.7272,22.8725,22.8725
7492,20.175789,41.818908,42.91941,39.61791,22.00995,18.34163,11.7272,22.8725,22.8725
7493,20.175789,41.818908,42.91941,39.61791,22.00995,18.34163,11.7272,22.8725,22.8725
7494,20.175789,41.818908,42.91941,39.61791,22.00995,18.34163,11.7272,22.8725,22.8725
7495,20.175789,41.818908,42.91941,39.61791,22.00995,18.34163,11.7272,22.8725,22.8725
7496,20.175789,41.818908,42.91941,39.61791,22.00995,18.34163,11.7272,22.8725,22.8725
7497,20.175789,41.818908,42.91941,39.61791,22.00995,18.34163,11.7272,22.8725,22.8725
7498,20.175789,41.818908,42.91941,39.61791,22.00995,18.34163,11.7272,22.8725,22.8725
7499,20.175789,41.818908,42.91941,39.61791,22.00995,18.34163,11.7272,22.8725,22.8725
7500,20.175789,41.818908,42.91941,39.61791,22.00995,18.34163,11.7272,22.8725,22.8725
7501,20.175789,41.818908,42.91941,39.61791,22.00995,18.34163,11.7272,22.8725,22.8725
7502,20.175789,41.818908,42.91941,39.61791,22.00995,18.34163,11.7272,22.8725,22.8725
7503,20.175789,41.818908,42.91941,39.61791,22.00995,18.34163,11.7272,22.8725,22.8725
7504,20.175789,41.818908,42.91941,39.61791,22.00995,18.34163,11.7272,22.8725,22.8725
7505,20.175789,41.818908,42.91941,39.61791,22.00995,18.34163,11.7272,22.8725,22.8725
7506,20.175789,41.818908,42.91941,39.61791,22.00995,18.34163,11.7272,22.8725,22.8725
7507,20.175789,41.818908,42.91941,39.61791,22.00995,18.34163,11.7272,22.8725,22.8725
7508,20.175789,41.818908,42.91941,39.61791,22.00995,18.34163,11.7272,22.8725,22.8725
7509,20.175789,41.818908,42.91941,39.61791,22.00995,18.34163,11.7272,22.8725,22.8725
7510,20.175789,41.818908,42.91941,39.61791,22.00995,18.34163,11.7272,22.8725,22.8725
7511,20.175789,41.818908,42.91941,39.61791,22.00995,18.34163,11.7272,22.8725,22.8725
7512,20.175789,41.818908,42.91941,39.61791,22.00995,18.34163,11.7272,22.8725,22.8725
7513,20.175789,41.818908,42.91941,39.61791,22.00995,18.34163,11.7272,22.8725,22.8725
7514,20.175789,41.818908,42.91941,39.61791,22.00995,18.34163,11.7272,22.8725,22.8725
7515,20.175789,41.818908,42.91941,39.61791,22.00995,18.34163,11.7272,22.8725,22.8725
7516,20.175789,41.818908,42.91941,39.61791,22.00995,18.34163,11.7272,22.8725,22.8725
7517,20.175789,41.818908,42.91941,39.61791,22.00995,18.34163,11.7272,22.8725,22.8725
7518,20.175789,41.818908,42.91941,39.61791,22.00995,18.34163,11.7272,22.8725,22.8725
7519,20.175789,41.818908,42.91941,39.61791,22.00995,18.34163,11.7272,22.8725,22.8725
7520,20.175789,41.818908,42.91941,39.61791,22.00995,18.34163,11.7272,22.8725,22.8725
7521,20.175789,41.818908,42.91941,39.61791,22.00995,18.34163,11.7272,22.8725,22.8725
7522,20.175789,41.818908,42.91941,39.61791,22.00995,18.34163,11.7272,22.8725,22.8725
7523,20.175789,41.818908,42.91941,39.61791,22.00995,18.34163,11.7272,22.8725,22.8725
7524,20.175789,41.818908,42.91941,39.61791,22.00995,18.34163,11.7272,22.8725,22.8725
7525,20.175789,41.818908,42.91941,39.61791,22.00995,18.34163,11.7272,22.8725,22.8725
7526,20.175789,41.818908,42.91941,39.61791,22.00995,18.34163,11.7272,22.8725,22.8725
7527,20.175789,41.818908,42.91941,39.61791,22.00995,18.34163,11.7272,22.8725,22.8725
7528,20.175789,41.818908,42.91941,39.61791,22.00995,18.34163,11.7272,22.8725,22.8725
7529,20.175789,41.818908,42.91941,39.61791,22.00995,18.34163,11.7272,22.8725,22.8725
7530,20.175789,41.818908,42.91941,39.61791,22.00995,18.34163,11.7272,22.8725,22.8725
7531,20.175789,41.818908,42.91941,39.61791,22.00995,18.34163,11.7272,22.8725,22.8725
7532,20.175789,41.818908,42.91941,39.61791,22.00995,18.34163,11.7272,22.8725,22.8725
7533,20.175789,41.818908,42.91941,39.61791,22.00995,18.34163,11.7272,22.8725,22.8725
7534,20.175789,41.818908,42.91941,39.61791,22.00995,18.34163,11.7272,22.8725,22.8725
7535,20.175789,41.818908,42.91941,39.61791,22.00995,18.34163,11.7272,22.8725,22.8725
7536,20.175789,41.818908,42.91941,39.61791,22.00995,18.34163,11.7272,22.8725,22.8725
7537,20.175789,41.818908,42.91941,39.61791,22.00995,18.34163,11.7272,22.8725,22.8725
7538,20.175789,41.818908,42.91941,39.61791,22.00995,18.34163,11.7272,22.8725,22.8725
7539,20.175789,41.818908,42.91941,39.61791,22.00995,18.34163,11.7272,22.8725,22.8725
7540,20.175789,41.818908,42.91941,39.61791,22.00995,18.34163,11.7272,22.8725,22.8725
7541,20.175789,41.818908,42.91941,39.61791,22.00995,18.34163,11.7272,22.8725,22.8725
7542,20.175789,41.818908,42.91941,39.61791,22.00995,18.34163,11.7272,22.8725,22.8725
7543,20.175789,41.818908,42.91941,39.61791,22.00995,18.34163,11.7272,22.8725,22.8725
7544,20.175789,41.818908,42.91941,39.61791,22.00995,18.34163,11.7272,22.8725,22.8725
7545,20.175789,41.818908,42.91941,39.61791,22.00995,18.34163,11.7272,22.8725,22.8725
7546,20.175789,41.818908,42.91941,39.61791,22.00995,18.34163,11.7272,22.8725,22.8725
7547,20.175789,41.818908,42.91941,39.61791,22.00995,18.34163,11.7272,22.8725,22.8725
7548,20.175789,41.818908,42.91941,39.61791,22.00995,18.34163,11.7272,22.8725,22.8725
7549,20.175789,41.818908,42.91941,39.61791,22.00995,18.34163,11.7272,22.8725,22.8725
7550,20.175789,41.818908,42.91941,39.61791,22.00995,18.34163,11.7272,22.8725,22.8725
7551,20.175789,41.818908,42.91941,39.61791,22.00995,18.34163,11.7272,22.8725,22.8725
7552,20.175789,41.818908,42.91941,39.61791,22.00995,18.34163,11.7272,22.8725,22.8725
7553,20.175789,41.818908,42.91941,39.61791,22.00995,18.34163,11.7272,22.8725,22.8725
7554,20.175789,41.818908,42.91941,39.61791,22.00995,18.34163,11.7272,22.8725,22.8725
7555,20.175789,41.818908,42.91941,39.61791,22.00995,18.34163,11.7272,22.8725,22.8725
7556,20.175789,41.818908,42.91941,39.61791,22.00995,18.34163,11.7272,22.8725,22.8725
7557,20.175789,41.818908,42.91941,39.61791,22.00995,18.34163,11.7272,22.8725,22.8725
7558,20.175789,41.818908,42.91941,39.61791,22.00995,18.34163,11.7272,22.8725,22.8725
7559,20.175789,41.818908,42.91941,39.61791,22.00995,18.34163,11.7272,22.8725,22.8725
7560,20.175789,41.818908,42.91941,39.61791,22.00995,18.34163,11.7272,22.8725,22.8725
7561,20.175789,41.818908,42.91941,39.61791,22.00995,18.34163,11.7272,22.8725,22.8725
7562,20.175789,41.818908,42.91941,39.61791,22.00995,18.34163,11.7272,22.8725,22.8725
7563,20.175789,41.818908,42.91941,39.61791,22.00995,18.34163,11.7272,22.8725,22.8725
7564,20.175789,41.818908,42.91941,39.61791,22.00995,18.34163,11.7272,22.8725,22.8725
7565,20.175789,41.818908,42.91941,39.61791,22.00995,18.34163,11.7272,22.8725,22.8725
7566,20.175789,41.818908,42.91941,39.61791,22.00995,18.34163,11.7272,22.8725,22.8725
7567,20.175789,41.818908,42.91941,39.61791,22.00995,18.34163,11.7272,22.8725,22.8725
7568,20.175789,41.818908,42.91941,39.61791,22.00995,18.34163,11.7272,22.8725,22.8725
7569,20.175789,41.818908,42.91941,39.61791,22.00995,18.34163,11.7272,22.8725,22.8725
7570,20.175789,41.818908,42.91941,39.61791,22.00995,18.34163,11.7272,22.8725,22.8725
7571,20.175789,41.818908,42.91941,39.61791,22.00995,18.34163,11.7272,22.8725,22.8725
7572,20.175789,41.818908,42.91941,39.61791,22.00995,18.34163,11.7272,22.8725,22.8725
7573,20.175789,41.818908,42.91941,39.61791,22.00995,18.34163,11.7272,22.8725,22.8725
7574,20.175789,41.818908,42.91941,39.61791,22.00995,18.34163,11.7272,22.8725,22.8725
7575,20.175789,41.818908,42.91941,39.61791,22.00995,18.34163,11.7272,22.8725,22.8725
7576,20.175789,41.818908,42.91941,39.61791,22.00995,18.34163,11.7272,22.8725,22.8725
7577,20.175789,41.818908,42.91941,39.61791,22.00995,18.34163,11.7272,22.8725,22.8725
7578,20.175789,41.818908,42.91941,39.61791,22.00995,18.34163,11.7272,22.8725,22.8725
7579,20.175789,41.818908,42.91941,39.61791,22.00995,18.34163,11.7272,22.8725,22.8725
7580,20.175789,41.818908,42.91941,39.61791,22.00995,18.34163,11.7272,22.8725,22.8725
7581,20.175789,41.818908,42.91941,39.61791,22.00995,18.34163,11.7272,22.8725,22.8725
7582,20.175789,41.818908,42.91941,39.61791,22.00995,18.34163,11.7272,22.8725,22.8725
7583,20.175789,41.818908,42.91941,39.61791,22.00995,18.34163,11.7272,22.8725,22.8725
7584,20.175789,41.818908,42.91941,39.61791,22.00995,18.34163,11.7272,22.8725,22.8725
7585,20.175789,41.818908,42.91941,39.61791,22.00995,18.34163,11.7272,22.8725,22.8725
7586,20.175789,41.818908,42.91941,39.61791,22.00995,18.34163,11.7272,22.8725,22.8725
7587,20.175789,41.818908,42.91941,39.61791,22.00995,18.34163,11.7272,22.8725,22.8725
7588,20.175789,41.818908,42.91941,39.61791,22.00995,18.34163,11.7272,22.8725,22.8725
7589,20.175789,41.818908,42.91941,39.61791,22.00995,18.34163,11.7272,22.8725,22.8725
7590,20.175789,41.818908,42.91941,39.61791,22.00995,18.34163,11.7272,22.8725,22.8725
7591,20.175789,41.818908,42.91941,39.61791,22.00995,18.34163,11.7272,22.8725,22.8725
7592,20.175789,41.818908,42.91941,39.61791,22.00995,18.34163,11.7272,22.8725,22.8725
7593,20.175789,41.818908,42.91941,39.61791,22.00995,18.34163,11.7272,22.8725,22.8725
7594,20.175789,41.818908,42.91941,39.61791,22.00995,18.34163,11.7272,22.8725,22.8725
7595,20.175789,41.818908,42.91941,39.61791,22.00995,18.34163,11.7272,22.8725,22.8725
7596,20.175789,41.818908,42.91941,39.61791,22.00995,18.34163,11.7272,22.8725,22.8725
7597,20.175789,41.818908,42.91941,39.61791,22.00995,18.34163,11.7272,22.8725,22.8725
7598,20.175789,41.818908,42.91941,39.61791,22.00995,18.34163,11.7272,22.8725,22.8725
7599,20.175789,41.818908,42.91941,39.61791,22.00995,18.34163,11.7272,22.8725,22.8725
7600,20.175789,41.818908,42.91941,39.61791,22.00995,18.34163,11.7272,22.8725,22.8725
7601,20.175789,41.818908,42.91941,39.61791,22.00995,18.34163,11.7272,22.8725,22.8725
7602,20.175789,41.818908,42.91941,39.61791,22.00995,18.34163,11.7272,22.8725,22.8725
7603,20.175789,41.818908,42.91941,39.61791,22.00995,18.34163,11.7272,22.8725,22.8725
7604,20.175789,41.818908,42.91941,39.61791,22.00995,18.34163,11.7272,22.8725,22.8725
7605,20.175789,41.818908,42.91941,39.61791,22.00995,18.34163,11.7272,22.8725,22.8725
7606,20.175789,41.818908,42.91941,39.61791,22.00995,18.34163,11.7272,22.8725,22.8725
7607,20.175789,41.818908,42.91941,39.61791,22.00995,18.34163,11.7272,22.8725,22.8725
7608,20.175789,41.818908,42.91941,39.61791,22.00995,18.34163,11.7272,22.8725,22.8725
7609,20.175789,41.818908,42.91941,39.61791,22.00995,18.34163,11.7272,22.8725,22.8725
7610,20.175789,41.818908,42.91941,39.61791,22.00995,18.34163,11.7272,22.8725,22.8725
7611,20.175789,41.818908,42.91941,39.61791,22.00995,18.34163,11.7272,22.8725,22.8725
7612,20.175789,41.818908,42.91941,39.61791,22.00995,18.34163,11.7272,22.8725,22.8725
7613,20.175789,41.818908,42.91941,39.61791,22.00995,18.34163,11.7272,22.8725,22.8725
7614,20.175789,41.818908,42.91941,39.61791,22.00995,18.34163,11.7272,22.8725,22.8725
7615,20.175789,41.818908,42.91941,39.61791,22.00995,18.34163,11.7272,22.8725,22.8725
7616,20.175789,41.818908,42.91941,39.61791,22.00995,18.34163,11.7272,22.8725,22.8725
7617,20.175789,41.818908,42.91941,39.61791,22.00995,18.34163,11.7272,22.8725,22.8725
7618,20.175789,41.818908,42.91941,39.61791,22.00995,18.34163,11.7272,22.8725,22.8725
7619,20.175789,41.818908,42.91941,39.61791,22.00995,18.34163,11.7272,22.8725,22.8725
7620,20.175789,41.818908,42.91941,39.61791,22.00995,18.34163,11.7272,22.8725,22.8725
7621,20.175789,41.818908,42.91941,39.61791,22.00995,18.34163,11.7272,22.8725,22.8725
7622,20.175789,41.818908,42.91941,39.61791,22.00995,18.34163,11.7272,22.8725,22.8725
7623,20.175789,41.818908,42.91941,39.61791,22.00995,18.34163,11.7272,22.8725,22.8725
7624,20.175789,41.818908,42.91941,39.61791,22.00995,18.34163,11.7272,22.8725,22.8725
7625,20.175789,41.818908,42.91941,39.61791,22.00995,18.34163,11.7272,22.8725,22.8725
7626,20.175789,41.818908,42.91941,39.61791,22.00995,18.34163,11.7272,22.8725,22.8725
7627,20.175789,41.818908,42.91941,39.61791,22.00995,18.34163,11.7272,22.8725,22.8725
7628,20.175789,41.818908,42.91941,39.61791,22.00995,18.34163,11.7272,22.8725,22.8725
7629,20.175789,41.818908,42.91941,39.61791,22.00995,18.34163,11.7272,22.8725,22.8725
7630,20.175789,41.818908,42.91941,39.61791,22.00995,18.34163,11.7272,22.8725,22.8725
7631,20.175789,41.818908,42.91941,39.61791,22.00995,18.34163,11.7272,22.8725,22.8725
7632,20.175789,41.818908,42.91941,39.61791,22.00995,18.34163,11.7272,22.8725,22.8725
7633,20.175789,41.818908,42.91941,39.61791,22.00995,18.34163,11.7272,22.8725,22.8725
7634,20.175789,41.818908,42.91941,39.61791,22.00995,18.34163,11.7272,22.8725,22.8725
7635,20.175789,41.818908,42.91941,39.61791,22.00995,18.34163,11.7272,22.8725,22.8725
7636,20.175789,41.818908,42.91941,39.61791,22.00995,18.34163,11.7272,22.8725,22.8725
7637,20.175789,41.818908,42.91941,39.61791,22.00995,18.34163,11.7272,22.8725,22.8725
7638,20.175789,41.818908,42.91941,39.61791,22.00995,18.34163,11.7272,22.8725,22.8725
7639,20.175789,41.818908,42.91941,39.61791,22.00995,18.34163,11.7272,22.8725,22.8725
7640,20.175789,41.818908,42.91941,39.61791,22.00995,18.34163,11.7272,22.8725,22.8725
7641,20.175789,41.818908,42.91941,39.61791,22.00995,18.34163,11.7272,22.8725,22.8725
7642,20.175789,41.818908,42.91941,39.61791,22.00995,18.34163,11.7272,22.8725,22.8725
7643,20.175789,41.818908,42.91941,39.61791,22.00995,18.34163,11.7272,22.8725,22.8725
7644,20.175789,41.818908,42.91941,39.61791,22.00995,18.34163,11.7272,22.8725,22.8725
7645,20.175789,41.818908,42.91941,39.61791,22.00995,18.34163,11.7272,22.8725,22.8725
7646,20.175789,41.818908,42.91941,39.61791,22.00995,18.34163,11.7272,22.8725,22.8725
7647,20.175789,41.818908,42.91941,39.61791,22.00995,18.34163,11.7272,22.8725,22.8725
7648,20.175789,41.818908,42.91941,39.61791,22.00995,18.34163,11.7272,22.8725,22.8725
7649,20.175789,41.818908,42.91941,39.61791,22.00995,18.34163,11.7272,22.8725,22.8725
7650,20.175789,41.818908,42.91941,39.61791,22.00995,18.34163,11.7272,22.8725,22.8725
7651,20.175789,41.818908,42.91941,39.61791,22.00995,18.34163,11.7272,22.8725,22.8725
7652,20.175789,41.818908,42.91941,39.61791,22.00995,18.34163,11.7272,22.8725,22.8725
7653,20.175789,41.818908,42.91941,39.61791,22.00995,18.34163,11.7272,22.8725,22.8725
7654,20.175789,41.818908,42.91941,39.61791,22.00995,18.34163,11.7272,22.8725,22.8725
7655,20.175789,41.818908,42.91941,39.61791,22.00995,18.34163,11.7272,22.8725,22.8725
7656,20.175789,41.818908,42.91941,39.61791,22.00995,18.34163,11.7272,22.8725,22.8725
7657,20.175789,41.818908,42.91941,39.61791,22.00995,18.34163,11.7272,22.8725,22.8725
7658,20.175789,41.818908,42.91941,39.61791,22.00995,18.34163,11.7272,22.8725,22.8725
7659,20.175789,41.818908,42.91941,39.61791,22.00995,18.34163,11.7272,22.8725,22.8725
7660,20.175789,41.818908,42.91941,39.61791,22.00995,18.34163,11.7272,22.8725,22.8725
7661,20.175789,41.818908,42.91941,39.61791,22.00995,18.34163,11.7272,22.8725,22.8725
7662,20.175789,41.818908,42.91941,39.61791,22.00995,18.34163,11.7272,22.8725,22.8725
7663,20.175789,41.818908,42.91941,39.61791,22.00995,18.34163,11.7272,22.8725,22.8725
7664,20.175789,41.818908,42.91941,39.61791,22.00995,18.34163,11.7272,22.8725,22.8725
7665,20.175789,41.818908,42.91941,39.61791,22.00995,18.34163,11.7272,22.8725,22.8725
7666,20.175789,41.818908,42.91941,39.61791,22.00995,18.34163,11.7272,22.8725,22.8725
7667,20.175789,41.818908,42.91941,39.61791,22.00995,18.34163,11.7272,22.8725,22.8725
7668,20.175789,41.818908,42.91941,39.61791,22.00995,18.34163,11.7272,22.8725,22.8725
7669,20.175789,41.818908,42.91941,39.61791,22.00995,18.34163,11.7272,22.8725,22.8725
7670,20.175789,41.818908,42.91941,39.61791,22.00995,18.34163,11.7272,22.8725,22.8725
7671,20.175789,41.818908,42.91941,39.61791,22.00995,18.34163,11.7272,22.8725,22.8725
7672,20.175789,41.818908,42.91941,39.61791,22.00995,18.34163,11.7272,22.8725,22.8725
7673,20.175789,41.818908,42.91941,39.61791,22.00995,18.34163,11.7272,22.8725,22.8725
7674,20.175789,41.818908,42.91941,39.61791,22.00995,18.34163,11.7272,22.8725,22.8725
7675,20.175789,41.818908,42.91941,39.61791,22.00995,18.34163,11.7272,22.8725,22.8725
7676,20.175789,41.818908,42.91941,39.61791,22.00995,18.34163,11.7272,22.8725,22.8725
7677,20.175789,41.818908,42.91941,39.61791,22.00995,18.34163,11.7272,22.8725,22.8725
7678,20.175789,41.818908,42.91941,39.61791,22.00995,18.34163,11.7272,22.8725,22.8725
7679,20.175789,41.818908,42.91941,39.61791,22.00995,18.34163,11.7272,22.8725,22.8725
7680,20.175789,41.818908,42.91941,39.61791,22.00995,18.34163,11.7272,22.8725,22.8725
7681,20.175789,41.818908,42.91941,39.61791,22.00995,18.34163,11.7272,22.8725,22.8725
7682,20.175789,41.818908,42.91941,39.61791,22.00995,18.34163,11.7272,22.8725,22.8725
7683,20.175789,41.818908,42.91941,39.61791,22.00995,18.34163,11.7272,22.8725,22.8725
7684,20.175789,41.818908,42.91941,39.61791,22.00995,18.34163,11.7272,22.8725,22.8725
7685,20.175789,41.818908,42.91941,39.61791,22.00995,18.34163,11.7272,22.8725,22.8725
7686,20.175789,41.818908,42.91941,39.61791,22.00995,18.34163,11.7272,22.8725,22.8725
7687,20.175789,41.818908,42.91941,39.61791,22.00995,18.34163,11.7272,22.8725,22.8725
7688,20.175789,41.818908,42.91941,39.61791,22.00995,18.34163,11.7272,22.8725,22.8725
7689,20.175789,41.818908,42.91941,39.61791,22.00995,18.34163,11.7272,22.8725,22.8725
7690,20.175789,41.818908,42.91941,39.61791,22.00995,18.34163,11.7272,22.8725,22.8725
7691,20.175789,41.818908,42.91941,39.61791,22.00995,18.34163,11.7272,22.8725,22.8725
7692,20.175789,41.818908,42.91941,39.61791,22.00995,18.34163,11.7272,22.8725,22.8725
7693,20.175789,41.818908,42.91941,39.61791,22.00995,18.34163,11.7272,22.8725,22.8725
7694,20.175789,41.818908,42.91941,39.61791,22.00995,18.34163,11.7272,22.8725,22.8725
7695,20.175789,41.818908,42.91941,39.61791,22.00995,18.34163,11.7272,22.8725,22.8725
7696,20.175789,41.818908,42.91941,39.61791,22.00995,18.34163,11.7272,22.8725,22.8725
7697,20.175789,41.818908,42.91941,39.61791,22.00995,18.34163,11.7272,22.8725,22.8725
7698,20.175789,41.818908,42.91941,39.61791,22.00995,18.34163,11.7272,22.8725,22.8725
7699,20.175789,41.818908,42.91941,39.61791,22.00995,18.34163,11.7272,22.8725,22.8725
7700,20.175789,41.818908,42.91941,39.61791,22.00995,18.34163,11.7272,22.8725,22.8725
7701,20.175789,41.818908,42.91941,39.61791,22.00995,18.34163,11.7272,22.8725,22.8725
7702,20.175789,41.818908,42.91941,39.61791,22.00995,18.34163,11.7272,22.8725,22.8725
7703,20.175789,41.818908,42.91941,39.61791,22.00995,18.34163,11.7272,22.8725,22.8725
7704,20.175789,41.818908,42.91941,39.61791,22.00995,18.34163,11.7272,22.8725,22.8725
7705,20.175789,41.818908,42.91941,39.61791,22.00995,18.34163,11.7272,22.8725,22.8725
7706,20.175789,41.818908,42.91941,39.61791,22.00995,18.34163,11.7272,22.8725,22.8725
7707,20.175789,41.818908,42.91941,39.61791,22.00995,18.34163,11.7272,22.8725,22.8725
7708,20.175789,41.818908,42.91941,39.61791,22.00995,18.34163,11.7272,22.8725,22.8725
7709,20.175789,41.818908,42.91941,39.61791,22.00995,18.34163,11.7272,22.8725,22.8725
7710,20.175789,41.818908,42.91941,39.61791,22.00995,18.34163,11.7272,22.8725,22.8725
7711,20.175789,41.818908,42.91941,39.61791,22.00995,18.34163,11.7272,22.8725,22.8725
7712,20.175789,41.818908,42.91941,39.61791,22.00995,18.34163,11.7272,22.8725,22.8725
7713,20.175789,41.818908,42.91941,39.61791,22.00995,18.34163,11.7272,22.8725,22.8725
7714,20.175789,41.818908,42.91941,39.61791,22.00995,18.34163,11.7272,22.8725,22.8725
7715,20.175789,41.818908,42.91941,39.61791,22.00995,18.34163,11.7272,22.8725,22.8725
7716,20.175789,41.818908,42.91941,39.61791,22.00995,18.34163,11.7272,22.8725,22.8725
7717,20.175789,41.818908,42.91941,39.61791,22.00995,18.34163,11.7272,22.8725,22.8725
7718,20.175789,41.818908,42.91941,39.61791,22.00995,18.34163,11.7272,22.8725,22.8725
7719,20.175789,41.818908,42.91941,39.61791,22.00995,18.34163,11.7272,22.8725,22.8725
7720,20.175789,41.818908,42.91941,39.61791,22.00995,18.34163,11.7272,22.8725,22.8725
7721,20.175789,41.818908,42.91941,39.61791,22.00995,18.34163,11.7272,22.8725,22.8725
7722,20.175789,41.818908,42.91941,39.61791,22.00995,18.34163,11.7272,22.8725,22.8725
7723,20.175789,41.818908,42.91941,39.61791,22.00995,18.34163,11.7272,22.8725,22.8725
7724,20.175789,41.818908,42.91941,39.61791,22.00995,18.34163,11.7272,22.8725,22.8725
7725,20.175789,41.818908,42.91941,39.61791,22.00995,18.34163,11.7272,22.8725,22.8725
7726,20.175789,41.818908,42.91941,39.61791,22.00995,18.34163,11.7272,22.8725,22.8725
7727,20.175789,41.818908,42.91941,39.61791,22.00995,18.34163,11.7272,22.8725,22.8725
7728,20.175789,41.818908,42.91941,39.61791,22.00995,18.34163,11.7272,22.8725,22.8725
7729,20.175789,41.818908,42.91941,39.61791,22.00995,18.34163,11.7272,22.8725,22.8725
7730,20.175789,41.818908,42.91941,39.61791,22.00995,18.34163,11.7272,22.8725,22.8725
7731,20.175789,41.818908,42.91941,39.61791,22.00995,18.34163,11.7272,22.8725,22.8725
7732,20.175789,41.818908,42.91941,39.61791,22.00995,18.34163,11.7272,22.8725,22.8725
7733,20.175789,41.818908,42.91941,39.61791,22.00995,18.34163,11.7272,22.8725,22.8725
7734,20.175789,41.818908,42.91941,39.61791,22.00995,18.34163,11.7272,22.8725,22.8725
7735,20.175789,41.818908,42.91941,39.61791,22.00995,18.34163,11.7272,22.8725,22.8725
7736,20.175789,41.818908,42.91941,39.61791,22.00995,18.34163,11.7272,22.8725,22.8725
7737,20.175789,41.818908,42.91941,39.61791,22.00995,18.34163,11.7272,22.8725,22.8725
7738,20.175789,41.818908,42.91941,39.61791,22.00995,18.34163,11.7272,22.8725,22.8725
7739,20.175789,41.818908,42.91941,39.61791,22.00995,18.34163,11.7272,22.8725,22.8725
7740,20.175789,41.818908,42.91941,39.61791,22.00995,18.34163,11.7272,22.8725,22.8725
7741,20.175789,41.818908,42.91941,39.61791,22.00995,18.34163,11.7272,22.8725,22.8725
7742,20.175789,41.818908,42.91941,39.61791,22.00995,18.34163,11.7272,22.8725,22.8725
7743,20.175789,41.818908,42.91941,39.61791,22.00995,18.34163,11.7272,22.8725,22.8725
7744,20.175789,41.818908,42.91941,39.61791,22.00995,18.34163,11.7272,22.8725,22.8725
7745,20.175789,41.818908,42.91941,39.61791,22.00995,18.34163,11.7272,22.8725,22.8725
7746,20.175789,41.818908,42.91941,39.61791,22.00995,18.34163,11.7272,22.8725,22.8725
7747,20.175789,41.818908,42.91941,39.61791,22.00995,18.34163,11.7272,22.8725,22.8725
7748,20.175789,41.818908,42.91941,39.61791,22.00995,18.34163,11.7272,22.8725,22.8725
7749,20.175789,41.818908,42.91941,39.61791,22.00995,18.34163,11.7272,22.8725,22.8725
7750,20.175789,41.818908,42.91941,39.61791,22.00995,18.34163,11.7272,22.8725,22.8725
7751,20.175789,41.818908,42.91941,39.61791,22.00995,18.34163,11.7272,22.8725,22.8725
7752,20.175789,41.818908,42.91941,39.61791,22.00995,18.34163,11.7272,22.8725,22.8725
7753,20.175789,41.818908,42.91941,39.61791,22.00995,18.34163,11.7272,22.8725,22.8725
7754,20.175789,41.818908,42.91941,39.61791,22.00995,18.34163,11.7272,22.8725,22.8725
7755,20.175789,41.818908,42.91941,39.61791,22.00995,18.34163,11.7272,22.8725,22.8725
7756,20.175789,41.818908,42.91941,39.61791,22.00995,18.34163,11.7272,22.8725,22.8725
7757,20.175789,41.818908,42.91941,39.61791,22.00995,18.34163,11.7272,22.8725,22.8725
7758,20.175789,41.818908,42.91941,39.61791,22.00995,18.34163,11.7272,22.8725,22.8725
7759,20.175789,41.818908,42.91941,39.61791,22.00995,18.34163,11.7272,22.8725,22.8725
7760,20.175789,41.818908,42.91941,39.61791,22.00995,18.34163,11.7272,22.8725,22.8725
7761,20.175789,41.818908,42.91941,39.61791,22.00995,18.34163,11.7272,22.8725,22.8725
7762,20.175789,41.818908,42.91941,39.61791,22.00995,18.34163,11.7272,22.8725,22.8725
7763,20.175789,41.818908,42.91941,39.61791,22.00995,18.34163,11.7272,22.8725,22.8725
7764,20.175789,41.818908,42.91941,39.61791,22.00995,18.34163,11.7272,22.8725,22.8725
7765,20.175789,41.818908,42.91941,39.61791,22.00995,18.34163,11.7272,22.8725,22.8725
7766,20.175789,41.818908,42.91941,39.61791,22.00995,18.34163,11.7272,22.8725,22.8725
7767,20.175789,41.818908,42.91941,39.61791,22.00995,18.34163,11.7272,22.8725,22.8725
7768,20.175789,41.818908,42.91941,39.61791,22.00995,18.34163,11.7272,22.8725,22.8725
7769,20.175789,41.818908,42.91941,39.61791,22.00995,18.34163,11.7272,22.8725,22.8725
7770,20.175789,41.818908,42.91941,39.61791,22.00995,18.34163,11.7272,22.8725,22.8725
7771,20.175789,41.818908,42.91941,39.61791,22.00995,18.34163,11.7272,22.8725,22.8725
7772,20.175789,41.818908,42.91941,39.61791,22.00995,18.34163,11.7272,22.8725,22.8725
7773,20.175789,41.818908,42.91941,39.61791,22.00995,18.34163,11.7272,22.8725,22.8725
7774,20.175789,41.818908,42.91941,39.61791,22.00995,18.34163,11.7272,22.8725,22.8725
7775,20.175789,41.818908,42.91941,39.61791,22.00995,18.34163,11.7272,22.8725,22.8725
7776,20.175789,41.818908,42.91941,39.61791,22.00995,18.34163,11.7272,22.8725,22.8725
7777,20.175789,41.818908,42.91941,39.61791,22.00995,18.34163,11.7272,22.8725,22.8725
7778,20.175789,41.818908,42.91941,39.61791,22.00995,18.34163,11.7272,22.8725,22.8725
7779,20.175789,41.818908,42.91941,39.61791,22.00995,18.34163,11.7272,22.8725,22.8725
7780,20.175789,41.818908,42.91941,39.61791,22.00995,18.34163,11.7272,22.8725,22.8725
7781,20.175789,41.818908,42.91941,39.61791,22.00995,18.34163,11.7272,22.8725,22.8725
7782,20.175789,41.818908,42.91941,39.61791,22.00995,18.34163,11.7272,22.8725,22.8725
7783,20.175789,41.818908,42.91941,39.61791,22.00995,18.34163,11.7272,22.8725,22.8725
7784,20.175789,41.818908,42.91941,39.61791,22.00995,18.34163,11.7272,22.8725,22.8725
7785,20.175789,41.818908,42.91941,39.61791,22.00995,18.34163,11.7272,22.8725,22.8725
7786,20.175789,41.818908,42.91941,39.61791,22.00995,18.34163,11.7272,22.8725,22.8725
7787,20.175789,41.818908,42.91941,39.61791,22.00995,18.34163,11.7272,22.8725,22.8725
7788,20.175789,41.818908,42.91941,39.61791,22.00995,18.34163,11.7272,22.8725,22.8725
7789,20.175789,41.818908,42.91941,39.61791,22.00995,18.34163,11.7272,22.8725,22.8725
7790,20.175789,41.818908,42.91941,39.61791,22.00995,18.34163,11.7272,22.8725,22.8725
7791,20.175789,41.818908,42.91941,39.61791,22.00995,18.34163,11.7272,22.8725,22.8725
7792,20.175789,41.818908,42.91941,39.61791,22.00995,18.34163,11.7272,22.8725,22.8725
7793,20.175789,41.818908,42.91941,39.61791,22.00995,18.34163,11.7272,22.8725,22.8725
7794,20.175789,41.818908,42.91941,39.61791,22.00995,18.34163,11.7272,22.8725,22.8725
7795,20.175789,41.818908,42.91941,39.61791,22.00995,18.34163,11.7272,22.8725,22.8725
7796,20.175789,41.818908,42.91941,39.61791,22.00995,18.34163,11.7272,22.8725,22.8725
7797,20.175789,41.818908,42.91941,39.61791,22.00995,18.34163,11.7272,22.8725,22.8725
7798,20.175789,41.818908,42.91941,39.61791,22.00995,18.34163,11.7272,22.8725,22.8725
7799,20.175789,41.818908,42.91941,39.61791,22.00995,18.34163,11.7272,22.8725,22.8725
7800,20.175789,41.818908,42.91941,39.61791,22.00995,18.34163,11.7272,22.8725,22.8725
7801,20.175789,41.818908,42.91941,39.61791,22.00995,18.34163,11.7272,22.8725,22.8725
7802,20.175789,41.818908,42.91941,39.61791,22.00995,18.34163,11.7272,22.8725,22.8725
7803,20.175789,41.818908,42.91941,39.61791,22.00995,18.34163,11.7272,22.8725,22.8725
7804,20.175789,41.818908,42.91941,39.61791,22.00995,18.34163,11.7272,22.8725,22.8725
7805,20.175789,41.818908,42.91941,39.61791,22.00995,18.34163,11.7272,22.8725,22.8725
7806,20.175789,41.818908,42.91941,39.61791,22.00995,18.34163,11.7272,22.8725,22.8725
7807,20.175789,41.818908,42.91941,39.61791,22.00995,18.34163,11.7272,22.8725,22.8725
7808,20.175789,41.818908,42.91941,39.61791,22.00995,18.34163,11.7272,22.8725,22.8725
7809,20.175789,41.818908,42.91941,39.61791,22.00995,18.34163,11.7272,22.8725,22.8725
7810,20.175789,41.818908,42.91941,39.61791,22.00995,18.34163,11.7272,22.8725,22.8725
7811,20.175789,41.818908,42.91941,39.61791,22.00995,18.34163,11.7272,22.8725,22.8725
7812,20.175789,41.818908,42.91941,39.61791,22.00995,18.34163,11.7272,22.8725,22.8725
7813,20.175789,41.818908,42.91941,39.61791,22.00995,18.34163,11.7272,22.8725,22.8725
7814,20.175789,41.818908,42.91941,39.61791,22.00995,18.34163,11.7272,22.8725,22.8725
7815,20.175789,41.818908,42.91941,39.61791,22.00995,18.34163,11.7272,22.8725,22.8725
7816,20.175789,41.818908,42.91941,39.61791,22.00995,18.34163,11.7272,22.8725,22.8725
7817,20.175789,41.818908,42.91941,39.61791,22.00995,18.34163,11.7272,22.8725,22.8725
7818,20.175789,41.818908,42.91941,39.61791,22.00995,18.34163,11.7272,22.8725,22.8725
7819,20.175789,41.818908,42.91941,39.61791,22.00995,18.34163,11.7272,22.8725,22.8725
7820,20.175789,41.818908,42.91941,39.61791,22.00995,18.34163,11.7272,22.8725,22.8725
7821,20.175789,41.818908,42.91941,39.61791,22.00995,18.34163,11.7272,22.8725,22.8725
7822,20.175789,41.818908,42.91941,39.61791,22.00995,18.34163,11.7272,22.8725,22.8725
7823,20.175789,41.818908,42.91941,39.61791,22.00995,18.34163,11.7272,22.8725,22.8725
7824,20.175789,41.818908,42.91941,39.61791,22.00995,18.34163,11.7272,22.8725,22.8725
7825,20.175789,41.818908,42.91941,39.61791,22.00995,18.34163,11.7272,22.8725,22.8725
7826,20.175789,41.818908,42.91941,39.61791,22.00995,18.34163,11.7272,22.8725,22.8725
7827,20.175789,41.818908,42.91941,39.61791,22.00995,18.34163,11.7272,22.8725,22.8725
7828,20.175789,41.818908,42.91941,39.61791,22.00995,18.34163,11.7272,22.8725,22.8725
7829,20.175789,41.818908,42.91941,39.61791,22.00995,18.34163,11.7272,22.8725,22.8725
7830,20.175789,41.818908,42.91941,39.61791,22.00995,18.34163,11.7272,22.8725,22.8725
7831,20.175789,41.818908,42.91941,39.61791,22.00995,18.34163,11.7272,22.8725,22.8725
7832,20.175789,41.818908,42.91941,39.61791,22.00995,18.34163,11.7272,22.8725,22.8725
7833,20.175789,41.818908,42.91941,39.61791,22.00995,18.34163,11.7272,22.8725,22.8725
7834,20.175789,41.818908,42.91941,39.61791,22.00995,18.34163,11.7272,22.8725,22.8725
7835,20.175789,41.818908,42.91941,39.61791,22.00995,18.34163,11.7272,22.8725,22.8725
7836,20.175789,41.818908,42.91941,39.61791,22.00995,18.34163,11.7272,22.8725,22.8725
7837,20.175789,41.818908,42.91941,39.61791,22.00995,18.34163,11.7272,22.8725,22.8725
7838,20.175789,41.818908,42.91941,39.61791,22.00995,18.34163,11.7272,22.8725,22.8725
7839,20.175789,41.818908,42.91941,39.61791,22.00995,18.34163,11.7272,22.8725,22.8725
7840,20.175789,41.818908,42.91941,39.61791,22.00995,18.34163,11.7272,22.8725,22.8725
7841,20.175789,41.818908,42.91941,39.61791,22.00995,18.34163,11.7272,22.8725,22.8725
7842,20.175789,41.818908,42.91941,39.61791,22.00995,18.34163,11.7272,22.8725,22.8725
7843,20.175789,41.818908,42.91941,39.61791,22.00995,18.34163,11.7272,22.8725,22.8725
7844,20.175789,41.818908,42.91941,39.61791,22.00995,18.34163,11.7272,22.8725,22.8725
7845,20.175789,41.818908,42.91941,39.61791,22.00995,18.34163,11.7272,22.8725,22.8725
7846,20.175789,41.818908,42.91941,39.61791,22.00995,18.34163,11.7272,22.8725,22.8725
7847,20.175789,41.818908,42.91941,39.61791,22.00995,18.34163,11.7272,22.8725,22.8725
7848,20.175789,41.818908,42.91941,39.61791,22.00995,18.34163,11.7272,22.8725,22.8725
7849,20.175789,41.818908,42.91941,39.61791,22.00995,18.34163,11.7272,22.8725,22.8725
7850,20.175789,41.818908,42.91941,39.61791,22.00995,18.34163,11.7272,22.8725,22.8725
7851,20.175789,41.818908,42.91941,39.61791,22.00995,18.34163,11.7272,22.8725,22.8725
7852,20.175789,41.818908,42.91941,39.61791,22.00995,18.34163,11.7272,22.8725,22.8725
7853,20.175789,41.818908,42.91941,39.61791,22.00995,18.34163,11.7272,22.8725,22.8725
7854,20.175789,41.818908,42.91941,39.61791,22.00995,18.34163,11.7272,22.8725,22.8725
7855,20.175789,41.818908,42.91941,39.61791,22.00995,18.34163,11.7272,22.8725,22.8725
7856,20.175789,41.818908,42.91941,39.61791,22.00995,18.34163,11.7272,22.8725,22.8725
7857,20.175789,41.818908,42.91941,39.61791,22.00995,18.34163,11.7272,22.8725,22.8725
7858,20.175789,41.818908,42.91941,39.61791,22.00995,18.34163,11.7272,22.8725,22.8725
7859,20.175789,41.818908,42.91941,39.61791,22.00995,18.34163,11.7272,22.8725,22.8725
7860,20.175789,41.818908,42.91941,39.61791,22.00995,18.34163,11.7272,22.8725,22.8725
7861,20.175789,41.818908,42.91941,39.61791,22.00995,18.34163,11.7272,22.8725,22.8725
7862,20.175789,41.818908,42.91941,39.61791,22.00995,18.34163,11.7272,22.8725,22.8725
7863,20.175789,41.818908,42.91941,39.61791,22.00995,18.34163,11.7272,22.8725,22.8725
7864,20.175789,41.818908,42.91941,39.61791,22.00995,18.34163,11.7272,22.8725,22.8725
7865,20.175789,41.818908,42.91941,39.61791,22.00995,18.34163,11.7272,22.8725,22.8725
7866,20.175789,41.818908,42.91941,39.61791,22.00995,18.34163,11.7272,22.8725,22.8725
7867,20.175789,41.818908,42.91941,39.61791,22.00995,18.34163,11.7272,22.8725,22.8725
7868,20.175789,41.818908,42.91941,39.61791,22.00995,18.34163,11.7272,22.8725,22.8725
7869,20.175789,41.818908,42.91941,39.61791,22.00995,18.34163,11.7272,22.8725,22.8725
7870,20.175789,41.818908,42.91941,39.61791,22.00995,18.34163,11.7272,22.8725,22.8725
7871,20.175789,41.818908,42.91941,39.61791,22.00995,18.34163,11.7272,22.8725,22.8725
7872,20.175789,41.818908,42.91941,39.61791,22.00995,18.34163,11.7272,22.8725,22.8725
7873,20.175789,41.818908,42.91941,39.61791,22.00995,18.34163,11.7272,22.8725,22.8725
7874,20.175789,41.818908,42.91941,39.61791,22.00995,18.34163,11.7272,22.8725,22.8725
7875,20.175789,41.818908,42.91941,39.61791,22.00995,18.34163,11.7272,22.8725,22.8725
7876,20.175789,41.818908,42.91941,39.61791,22.00995,18.34163,11.7272,22.8725,22.8725
7877,20.175789,41.818908,42.91941,39.61791,22.00995,18.34163,11.7272,22.8725,22.8725
7878,20.175789,41.818908,42.91941,39.61791,22.00995,18.34163,11.7272,22.8725,22.8725
7879,20.175789,41.818908,42.91941,39.61791,22.00995,18.34163,11.7272,22.8725,22.8725
7880,20.175789,41.818908,42.91941,39.61791,22.00995,18.34163,11.7272,22.8725,22.8725
7881,20.175789,41.818908,42.91941,39.61791,22.00995,18.34163,11.7272,22.8725,22.8725
7882,20.175789,41.818908,42.91941,39.61791,22.00995,18.34163,11.7272,22.8725,22.8725
7883,20.175789,41.818908,42.91941,39.61791,22.00995,18.34163,11.7272,22.8725,22.8725
7884,20.175789,41.818908,42.91941,39.61791,22.00995,18.34163,11.7272,22.8725,22.8725
7885,20.175789,41.818908,42.91941,39.61791,22.00995,18.34163,11.7272,22.8725,22.8725
7886,20.175789,41.818908,42.91941,39.61791,22.00995,18.34163,11.7272,22.8725,22.8725
7887,20.175789,41.818908,42.91941,39.61791,22.00995,18.34163,11.7272,22.8725,22.8725
7888,20.175789,41.818908,42.91941,39.61791,22.00995,18.34163,11.7272,22.8725,22.8725
7889,20.175789,41.818908,42.91941,39.61791,22.00995,18.34163,11.7272,22.8725,22.8725
7890,20.175789,41.818908,42.91941,39.61791,22.00995,18.34163,11.7272,22.8725,22.8725
7891,20.175789,41.818908,42.91941,39.61791,22.00995,18.34163,11.7272,22.8725,22.8725
7892,20.175789,41.818908,42.91941,39.61791,22.00995,18.34163,11.7272,22.8725,22.8725
7893,20.175789,41.818908,42.91941,39.61791,22.00995,18.34163,11.7272,22.8725,22.8725
7894,20.175789,41.818908,42.91941,39.61791,22.00995,18.34163,11.7272,22.8725,22.8725
7895,20.175789,41.818908,42.91941,39.61791,22.00995,18.34163,11.7272,22.8725,22.8725
7896,20.175789,41.818908,42.91941,39.61791,22.00995,18.34163,11.7272,22.8725,22.8725
7897,20.175789,41.818908,42.91941,39.61791,22.00995,18.34163,11.7272,22.8725,22.8725
7898,20.175789,41.818908,42.91941,39.61791,22.00995,18.34163,11.7272,22.8725,22.8725
7899,20.175789,41.818908,42.91941,39.61791,22.00995,18.34163,11.7272,22.8725,22.8725
7900,20.175789,41.818908,42.91941,39.61791,22.00995,18.34163,11.7272,22.8725,22.8725
7901,20.175789,41.818908,42.91941,39.61791,22.00995,18.34163,11.7272,22.8725,22.8725
7902,20.175789,41.818908,42.91941,39.61791,22.00995,18.34163,11.7272,22.8725,22.8725
7903,20.175789,41.818908,42.91941,39.61791,22.00995,18.34163,11.7272,22.8725,22.8725
7904,20.175789,41.818908,42.91941,39.61791,22.00995,18.34163,11.7272,22.8725,22.8725
7905,20.175789,41.818908,42.91941,39.61791,22.00995,18.34163,11.7272,22.8725,22.8725
7906,20.175789,41.818908,42.91941,39.61791,22.00995,18.34163,11.7272,22.8725,22.8725
7907,20.175789,41.818908,42.91941,39.61791,22.00995,18.34163,11.7272,22.8725,22.8725
7908,20.175789,41.818908,42.91941,39.61791,22.00995,18.34163,11.7272,22.8725,22.8725
7909,20.175789,41.818908,42.91941,39.61791,22.00995,18.34163,11.7272,22.8725,22.8725
7910,20.175789,41.818908,42.91941,39.61791,22.00995,18.34163,11.7272,22.8725,22.8725
7911,20.175789,41.818908,42.91941,39.61791,22.00995,18.34163,11.7272,22.8725,22.8725
7912,20.175789,41.818908,42.91941,39.61791,22.00995,18.34163,11.7272,22.8725,22.8725
7913,20.175789,41.818908,42.91941,39.61791,22.00995,18.34163,11.7272,22.8725,22.8725
7914,20.175789,41.818908,42.91941,39.61791,22.00995,18.34163,11.7272,22.8725,22.8725
7915,20.175789,41.818908,42.91941,39.61791,22.00995,18.34163,11.7272,22.8725,22.8725
7916,20.175789,41.818908,42.91941,39.61791,22.00995,18.34163,11.7272,22.8725,22.8725
7917,20.175789,41.818908,42.91941,39.61791,22.00995,18.34163,11.7272,22.8725,22.8725
7918,20.175789,41.818908,42.91941,39.61791,22.00995,18.34163,11.7272,22.8725,22.8725
7919,20.175789,41.818908,42.91941,39.61791,22.00995,18.34163,11.7272,22.8725,22.8725
7920,20.175789,41.818908,42.91941,39.61791,22.00995,18.34163,11.7272,22.8725,22.8725
7921,20.175789,41.818908,42.91941,39.61791,22.00995,18.34163,11.7272,22.8725,22.8725
7922,20.175789,41.818908,42.91941,39.61791,22.00995,18.34163,11.7272,22.8725,22.8725
7923,20.175789,41.818908,42.91941,39.61791,22.00995,18.34163,11.7272,22.8725,22.8725
7924,20.175789,41.818908,42.91941,39.61791,22.00995,18.34163,11.7272,22.8725,22.8725
7925,20.175789,41.818908,42.91941,39.61791,22.00995,18.34163,11.7272,22.8725,22.8725
7926,20.175789,41.818908,42.91941,39.61791,22.00995,18.34163,11.7272,22.8725,22.8725
7927,20.175789,41.818908,42.91941,39.61791,22.00995,18.34163,11.7272,22.8725,22.8725
7928,20.175789,41.818908,42.91941,39.61791,22.00995,18.34163,11.7272,22.8725,22.8725
7929,20.175789,41.818908,42.91941,39.61791,22.00995,18.34163,11.7272,22.8725,22.8725
7930,20.175789,41.818908,42.91941,39.61791,22.00995,18.34163,11.7272,22.8725,22.8725
7931,20.175789,41.818908,42.91941,39.61791,22.00995,18.34163,11.7272,22.8725,22.8725
7932,20.175789,41.818908,42.91941,39.61791,22.00995,18.34163,11.7272,22.8725,22.8725
7933,20.175789,41.818908,42.91941,39.61791,22.00995,18.34163,11.7272,22.8725,22.8725
7934,20.175789,41.818908,42.91941,39.61791,22.00995,18.34163,11.7272,22.8725,22.8725
7935,20.175789,41.818908,42.91941,39.61791,22.00995,18.34163,11.7272,22.8725,22.8725
7936,20.175789,41.818908,42.91941,39.61791,22.00995,18.34163,11.7272,22.8725,22.8725
7937,20.175789,41.818908,42.91941,39.61791,22.00995,18.34163,11.7272,22.8725,22.8725
7938,20.175789,41.818908,42.91941,39.61791,22.00995,18.34163,11.7272,22.8725,22.8725
7939,20.175789,41.818908,42.91941,39.61791,22.00995,18.34163,11.7272,22.8725,22.8725
7940,20.175789,41.818908,42.91941,39.61791,22.00995,18.34163,11.7272,22.8725,22.8725
7941,20.175789,41.818908,42.91941,39.61791,22.00995,18.34163,11.7272,22.8725,22.8725
7942,20.175789,41.818908,42.91941,39.61791,22.00995,18.34163,11.7272,22.8725,22.8725
7943,20.175789,41.818908,42.91941,39.61791,22.00995,18.34163,11.7272,22.8725,22.8725
7944,20.175789,41.818908,42.91941,39.61791,22.00995,18.34163,11.7272,22.8725,22.8725
7945,20.175789,41.818908,42.91941,39.61791,22.00995,18.34163,11.7272,22.8725,22.8725
7946,20.175789,41.818908,42.91941,39.61791,22.00995,18.34163,11.7272,22.8725,22.8725
7947,20.175789,41.818908,42.91941,39.61791,22.00995,18.34163,11.7272,22.8725,22.8725
7948,20.175789,41.818908,42.91941,39.61791,22.00995,18.34163,11.7272,22.8725,22.8725
7949,20.175789,41.818908,42.91941,39.61791,22.00995,18.34163,11.7272,22.8725,22.8725
7950,20.175789,41.818908,42.91941,39.61791,22.00995,18.34163,11.7272,22.8725,22.8725
7951,20.175789,41.818908,42.91941,39.61791,22.00995,18.34163,11.7272,22.8725,22.8725
7952,20.175789,41.818908,42.91941,39.61791,22.00995,18.34163,11.7272,22.8725,22.8725
7953,20.175789,41.818908,42.91941,39.61791,22.00995,18.34163,11.7272,22.8725,22.8725
7954,20.175789,41.818908,42.91941,39.61791,22.00995,18.34163,11.7272,22.8725,22.8725
7955,20.175789,41.818908,42.91941,39.61791,22.00995,18.34163,11.7272,22.8725,22.8725
7956,20.175789,41.818908,42.91941,39.61791,22.00995,18.34163,11.7272,22.8725,22.8725
7957,20.175789,41.818908,42.91941,39.61791,22.00995,18.34163,11.7272,22.8725,22.8725
7958,20.175789,41.818908,42.91941,39.61791,22.00995,18.34163,11.7272,22.8725,22.8725
7959,20.175789,41.818908,42.91941,39.61791,22.00995,18.34163,11.7272,22.8725,22.8725
7960,20.175789,41.818908,42.91941,39.61791,22.00995,18.34163,11.7272,22.8725,22.8725
7961,20.175789,41.818908,42.91941,39.61791,22.00995,18.34163,11.7272,22.8725,22.8725
7962,20.175789,41.818908,42.91941,39.61791,22.00995,18.34163,11.7272,22.8725,22.8725
7963,20.175789,41.818908,42.91941,39.61791,22.00995,18.34163,11.7272,22.8725,22.8725
7964,20.175789,41.818908,42.91941,39.61791,22.00995,18.34163,11.7272,22.8725,22.8725
7965,20.175789,41.818908,42.91941,39.61791,22.00995,18.34163,11.7272,22.8725,22.8725
7966,20.175789,41.818908,42.91941,39.61791,22.00995,18.34163,11.7272,22.8725,22.8725
7967,20.175789,41.818908,42.91941,39.61791,22.00995,18.34163,11.7272,22.8725,22.8725
7968,20.175789,41.818908,42.91941,39.61791,22.00995,18.34163,11.7272,22.8725,22.8725
7969,20.175789,41.818908,42.91941,39.61791,22.00995,18.34163,11.7272,22.8725,22.8725
7970,20.175789,41.818908,42.91941,39.61791,22.00995,18.34163,11.7272,22.8725,22.8725
7971,20.175789,41.818908,42.91941,39.61791,22.00995,18.34163,11.7272,22.8725,22.8725
7972,20.175789,41.818908,42.91941,39.61791,22.00995,18.34163,11.7272,22.8725,22.8725
7973,20.175789,41.818908,42.91941,39.61791,22.00995,18.34163,11.7272,22.8725,22.8725
7974,20.175789,41.818908,42.91941,39.61791,22.00995,18.34163,11.7272,22.8725,22.8725
7975,20.175789,41.818908,42.91941,39.61791,22.00995,18.34163,11.7272,22.8725,22.8725
7976,20.175789,41.818908,42.91941,39.61791,22.00995,18.34163,11.7272,22.8725,22.8725
7977,20.175789,41.818908,42.91941,39.61791,22.00995,18.34163,11.7272,22.8725,22.8725
7978,20.175789,41.818908,42.91941,39.61791,22.00995,18.34163,11.7272,22.8725,22.8725
7979,20.175789,41.818908,42.91941,39.61791,22.00995,18.34163,11.7272,22.8725,22.8725
7980,20.175789,41.818908,42.91941,39.61791,22.00995,18.34163,11.7272,22.8725,22.8725
7981,20.175789,41.818908,42.91941,39.61791,22.00995,18.34163,11.7272,22.8725,22.8725
7982,20.175789,41.818908,42.91941,39.61791,22.00995,18.34163,11.7272,22.8725,22.8725
7983,20.175789,41.818908,42.91941,39.61791,22.00995,18.34163,11.7272,22.8725,22.8725
7984,20.175789,41.818908,42.91941,39.61791,22.00995,18.34163,11.7272,22.8725,22.8725
7985,20.175789,41.818908,42.91941,39.61791,22.00995,18.34163,11.7272,22.8725,22.8725
7986,20.175789,41.818908,42.91941,39.61791,22.00995,18.34163,11.7272,22.8725,22.8725
7987,20.175789,41.818908,42.91941,39.61791,22.00995,18.34163,11.7272,22.8725,22.8725
7988,20.175789,41.818908,42.91941,39.61791,22.00995,18.34163,11.7272,22.8725,22.8725
7989,20.175789,41.818908,42.91941,39.61791,22.00995,18.34163,11.7272,22.8725,22.8725
7990,20.175789,41.818908,42.91941,39.61791,22.00995,18.34163,11.7272,22.8725,22.8725
7991,20.175789,41.818908,42.91941,39.61791,22.00995,18.34163,11.7272,22.8725,22.8725
7992,20.175789,41.818908,42.91941,39.61791,22.00995,18.34163,11.7272,22.8725,22.8725
7993,20.175789,41.818908,42.91941,39.61791,22.00995,18.34163,11.7272,22.8725,22.8725
7994,20.175789,41.818908,42.91941,39.61791,22.00995,18.34163,11.7272,22.8725,22.8725
7995,20.175789,41.818908,42.91941,39.61791,22.00995,18.34163,11.7272,22.8725,22.8725
7996,20.175789,41.818908,42.91941,39.61791,22.00995,18.34163,11.7272,22.8725,22.8725
7997,20.175789,41.818908,42.91941,39.61791,22.00995,18.34163,11.7272,22.8725,22.8725
7998,20.175789,41.818908,42.91941,39.61791,22.00995,18.34163,11.7272,22.8725,22.8725
7999,20.175789,41.818908,42.91941,39.61791,22.00995,18.34163,11.7272,22.8725,22.8725
8000,20.175789,41.818908,42.91941,39.61791,22.00995,18.34163,11.7272,22.8725,22.8725
8001,20.175789,41.818908,42.91941,39.61791,22.00995,18.34163,11.7272,22.8725,22.8725
8002,20.175789,41.818908,42.91941,39.61791,22.00995,18.34163,11.7272,22.8725,22.8725
8003,20.175789,41.818908,42.91941,39.61791,22.00995,18.34163,11.7272,22.8725,22.8725
8004,20.175789,41.818908,42.91941,39.61791,22.00995,18.34163,11.7272,22.8725,22.8725
8005,20.175789,41.818908,42.91941,39.61791,22.00995,18.34163,11.7272,22.8725,22.8725
8006,20.175789,41.818908,42.91941,39.61791,22.00995,18.34163,11.7272,22.8725,22.8725
8007,20.175789,41.818908,42.91941,39.61791,22.00995,18.34163,11.7272,22.8725,22.8725
8008,20.175789,41.818908,42.91941,39.61791,22.00995,18.34163,11.7272,22.8725,22.8725
8009,20.175789,41.818908,42.91941,39.61791,22.00995,18.34163,11.7272,22.8725,22.8725
8010,20.175789,41.818908,42.91941,39.61791,22.00995,18.34163,11.7272,22.8725,22.8725
8011,20.175789,41.818908,42.91941,39.61791,22.00995,18.34163,11.7272,22.8725,22.8725
8012,20.175789,41.818908,42.91941,39.61791,22.00995,18.34163,11.7272,22.8725,22.8725
8013,20.175789,41.818908,42.91941,39.61791,22.00995,18.34163,11.7272,22.8725,22.8725
8014,20.175789,41.818908,42.91941,39.61791,22.00995,18.34163,11.7272,22.8725,22.8725
8015,20.175789,41.818908,42.91941,39.61791,22.00995,18.34163,11.7272,22.8725,22.8725
8016,20.175789,41.818908,42.91941,39.61791,22.00995,18.34163,11.7272,22.8725,22.8725
8017,20.175789,41.818908,42.91941,39.61791,22.00995,18.34163,11.7272,22.8725,22.8725
8018,20.175789,41.818908,42.91941,39.61791,22.00995,18.34163,11.7272,22.8725,22.8725
8019,20.175789,41.818908,42.91941,39.61791,22.00995,18.34163,11.7272,22.8725,22.8725
8020,20.175789,41.818908,42.91941,39.61791,22.00995,18.34163,11.7272,22.8725,22.8725
8021,20.175789,41.818908,42.91941,39.61791,22.00995,18.34163,11.7272,22.8725,22.8725
8022,20.175789,41.818908,42.91941,39.61791,22.00995,18.34163,11.7272,22.8725,22.8725
8023,20.175789,41.818908,42.91941,39.61791,22.00995,18.34163,11.7272,22.8725,22.8725
8024,20.175789,41.818908,42.91941,39.61791,22.00995,18.34163,11.7272,22.8725,22.8725
8025,20.175789,41.818908,42.91941,39.61791,22.00995,18.34163,11.7272,22.8725,22.8725
8026,20.175789,41.818908,42.91941,39.61791,22.00995,18.34163,11.7272,22.8725,22.8725
8027,20.175789,41.818908,42.91941,39.61791,22.00995,18.34163,11.7272,22.8725,22.8725
8028,20.175789,41.818908,42.91941,39.61791,22.00995,18.34163,11.7272,22.8725,22.8725
8029,20.175789,41.818908,42.91941,39.61791,22.00995,18.34163,11.7272,22.8725,22.8725
8030,20.175789,41.818908,42.91941,39.61791,22.00995,18.34163,11.7272,22.8725,22.8725
8031,20.175789,41.818908,42.91941,39.61791,22.00995,18.34163,11.7272,22.8725,22.8725
8032,20.175789,41.818908,42.91941,39.61791,22.00995,18.34163,11.7272,22.8725,22.8725
8033,20.175789,41.818908,42.91941,39.61791,22.00995,18.34163,11.7272,22.8725,22.8725
8034,20.175789,41.818908,42.91941,39.61791,22.00995,18.34163,11.7272,22.8725,22.8725
8035,20.175789,41.818908,42.91941,39.61791,22.00995,18.34163,11.7272,22.8725,22.8725
8036,20.175789,41.818908,42.91941,39.61791,22.00995,18.34163,11.7272,22.8725,22.8725
8037,20.175789,41.818908,42.91941,39.61791,22.00995,18.34163,11.7272,22.8725,22.8725
8038,20.175789,41.818908,42.91941,39.61791,22.00995,18.34163,11.7272,22.8725,22.8725
8039,20.175789,41.818908,42.91941,39.61791,22.00995,18.34163,11.7272,22.8725,22.8725
8040,20.175789,41.818908,42.91941,39.61791,22.00995,18.34163,11.7272,22.8725,22.8725
8041,20.175789,41.818908,42.91941,39.61791,22.00995,18.34163,11.7272,22.8725,22.8725
8042,20.175789,41.818908,42.91941,39.61791,22.00995,18.34163,11.7272,22.8725,22.8725
8043,20.175789,41.818908,42.91941,39.61791,22.00995,18.34163,11.7272,22.8725,22.8725
8044,20.175789,41.818908,42.91941,39.61791,22.00995,18.34163,11.7272,22.8725,22.8725
8045,20.175789,41.818908,42.91941,39.61791,22.00995,18.34163,11.7272,22.8725,22.8725
8046,20.175789,41.818908,42.91941,39.61791,22.00995,18.34163,11.7272,22.8725,22.8725
8047,20.175789,41.818908,42.91941,39.61791,22.00995,18.34163,11.7272,22.8725,22.8725
8048,20.175789,41.818908,42.91941,39.61791,22.00995,18.34163,11.7272,22.8725,22.8725
8049,20.175789,41.818908,42.91941,39.61791,22.00995,18.34163,11.7272,22.8725,22.8725
8050,20.175789,41.818908,42.91941,39.61791,22.00995,18.34163,11.7272,22.8725,22.8725
8051,20.175789,41.818908,42.91941,39.61791,22.00995,18.34163,11.7272,22.8725,22.8725
8052,20.175789,41.818908,42.91941,39.61791,22.00995,18.34163,11.7272,22.8725,22.8725
8053,20.175789,41.818908,42.91941,39.61791,22.00995,18.34163,11.7272,22.8725,22.8725
8054,20.175789,41.818908,42.91941,39.61791,22.00995,18.34163,11.7272,22.8725,22.8725
8055,20.175789,41.818908,42.91941,39.61791,22.00995,18.34163,11.7272,22.8725,22.8725
8056,20.175789,41.818908,42.91941,39.61791,22.00995,18.34163,11.7272,22.8725,22.8725
8057,20.175789,41.818908,42.91941,39.61791,22.00995,18.34163,11.7272,22.8725,22.8725
8058,20.175789,41.818908,42.91941,39.61791,22.00995,18.34163,11.7272,22.8725,22.8725
8059,20.175789,41.818908,42.91941,39.61791,22.00995,18.34163,11.7272,22.8725,22.8725
8060,20.175789,41.818908,42.91941,39.61791,22.00995,18.34163,11.7272,22.8725,22.8725
8061,20.175789,41.818908,42.91941,39.61791,22.00995,18.34163,11.7272,22.8725,22.8725
8062,20.175789,41.818908,42.91941,39.61791,22.00995,18.34163,11.7272,22.8725,22.8725
8063,20.175789,41.818908,42.91941,39.61791,22.00995,18.34163,11.7272,22.8725,22.8725
8064,20.175789,41.818908,42.91941,39.61791,22.00995,18.34163,11.7272,22.8725,22.8725
8065,20.175789,41.818908,42.91941,39.61791,22.00995,18.34163,11.7272,22.8725,22.8725
8066,20.175789,41.818908,42.91941,39.61791,22.00995,18.34163,11.7272,22.8725,22.8725
8067,20.175789,41.818908,42.91941,39.61791,22.00995,18.34163,11.7272,22.8725,22.8725
8068,20.175789,41.818908,42.91941,39.61791,22.00995,18.34163,11.7272,22.8725,22.8725
8069,20.175789,41.818908,42.91941,39.61791,22.00995,18.34163,11.7272,22.8725,22.8725
8070,20.175789,41.818908,42.91941,39.61791,22.00995,18.34163,11.7272,22.8725,22.8725
8071,20.175789,41.818908,42.91941,39.61791,22.00995,18.34163,11.7272,22.8725,22.8725
8072,20.175789,41.818908,42.91941,39.61791,22.00995,18.34163,11.7272,22.8725,22.8725
8073,20.175789,41.818908,42.91941,39.61791,22.00995,18.34163,11.7272,22.8725,22.8725
8074,20.175789,41.818908,42.91941,39.61791,22.00995,18.34163,11.7272,22.8725,22.8725
8075,20.175789,41.818908,42.91941,39.61791,22.00995,18.34163,11.7272,22.8725,22.8725
8076,20.175789,41.818908,42.91941,39.61791,22.00995,18.34163,11.7272,22.8725,22.8725
8077,20.175789,41.818908,42.91941,39.61791,22.00995,18.34163,11.7272,22.8725,22.8725
8078,20.175789,41.818908,42.91941,39.61791,22.00995,18.34163,11.7272,22.8725,22.8725
8079,20.175789,41.818908,42.91941,39.61791,22.00995,18.34163,11.7272,22.8725,22.8725
8080,20.175789,41.818908,42.91941,39.61791,22.00995,18.34163,11.7272,22.8725,22.8725
8081,20.175789,41.818908,42.91941,39.61791,22.00995,18.34163,11.7272,22.8725,22.8725
8082,20.175789,41.818908,42.91941,39.61791,22.00995,18.34163,11.7272,22.8725,22.8725
8083,20.175789,41.818908,42.91941,39.61791,22.00995,18.34163,11.7272,22.8725,22.8725
8084,20.175789,41.818908,42.91941,39.61791,22.00995,18.34163,11.7272,22.8725,22.8725
8085,20.175789,41.818908,42.91941,39.61791,22.00995,18.34163,11.7272,22.8725,22.8725
8086,20.175789,41.818908,42.91941,39.61791,22.00995,18.34163,11.7272,22.8725,22.8725
8087,20.175789,41.818908,42.91941,39.61791,22.00995,18.34163,11.7272,22.8725,22.8725
8088,20.175789,41.818908,42.91941,39.61791,22.00995,18.34163,11.7272,22.8725,22.8725
8089,20.175789,41.818908,42.91941,39.61791,22.00995,18.34163,11.7272,22.8725,22.8725
8090,20.175789,41.818908,42.91941,39.61791,22.00995,18.34163,11.7272,22.8725,22.8725
8091,20.175789,41.818908,42.91941,39.61791,22.00995,18.34163,11.7272,22.8725,22.8725
8092,20.175789,41.818908,42.91941,39.61791,22.00995,18.34163,11.7272,22.8725,22.8725
8093,20.175789,41.818908,42.91941,39.61791,22.00995,18.34163,11.7272,22.8725,22.8725
8094,20.175789,41.818908,42.91941,39.61791,22.00995,18.34163,11.7272,22.8725,22.8725
8095,20.175789,41.818908,42.91941,39.61791,22.00995,18.34163,11.7272,22.8725,22.8725
8096,20.175789,41.818908,42.91941,39.61791,22.00995,18.34163,11.7272,22.8725,22.8725
8097,20.175789,41.818908,42.91941,39.61791,22.00995,18.34163,11.7272,22.8725,22.8725
8098,20.175789,41.818908,42.91941,39.61791,22.00995,18.34163,11.7272,22.8725,22.8725
8099,20.175789,41.818908,42.91941,39.61791,22.00995,18.34163,11.7272,22.8725,22.8725
8100,20.175789,41.818908,42.91941,39.61791,22.00995,18.34163,11.7272,22.8725,22.8725
8101,20.175789,41.818908,42.91941,39.61791,22.00995,18.34163,11.7272,22.8725,22.8725
8102,20.175789,41.818908,42.91941,39.61791,22.00995,18.34163,11.7272,22.8725,22.8725
8103,20.175789,41.818908,42.91941,39.61791,22.00995,18.34163,11.7272,22.8725,22.8725
8104,20.175789,41.818908,42.91941,39.61791,22.00995,18.34163,11.7272,22.8725,22.8725
8105,20.175789,41.818908,42.91941,39.61791,22.00995,18.34163,11.7272,22.8725,22.8725
8106,20.175789,41.818908,42.91941,39.61791,22.00995,18.34163,11.7272,22.8725,22.8725
8107,20.175789,41.818908,42.91941,39.61791,22.00995,18.34163,11.7272,22.8725,22.8725
8108,20.175789,41.818908,42.91941,39.61791,22.00995,18.34163,11.7272,22.8725,22.8725
8109,20.175789,41.818908,42.91941,39.61791,22.00995,18.34163,11.7272,22.8725,22.8725
8110,20.175789,41.818908,42.91941,39.61791,22.00995,18.34163,11.7272,22.8725,22.8725
8111,20.175789,41.818908,42.91941,39.61791,22.00995,18.34163,11.7272,22.8725,22.8725
8112,20.175789,41.818908,42.91941,39.61791,22.00995,18.34163,11.7272,22.8725,22.8725
8113,20.175789,41.818908,42.91941,39.61791,22.00995,18.34163,11.7272,22.8725,22.8725
8114,20.175789,41.818908,42.91941,39.61791,22.00995,18.34163,11.7272,22.8725,22.8725
8115,20.175789,41.818908,42.91941,39.61791,22.00995,18.34163,11.7272,22.8725,22.8725
8116,20.175789,41.818908,42.91941,39.61791,22.00995,18.34163,11.7272,22.8725,22.8725
8117,20.175789,41.818908,42.91941,39.61791,22.00995,18.34163,11.7272,22.8725,22.8725
8118,20.175789,41.818908,42.91941,39.61791,22.00995,18.34163,11.7272,22.8725,22.8725
8119,20.175789,41.818908,42.91941,39.61791,22.00995,18.34163,11.7272,22.8725,22.8725
8120,20.175789,41.818908,42.91941,39.61791,22.00995,18.34163,11.7272,22.8725,22.8725
8121,20.175789,41.818908,42.91941,39.61791,22.00995,18.34163,11.7272,22.8725,22.8725
8122,20.175789,41.818908,42.91941,39.61791,22.00995,18.34163,11.7272,22.8725,22.8725
8123,20.175789,41.818908,42.91941,39.61791,22.00995,18.34163,11.7272,22.8725,22.8725
8124,20.175789,41.818908,42.91941,39.61791,22.00995,18.34163,11.7272,22.8725,22.8725
8125,20.175789,41.818908,42.91941,39.61791,22.00995,18.34163,11.7272,22.8725,22.8725
8126,20.175789,41.818908,42.91941,39.61791,22.00995,18.34163,11.7272,22.8725,22.8725
8127,20.175789,41.818908,42.91941,39.61791,22.00995,18.34163,11.7272,22.8725,22.8725
8128,20.175789,41.818908,42.91941,39.61791,22.00995,18.34163,11.7272,22.8725,22.8725
8129,20.175789,41.818908,42.91941,39.61791,22.00995,18.34163,11.7272,22.8725,22.8725
8130,20.175789,41.818908,42.91941,39.61791,22.00995,18.34163,11.7272,22.8725,22.8725
8131,20.175789,41.818908,42.91941,39.61791,22.00995,18.34163,11.7272,22.8725,22.8725
8132,20.175789,41.818908,42.91941,39.61791,22.00995,18.34163,11.7272,22.8725,22.8725
8133,20.175789,41.818908,42.91941,39.61791,22.00995,18.34163,11.7272,22.8725,22.8725
8134,20.175789,41.818908,42.91941,39.61791,22.00995,18.34163,11.7272,22.8725,22.8725
8135,20.175789,41.818908,42.91941,39.61791,22.00995,18.34163,11.7272,22.8725,22.8725
8136,20.175789,41.818908,42.91941,39.61791,22.00995,18.34163,11.7272,22.8725,22.8725
8137,20.175789,41.818908,42.91941,39.61791,22.00995,18.34163,11.7272,22.8725,22.8725
8138,20.175789,41.818908,42.91941,39.61791,22.00995,18.34163,11.7272,22.8725,22.8725
8139,20.175789,41.818908,42.91941,39.61791,22.00995,18.34163,11.7272,22.8725,22.8725
8140,20.175789,41.818908,42.91941,39.61791,22.00995,18.34163,11.7272,22.8725,22.8725
8141,20.175789,41.818908,42.91941,39.61791,22.00995,18.34163,11.7272,22.8725,22.8725
8142,20.175789,41.818908,42.91941,39.61791,22.00995,18.34163,11.7272,22.8725,22.8725
8143,20.175789,41.818908,42.91941,39.61791,22.00995,18.34163,11.7272,22.8725,22.8725
8144,20.175789,41.818908,42.91941,39.61791,22.00995,18.34163,11.7272,22.8725,22.8725
8145,20.175789,41.818908,42.91941,39.61791,22.00995,18.34163,11.7272,22.8725,22.8725
8146,20.175789,41.818908,42.91941,39.61791,22.00995,18.34163,11.7272,22.8725,22.8725
8147,20.175789,41.818908,42.91941,39.61791,22.00995,18.34163,11.7272,22.8725,22.8725
8148,20.175789,41.818908,42.91941,39.61791,22.00995,18.34163,11.7272,22.8725,22.8725
8149,20.175789,41.818908,42.91941,39.61791,22.00995,18.34163,11.7272,22.8725,22.8725
8150,20.175789,41.818908,42.91941,39.61791,22.00995,18.34163,11.7272,22.8725,22.8725
8151,20.175789,41.818908,42.91941,39.61791,22.00995,18.34163,11.7272,22.8725,22.8725
8152,20.175789,41.818908,42.91941,39.61791,22.00995,18.34163,11.7272,22.8725,22.8725
8153,20.175789,41.818908,42.91941,39.61791,22.00995,18.34163,11.7272,22.8725,22.8725
8154,20.175789,41.818908,42.91941,39.61791,22.00995,18.34163,11.7272,22.8725,22.8725
8155,20.175789,41.818908,42.91941,39.61791,22.00995,18.34163,11.7272,22.8725,22.8725
8156,20.175789,41.818908,42.91941,39.61791,22.00995,18.34163,11.7272,22.8725,22.8725
8157,20.175789,41.818908,42.91941,39.61791,22.00995,18.34163,11.7272,22.8725,22.8725
8158,20.175789,41.818908,42.91941,39.61791,22.00995,18.34163,11.7272,22.8725,22.8725
8159,20.175789,41.818908,42.91941,39.61791,22.00995,18.34163,11.7272,22.8725,22.8725
8160,20.175789,41.818908,42.91941,39.61791,22.00995,18.34163,11.7272,22.8725,22.8725
8161,20.175789,41.818908,42.91941,39.61791,22.00995,18.34163,11.7272,22.8725,22.8725
8162,20.175789,41.818908,42.91941,39.61791,22.00995,18.34163,11.7272,22.8725,22.8725
8163,20.175789,41.818908,42.91941,39.61791,22.00995,18.34163,11.7272,22.8725,22.8725
8164,20.175789,41.818908,42.91941,39.61791,22.00995,18.34163,11.7272,22.8725,22.8725
8165,20.175789,41.818908,42.91941,39.61791,22.00995,18.34163,11.7272,22.8725,22.8725
8166,20.175789,41.818908,42.91941,39.61791,22.00995,18.34163,11.7272,22.8725,22.8725
8167,20.175789,41.818908,42.91941,39.61791,22.00995,18.34163,11.7272,22.8725,22.8725
8168,20.175789,41.818908,42.91941,39.61791,22.00995,18.34163,11.7272,22.8725,22.8725
8169,20.175789,41.818908,42.91941,39.61791,22.00995,18.34163,11.7272,22.8725,22.8725
8170,20.175789,41.818908,42.91941,39.61791,22.00995,18.34163,11.7272,22.8725,22.8725
8171,20.175789,41.818908,42.91941,39.61791,22.00995,18.34163,11.7272,22.8725,22.8725
8172,20.175789,41.818908,42.91941,39.61791,22.00995,18.34163,11.7272,22.8725,22.8725
8173,20.175789,41.818908,42.91941,39.61791,22.00995,18.34163,11.7272,22.8725,22.8725
8174,20.175789,41.818908,42.91941,39.61791,22.00995,18.34163,11.7272,22.8725,22.8725
8175,20.175789,41.818908,42.91941,39.61791,22.00995,18.34163,11.7272,22.8725,22.8725
8176,20.175789,41.818908,42.91941,39.61791,22.00995,18.34163,11.7272,22.8725,22.8725
8177,20.175789,41.818908,42.91941,39.61791,22.00995,18.34163,11.7272,22.8725,22.8725
8178,20.175789,41.818908,42.91941,39.61791,22.00995,18.34163,11.7272,22.8725,22.8725
8179,20.175789,41.818908,42.91941,39.61791,22.00995,18.34163,11.7272,22.8725,22.8725
8180,20.175789,41.818908,42.91941,39.61791,22.00995,18.34163,11.7272,22.8725,22.8725
8181,20.175789,41.818908,42.91941,39.61791,22.00995,18.34163,11.7272,22.8725,22.8725
8182,20.175789,41.818908,42.91941,39.61791,22.00995,18.34163,11.7272,22.8725,22.8725
8183,20.175789,41.818908,42.91941,39.61791,22.00995,18.34163,11.7272,22.8725,22.8725
8184,20.175789,41.818908,42.91941,39.61791,22.00995,18.34163,11.7272,22.8725,22.8725
8185,20.175789,41.818908,42.91941,39.61791,22.00995,18.34163,11.7272,22.8725,22.8725
8186,20.175789,41.818908,42.91941,39.61791,22.00995,18.34163,11.7272,22.8725,22.8725
8187,20.175789,41.818908,42.91941,39.61791,22.00995,18.34163,11.7272,22.8725,22.8725
8188,20.175789,41.818908,42.91941,39.61791,22.00995,18.34163,11.7272,22.8725,22.8725
8189,20.175789,41.818908,42.91941,39.61791,22.00995,18.34163,11.7272,22.8725,22.8725
8190,20.175789,41.818908,42.91941,39.61791,22.00995,18.34163,11.7272,22.8725,22.8725
8191,20.175789,41.818908,42.91941,39.61791,22.00995,18.34163,11.7272,22.8725,22.8725
8192,20.175789,41.818908,42.91941,39.61791,22.00995,18.34163,11.7272,22.8725,22.8725
8193,20.175789,41.818908,42.91941,39.61791,22.00995,18.34163,11.7272,22.8725,22.8725
8194,20.175789,41.818908,42.91941,39.61791,22.00995,18.34163,11.7272,22.8725,22.8725
8195,20.175789,41.818908,42.91941,39.61791,22.00995,18.34163,11.7272,22.8725,22.8725
8196,20.175789,41.818908,42.91941,39.61791,22.00995,18.34163,11.7272,22.8725,22.8725
8197,20.175789,41.818908,42.91941,39.61791,22.00995,18.34163,11.7272,22.8725,22.8725
8198,20.175789,41.818908,42.91941,39.61791,22.00995,18.34163,11.7272,22.8725,22.8725
8199,20.175789,41.818908,42.91941,39.61791,22.00995,18.34163,11.7272,22.8725,22.8725
8200,20.175789,41.818908,42.91941,39.61791,22.00995,18.34163,11.7272,22.8725,22.8725
8201,20.175789,41.818908,42.91941,39.61791,22.00995,18.34163,11.7272,22.8725,22.8725
8202,20.175789,41.818908,42.91941,39.61791,22.00995,18.34163,11.7272,22.8725,22.8725
8203,20.175789,41.818908,42.91941,39.61791,22.00995,18.34163,11.7272,22.8725,22.8725
8204,20.175789,41.818908,42.91941,39.61791,22.00995,18.34163,11.7272,22.8725,22.8725
8205,20.175789,41.818908,42.91941,39.61791,22.00995,18.34163,11.7272,22.8725,22.8725
8206,20.175789,41.818908,42.91941,39.61791,22.00995,18.34163,11.7272,22.8725,22.8725
8207,20.175789,41.818908,42.91941,39.61791,22.00995,18.34163,11.7272,22.8725,22.8725
8208,20.175789,41.818908,42.91941,39.61791,22.00995,18.34163,11.7272,22.8725,22.8725
8209,20.175789,41.818908,42.91941,39.61791,22.00995,18.34163,11.7272,22.8725,22.8725
8210,20.175789,41.818908,42.91941,39.61791,22.00995,18.34163,11.7272,22.8725,22.8725
8211,20.175789,41.818908,42.91941,39.61791,22.00995,18.34163,11.7272,22.8725,22.8725
8212,20.175789,41.818908,42.91941,39.61791,22.00995,18.34163,11.7272,22.8725,22.8725
8213,20.175789,41.818908,42.91941,39.61791,22.00995,18.34163,11.7272,22.8725,22.8725
8214,20.175789,41.818908,42.91941,39.61791,22.00995,18.34163,11.7272,22.8725,22.8725
8215,20.175789,41.818908,42.91941,39.61791,22.00995,18.34163,11.7272,22.8725,22.8725
8216,20.175789,41.818908,42.91941,39.61791,22.00995,18.34163,11.7272,22.8725,22.8725
8217,20.175789,41.818908,42.91941,39.61791,22.00995,18.34163,11.7272,22.8725,22.8725
8218,20.175789,41.818908,42.91941,39.61791,22.00995,18.34163,11.7272,22.8725,22.8725
8219,20.175789,41.818908,42.91941,39.61791,22.00995,18.34163,11.7272,22.8725,22.8725
8220,20.175789,41.818908,42.91941,39.61791,22.00995,18.34163,11.7272,22.8725,22.8725
8221,20.175789,41.818908,42.91941,39.61791,22.00995,18.34163,11.7272,22.8725,22.8725
8222,20.175789,41.818908,42.91941,39.61791,22.00995,18.34163,11.7272,22.8725,22.8725
8223,20.175789,41.818908,42.91941,39.61791,22.00995,18.34163,11.7272,22.8725,22.8725
8224,20.175789,41.818908,42.91941,39.61791,22.00995,18.34163,11.7272,22.8725,22.8725
8225,20.175789,41.818908,42.91941,39.61791,22.00995,18.34163,11.7272,22.8725,22.8725
8226,20.175789,41.818908,42.91941,39.61791,22.00995,18.34163,11.7272,22.8725,22.8725
8227,20.175789,41.818908,42.91941,39.61791,22.00995,18.34163,11.7272,22.8725,22.8725
8228,20.175789,41.818908,42.91941,39.61791,22.00995,18.34163,11.7272,22.8725,22.8725
8229,20.175789,41.818908,42.91941,39.61791,22.00995,18.34163,11.7272,22.8725,22.8725
8230,20.175789,41.818908,42.91941,39.61791,22.00995,18.34163,11.7272,22.8725,22.8725
8231,20.175789,41.818908,42.91941,39.61791,22.00995,18.34163,11.7272,22.8725,22.8725
8232,20.175789,41.818908,42.91941,39.61791,22.00995,18.34163,11.7272,22.8725,22.8725
8233,20.175789,41.818908,42.91941,39.61791,22.00995,18.34163,11.7272,22.8725,22.8725
8234,20.175789,41.818908,42.91941,39.61791,22.00995,18.34163,11.7272,22.8725,22.8725
8235,20.175789,41.818908,42.91941,39.61791,22.00995,18.34163,11.7272,22.8725,22.8725
8236,20.175789,41.818908,42.91941,39.61791,22.00995,18.34163,11.7272,22.8725,22.8725
8237,20.175789,41.818908,42.91941,39.61791,22.00995,18.34163,11.7272,22.8725,22.8725
8238,20.175789,41.818908,42.91941,39.61791,22.00995,18.34163,11.7272,22.8725,22.8725
8239,20.175789,41.818908,42.91941,39.61791,22.00995,18.34163,11.7272,22.8725,22.8725
8240,20.175789,41.818908,42.91941,39.61791,22.00995,18.34163,11.7272,22.8725,22.8725
8241,20.175789,41.818908,42.91941,39.61791,22.00995,18.34163,11.7272,22.8725,22.8725
8242,20.175789,41.818908,42.91941,39.61791,22.00995,18.34163,11.7272,22.8725,22.8725
8243,20.175789,41.818908,42.91941,39.61791,22.00995,18.34163,11.7272,22.8725,22.8725
8244,20.175789,41.818908,42.91941,39.61791,22.00995,18.34163,11.7272,22.8725,22.8725
8245,20.175789,41.818908,42.91941,39.61791,22.00995,18.34163,11.7272,22.8725,22.8725
8246,20.175789,41.818908,42.91941,39.61791,22.00995,18.34163,11.7272,22.8725,22.8725
8247,20.175789,41.818908,42.91941,39.61791,22.00995,18.34163,11.7272,22.8725,22.8725
8248,20.175789,41.818908,42.91941,39.61791,22.00995,18.34163,11.7272,22.8725,22.8725
8249,20.175789,41.818908,42.91941,39.61791,22.00995,18.34163,11.7272,22.8725,22.8725
8250,20.175789,41.818908,42.91941,39.61791,22.00995,18.34163,11.7272,22.8725,22.8725
8251,20.175789,41.818908,42.91941,39.61791,22.00995,18.34163,11.7272,22.8725,22.8725
8252,20.175789,41.818908,42.91941,39.61791,22.00995,18.34163,11.7272,22.8725,22.8725
8253,20.175789,41.818908,42.91941,39.61791,22.00995,18.34163,11.7272,22.8725,22.8725
8254,20.175789,41.818908,42.91941,39.61791,22.00995,18.34163,11.7272,22.8725,22.8725
8255,20.175789,41.818908,42.91941,39.61791,22.00995,18.34163,11.7272,22.8725,22.8725
8256,20.175789,41.818908,42.91941,39.61791,22.00995,18.34163,11.7272,22.8725,22.8725
8257,20.175789,41.818908,42.91941,39.61791,22.00995,18.34163,11.7272,22.8725,22.8725
8258,20.175789,41.818908,42.91941,39.61791,22.00995,18.34163,11.7272,22.8725,22.8725
8259,20.175789,41.818908,42.91941,39.61791,22.00995,18.34163,11.7272,22.8725,22.8725
8260,20.175789,41.818908,42.91941,39.61791,22.00995,18.34163,11.7272,22.8725,22.8725
8261,20.175789,41.818908,42.91941,39.61791,22.00995,18.34163,11.7272,22.8725,22.8725
8262,20.175789,41.818908,42.91941,39.61791,22.00995,18.34163,11.7272,22.8725,22.8725
8263,20.175789,41.818908,42.91941,39.61791,22.00995,18.34163,11.7272,22.8725,22.8725
8264,20.175789,41.818908,42.91941,39.61791,22.00995,18.34163,11.7272,22.8725,22.8725
8265,20.175789,41.818908,42.91941,39.61791,22.00995,18.34163,11.7272,22.8725,22.8725
8266,20.175789,41.818908,42.91941,39.61791,22.00995,18.34163,11.7272,22.8725,22.8725
8267,20.175789,41.818908,42.91941,39.61791,22.00995,18.34163,11.7272,22.8725,22.8725
8268,20.175789,41.818908,42.91941,39.61791,22.00995,18.34163,11.7272,22.8725,22.8725
8269,20.175789,41.818908,42.91941,39.61791,22.00995,18.34163,11.7272,22.8725,22.8725
8270,20.175789,41.818908,42.91941,39.61791,22.00995,18.34163,11.7272,22.8725,22.8725
8271,20.175789,41.818908,42.91941,39.61791,22.00995,18.34163,11.7272,22.8725,22.8725
8272,20.175789,41.818908,42.91941,39.61791,22.00995,18.34163,11.7272,22.8725,22.8725
8273,20.175789,41.818908,42.91941,39.61791,22.00995,18.34163,11.7272,22.8725,22.8725
8274,20.175789,41.818908,42.91941,39.61791,22.00995,18.34163,11.7272,22.8725,22.8725
8275,20.175789,41.818908,42.91941,39.61791,22.00995,18.34163,11.7272,22.8725,22.8725
8276,20.175789,41.818908,42.91941,39.61791,22.00995,18.34163,11.7272,22.8725,22.8725
8277,20.175789,41.818908,42.91941,39.61791,22.00995,18.34163,11.7272,22.8725,22.8725
8278,20.175789,41.818908,42.91941,39.61791,22.00995,18.34163,11.7272,22.8725,22.8725
8279,20.175789,41.818908,42.91941,39.61791,22.00995,18.34163,11.7272,22.8725,22.8725
8280,20.175789,41.818908,42.91941,39.61791,22.00995,18.34163,11.7272,22.8725,22.8725
8281,20.175789,41.818908,42.91941,39.61791,22.00995,18.34163,11.7272,22.8725,22.8725
8282,20.175789,41.818908,42.91941,39.61791,22.00995,18.34163,11.7272,22.8725,22.8725
8283,20.175789,41.818908,42.91941,39.61791,22.00995,18.34163,11.7272,22.8725,22.8725
8284,20.175789,41.818908,42.91941,39.61791,22.00995,18.34163,11.7272,22.8725,22.8725
8285,20.175789,41.818908,42.91941,39.61791,22.00995,18.34163,11.7272,22.8725,22.8725
8286,20.175789,41.818908,42.91941,39.61791,22.00995,18.34163,11.7272,22.8725,22.8725
8287,20.175789,41.818908,42.91941,39.61791,22.00995,18.34163,11.7272,22.8725,22.8725
8288,20.175789,41.818908,42.91941,39.61791,22.00995,18.34163,11.7272,22.8725,22.8725
8289,20.175789,41.818908,42.91941,39.61791,22.00995,18.34163,11.7272,22.8725,22.8725
8290,20.175789,41.818908,42.91941,39.61791,22.00995,18.34163,11.7272,22.8725,22.8725
8291,20.175789,41.818908,42.91941,39.61791,22.00995,18.34163,11.7272,22.8725,22.8725
8292,20.175789,41.818908,42.91941,39.61791,22.00995,18.34163,11.7272,22.8725,22.8725
8293,20.175789,41.818908,42.91941,39.61791,22.00995,18.34163,11.7272,22.8725,22.8725
8294,20.175789,41.818908,42.91941,39.61791,22.00995,18.34163,11.7272,22.8725,22.8725
8295,20.175789,41.818908,42.91941,39.61791,22.00995,18.34163,11.7272,22.8725,22.8725
8296,20.175789,41.818908,42.91941,39.61791,22.00995,18.34163,11.7272,22.8725,22.8725
8297,20.175789,41.818908,42.91941,39.61791,22.00995,18.34163,11.7272,22.8725,22.8725
8298,20.175789,41.818908,42.91941,39.61791,22.00995,18.34163,11.7272,22.8725,22.8725
8299,20.175789,41.818908,42.91941,39.61791,22.00995,18.34163,11.7272,22.8725,22.8725
8300,20.175789,41.818908,42.91941,39.61791,22.00995,18.34163,11.7272,22.8725,22.8725
8301,20.175789,41.818908,42.91941,39.61791,22.00995,18.34163,11.7272,22.8725,22.8725
8302,20.175789,41.818908,42.91941,39.61791,22.00995,18.34163,11.7272,22.8725,22.8725
8303,20.175789,41.818908,42.91941,39.61791,22.00995,18.34163,11.7272,22.8725,22.8725
8304,20.175789,41.818908,42.91941,39.61791,22.00995,18.34163,11.7272,22.8725,22.8725
8305,20.175789,41.818908,42.91941,39.61791,22.00995,18.34163,11.7272,22.8725,22.8725
8306,20.175789,41.818908,42.91941,39.61791,22.00995,18.34163,11.7272,22.8725,22.8725
8307,20.175789,41.818908,42.91941,39.61791,22.00995,18.34163,11.7272,22.8725,22.8725
8308,20.175789,41.818908,42.91941,39.61791,22.00995,18.34163,11.7272,22.8725,22.8725
8309,20.175789,41.818908,42.91941,39.61791,22.00995,18.34163,11.7272,22.8725,22.8725
8310,20.175789,41.818908,42.91941,39.61791,22.00995,18.34163,11.7272,22.8725,22.8725
8311,20.175789,41.818908,42.91941,39.61791,22.00995,18.34163,11.7272,22.8725,22.8725
8312,20.175789,41.818908,42.91941,39.61791,22.00995,18.34163,11.7272,22.8725,22.8725
8313,20.175789,41.818908,42.91941,39.61791,22.00995,18.34163,11.7272,22.8725,22.8725
8314,20.175789,41.818908,42.91941,39.61791,22.00995,18.34163,11.7272,22.8725,22.8725
8315,20.175789,41.818908,42.91941,39.61791,22.00995,18.34163,11.7272,22.8725,22.8725
8316,20.175789,41.818908,42.91941,39.61791,22.00995,18.34163,11.7272,22.8725,22.8725
8317,20.175789,41.818908,42.91941,39.61791,22.00995,18.34163,11.7272,22.8725,22.8725
8318,20.175789,41.818908,42.91941,39.61791,22.00995,18.34163,11.7272,22.8725,22.8725
8319,20.175789,41.818908,42.91941,39.61791,22.00995,18.34163,11.7272,22.8725,22.8725
8320,20.175789,41.818908,42.91941,39.61791,22.00995,18.34163,11.7272,22.8725,22.8725
8321,20.175789,41.818908,42.91941,39.61791,22.00995,18.34163,11.7272,22.8725,22.8725
8322,20.175789,41.818908,42.91941,39.61791,22.00995,18.34163,11.7272,22.8725,22.8725
8323,20.175789,41.818908,42.91941,39.61791,22.00995,18.34163,11.7272,22.8725,22.8725
8324,20.175789,41.818908,42.91941,39.61791,22.00995,18.34163,11.7272,22.8725,22.8725
8325,20.175789,41.818908,42.91941,39.61791,22.00995,18.34163,11.7272,22.8725,22.8725
8326,20.175789,41.818908,42.91941,39.61791,22.00995,18.34163,11.7272,22.8725,22.8725
8327,20.175789,41.818908,42.91941,39.61791,22.00995,18.34163,11.7272,22.8725,22.8725
8328,20.175789,41.818908,42.91941,39.61791,22.00995,18.34163,11.7272,22.8725,22.8725
8329,20.175789,41.818908,42.91941,39.61791,22.00995,18.34163,11.7272,22.8725,22.8725
8330,20.175789,41.818908,42.91941,39.61791,22.00995,18.34163,11.7272,22.8725,22.8725
8331,20.175789,41.818908,42.91941,39.61791,22.00995,18.34163,11.7272,22.8725,22.8725
8332,20.175789,41.818908,42.91941,39.61791,22.00995,18.34163,11.7272,22.8725,22.8725
8333,20.175789,41.818908,42.91941,39.61791,22.00995,18.34163,11.7272,22.8725,22.8725
8334,20.175789,41.818908,42.91941,39.61791,22.00995,18.34163,11.7272,22.8725,22.8725
8335,20.175789,41.818908,42.91941,39.61791,22.00995,18.34163,11.7272,22.8725,22.8725
8336,20.175789,41.818908,42.91941,39.61791,22.00995,18.34163,11.7272,22.8725,22.8725
8337,20.175789,41.818908,42.91941,39.61791,22.00995,18.34163,11.7272,22.8725,22.8725
8338,20.175789,41.818908,42.91941,39.61791,22.00995,18.34163,11.7272,22.8725,22.8725
8339,20.175789,41.818908,42.91941,39.61791,22.00995,18.34163,11.7272,22.8725,22.8725
8340,20.175789,41.818908,42.91941,39.61791,22.00995,18.34163,11.7272,22.8725,22.8725
8341,20.175789,41.818908,42.91941,39.61791,22.00995,18.34163,11.7272,22.8725,22.8725
8342,20.175789,41.818908,42.91941,39.61791,22.00995,18.34163,11.7272,22.8725,22.8725
8343,20.175789,41.818908,42.91941,39.61791,22.00995,18.34163,11.7272,22.8725,22.8725
8344,20.175789,41.818908,42.91941,39.61791,22.00995,18.34163,11.7272,22.8725,22.8725
8345,20.175789,41.818908,42.91941,39.61791,22.00995,18.34163,11.7272,22.8725,22.8725
8346,20.175789,41.818908,42.91941,39.61791,22.00995,18.34163,11.7272,22.8725,22.8725
8347,20.175789,41.818908,42.91941,39.61791,22.00995,18.34163,11.7272,22.8725,22.8725
8348,20.175789,41.818908,42.91941,39.61791,22.00995,18.34163,11.7272,22.8725,22.8725
8349,20.175789,41.818908,42.91941,39.61791,22.00995,18.34163,11.7272,22.8725,22.8725
8350,20.175789,41.818908,42.91941,39.61791,22.00995,18.34163,11.7272,22.8725,22.8725
8351,20.175789,41.818908,42.91941,39.61791,22.00995,18.34163,11.7272,22.8725,22.8725
8352,20.175789,41.818908,42.91941,39.61791,22.00995,18.34163,11.7272,22.8725,22.8725
8353,20.175789,41.818908,42.91941,39.61791,22.00995,18.34163,11.7272,22.8725,22.8725
8354,20.175789,41.818908,42.91941,39.61791,22.00995,18.34163,11.7272,22.8725,22.8725
8355,20.175789,41.818908,42.91941,39.61791,22.00995,18.34163,11.7272,22.8725,22.8725
8356,20.175789,41.818908,42.91941,39.61791,22.00995,18.34163,11.7272,22.8725,22.8725
8357,20.175789,41.818908,42.91941,39.61791,22.00995,18.34163,11.7272,22.8725,22.8725
8358,20.175789,41.818908,42.91941,39.61791,22.00995,18.34163,11.7272,22.8725,22.8725
8359,20.175789,41.818908,42.91941,39.61791,22.00995,18.34163,11.7272,22.8725,22.8725
8360,20.175789,41.818908,42.91941,39.61791,22.00995,18.34163,11.7272,22.8725,22.8725
8361,20.175789,41.818908,42.91941,39.61791,22.00995,18.34163,11.7272,22.8725,22.8725
8362,20.175789,41.818908,42.91941,39.61791,22.00995,18.34163,11.7272,22.8725,22.8725
8363,20.175789,41.818908,42.91941,39.61791,22.00995,18.34163,11.7272,22.8725,22.8725
8364,20.175789,41.818908,42.91941,39.61791,22.00995,18.34163,11.7272,22.8725,22.8725
8365,20.175789,41.818908,42.91941,39.61791,22.00995,18.34163,11.7272,22.8725,22.8725
8366,20.175789,41.818908,42.91941,39.61791,22.00995,18.34163,11.7272,22.8725,22.8725
8367,20.175789,41.818908,42.91941,39.61791,22.00995,18.34163,11.7272,22.8725,22.8725
8368,20.175789,41.818908,42.91941,39.61791,22.00995,18.34163,11.7272,22.8725,22.8725
8369,20.175789,41.818908,42.91941,39.61791,22.00995,18.34163,11.7272,22.8725,22.8725
8370,20.175789,41.818908,42.91941,39.61791,22.00995,18.34163,11.7272,22.8725,22.8725
8371,20.175789,41.818908,42.91941,39.61791,22.00995,18.34163,11.7272,22.8725,22.8725
8372,20.175789,41.818908,42.91941,39.61791,22.00995,18.34163,11.7272,22.8725,22.8725
8373,20.175789,41.818908,42.91941,39.61791,22.00995,18.34163,11.7272,22.8725,22.8725
8374,20.175789,41.818908,42.91941,39.61791,22.00995,18.34163,11.7272,22.8725,22.8725
8375,20.175789,41.818908,42.91941,39.61791,22.00995,18.34163,11.7272,22.8725,22.8725
8376,20.175789,41.818908,42.91941,39.61791,22.00995,18.34163,11.7272,22.8725,22.8725
8377,20.175789,41.818908,42.91941,39.61791,22.00995,18.34163,11.7272,22.8725,22.8725
8378,20.175789,41.818908,42.91941,39.61791,22.00995,18.34163,11.7272,22.8725,22.8725
8379,20.175789,41.818908,42.91941,39.61791,22.00995,18.34163,11.7272,22.8725,22.8725
8380,20.175789,41.818908,42.91941,39.61791,22.00995,18.34163,11.7272,22.8725,22.8725
8381,20.175789,41.818908,42.91941,39.61791,22.00995,18.34163,11.7272,22.8725,22.8725
8382,20.175789,41.818908,42.91941,39.61791,22.00995,18.34163,11.7272,22.8725,22.8725
8383,20.175789,41.818908,42.91941,39.61791,22.00995,18.34163,11.7272,22.8725,22.8725
8384,20.175789,41.818908,42.91941,39.61791,22.00995,18.34163,11.7272,22.8725,22.8725
8385,20.175789,41.818908,42.91941,39.61791,22.00995,18.34163,11.7272,22.8725,22.8725
8386,20.175789,41.818908,42.91941,39.61791,22.00995,18.34163,11.7272,22.8725,22.8725
8387,20.175789,41.818908,42.91941,39.61791,22.00995,18.34163,11.7272,22.8725,22.8725
8388,20.175789,41.818908,42.91941,39.61791,22.00995,18.34163,11.7272,22.8725,22.8725
8389,20.175789,41.818908,42.91941,39.61791,22.00995,18.34163,11.7272,22.8725,22.8725
8390,20.175789,41.818908,42.91941,39.61791,22.00995,18.34163,11.7272,22.8725,22.8725
8391,20.175789,41.818908,42.91941,39.61791,22.00995,18.34163,11.7272,22.8725,22.8725
8392,20.175789,41.818908,42.91941,39.61791,22.00995,18.34163,11.7272,22.8725,22.8725
8393,20.175789,41.818908,42.91941,39.61791,22.00995,18.34163,11.7272,22.8725,22.8725
8394,20.175789,41.818908,42.91941,39.61791,22.00995,18.34163,11.7272,22.8725,22.8725
8395,20.175789,41.818908,42.91941,39.61791,22.00995,18.34163,11.7272,22.8725,22.8725
8396,20.175789,41.818908,42.91941,39.61791,22.00995,18.34163,11.7272,22.8725,22.8725
8397,20.175789,41.818908,42.91941,39.61791,22.00995,18.34163,11.7272,22.8725,22.8725
8398,20.175789,41.818908,42.91941,39.61791,22.00995,18.34163,11.7272,22.8725,22.8725
8399,20.175789,41.818908,42.91941,39.61791,22.00995,18.34163,11.7272,22.8725,22.8725
8400,20.175789,41.818908,42.91941,39.61791,22.00995,18.34163,11.7272,22.8725,22.8725
8401,20.175789,41.818908,42.91941,39.61791,22.00995,18.34163,11.7272,22.8725,22.8725
8402,20.175789,41.818908,42.91941,39.61791,22.00995,18.34163,11.7272,22.8725,22.8725
8403,20.175789,41.818908,42.91941,39.61791,22.00995,18.34163,11.7272,22.8725,22.8725
8404,20.175789,41.818908,42.91941,39.61791,22.00995,18.34163,11.7272,22.8725,22.8725
8405,20.175789,41.818908,42.91941,39.61791,22.00995,18.34163,11.7272,22.8725,22.8725
8406,20.175789,41.818908,42.91941,39.61791,22.00995,18.34163,11.7272,22.8725,22.8725
8407,20.175789,41.818908,42.91941,39.61791,22.00995,18.34163,11.7272,22.8725,22.8725
8408,20.175789,41.818908,42.91941,39.61791,22.00995,18.34163,11.7272,22.8725,22.8725
8409,20.175789,41.818908,42.91941,39.61791,22.00995,18.34163,11.7272,22.8725,22.8725
8410,20.175789,41.818908,42.91941,39.61791,22.00995,18.34163,11.7272,22.8725,22.8725
8411,20.175789,41.818908,42.91941,39.61791,22.00995,18.34163,11.7272,22.8725,22.8725
8412,20.175789,41.818908,42.91941,39.61791,22.00995,18.34163,11.7272,22.8725,22.8725
8413,20.175789,41.818908,42.91941,39.61791,22.00995,18.34163,11.7272,22.8725,22.8725
8414,20.175789,41.818908,42.91941,39.61791,22.00995,18.34163,11.7272,22.8725,22.8725
8415,20.175789,41.818908,42.91941,39.61791,22.00995,18.34163,11.7272,22.8725,22.8725
8416,20.175789,41.818908,42.91941,39.61791,22.00995,18.34163,11.7272,22.8725,22.8725
8417,20.175789,41.818908,42.91941,39.61791,22.00995,18.34163,11.7272,22.8725,22.8725
8418,20.175789,41.818908,42.91941,39.61791,22.00995,18.34163,11.7272,22.8725,22.8725
8419,20.175789,41.818908,42.91941,39.61791,22.00995,18.34163,11.7272,22.8725,22.8725
8420,20.175789,41.818908,42.91941,39.61791,22.00995,18.34163,11.7272,22.8725,22.8725
8421,20.175789,41.818908,42.91941,39.61791,22.00995,18.34163,11.7272,22.8725,22.8725
8422,20.175789,41.818908,42.91941,39.61791,22.00995,18.34163,11.7272,22.8725,22.8725
8423,20.175789,41.818908,42.91941,39.61791,22.00995,18.34163,11.7272,22.8725,22.8725
8424,20.175789,41.818908,42.91941,39.61791,22.00995,18.34163,11.7272,22.8725,22.8725
8425,20.175789,41.818908,42.91941,39.61791,22.00995,18.34163,11.7272,22.8725,22.8725
8426,20.175789,41.818908,42.91941,39.61791,22.00995,18.34163,11.7272,22.8725,22.8725
8427,20.175789,41.818908,42.91941,39.61791,22.00995,18.34163,11.7272,22.8725,22.8725
8428,20.175789,41.818908,42.91941,39.61791,22.00995,18.34163,11.7272,22.8725,22.8725
8429,20.175789,41.818908,42.91941,39.61791,22.00995,18.34163,11.7272,22.8725,22.8725
8430,20.175789,41.818908,42.91941,39.61791,22.00995,18.34163,11.7272,22.8725,22.8725
8431,20.175789,41.818908,42.91941,39.61791,22.00995,18.34163,11.7272,22.8725,22.8725
8432,20.175789,41.818908,42.91941,39.61791,22.00995,18.34163,11.7272,22.8725,22.8725
8433,20.175789,41.818908,42.91941,39.61791,22.00995,18.34163,11.7272,22.8725,22.8725
8434,20.175789,41.818908,42.91941,39.61791,22.00995,18.34163,11.7272,22.8725,22.8725
8435,20.175789,41.818908,42.91941,39.61791,22.00995,18.34163,11.7272,22.8725,22.8725
8436,20.175789,41.818908,42.91941,39.61791,22.00995,18.34163,11.7272,22.8725,22.8725
8437,20.175789,41.818908,42.91941,39.61791,22.00995,18.34163,11.7272,22.8725,22.8725
8438,20.175789,41.818908,42.91941,39.61791,22.00995,18.34163,11.7272,22.8725,22.8725
8439,20.175789,41.818908,42.91941,39.61791,22.00995,18.34163,11.7272,22.8725,22.8725
8440,20.175789,41.818908,42.91941,39.61791,22.00995,18.34163,11.7272,22.8725,22.8725
8441,20.175789,41.818908,42.91941,39.61791,22.00995,18.34163,11.7272,22.8725,22.8725
8442,20.175789,41.818908,42.91941,39.61791,22.00995,18.34163,11.7272,22.8725,22.8725
8443,20.175789,41.818908,42.91941,39.61791,22.00995,18.34163,11.7272,22.8725,22.8725
8444,20.175789,41.818908,42.91941,39.61791,22.00995,18.34163,11.7272,22.8725,22.8725
8445,20.175789,41.818908,42.91941,39.61791,22.00995,18.34163,11.7272,22.8725,22.8725
8446,20.175789,41.818908,42.91941,39.61791,22.00995,18.34163,11.7272,22.8725,22.8725
8447,20.175789,41.818908,42.91941,39.61791,22.00995,18.34163,11.7272,22.8725,22.8725
8448,20.175789,41.818908,42.91941,39.61791,22.00995,18.34163,11.7272,22.8725,22.8725
8449,20.175789,41.818908,42.91941,39.61791,22.00995,18.34163,11.7272,22.8725,22.8725
8450,20.175789,41.818908,42.91941,39.61791,22.00995,18.34163,11.7272,22.8725,22.8725
8451,20.175789,41.818908,42.91941,39.61791,22.00995,18.34163,11.7272,22.8725,22.8725
8452,20.175789,41.818908,42.91941,39.61791,22.00995,18.34163,11.7272,22.8725,22.8725
8453,20.175789,41.818908,42.91941,39.61791,22.00995,18.34163,11.7272,22.8725,22.8725
8454,20.175789,41.818908,42.91941,39.61791,22.00995,18.34163,11.7272,22.8725,22.8725
8455,20.175789,41.818908,42.91941,39.61791,22.00995,18.34163,11.7272,22.8725,22.8725
8456,20.175789,41.818908,42.91941,39.61791,22.00995,18.34163,11.7272,22.8725,22.8725
8457,20.175789,41.818908,42.91941,39.61791,22.00995,18.34163,11.7272,22.8725,22.8725
8458,20.175789,41.818908,42.91941,39.61791,22.00995,18.34163,11.7272,22.8725,22.8725
8459,20.175789,41.818908,42.91941,39.61791,22.00995,18.34163,11.7272,22.8725,22.8725
8460,20.175789,41.818908,42.91941,39.61791,22.00995,18.34163,11.7272,22.8725,22.8725
8461,20.175789,41.818908,42.91941,39.61791,22.00995,18.34163,11.7272,22.8725,22.8725
8462,20.175789,41.818908,42.91941,39.61791,22.00995,18.34163,11.7272,22.8725,22.8725
8463,20.175789,41.818908,42.91941,39.61791,22.00995,18.34163,11.7272,22.8725,22.8725
8464,20.175789,41.818908,42.91941,39.61791,22.00995,18.34163,11.7272,22.8725,22.8725
8465,20.175789,41.818908,42.91941,39.61791,22.00995,18.34163,11.7272,22.8725,22.8725
8466,20.175789,41.818908,42.91941,39.61791,22.00995,18.34163,11.7272,22.8725,22.8725
8467,20.175789,41.818908,42.91941,39.61791,22.00995,18.34163,11.7272,22.8725,22.8725
8468,20.175789,41.818908,42.91941,39.61791,22.00995,18.34163,11.7272,22.8725,22.8725
8469,20.175789,41.818908,42.91941,39.61791,22.00995,18.34163,11.7272,22.8725,22.8725
8470,20.175789,41.818908,42.91941,39.61791,22.00995,18.34163,11.7272,22.8725,22.8725
8471,20.175789,41.818908,42.91941,39.61791,22.00995,18.34163,11.7272,22.8725,22.8725
8472,20.175789,41.818908,42.91941,39.61791,22.00995,18.34163,11.7272,22.8725,22.8725
8473,20.175789,41.818908,42.91941,39.61791,22.00995,18.34163,11.7272,22.8725,22.8725
8474,20.175789,41.818908,42.91941,39.61791,22.00995,18.34163,11.7272,22.8725,22.8725
8475,20.175789,41.818908,42.91941,39.61791,22.00995,18.34163,11.7272,22.8725,22.8725
8476,20.175789,41.818908,42.91941,39.61791,22.00995,18.34163,11.7272,22.8725,22.8725
8477,20.175789,41.818908,42.91941,39.61791,22.00995,18.34163,11.7272,22.8725,22.8725
8478,20.175789,41.818908,42.91941,39.61791,22.00995,18.34163,11.7272,22.8725,22.8725
8479,20.175789,41.818908,42.91941,39.61791,22.00995,18.34163,11.7272,22.8725,22.8725
8480,20.175789,41.818908,42.91941,39.61791,22.00995,18.34163,11.7272,22.8725,22.8725
8481,20.175789,41.818908,42.91941,39.61791,22.00995,18.34163,11.7272,22.8725,22.8725
8482,20.175789,41.818908,42.91941,39.61791,22.00995,18.34163,11.7272,22.8725,22.8725
8483,20.175789,41.818908,42.91941,39.61791,22.00995,18.34163,11.7272,22.8725,22.8725
8484,20.175789,41.818908,42.91941,39.61791,22.00995,18.34163,11.7272,22.8725,22.8725
8485,20.175789,41.818908,42.91941,39.61791,22.00995,18.34163,11.7272,22.8725,22.8725
8486,20.175789,41.818908,42.91941,39.61791,22.00995,18.34163,11.7272,22.8725,22.8725
8487,20.175789,41.818908,42.91941,39.61791,22.00995,18.34163,11.7272,22.8725,22.8725
8488,20.175789,41.818908,42.91941,39.61791,22.00995,18.34163,11.7272,22.8725,22.8725
8489,20.175789,41.818908,42.91941,39.61791,22.00995,18.34163,11.7272,22.8725,22.8725
8490,20.175789,41.818908,42.91941,39.61791,22.00995,18.34163,11.7272,22.8725,22.8725
8491,20.175789,41.818908,42.91941,39.61791,22.00995,18.34163,11.7272,22.8725,22.8725
8492,20.175789,41.818908,42.91941,39.61791,22.00995,18.34163,11.7272,22.8725,22.8725
8493,20.175789,41.818908,42.91941,39.61791,22.00995,18.34163,11.7272,22.8725,22.8725
8494,20.175789,41.818908,42.91941,39.61791,22.00995,18.34163,11.7272,22.8725,22.8725
8495,20.175789,41.818908,42.91941,39.61791,22.00995,18.34163,11.7272,22.8725,22.8725
8496,20.175789,41.818908,42.91941,39.61791,22.00995,18.34163,11.7272,22.8725,22.8725
8497,20.175789,41.818908,42.91941,39.61791,22.00995,18.34163,11.7272,22.8725,22.8725
8498,20.175789,41.818908,42.91941,39.61791,22.00995,18.34163,11.7272,22.8725,22.8725
8499,20.175789,41.818908,42.91941,39.61791,22.00995,18.34163,11.7272,22.8725,22.8725
8500,20.175789,41.818908,42.91941,39.61791,22.00995,18.34163,11.7272,22.8725,22.8725
8501,20.175789,41.818908,42.91941,39.61791,22.00995,18.34163,11.7272,22.8725,22.8725
8502,20.175789,41.818908,42.91941,39.61791,22.00995,18.34163,11.7272,22.8725,22.8725
8503,20.175789,41.818908,42.91941,39.61791,22.00995,18.34163,11.7272,22.8725,22.8725
8504,20.175789,41.818908,42.91941,39.61791,22.00995,18.34163,11.7272,22.8725,22.8725
8505,20.175789,41.818908,42.91941,39.61791,22.00995,18.34163,11.7272,22.8725,22.8725
8506,20.175789,41.818908,42.91941,39.61791,22.00995,18.34163,11.7272,22.8725,22.8725
8507,20.175789,41.818908,42.91941,39.61791,22.00995,18.34163,11.7272,22.8725,22.8725
8508,20.175789,41.818908,42.91941,39.61791,22.00995,18.34163,11.7272,22.8725,22.8725
8509,20.175789,41.818908,42.91941,39.61791,22.00995,18.34163,11.7272,22.8725,22.8725
8510,20.175789,41.818908,42.91941,39.61791,22.00995,18.34163,11.7272,22.8725,22.8725
8511,20.175789,41.818908,42.91941,39.61791,22.00995,18.34163,11.7272,22.8725,22.8725
8512,20.175789,41.818908,42.91941,39.61791,22.00995,18.34163,11.7272,22.8725,22.8725
8513,20.175789,41.818908,42.91941,39.61791,22.00995,18.34163,11.7272,22.8725,22.8725
8514,20.175789,41.818908,42.91941,39.61791,22.00995,18.34163,11.7272,22.8725,22.8725
8515,20.175789,41.818908,42.91941,39.61791,22.00995,18.34163,11.7272,22.8725,22.8725
8516,20.175789,41.818908,42.91941,39.61791,22.00995,18.34163,11.7272,22.8725,22.8725
8517,20.175789,41.818908,42.91941,39.61791,22.00995,18.34163,11.7272,22.8725,22.8725
8518,20.175789,41.818908,42.91941,39.61791,22.00995,18.34163,11.7272,22.8725,22.8725
8519,20.175789,41.818908,42.91941,39.61791,22.00995,18.34163,11.7272,22.8725,22.8725
8520,20.175789,41.818908,42.91941,39.61791,22.00995,18.34163,11.7272,22.8725,22.8725
8521,20.175789,41.818908,42.91941,39.61791,22.00995,18.34163,11.7272,22.8725,22.8725
8522,20.175789,41.818908,42.91941,39.61791,22.00995,18.34163,11.7272,22.8725,22.8725
8523,20.175789,41.818908,42.91941,39.61791,22.00995,18.34163,11.7272,22.8725,22.8725
8524,20.175789,41.818908,42.91941,39.61791,22.00995,18.34163,11.7272,22.8725,22.8725
8525,20.175789,41.818908,42.91941,39.61791,22.00995,18.34163,11.7272,22.8725,22.8725
8526,20.175789,41.818908,42.91941,39.61791,22.00995,18.34163,11.7272,22.8725,22.8725
8527,20.175789,41.818908,42.91941,39.61791,22.00995,18.34163,11.7272,22.8725,22.8725
8528,20.175789,41.818908,42.91941,39.61791,22.00995,18.34163,11.7272,22.8725,22.8725
8529,20.175789,41.818908,42.91941,39.61791,22.00995,18.34163,11.7272,22.8725,22.8725
8530,20.175789,41.818908,42.91941,39.61791,22.00995,18.34163,11.7272,22.8725,22.8725
8531,20.175789,41.818908,42.91941,39.61791,22.00995,18.34163,11.7272,22.8725,22.8725
8532,20.175789,41.818908,42.91941,39.61791,22.00995,18.34163,11.7272,22.8725,22.8725
8533,20.175789,41.818908,42.91941,39.61791,22.00995,18.34163,11.7272,22.8725,22.8725
8534,20.175789,41.818908,42.91941,39.61791,22.00995,18.34163,11.7272,22.8725,22.8725
8535,20.175789,41.818908,42.91941,39.61791,22.00995,18.34163,11.7272,22.8725,22.8725
8536,20.175789,41.818908,42.91941,39.61791,22.00995,18.34163,11.7272,22.8725,22.8725
8537,20.175789,41.818908,42.91941,39.61791,22.00995,18.34163,11.7272,22.8725,22.8725
8538,20.175789,41.818908,42.91941,39.61791,22.00995,18.34163,11.7272,22.8725,22.8725
8539,20.175789,41.818908,42.91941,39.61791,22.00995,18.34163,11.7272,22.8725,22.8725
8540,20.175789,41.818908,42.91941,39.61791,22.00995,18.34163,11.7272,22.8725,22.8725
8541,20.175789,41.818908,42.91941,39.61791,22.00995,18.34163,11.7272,22.8725,22.8725
8542,20.175789,41.818908,42.91941,39.61791,22.00995,18.34163,11.7272,22.8725,22.8725
8543,20.175789,41.818908,42.91941,39.61791,22.00995,18.34163,11.7272,22.8725,22.8725
8544,20.175789,41.818908,42.91941,39.61791,22.00995,18.34163,11.7272,22.8725,22.8725
8545,20.175789,41.818908,42.91941,39.61791,22.00995,18.34163,11.7272,22.8725,22.8725
8546,20.175789,41.818908,42.91941,39.61791,22.00995,18.34163,11.7272,22.8725,22.8725
8547,20.175789,41.818908,42.91941,39.61791,22.00995,18.34163,11.7272,22.8725,22.8725
8548,20.175789,41.818908,42.91941,39.61791,22.00995,18.34163,11.7272,22.8725,22.8725
8549,20.175789,41.818908,42.91941,39.61791,22.00995,18.34163,11.7272,22.8725,22.8725
8550,20.175789,41.818908,42.91941,39.61791,22.00995,18.34163,11.7272,22.8725,22.8725
8551,20.175789,41.818908,42.91941,39.61791,22.00995,18.34163,11.7272,22.8725,22.8725
8552,20.175789,41.818908,42.91941,39.61791,22.00995,18.34163,11.7272,22.8725,22.8725
8553,20.175789,41.818908,42.91941,39.61791,22.00995,18.34163,11.7272,22.8725,22.8725
8554,20.175789,41.818908,42.91941,39.61791,22.00995,18.34163,11.7272,22.8725,22.8725
8555,20.175789,41.818908,42.91941,39.61791,22.00995,18.34163,11.7272,22.8725,22.8725
8556,20.175789,41.818908,42.91941,39.61791,22.00995,18.34163,11.7272,22.8725,22.8725
8557,20.175789,41.818908,42.91941,39.61791,22.00995,18.34163,11.7272,22.8725,22.8725
8558,20.175789,41.818908,42.91941,39.61791,22.00995,18.34163,11.7272,22.8725,22.8725
8559,20.175789,41.818908,42.91941,39.61791,22.00995,18.34163,11.7272,22.8725,22.8725
8560,20.175789,41.818908,42.91941,39.61791,22.00995,18.34163,11.7272,22.8725,22.8725
8561,20.175789,41.818908,42.91941,39.61791,22.00995,18.34163,11.7272,22.8725,22.8725
8562,20.175789,41.818908,42.91941,39.61791,22.00995,18.34163,11.7272,22.8725,22.8725
8563,20.175789,41.818908,42.91941,39.61791,22.00995,18.34163,11.7272,22.8725,22.8725
8564,20.175789,41.818908,42.91941,39.61791,22.00995,18.34163,11.7272,22.8725,22.8725
8565,20.175789,41.818908,42.91941,39.61791,22.00995,18.34163,11.7272,22.8725,22.8725
8566,20.175789,41.818908,42.91941,39.61791,22.00995,18.34163,11.7272,22.8725,22.8725
8567,20.175789,41.818908,42.91941,39.61791,22.00995,18.34163,11.7272,22.8725,22.8725
8568,20.175789,41.818908,42.91941,39.61791,22.00995,18.34163,11.7272,22.8725,22.8725
8569,20.175789,41.818908,42.91941,39.61791,22.00995,18.34163,11.7272,22.8725,22.8725
8570,20.175789,41.818908,42.91941,39.61791,22.00995,18.34163,11.7272,22.8725,22.8725
8571,20.175789,41.818908,42.91941,39.61791,22.00995,18.34163,11.7272,22.8725,22.8725
8572,20.175789,41.818908,42.91941,39.61791,22.00995,18.34163,11.7272,22.8725,22.8725
8573,20.175789,41.818908,42.91941,39.61791,22.00995,18.34163,11.7272,22.8725,22.8725
8574,20.175789,41.818908,42.91941,39.61791,22.00995,18.34163,11.7272,22.8725,22.8725
8575,20.175789,41.818908,42.91941,39.61791,22.00995,18.34163,11.7272,22.8725,22.8725
8576,20.175789,41.818908,42.91941,39.61791,22.00995,18.34163,11.7272,22.8725,22.8725
8577,20.175789,41.818908,42.91941,39.61791,22.00995,18.34163,11.7272,22.8725,22.8725
8578,20.175789,41.818908,42.91941,39.61791,22.00995,18.34163,11.7272,22.8725,22.8725
8579,20.175789,41.818908,42.91941,39.61791,22.00995,18.34163,11.7272,22.8725,22.8725
8580,20.175789,41.818908,42.91941,39.61791,22.00995,18.34163,11.7272,22.8725,22.8725
8581,20.175789,41.818908,42.91941,39.61791,22.00995,18.34163,11.7272,22.8725,22.8725
8582,20.175789,41.818908,42.91941,39.61791,22.00995,18.34163,11.7272,22.8725,22.8725
8583,20.175789,41.818908,42.91941,39.61791,22.00995,18.34163,11.7272,22.8725,22.8725
8584,20.175789,41.818908,42.91941,39.61791,22.00995,18.34163,11.7272,22.8725,22.8725
8585,20.175789,41.818908,42.91941,39.61791,22.00995,18.34163,11.7272,22.8725,22.8725
8586,20.175789,41.818908,42.91941,39.61791,22.00995,18.34163,11.7272,22.8725,22.8725
8587,20.175789,41.818908,42.91941,39.61791,22.00995,18.34163,11.7272,22.8725,22.8725
8588,20.175789,41.818908,42.91941,39.61791,22.00995,18.34163,11.7272,22.8725,22.8725
8589,20.175789,41.818908,42.91941,39.61791,22.00995,18.34163,11.7272,22.8725,22.8725
8590,20.175789,41.818908,42.91941,39.61791,22.00995,18.34163,11.7272,22.8725,22.8725
8591,20.175789,41.818908,42.91941,39.61791,22.00995,18.34163,11.7272,22.8725,22.8725
8592,20.175789,41.818908,42.91941,39.61791,22.00995,18.34163,11.7272,22.8725,22.8725
8593,20.175789,41.818908,42.91941,39.61791,22.00995,18.34163,11.7272,22.8725,22.8725
8594,20.175789,41.818908,42.91941,39.61791,22.00995,18.34163,11.7272,22.8725,22.8725
8595,20.175789,41.818908,42.91941,39.61791,22.00995,18.34163,11.7272,22.8725,22.8725
8596,20.175789,41.818908,42.91941,39.61791,22.00995,18.34163,11.7272,22.8725,22.8725
8597,20.175789,41.818908,42.91941,39.61791,22.00995,18.34163,11.7272,22.8725,22.8725
8598,20.175789,41.818908,42.91941,39.61791,22.00995,18.34163,11.7272,22.8725,22.8725
8599,20.175789,41.818908,42.91941,39.61791,22.00995,18.34163,11.7272,22.8725,22.8725
8600,20.175789,41.818908,42.91941,39.61791,22.00995,18.34163,11.7272,22.8725,22.8725
8601,20.175789,41.818908,42.91941,39.61791,22.00995,18.34163,11.7272,22.8725,22.8725
8602,20.175789,41.818908,42.91941,39.61791,22.00995,18.34163,11.7272,22.8725,22.8725
8603,20.175789,41.818908,42.91941,39.61791,22.00995,18.34163,11.7272,22.8725,22.8725
8604,20.175789,41.818908,42.91941,39.61791,22.00995,18.34163,11.7272,22.8725,22.8725
8605,20.175789,41.818908,42.91941,39.61791,22.00995,18.34163,11.7272,22.8725,22.8725
8606,20.175789,41.818908,42.91941,39.61791,22.00995,18.34163,11.7272,22.8725,22.8725
8607,20.175789,41.818908,42.91941,39.61791,22.00995,18.34163,11.7272,22.8725,22.8725
8608,20.175789,41.818908,42.91941,39.61791,22.00995,18.34163,11.7272,22.8725,22.8725
8609,20.175789,41.818908,42.91941,39.61791,22.00995,18.34163,11.7272,22.8725,22.8725
8610,20.175789,41.818908,42.91941,39.61791,22.00995,18.34163,11.7272,22.8725,22.8725
8611,20.175789,41.818908,42.91941,39.61791,22.00995,18.34163,11.7272,22.8725,22.8725
8612,20.175789,41.818908,42.91941,39.61791,22.00995,18.34163,11.7272,22.8725,22.8725
8613,20.175789,41.818908,42.91941,39.61791,22.00995,18.34163,11.7272,22.8725,22.8725
8614,20.175789,41.818908,42.91941,39.61791,22.00995,18.34163,11.7272,22.8725,22.8725
8615,20.175789,41.818908,42.91941,39.61791,22.00995,18.34163,11.7272,22.8725,22.8725
8616,20.175789,41.818908,42.91941,39.61791,22.00995,18.34163,11.7272,22.8725,22.8725
8617,20.175789,41.818908,42.91941,39.61791,22.00995,18.34163,11.7272,22.8725,22.8725
8618,20.175789,41.818908,42.91941,39.61791,22.00995,18.34163,11.7272,22.8725,22.8725
8619,20.175789,41.818908,42.91941,39.61791,22.00995,18.34163,11.7272,22.8725,22.8725
8620,20.175789,41.818908,42.91941,39.61791,22.00995,18.34163,11.7272,22.8725,22.8725
8621,20.175789,41.818908,42.91941,39.61791,22.00995,18.34163,11.7272,22.8725,22.8725
8622,20.175789,41.818908,42.91941,39.61791,22.00995,18.34163,11.7272,22.8725,22.8725
8623,20.175789,41.818908,42.91941,39.61791,22.00995,18.34163,11.7272,22.8725,22.8725
8624,20.175789,41.818908,42.91941,39.61791,22.00995,18.34163,11.7272,22.8725,22.8725
8625,20.175789,41.818908,42.91941,39.61791,22.00995,18.34163,11.7272,22.8725,22.8725
8626,20.175789,41.818908,42.91941,39.61791,22.00995,18.34163,11.7272,22.8725,22.8725
8627,20.175789,41.818908,42.91941,39.61791,22.00995,18.34163,11.7272,22.8725,22.8725
8628,20.175789,41.818908,42.91941,39.61791,22.00995,18.34163,11.7272,22.8725,22.8725
8629,20.175789,41.818908,42.91941,39.61791,22.00995,18.34163,11.7272,22.8725,22.8725
8630,20.175789,41.818908,42.91941,39.61791,22.00995,18.34163,11.7272,22.8725,22.8725
8631,20.175789,41.818908,42.91941,39.61791,22.00995,18.34163,11.7272,22.8725,22.8725
8632,20.175789,41.818908,42.91941,39.61791,22.00995,18.34163,11.7272,22.8725,22.8725
8633,20.175789,41.818908,42.91941,39.61791,22.00995,18.34163,11.7272,22.8725,22.8725
8634,20.175789,41.818908,42.91941,39.61791,22.00995,18.34163,11.7272,22.8725,22.8725
8635,20.175789,41.818908,42.91941,39.61791,22.00995,18.34163,11.7272,22.8725,22.8725
8636,20.175789,41.818908,42.91941,39.61791,22.00995,18.34163,11.7272,22.8725,22.8725
8637,20.175789,41.818908,42.91941,39.61791,22.00995,18.34163,11.7272,22.8725,22.8725
8638,20.175789,41.818908,42.91941,39.61791,22.00995,18.34163,11.7272,22.8725,22.8725
8639,20.175789,41.818908,42.91941,39.61791,22.00995,18.34163,11.7272,22.8725,22.8725
8640,20.175789,41.818908,42.91941,39.61791,22.00995,18.34163,11.7272,22.8725,22.8725
8641,20.175789,41.818908,42.91941,39.61791,22.00995,18.34163,11.7272,22.8725,22.8725
8642,20.175789,41.818908,42.91941,39.61791,22.00995,18.34163,11.7272,22.8725,22.8725
8643,20.175789,41.818908,42.91941,39.61791,22.00995,18.34163,11.7272,22.8725,22.8725
8644,20.175789,41.818908,42.91941,39.61791,22.00995,18.34163,11.7272,22.8725,22.8725
8645,20.175789,41.818908,42.91941,39.61791,22.00995,18.34163,11.7272,22.8725,22.8725
8646,20.175789,41.818908,42.91941,39.61791,22.00995,18.34163,11.7272,22.8725,22.8725
8647,20.175789,41.818908,42.91941,39.61791,22.00995,18.34163,11.7272,22.8725,22.8725
8648,20.175789,41.818908,42.91941,39.61791,22.00995,18.34163,11.7272,22.8725,22.8725
8649,20.175789,41.818908,42.91941,39.61791,22.00995,18.34163,11.7272,22.8725,22.8725
8650,20.175789,41.818908,42.91941,39.61791,22.00995,18.34163,11.7272,22.8725,22.8725
8651,20.175789,41.818908,42.91941,39.61791,22.00995,18.34163,11.7272,22.8725,22.8725
8652,20.175789,41.818908,42.91941,39.61791,22.00995,18.34163,11.7272,22.8725,22.8725
8653,20.175789,41.818908,42.91941,39.61791,22.00995,18.34163,11.7272,22.8725,22.8725
8654,20.175789,41.818908,42.91941,39.61791,22.00995,18.34163,11.7272,22.8725,22.8725
8655,20.175789,41.818908,42.91941,39.61791,22.00995,18.34163,11.7272,22.8725,22.8725
8656,20.175789,41.818908,42.91941,39.61791,22.00995,18.34163,11.7272,22.8725,22.8725
8657,20.175789,41.818908,42.91941,39.61791,22.00995,18.34163,11.7272,22.8725,22.8725
8658,20.175789,41.818908,42.91941,39.61791,22.00995,18.34163,11.7272,22.8725,22.8725
8659,20.175789,41.818908,42.91941,39.61791,22.00995,18.34163,11.7272,22.8725,22.8725
8660,20.175789,41.818908,42.91941,39.61791,22.00995,18.34163,11.7272,22.8725,22.8725
8661,20.175789,41.818908,42.91941,39.61791,22.00995,18.34163,11.7272,22.8725,22.8725
8662,20.175789,41.818908,42.91941,39.61791,22.00995,18.34163,11.7272,22.8725,22.8725
8663,20.175789,41.818908,42.91941,39.61791,22.00995,18.34163,11.7272,22.8725,22.8725
8664,20.175789,41.818908,42.91941,39.61791,22.00995,18.34163,11.7272,22.8725,22.8725
8665,20.175789,41.818908,42.91941,39.61791,22.00995,18.34163,11.7272,22.8725,22.8725
8666,20.175789,41.818908,42.91941,39.61791,22.00995,18.34163,11.7272,22.8725,22.8725
8667,20.175789,41.818908,42.91941,39.61791,22.00995,18.34163,11.7272,22.8725,22.8725
8668,20.175789,41.818908,42.91941,39.61791,22.00995,18.34163,11.7272,22.8725,22.8725
8669,20.175789,41.818908,42.91941,39.61791,22.00995,18.34163,11.7272,22.8725,22.8725
8670,20.175789,41.818908,42.91941,39.61791,22.00995,18.34163,11.7272,22.8725,22.8725
8671,20.175789,41.818908,42.91941,39.61791,22.00995,18.34163,11.7272,22.8725,22.8725
8672,20.175789,41.818908,42.91941,39.61791,22.00995,18.34163,11.7272,22.8725,22.8725
8673,20.175789,41.818908,42.91941,39.61791,22.00995,18.34163,11.7272,22.8725,22.8725
8674,20.175789,41.818908,42.91941,39.61791,22.00995,18.34163,11.7272,22.8725,22.8725
8675,20.175789,41.818908,42.91941,39.61791,22.00995,18.34163,11.7272,22.8725,22.8725
8676,20.175789,41.818908,42.91941,39.61791,22.00995,18.34163,11.7272,22.8725,22.8725
8677,20.175789,41.818908,42.91941,39.61791,22.00995,18.34163,11.7272,22.8725,22.8725
8678,20.175789,41.818908,42.91941,39.61791,22.00995,18.34163,11.7272,22.8725,22.8725
8679,20.175789,41.818908,42.91941,39.61791,22.00995,18.34163,11.7272,22.8725,22.8725
8680,20.175789,41.818908,42.91941,39.61791,22.00995,18.34163,11.7272,22.8725,22.8725
8681,20.175789,41.818908,42.91941,39.61791,22.00995,18.34163,11.7272,22.8725,22.8725
8682,20.175789,41.818908,42.91941,39.61791,22.00995,18.34163,11.7272,22.8725,22.8725
8683,20.175789,41.818908,42.91941,39.61791,22.00995,18.34163,11.7272,22.8725,22.8725
8684,20.175789,41.818908,42.91941,39.61791,22.00995,18.34163,11.7272,22.8725,22.8725
8685,20.175789,41.818908,42.91941,39.61791,22.00995,18.34163,11.7272,22.8725,22.8725
8686,20.175789,41.818908,42.91941,39.61791,22.00995,18.34163,11.7272,22.8725,22.8725
8687,20.175789,41.818908,42.91941,39.61791,22.00995,18.34163,11.7272,22.8725,22.8725
8688,20.175789,41.818908,42.91941,39.61791,22.00995,18.34163,11.7272,22.8725,22.8725
8689,20.175789,41.818908,42.91941,39.61791,22.00995,18.34163,11.7272,22.8725,22.8725
8690,20.175789,41.818908,42.91941,39.61791,22.00995,18.34163,11.7272,22.8725,22.8725
8691,20.175789,41.818908,42.91941,39.61791,22.00995,18.34163,11.7272,22.8725,22.8725
8692,20.175789,41.818908,42.91941,39.61791,22.00995,18.34163,11.7272,22.8725,22.8725
8693,20.175789,41.818908,42.91941,39.61791,22.00995,18.34163,11.7272,22.8725,22.8725
8694,20.175789,41.818908,42.91941,39.61791,22.00995,18.34163,11.7272,22.8725,22.8725
8695,20.175789,41.818908,42.91941,39.61791,22.00995,18.34163,11.7272,22.8725,22.8725
8696,20.175789,41.818908,42.91941,39.61791,22.00995,18.34163,11.7272,22.8725,22.8725
8697,20.175789,41.818908,42.91941,39.61791,22.00995,18.34163,11.7272,22.8725,22.8725
8698,20.175789,41.818908,42.91941,39.61791,22.00995,18.34163,11.7272,22.8725,22.8725
8699,20.175789,41.818908,42.91941,39.61791,22.00995,18.34163,11.7272,22.8725,22.8725
8700,20.175789,41.818908,42.91941,39.61791,22.00995,18.34163,11.7272,22.8725,22.8725
8701,20.175789,41.818908,42.91941,39.61791,22.00995,18.34163,11.7272,22.8725,22.8725
8702,20.175789,41.818908,42.91941,39.61791,22.00995,18.34163,11.7272,22.8725,22.8725
8703,20.175789,41.818908,42.91941,39.61791,22.00995,18.34163,11.7272,22.8725,22.8725
8704,20.175789,41.818908,42.91941,39.61791,22.00995,18.34163,11.7272,22.8725,22.8725
8705,20.175789,41.818908,42.91941,39.61791,22.00995,18.34163,11.7272,22.8725,22.8725
8706,20.175789,41.818908,42.91941,39.61791,22.00995,18.34163,11.7272,22.8725,22.8725
8707,20.175789,41.818908,42.91941,39.61791,22.00995,18.34163,11.7272,22.8725,22.8725
8708,20.175789,41.818908,42.91941,39.61791,22.00995,18.34163,11.7272,22.8725,22.8725
8709,20.175789,41.818908,42.91941,39.61791,22.00995,18.34163,11.7272,22.8725,22.8725
8710,20.175789,41.818908,42.91941,39.61791,22.00995,18.34163,11.7272,22.8725,22.8725
8711,20.175789,41.818908,42.91941,39.61791,22.00995,18.34163,11.7272,22.8725,22.8725
8712,20.175789,41.818908,42.91941,39.61791,22.00995,18.34163,11.7272,22.8725,22.8725
8713,20.175789,41.818908,42.91941,39.61791,22.00995,18.34163,11.7272,22.8725,22.8725
8714,20.175789,41.818908,42.91941,39.61791,22.00995,18.34163,11.7272,22.8725,22.8725
8715,20.175789,41.818908,42.91941,39.61791,22.00995,18.34163,11.7272,22.8725,22.8725
8716,20.175789,41.818908,42.91941,39.61791,22.00995,18.34163,11.7272,22.8725,22.8725
8717,20.175789,41.818908,42.91941,39.61791,22.00995,18.34163,11.7272,22.8725,22.8725
8718,20.175789,41.818908,42.91941,39.61791,22.00995,18.34163,11.7272,22.8725,22.8725
8719,20.175789,41.818908,42.91941,39.61791,22.00995,18.34163,11.7272,22.8725,22.8725
8720,20.175789,41.818908,42.91941,39.61791,22.00995,18.34163,11.7272,22.8725,22.8725
8721,20.175789,41.818908,42.91941,39.61791,22.00995,18.34163,11.7272,22.8725,22.8725
8722,20.175789,41.818908,42.91941,39.61791,22.00995,18.34163,11.7272,22.8725,22.8725
8723,20.175789,41.818908,42.91941,39.61791,22.00995,18.34163,11.7272,22.8725,22.8725
8724,20.175789,41.818908,42.91941,39.61791,22.00995,18.34163,11.7272,22.8725,22.8725
8725,20.175789,41.818908,42.91941,39.61791,22.00995,18.34163,11.7272,22.8725,22.8725
8726,20.175789,41.818908,42.91941,39.61791,22.00995,18.34163,11.7272,22.8725,22.8725
8727,20.175789,41.818908,42.91941,39.61791,22.00995,18.34163,11.7272,22.8725,22.8725
8728,20.175789,41.818908,42.91941,39.61791,22.00995,18.34163,11.7272,22.8725,22.8725
8729,20.175789,41.818908,42.91941,39.61791,22.00995,18.34163,11.7272,22.8725,22.8725
8730,20.175789,41.818908,42.91941,39.61791,22.00995,18.34163,11.7272,22.8725,22.8725
8731,20.175789,41.818908,42.91941,39.61791,22.00995,18.34163,11.7272,22.8725,22.8725
8732,20.175789,41.818908,42.91941,39.61791,22.00995,18.34163,11.7272,22.8725,22.8725
8733,20.175789,41.818908,42.91941,39.61791,22.00995,18.34163,11.7272,22.8725,22.8725
8734,20.175789,41.818908,42.91941,39.61791,22.00995,18.34163,11.7272,22.8725,22.8725
8735,20.175789,41.818908,42.91941,39.61791,22.00995,18.34163,11.7272,22.8725,22.8725
8736,20.175789,41.818908,42.91941,39.61791,22.00995,18.34163,11.7272,22.8725,22.8725
8737,20.175789,41.818908,42.91941,39.61791,22.00995,18.34163,11.7272,22.8725,22.8725
8738,20.175789,41.818908,42.91941,39.61791,22.00995,18.34163,11.7272,22.8725,22.8725
8739,20.175789,41.818908,42.91941,39.61791,22.00995,18.34163,11.7272,22.8725,22.8725
8740,20.175789,41.818908,42.91941,39.61791,22.00995,18.34163,11.7272,22.8725,22.8725
8741,20.175789,41.818908,42.91941,39.61791,22.00995,18.34163,11.7272,22.8725,22.8725
8742,20.175789,41.818908,42.91941,39.61791,22.00995,18.34163,11.7272,22.8725,22.8725
8743,20.175789,41.818908,42.91941,39.61791,22.00995,18.34163,11.7272,22.8725,22.8725
8744,20.175789,41.818908,42.91941,39.61791,22.00995,18.34163,11.7272,22.8725,22.8725
8745,20.175789,41.818908,42.91941,39.61791,22.00995,18.34163,11.7272,22.8725,22.8725
8746,20.175789,41.818908,42.91941,39.61791,22.00995,18.34163,11.7272,22.8725,22.8725
8747,20.175789,41.818908,42.91941,39.61791,22.00995,18.34163,11.7272,22.8725,22.8725
8748,20.175789,41.818908,42.91941,39.61791,22.00995,18.34163,11.7272,22.8725,22.8725
8749,20.175789,41.818908,42.91941,39.61791,22.00995,18.34163,11.7272,22.8725,22.8725
8750,20.175789,41.818908,42.91941,39.61791,22.00995,18.34163,11.7272,22.8725,22.8725
8751,20.175789,41.818908,42.91941,39.61791,22.00995,18.34163,11.7272,22.8725,22.8725
8752,20.175789,41.818908,42.91941,39.61791,22.00995,18.34163,11.7272,22.8725,22.8725
8753,20.175789,41.818908,42.91941,39.61791,22.00995,18.34163,11.7272,22.8725,22.8725
8754,20.175789,41.818908,42.91941,39.61791,22.00995,18.34163,11.7272,22.8725,22.8725
8755,20.175789,41.818908,42.91941,39.61791,22.00995,18.34163,11.7272,22.8725,22.8725
8756,20.175789,41.818908,42.91941,39.61791,22.00995,18.34163,11.7272,22.8725,22.8725
8757,20.175789,41.818908,42.91941,39.61791,22.00995,18.34163,11.7272,22.8725,22.8725
8758,20.175789,41.818908,42.91941,39.61791,22.00995,18.34163,11.7272,22.8725,22.8725
8759,20.175789,41.818908,42.91941,39.61791,22.00995,18.34163,11.7272,22.8725,22.8725
8760,20.175789,41.818908,42.91941,39.61791,22.00995,18.34163,11.7272,22.8725,22.8725
