Time_Index,elec_demand_SE,elec_demand_S,elec_demand_NE,elec_demand_N,Demand_Zero
1,34746.95928,12478.73748,24684.91212,11788.97544,0
2,34296.74556,13176.57132,25031.59956,11764.89864,0
3,33967.36596,12533.81052,25851.41196,11753.70372,0
4,33051.8892,12340.55988,25646.75388,11775.93516,0
5,31860.08892,11705.86692,26255.19864,11708.42904,0
6,30425.51292,11565.59844,26367.41844,10576.09872,0
7,31330.83096,11944.1982,25554.19548,8732.35308,0
8,34584.81444,10850.82636,23930.23248,7945.14072,0
9,37457.09352,11485.122,20298.32112,7733.1672,0
10,40321.93836,11737.8294,17695.89756,8183.2344,0
11,42332.85276,12637.50444,16340.1282,8539.40604,0
12,42474.02676,13848.70872,16380.43044,8639.27328,0
13,41713.3464,13916.38116,16375.21116,8599.88316,0
14,40827.30432,13577.80512,16580.34312,8433.04308,0
15,39495.1656,13646.952,18218.3232,8231.53056,0
16,38963.78244,14114.38248,20434.45536,7940.71476,0
17,39159.45,15576.54912,21473.0538,8058.17892,0
18,40346.42172,16388.4006,20503.55076,9739.47744,0
19,41180.56668,16114.2366,22868.03376,12209.28192,0
20,43286.39304,16104.84348,24974.80524,14717.0364,0
21,43599.4746,15929.18448,25077.29928,15808.59984,0
22,43864.7088,15067.90032,24851.23344,16480.8666,0
23,43064.81916,14155.68264,24862.18284,16552.91616,0
24,41702.3442,11813.96568,25379.59908,16313.94204,0
25,41808.56592,10000.353,24923.84136,14478.3672,0
26,40825.86156,10172.44272,24875.03832,11662.23432,0
27,40145.8464,9606.8676,25543.11144,9887.14188,0
28,39335.04432,9186.16512,25617.99372,9452.55168,0
29,39083.16852,9455.39364,24914.33076,9444.24492,0
30,39227.20296,9410.83836,25261.88544,8897.13924,0
31,40070.00052,10203.95244,27299.41104,7815.4626,0
32,42458.45736,11010.16224,30278.6814,7799.77704,0
33,46192.52616,11847.37092,30303.40236,8019.6732,0
34,49293.13356,13571.81892,27657.36732,8564.10324,0
35,52333.5252,14643.22332,27095.36412,8814.13896,0
36,54703.59444,15754.70028,25759.899,8822.46288,0
37,55576.59624,16070.13672,24327.04956,8697.06552,0
38,56077.99428,17056.9476,24376.85712,8991.89544,0
39,57277.02684,15782.7714,25210.74732,10476.66048,0
40,57116.84616,15020.53608,25190.84832,11722.9596,0
41,56339.09424,14849.47728,24440.62236,13496.24364,0
42,51401.27124,15814.79988,23430.24024,16299.62928,0
43,49716.53412,15516.61584,24069.31428,17854.78464,0
44,50084.09208,15211.67868,27219.25404,20225.26044,0
45,49504.83912,14974.00344,28328.92788,20873.55996,0
46,49031.33532,14933.86224,28710.1914,20604.7974,0
47,47525.52156,14983.16424,27863.27412,20004.26868,0
48,45192.17604,13633.1844,27058.91496,19865.35584,0
49,41244.73716,12527.82036,27014.62632,19740.69504,0
50,39353.93352,11185.97964,27567.98352,18208.37964,0
51,38957.74212,10470.999,28043.75376,15663.86184,0
52,38815.49628,10188.07152,27861.65712,14417.50332,0
53,38727.19224,10203.68052,27285.37284,14203.6752,0
54,39106.90872,10976.47056,26836.65996,12697.70304,0
55,41995.2984,11653.72428,27561.58812,9885.82452,0
56,44833.1334,12852.65916,30216.17544,8150.967,0
57,47754.63924,14499.23904,30982.68492,7933.00728,0
58,50866.52736,15333.91068,29355.31896,8314.3764,0
59,53297.7522,16591.39284,27685.74072,8623.43856,0
60,55482.73368,17111.6946,26145.64656,8684.44896,0
61,56678.87676,16934.08068,24861.17304,8609.172,0
62,57821.34732,16573.42632,25025.08272,9954.83016,0
63,57396.67692,18614.14236,24434.5398,11208.41172,0
64,56616.41832,19067.9412,23085.79284,12495.93972,0
65,54793.86,19776.36276,21773.95044,14162.93076,0
66,52827.6672,19053.42384,21649.97208,15229.57128,0
67,51063.00276,17390.08524,23066.78352,17083.08888,0
68,51959.85168,15883.22472,25696.44396,19378.44348,0
69,52808.36352,15404.334,26010.04428,20198.48688,0
70,52565.75544,14989.17288,26158.04664,19970.51232,0
71,51580.56684,14581.65984,25934.8518,19631.33964,0
72,49037.98284,13568.36844,25657.66368,19381.66164,0
73,45095.87148,13011.46044,24854.37768,19723.8228,0
74,43484.73228,12844.60056,23302.90248,18446.2806,0
75,42205.85028,12772.122,22500.39,17228.70072,0
76,41467.83168,12594.5226,22141.57572,16347.55716,0
77,41333.43456,12675.1152,21366.2724,15881.21964,0
78,41325.0222,12833.11656,19845.56772,15322.5072,0
79,41805.88104,12359.47152,21088.09296,13936.58904,0
80,44660.43252,11761.60128,25153.12668,10175.6952,0
81,47169.10704,12956.65536,26041.72956,7754.7822,0
82,48773.29248,14882.90892,25049.99904,8030.28204,0
83,49697.52876,15686.76912,25029.60372,8508.7266,0
84,50041.50624,16420.8,25112.16048,8321.31168,0
85,49644.57168,16713.6552,24593.5206,8323.69428,0
86,50653.39356,17057.50464,24114.55728,8258.96808,0
87,51123.57756,16575.96996,24260.73408,8448.10428,0
88,51319.69524,15899.44488,23040.53004,9292.89108,0
89,50644.39116,15341.9442,22538.17764,11252.2806,0
90,49806.2136,14946.21084,23328.77976,13910.39232,0
91,49490.95272,17107.16436,23455.68192,16440.49176,0
92,49752.13848,17539.27164,25576.84008,18451.55268,0
93,51100.72044,16998.06372,24944.6934,18733.52316,0
94,50706.63972,16486.56504,23656.22688,18516.267,0
95,48938.0892,16441.30752,23035.42428,17292.74976,0
96,47374.437,15698.65704,21944.47728,17181.39852,0
97,45476.09352,15029.29956,20566.2336,16779.97332,0
98,44535.14076,14257.37412,19043.96604,15853.42704,0
99,43549.46508,12790.01064,19021.91016,15356.21472,0
100,43142.98428,11375.55936,19246.16892,14976.99984,0
101,43270.28772,11423.30508,18447.39204,14104.10364,0
102,42923.01156,11293.19004,18638.19672,11696.40384,0
103,40937.08608,11716.2408,21356.98356,9061.11756,0
104,40550.36832,11987.57604,22899.94344,7424.32284,0
105,42763.30212,11859.64824,21438.26388,7554.85896,0
106,45303.26592,12125.45796,19297.3506,7859.60472,0
107,47102.58432,13507.692,18088.55532,8138.08116,0
108,48314.77596,14377.51656,18312.38244,8196.68256,0
109,48383.93076,14474.46792,18473.90952,8064.33804,0
110,47329.0026,13868.73972,19234.50012,8126.79252,0
111,46593.83784,13148.26656,20196.6402,8130.87396,0
112,46826.78748,11969.95536,21942.29664,8338.8294,0
113,48445.97736,13011.14496,20840.26824,9080.6364,0
114,48434.28348,15549.28452,20303.9298,11252.68056,0
115,47895.46608,16512.53604,21075.25464,15679.73352,0
116,49287.86412,15967.9278,22747.30788,18115.35396,0
117,50381.7996,15825.348,22338.82596,19497.3372,0
118,50320.2612,15970.10976,21485.52516,19454.20092,0
119,50084.98176,16131.19464,20520.84936,18925.03008,0
120,49443.23076,16026.30348,19691.7468,16806.58716,0
121,47282.21388,15994.40172,18451.19892,15692.50452,0
122,46133.93796,16169.58552,17019.61932,14450.42544,0
123,45170.73528,15888.0018,16681.85244,13350.48528,0
124,44530.95372,16538.30772,16473.24228,11802.51996,0
125,44398.13532,16602.0756,16278.84324,11684.33772,0
126,44588.33016,16317.45588,16266.14616,11879.69112,0
127,46566.2538,16940.41536,17661.07992,10984.20708,0
128,51424.02144,15930.82788,22527.08964,9176.14368,0
129,54499.58976,16972.83588,25868.22216,8250.28116,0
130,57146.1924,17472.02952,26625.80976,8089.818,0
131,60096.97188,18010.05888,26953.33608,8339.4036,0
132,60799.36632,18858.18528,26960.59872,8391.91584,0
133,59744.07516,18961.20468,26153.9784,8484.31452,0
134,60153.81108,20981.62308,25102.16148,9604.37148,0
135,59763.66396,21675.05868,24477.15468,11920.92132,0
136,57861.83436,23418.75888,22784.27976,13804.46364,0
137,58957.06608,21780.57156,20953.82256,15713.05164,0
138,58003.58256,19587.56052,19508.0688,15861.681,0
139,55074.69792,19808.04144,19676.71596,17646.10188,0
140,56861.61228,19818.45096,19742.10348,20752.97796,0
141,58162.31124,19940.82816,19387.93032,21680.01,0
142,58659.97368,20028.57648,17647.80204,22486.84416,0
143,57284.00172,19738.63056,16334.61324,22151.33976,0
144,55661.04456,19533.48144,14868.30708,19907.95224,0
145,52511.91396,19283.71764,13636.82364,18610.29324,0
146,50435.08404,18347.38752,13010.0784,17645.57784,0
147,49335.5742,16475.08764,11907.10488,17831.583,0
148,49296.786,15500.23728,11341.96932,17695.24944,0
149,48884.27808,15259.30824,11904.17976,17163.68676,0
150,48612.63792,15354.26508,12790.92408,16213.29072,0
151,50183.9844,15563.70156,14389.13388,15370.14732,0
152,52666.80144,16770.23304,18056.85816,15293.17812,0
153,56374.60884,17381.70456,21285.02772,14399.09724,0
154,59135.79804,16855.91292,22916.388,14204.15832,0
155,60734.25204,17574.63708,23300.9898,13904.03916,0
156,61226.06952,18272.40624,23372.09952,13507.6392,0
157,59601.67356,18223.32468,23507.96448,13462.6206,0
158,60260.27964,18956.42892,23544.02292,14955.4086,0
159,59801.8542,21418.52196,23023.05852,15116.8512,0
160,59055.01404,22196.72532,23027.08716,14671.13208,0
161,59499.37884,21784.8048,21540.48072,15683.0652,0
162,56963.12292,19017.24528,21228.04332,16680.40836,0
163,54354.02808,17789.85516,21752.58096,17949.00096,0
164,55191.49284,17701.94712,21838.2252,21594.80664,0
165,57720.50856,18305.23332,20210.45664,22077.22572,0
166,58202.2452,19163.78904,19065.5586,21941.9112,0
167,56956.55592,19954.60236,17394.13368,21163.71444,0
168,54920.03088,19874.73312,14873.3508,20572.99332,0
169,53239.59696,18863.14452,13381.698,19099.5024,0
170,52424.8428,17311.2522,12231.28764,18186.20496,0
171,51126.70992,15438.26724,12432.89652,17342.87808,0
172,49543.95732,15364.07664,12467.8752,17135.0454,0
173,49222.44756,15889.65048,12024.99144,16746.28956,0
174,49508.21436,16531.0992,11831.68272,16286.72628,0
175,51438.11904,17823.00168,12659.22768,15260.96352,0
176,53295.14652,18882.57756,16169.00604,15462.75192,0
177,55404.13956,20154.40812,18289.81176,16189.78284,0
178,58056.11856,19757.66232,19828.83276,15583.4184,0
179,59411.58828,20365.48536,20529.91248,16237.49556,0
180,60247.98252,20323.43544,21521.97828,16170.99,0
181,60357.50028,19662.39792,21497.92788,15529.74984,0
182,61648.44048,20986.27872,20882.44884,16879.566,0
183,63629.10312,20857.47444,20502.8604,17551.40508,0
184,63946.34268,20252.45376,19808.60244,17995.44912,0
185,63617.42376,20542.12116,18068.86752,17994.20436,0
186,60224.7492,19110.47028,17458.0956,18392.352,0
187,58383.47724,17552.54952,18267.40608,20700.6426,0
188,58614.85872,18073.9284,19351.46928,22905.24456,0
189,58905.09768,18946.80612,18828.7638,23060.20068,0
190,59886.18636,18997.00044,17519.00964,23158.31496,0
191,59434.07976,18992.73684,15039.62856,22864.644,0
192,56053.39212,19024.39968,13467.9204,22375.74636,0
193,52571.30472,18885.53436,12245.04072,20155.60008,0
194,50512.40964,18393.58224,11819.69316,18424.42272,0
195,48719.21208,17526.54816,12068.6148,17131.5078,0
196,47361.42312,16791.24084,12791.55504,16573.74444,0
197,46450.66536,16177.84212,13826.54988,16693.59384,0
198,46357.7598,15672.60156,14194.9698,17360.76276,0
199,48196.56072,16132.95288,14803.09908,17579.70852,0
200,50737.48284,16207.2108,18819.34824,17983.15596,0
201,53494.22496,17590.7622,21092.82912,17917.50312,0
202,55973.3724,18009.64704,21995.90184,17573.87544,0
203,59268.7854,18356.98788,23011.04388,15551.65788,0
204,59892.19764,17740.61784,24938.36268,14557.30584,0
205,60121.88028,16323.15432,25196.70384,13561.83972,0
206,60431.88228,19151.32296,23861.21628,14926.74744,0
207,60132.17628,20509.29144,23530.94436,17322.31908,0
208,59012.11272,19830.40356,23628.34848,18394.08648,0
209,59472.6792,19265.71944,22014.09144,18172.90068,0
210,58011.0894,17128.2144,20916.76752,18212.36736,0
211,56763.15612,16610.8008,19520.89392,20596.73616,0
212,58747.97412,18241.7466,18774.49332,22158.45588,0
213,59565.75768,18144.22896,17980.24536,23470.18476,0
214,59630.274,18843.55704,16796.901,23425.8486,0
215,57673.52844,19039.93608,15498.1464,23075.13252,0
216,56330.10768,18505.9182,13813.81584,21397.11024,0
217,53203.3128,18574.23612,12086.97204,19753.8594,0
218,51135.00084,16836.35316,11059.6464,18694.77984,0
219,49446.78288,15648.86004,10277.28768,18666.549,0
220,48409.80276,15840.40524,9676.04616,18570.70776,0
221,48216.62868,16063.99476,9391.84884,18493.89564,0
222,48218.53476,16189.404,9511.06068,18337.11528,0
223,50023.76412,15987.57864,11578.8552,17796.94092,0
224,53319.01212,16763.51424,15056.73048,17759.88456,0
225,56431.2804,17492.53308,18570.33024,17060.9076,0
226,57183.819,18315.43428,21617.9436,15027.6588,0
227,57543.33288,20029.17048,24179.02212,14656.97376,0
228,58465.74492,20615.24916,24688.51308,14340.31368,0
229,57482.92968,19991.91084,24877.65852,13978.48584,0
230,58710.45048,20539.3584,24983.52516,14347.83504,0
231,59435.63472,21031.42008,24319.85028,14921.48856,0
232,58678.91304,20296.72524,23864.9334,16778.87112,0
233,58921.00764,17688.04752,22273.86348,18162.33804,0
234,56508.243,16310.60904,20439.29976,19739.67336,0
235,53862.59076,16491.11508,19826.1096,22331.892,0
236,56625.87348,17732.4246,18355.39068,24478.212,0
237,56716.82544,18485.7948,16851.5226,25706.71224,0
238,56949.2154,18431.36724,15679.23984,25649.80704,0
239,56321.52504,18108.34344,14816.42052,24075.11568,0
240,54911.95116,17391.66,13558.1226,22817.17944,0
241,52611.11196,16691.13996,13034.79144,20786.80164,0
242,50862.94884,13721.31552,12978.49608,20504.82456,0
243,49170.48972,12151.04616,12245.22684,20472.62448,0
244,47894.68992,12693.36552,11846.74524,19496.47128,0
245,47518.63908,13097.99832,11184.47748,19033.05096,0
246,47632.53132,12641.76804,11231.5236,18178.20048,0
247,49116.4542,12031.52808,12944.51796,16650.41796,0
248,52162.18128,12531.54012,15569.88708,13627.11504,0
249,53437.99296,13287.55428,19245.0258,11423.62716,0
250,56356.61988,11874.72924,22329.88692,10402.36164,0
251,56212.72404,12222.91092,24498.14004,10241.03256,0
252,56137.77312,13916.68872,24578.36304,10374.02388,0
253,55743.798,14660.316,24156.9108,10487.7894,0
254,56553.43584,14096.18364,23500.18044,10715.87088,0
255,57650.11692,12997.04208,22155.12684,10896.06012,0
256,57571.12548,12572.73732,21494.2662,11032.593,0
257,56974.37592,13806.97824,19826.29044,12379.6662,0
258,55662.68004,14644.70964,17282.2716,15430.49508,0
259,56652.90576,15244.81068,16718.14188,18079.57404,0
260,59479.47456,15952.46532,15844.22004,20503.74216,0
261,59641.88472,15637.182,15109.06848,21175.7436,0
262,58152.68448,15037.42152,15083.442,20324.50332,0
263,56406.46572,15235.94952,14750.68584,18803.47128,0
264,54672.22068,14629.1574,13664.63472,18644.19876,0
265,51630.98952,14336.7642,12060.84528,18166.5924,0
266,49590.90708,13693.0596,10710.91428,18148.67076,0
267,47478.02136,13470.04824,10242.03972,18138.87504,0
268,45980.92752,11761.5168,11459.17212,18019.38468,0
269,45143.93664,11320.88628,11388.91908,18103.75644,0
270,45100.50732,10788.0366,11488.79028,16534.25136,0
271,45526.11492,10439.14476,12653.09232,14052.08508,0
272,47518.98756,8805.1854,15258.8238,12204.18144,0
273,47513.0898,8755.79364,18815.84364,10407.35916,0
274,46383.33876,10956.98604,18830.37156,9609.09972,0
275,47108.86884,11924.98164,18540.83748,9674.15988,0
276,48360.93372,12476.44728,18975.49368,9704.55552,0
277,48566.133,12447.56172,19332.15372,9666.096,0
278,48768.96684,12130.53732,19267.6374,9830.238,0
279,49892.83992,10772.16228,18342.34248,11086.28532,0
280,51008.1726,10625.48124,16806.08952,10985.66172,0
281,53136.38352,10358.18388,14133.95412,12353.55264,0
282,52677.56868,11357.33808,13846.53468,15507.1884,0
283,52088.3154,13639.56132,15242.68284,17182.80168,0
284,54482.439,15141.60252,15749.12856,17916.822,0
285,55494.69948,16135.93476,14469.97728,18866.09736,0
286,55461.7008,16454.4006,13069.21044,18979.488,0
287,54528.66408,15985.22244,12438.56988,18898.15092,0
288,51448.91136,15890.787,12400.51956,18193.86096,0
289,49510.24056,12929.79336,11817.78444,19298.57424,0
290,47448.9708,8388.47724,12149.66676,22020.46704,0
291,46817.30724,5506.76544,12660.714,23042.27772,0
292,45166.54824,6769.917,12296.29764,22282.90812,0
293,45311.92248,6863.56836,11900.48904,22241.7096,0
294,45147.8808,7615.54596,12313.53288,22439.80992,0
295,46488.03984,9041.9076,13814.81904,21782.6004,0
296,50326.65924,11130.3588,16017.7116,21614.68848,0
297,54464.5464,12997.49616,19334.60892,18983.67768,0
298,57465.7314,15121.90812,19476.40464,16641.5106,0
299,59156.14056,17611.39776,19184.03256,16837.45008,0
300,59868.5802,17330.90568,20292.50652,16448.8302,0
301,58704.82068,17974.24332,19570.69224,16766.54628,0
302,60357.20196,19202.24196,19894.75224,17933.03688,0
303,61150.17744,19101.55896,19290.41268,19703.7786,0
304,61009.25424,18351.14556,16504.8774,23095.00776,0
305,58971.83688,20284.92708,13655.9016,24957.78384,0
306,55696.59876,19366.0566,12224.00124,25870.76712,0
307,55452.08064,18449.93172,12414.84816,25775.9766,0
308,59332.06356,19556.46924,12455.76024,25755.40044,0
309,61026.10932,19697.36868,12470.33832,25632.51108,0
310,60325.01904,19860.46524,12376.90344,25630.66968,0
311,57707.51844,19572.54024,11319.825,25599.04644,0
312,54173.75832,17664.25848,10831.77348,25626.7836,0
313,52426.5654,14781.98964,10133.6664,24338.59824,0
314,51103.5888,12993.06888,9456.33744,23424.88236,0
315,50537.60712,10528.35828,9194.51544,23380.65576,0
316,49355.93916,9596.53464,9272.04828,22752.14832,0
317,49878.09948,9497.71944,8451.20232,22963.08168,0
318,49928.53668,11151.14484,8129.50116,22241.87592,0
319,52107.6666,12617.81004,9845.09064,20372.08272,0
320,56793.47652,14334.76044,12502.56084,19532.18784,0
321,58981.38312,15896.57256,16041.6564,18722.27412,0
322,60072.2232,16095.75132,18932.76924,17176.49472,0
323,59212.4148,18161.96184,20457.17652,16032.8982,0
324,58667.65608,19468.51104,20956.55364,15331.008,0
325,57832.90524,18662.42136,21807.2646,15723.5562,0
326,61479.08448,19300.69812,20596.85892,16563.3798,0
327,61516.9896,20265.71976,20393.27268,18082.85556,0
328,60939.37212,20123.36436,18618.90096,20606.5662,0
329,59306.42784,19994.94684,16095.03456,23983.32948,0
330,56503.45008,19431.86388,14077.88184,24293.96772,0
331,55838.40108,17881.50672,15131.43588,24016.12488,0
332,58720.25412,19396.6608,14325.94812,25271.20332,0
333,58207.04076,20922.01848,14134.2234,25409.4786,0
334,57525.7716,20377.50792,14172.92976,25427.45304,0
335,55866.56856,18348.00528,14110.75908,25205.27724,0
336,52917.27672,16391.59236,12528.42756,24799.46568,0
337,50388.50916,14554.38996,12185.52852,23231.27532,0
338,49474.93716,10885.82484,13248.78456,22479.00864,0
339,49231.91064,9023.70612,12683.8536,22214.17968,0
340,48804.42072,8679.53724,11579.75676,21530.50152,0
341,48717.67428,8807.3766,11498.46984,21504.87108,0
342,48231.18564,11085.5184,11322.07428,20943.82224,0
343,49847.6352,11949.828,12291.59184,20729.98884,0
344,53336.0718,14792.7582,14187.70716,20528.41296,0
345,55323.96276,17313.80904,16639.45932,19186.7808,0
346,56435.06748,18106.17204,18617.1348,16734.38184,0
347,58442.16708,18601.73172,19700.4126,15795.46584,0
348,58317.29244,19220.84604,20891.58588,15624.88488,0
349,58681.77744,19064.20296,19965.43692,15505.70208,0
350,60601.57488,20456.49672,18561.16284,16642.60356,0
351,60220.74168,21079.48392,17576.59992,20182.53996,0
352,60658.85364,20220.31044,16120.38648,23130.3468,0
353,62452.81944,20618.6508,12560.46792,23727.48576,0
354,59303.46708,19988.20956,10629.696,23924.07204,0
355,57744.0468,20372.7216,10857.22176,25199.55108,0
356,59716.27068,21032.1012,11548.26288,26028.75,0
357,60402.75252,21073.64028,11186.32548,26358.28404,0
358,60481.86276,21198.7974,10285.10604,26361.87312,0
359,59199.76392,21113.2482,8769.04908,26326.42188,0
360,55267.90896,19710.10404,8154.42672,26187.36912,0
361,53418.1692,16226.26236,7546.03212,25706.05488,0
362,52957.43772,12511.488,7449.94668,25422.78948,0
363,52638.80028,10186.0902,7469.19492,24792.3258,0
364,51978.82536,9497.2944,7578.90936,23209.7844,0
365,51077.05416,9709.8606,7722.35376,23674.46136,0
366,51312.44052,9581.76648,8415.84348,23829.96924,0
367,52029.01176,11326.36956,10035.14028,22731.50484,0
368,54287.64396,14380.0536,13119.84432,22071.3636,0
369,56355.90708,17434.39896,16341.3954,20698.8276,0
370,57154.21932,19624.00572,18059.7054,19991.0106,0
371,58796.3442,20564.5242,19848.15096,18570.79752,0
372,61239.91896,21317.17104,20272.08744,16895.37564,0
373,60802.55148,20622.99756,20686.10676,14916.66792,0
374,61559.52528,20995.0686,21622.67844,15644.51988,0
375,62176.60416,21469.26276,21696.9192,17024.36472,0
376,61728.08928,21070.11588,21974.09808,18360.41988,0
377,58610.33772,20758.56288,22144.50084,20518.80204,0
378,54647.38224,19997.61588,19938.13536,21816.04788,0
379,54381.82068,18282.9306,20348.62236,23209.58376,0
380,56241.70068,19842.88944,20179.31784,24854.72748,0
381,56914.16808,20269.9596,19659.4728,24859.3554,0
382,57119.21424,20508.34896,19219.068,23665.70448,0
383,54007.11228,20241.77364,18409.66644,24442.29084,0
384,50750.43864,19611.70332,17298.12084,23326.32852,0
385,49715.5692,16279.7316,15473.20764,23700.54192,0
386,49983.84732,12609.82668,14705.34912,23800.10952,0
387,49049.71632,10626.02904,14120.469,23914.671,0
388,48821.31804,9867.46332,13642.85736,23051.81868,0
389,48154.00656,9804.3528,13737.32976,23162.83332,0
390,48428.4636,9768.05544,14586.25212,23373.42744,0
391,50588.44296,11170.26768,17137.21416,20577.95784,0
392,54712.68264,13891.77636,21972.02832,15878.32488,0
393,57660.56736,16979.82528,25055.43744,12967.71432,0
394,57851.96868,19823.12772,25308.11052,12942.22776,0
395,60060.92532,20718.27252,24685.04016,13192.23048,0
396,61063.81512,21566.92032,23453.01816,12088.03464,0
397,60367.3026,21567.92352,23031.41412,11185.13484,0
398,60790.9566,21393.65316,22531.71096,14028.39636,0
399,61632.9978,19977.13344,22629.77508,17535.15588,0
400,59880.83376,20211.02292,22995.69096,19128.351,0
401,57336.95748,20150.625,22863.7992,20174.14212,0
402,54808.75092,19585.26108,21867.80112,21009.43812,0
403,52917.53016,19205.07336,21898.47264,22483.54812,0
404,55233.8952,19591.73832,24104.68368,22431.12696,0
405,55052.42292,19646.60412,25584.50532,21235.9554,0
406,53100.01752,19841.19324,26409.2928,21005.76324,0
407,51196.75704,18888.28392,26466.79464,20690.17896,0
408,50454.15276,16356.78528,24732.98124,20874.23448,0
409,48656.37348,14036.96052,22388.322,21865.19016,0
410,45511.33884,12586.20528,21211.64892,22278.79764,0
411,43890.7788,11159.61264,20962.4316,22372.31964,0
412,42239.28588,10954.0662,21851.53212,21036.68556,0
413,41777.88384,11544.51408,21479.9244,19948.14888,0
414,41943.7326,11432.36028,20708.20752,19465.02888,0
415,44535.63972,10534.02636,21567.72552,17652.79296,0
416,48466.76208,10978.28028,23993.8512,14431.84116,0
417,52562.4726,12061.1436,25860.6282,11570.80452,0
418,54125.44896,13154.88108,26703.49704,10275.33012,0
419,55337.88744,14702.10588,26340.28056,10008.6558,0
420,55892.31252,16691.40396,24434.5398,10739.02104,0
421,57519.2838,16374.0456,22408.48236,10200.28284,0
422,57107.55468,16448.86452,22939.52628,9863.60496,0
423,56217.282,17512.48356,22642.69788,9644.87172,0
424,55967.95512,16979.11248,21079.26348,11035.25016,0
425,54776.2116,14588.5476,21285.58608,14243.45076,0
426,53827.9698,13925.14332,20719.91724,18045.54312,0
427,53079.12324,15015.06468,20514.72192,22349.90076,0
428,54673.21992,16657.25688,21537.31008,23444.3682,0
429,55452.8304,16519.1136,21805.04172,22792.42812,0
430,54665.3316,16052.08572,21401.56656,22353.78684,0
431,52653.52884,16037.09712,20244.47172,22699.57404,0
432,50725.29132,15954.38328,18585.45216,22393.31424,0
433,50626.12236,15699.41868,16006.03356,20841.87336,0
434,49387.46868,15325.88112,14973.31044,18370.97328,0
435,48964.37568,14738.56824,14860.57056,15985.17492,0
436,49137.8184,14777.5056,14060.10276,14075.0808,0
437,49412.0352,14531.35464,12954.40344,13601.62716,0
438,48487.3554,14273.86488,11861.35764,13587.92952,0
439,48876.99828,13568.21664,11681.35188,12653.0184,0
440,51003.04572,11337.5262,13749.6744,12010.68924,0
441,53279.9916,10423.36152,15617.70144,11237.45568,0
442,55026.97596,9868.07976,16896.957,10331.77068,0
443,56287.66968,9723.84732,17912.87388,10791.67848,0
444,56792.09976,10582.0572,19183.69464,11017.0104,0
445,56640.72612,10554.97212,19815.7674,10973.37384,0
446,56073.89568,10316.44284,19217.22924,11289.91776,0
447,56198.56308,10262.98152,17766.16512,11770.76472,0
448,54488.68788,12067.79376,14129.16252,15614.5836,0
449,55617.97428,12726.72852,12534.1524,17514.60084,0
450,54996.4866,15744.72372,10563.9468,19511.71992,0
451,55494.1992,16310.9892,11651.2044,21950.53476,0
452,57423.60228,16931.61228,12108.43656,24656.0688,0
453,58774.67244,17045.19696,12267.0438,25026.24696,0
454,59208.41916,16793.04792,12207.53556,25001.19072,0
455,59790.92064,16194.12564,10915.9974,24964.14096,0
456,57435.76872,16400.1552,9195.80772,24897.33444,0
457,54436.67196,15943.68204,8184.37752,24990.6624,0
458,51365.24712,15474.3798,7528.72824,24994.97352,0
459,49484.71044,15016.25532,7202.00712,24941.39868,0
460,47981.98152,14800.22544,7177.48548,24950.63868,0
461,47688.47028,15021.64488,7015.61256,24854.68128,0
462,48307.70604,14850.03036,7226.42844,24667.96068,0
463,50290.00944,14122.581,9448.12308,24135.1572,0
464,54862.50792,14596.75008,12712.58076,22834.10316,0
465,57801.48264,18207.10056,14951.178,20709.7968,0
466,59772.3588,19421.06232,16864.94568,18922.40592,0
467,61459.46796,20483.10132,17769.741,18433.64952,0
468,63262.73844,19376.2998,18434.8362,18210.951,0
469,63495.8478,17892.77952,18660.96672,17832.00144,0
470,65461.50864,18680.63868,19465.2876,18091.99128,0
471,67013.34684,19441.1184,18514.52592,19158.25956,0
472,66574.34388,18687.58848,18153.35808,21300.79644,0
473,65717.03688,18570.7896,15542.9604,24292.33224,0
474,62458.33044,17472.85716,14035.8834,25359.89544,0
475,60273.16548,16414.62372,14489.75352,25181.37864,0
476,63420.93912,18222.17232,14962.37292,25205.75376,0
477,63896.35956,19699.38564,15309.42468,25180.683,0
478,64076.44584,19927.10016,15489.87792,25182.83328,0
479,62941.395,19600.87404,14654.87364,25167.69024,0
480,60274.94352,19239.19272,12740.88816,25217.70636,0
481,57299.9856,18732.7932,9966.59136,25177.6536,0
482,54852.43104,17826.897,8547.36828,25115.87628,0
483,53908.1664,16047.30204,7911.42132,25113.43692,0
484,52756.02552,15282.52968,7706.88996,25068.69156,0
485,52807.7022,14624.08464,7539.55356,25090.75536,0
486,52852.40268,14704.74588,7537.70424,25015.52196,0
487,55032.318,13525.25196,10558.5546,23381.23524,0
488,58888.599,14829.6258,14888.13744,20893.86684,0
489,63112.06176,18543.49728,16824.88896,17549.6376,0
490,64877.1552,19213.1148,19271.79276,16083.21396,0
491,66782.10924,20274.94656,20762.37504,15574.9374,0
492,67655.89644,20550.45432,21175.41096,15514.17252,0
493,67233.74196,19427.71908,21412.41036,14806.08756,0
494,68201.88276,20702.96712,21372.24804,16340.38824,0
495,68275.73544,21002.05668,21262.07292,17764.35276,0
496,66623.8584,20714.09736,21791.4444,19274.31528,0
497,64180.0566,19995.59496,21507.81864,21922.3686,0
498,60911.18616,18023.52156,19786.82508,23717.56728,0
499,59261.5782,17666.3124,18764.80848,24094.85364,0
500,62209.14876,18759.11796,19063.25916,24839.95668,0
501,63698.69352,18906.84576,19543.81572,25177.64172,0
502,64222.91436,19218.8502,19506.69072,25178.66208,0
503,62294.84184,18849.37956,19133.06736,25245.10956,0
504,57785.4354,17987.12388,18271.95612,25337.28384,0
505,55330.23276,16884.31932,16309.62564,25328.32632,0
506,53088.75264,14684.48124,15848.69748,25152.90756,0
507,51493.42836,13096.4196,15675.29436,25148.15556,0
508,50213.07588,12907.18572,14925.56076,25048.0956,0
509,49806.98184,13029.71736,14266.36728,25122.34824,0
510,50509.56636,13303.47084,13313.41044,25154.48628,0
511,51752.0586,13858.4424,14866.9092,24197.59584,0
512,56653.18032,16637.3658,18966.57048,19648.32672,0
513,60623.91192,19189.69536,20987.36772,18209.92536,0
514,63684.82032,20189.23632,22666.22292,15898.8456,0
515,67277.94348,19995.2346,23148.18264,15457.18548,0
516,68776.89588,19927.1952,23618.6412,15470.82372,0
517,67766.53752,19917.53412,23255.83656,15435.4134,0
518,69715.87128,20533.08576,22363.56672,17538.32388,0
519,70538.11248,20609.88732,22179.43992,18873.3138,0
520,69784.21956,19867.23948,23365.29888,18730.01064,0
521,67381.43544,21045.453,22391.26692,19645.56528,0
522,62308.15932,19873.8342,20448.73644,22095.0114,0
523,57600.807,19133.61912,20402.55756,23898.01656,0
524,59239.43916,20156.85672,21638.94876,24310.73964,0
525,59830.05336,20387.36964,21963.27408,24439.66272,0
526,60107.4804,20477.69856,22810.88964,24416.37528,0
527,59930.71392,20178.08628,22588.81812,22688.05308,0
528,61327.99068,19334.62344,19293.19788,19193.8956,0
529,55717.17096,18590.12364,18493.24752,19686.88788,0
530,52486.58184,16772.27904,18405.86352,19670.43144,0
531,51616.76124,14960.08272,18275.40924,18605.72076,0
532,50425.03488,14072.2626,18458.00484,18145.92516,0
533,50065.24644,13791.0366,19010.78784,17123.24328,0
534,50539.98972,13933.70616,19046.08596,16605.96168,0
535,54345.41112,14509.64724,17614.4298,16226.72436,0
536,59066.36736,17783.71584,17298.3426,16243.953,0
537,62499.03924,20093.66568,18641.89932,16314.4014,0
538,64483.5312,21155.12652,18527.35632,16484.42136,0
539,66135.98904,21908.9574,18375.67776,16983.60972,0
540,66897.7386,20948.56896,19648.32804,17174.29296,0
541,67274.48508,19949.71044,19366.91196,16990.53444,0
542,70119.17088,20870.982,19630.88292,17018.48544,0
543,70974.72228,20713.20108,19961.06244,17880.02964,0
544,69916.08228,21170.20884,19631.70792,18384.51384,0
545,68343.67452,21658.12572,18879.4254,19837.99224,0
546,65534.55744,19651.79832,17826.24096,19388.87016,0
547,60938.46528,18708.71772,17981.35812,20072.12988,0
548,63038.5668,18648.39768,19437.80784,20694.08748,0
549,64968.99684,18543.5778,18700.82808,20784.87048,0
550,64840.38396,18456.4644,19018.07424,20813.68344,0
551,62429.82108,19246.74708,19732.12824,20707.4076,0
552,57926.03124,19541.19552,19539.90588,20656.35792,0
553,55458.33876,18506.18484,18596.70516,19475.37372,0
554,53932.83324,15748.74576,18722.51568,18808.78296,0
555,51633.99516,15424.94316,17947.69548,18583.20552,0
556,48270.9942,15313.49424,18777.27456,18334.70364,0
557,48216.29076,14897.4276,18415.99584,18373.5948,0
558,49677.23112,14704.83696,17893.46856,18032.52396,0
559,53393.54064,14329.54116,18194.09856,16775.96448,0
560,59990.15088,16100.073,18068.29728,15822.38064,0
561,63115.9584,19025.16,18703.17372,16383.22752,0
562,66331.4586,19489.77624,18540.64212,16803.64224,0
563,67918.55004,19482.57432,18374.86068,17671.92636,0
564,68934.70584,19978.39404,18350.93568,18106.1298,0
565,68394.47472,18837.78864,18045.1524,18246.32172,0
566,70168.758,20294.8152,17379.73644,19447.9626,0
567,68492.39364,23580.69912,16637.25096,19973.10876,0
568,68498.1,21020.45616,17236.47024,20296.11276,0
569,68745.15648,17670.8202,16774.99296,20282.5194,0
570,66741.70272,15508.27344,15095.30616,20706.39516,0
571,62203.90968,15554.70576,15886.22508,22801.95456,0
572,62595.97608,19306.61436,15977.45556,22867.4358,0
573,62836.2636,18985.30788,16679.29824,22713.77592,0
574,61801.82316,18900.8688,17456.62644,22812.65052,0
575,60800.41176,18302.03496,17825.18892,23067.68376,0
576,58077.35736,17850.10128,17410.08192,22632.34116,0
577,55138.73772,18078.7662,15316.16988,21935.7534,0
578,52740.84156,17029.155,15115.95492,20746.55352,0
579,49826.41356,15755.94108,15650.47044,20446.56504,0
580,47429.63808,15237.30648,16475.4546,19548.81588,0
581,47365.80024,14531.7348,16609.6656,18787.35936,0
582,47353.67736,14537.69064,16122.9552,17815.61892,0
583,50010.84396,13255.12188,16941.573,15111.96852,0
584,52379.8572,13435.31904,18563.92296,13661.27532,0
585,53082.68064,15110.24328,19363.65024,14039.13324,0
586,55453.69632,16229.95968,18897.28764,14387.29644,0
587,56547.29124,17125.317,18391.7778,14821.9632,0
588,57651.94776,17558.26776,17648.1624,14959.29732,0
589,57604.81188,17003.7582,17151.75396,14778.87312,0
590,56972.53188,16350.44928,17831.44044,14861.79684,0
591,56342.55132,16529.98116,18135.07608,14905.53504,0
592,56442.46872,16401.07392,18206.01156,14906.27688,0
593,58163.22996,15344.50632,17529.30564,15600.14808,0
594,55905.168,16313.649,17271.99144,18294.40668,0
595,55491.249,18415.9998,18363.09684,18868.78224,0
596,56956.04376,20075.26224,19156.62144,19768.80444,0
597,56227.5912,20244.40968,19983.16848,19472.61492,0
598,54740.59536,20013.741,20491.15992,18663.9156,0
599,53883.65664,17981.964,20349.08172,18604.94856,0
600,51851.88756,17494.3362,19282.07688,18513.41976,0
601,47631.61128,16913.82792,20188.23576,17644.3146,0
602,45681.0552,15259.34652,19929.13956,17569.09044,0
603,44256.23928,13619.73096,20064.65604,17372.20716,0
604,43257.59196,12380.16516,19815.015,17399.811,0
605,42692.84052,12424.92768,19298.92536,16836.15384,0
606,42383.08008,12176.01924,18343.68096,16035.59364,0
607,42616.42836,11318.19612,19485.3846,13268.17404,0
608,44404.19808,9751.25448,21153.96624,11935.05192,0
609,46883.56068,10158.6474,20388.52728,10961.79084,0
610,49825.23216,10101.73032,19161.45132,10990.85988,0
611,52152.7974,10971.29484,17347.5654,11442.63384,0
612,53957.3034,12238.45392,16521.78792,11732.55336,0
613,54468.6516,12958.40436,16464.58308,11539.36212,0
614,53612.7834,12506.49972,17552.16276,11233.13928,0
615,52105.62324,12821.26824,18051.396,11196.87624,0
616,53708.05572,12122.07084,17096.39448,12136.5948,0
617,56195.53368,10346.094,15148.0164,14546.63892,0
618,55523.0874,14270.00256,12597.156,16947.06816,0
619,54447.6966,16552.50432,14002.09272,18656.22396,0
620,55796.42904,17580.89916,16537.09068,18985.39764,0
621,54564.57732,18812.54232,18282.01188,18951.26772,0
622,53538.3552,18829.94916,18997.99704,18996.39324,0
623,52322.25636,18947.544,19442.92812,18579.297,0
624,49758.03492,18610.26684,18731.08776,18079.42224,0
625,47589.07032,16647.36084,18251.12388,18360.8964,0
626,44912.94852,14594.217,18618.2172,18863.29236,0
627,43481.29104,13910.40684,18679.3926,18281.00472,0
628,43126.49352,12967.97172,18259.42668,18290.42292,0
629,43756.12956,12312.34224,17834.73384,18407.57952,0
630,44377.74792,13313.22696,17501.14344,18348.5412,0
631,47119.65324,14290.37148,18017.87064,17282.44188,0
632,53795.27472,16593.61176,17921.11596,16385.36592,0
633,59856.66588,19387.7244,17538.03084,15993.49092,0
634,63408.88224,19753.40796,17851.67208,16125.33252,0
635,64838.8818,19549.02708,17931.56904,16294.45488,0
636,64766.52468,18926.20884,18431.51904,16255.82376,0
637,64469.54844,17688.3498,18014.14824,16394.46732,0
638,64670.15808,21433.14492,17948.2446,16290.88296,0
639,65725.13772,22729.69512,19641.26472,16345.36596,0
640,67033.8702,23349.77304,18850.64148,17638.3548,0
641,63841.46076,23427.15408,16861.39224,20267.10576,0
642,60137.44176,22721.67348,14375.80452,21399.72648,0
643,57575.76264,21808.6242,14513.75244,21955.91376,0
644,61000.62672,21008.74512,15252.57228,23066.27268,0
645,60757.7784,20656.07808,16216.96032,23967.24,0
646,61588.5666,20788.31832,15867.918,24007.37328,0
647,59198.31852,20883.11544,14754.73164,24221.99868,0
648,55262.7108,20707.7706,13338.82704,23970.9822,0
649,53330.95284,18699.1728,12398.13696,23287.75284,0
650,52776.30864,14752.74768,11689.6164,23412.87564,0
651,50752.23252,12845.65392,11624.26056,23395.33812,0
652,49310.39256,12104.15976,11726.49192,23421.05172,0
653,48751.49664,12972.3396,11086.8714,23358.45468,0
654,48990.1698,13792.83708,11451.12012,22948.2858,0
655,50200.02636,14486.8218,14334.83304,20977.69344,0
656,55339.7262,16251.66048,18951.52908,17111.17848,0
657,60013.34196,18828.61332,20019.84468,15661.67988,0
658,63148.67328,18993.96576,19516.17888,15965.75772,0
659,65538.51216,18659.12664,19751.16792,16351.18716,0
660,66793.49952,17986.85988,19806.85212,16643.85624,0
661,66217.38552,16189.8858,19210.38636,16612.78344,0
662,66665.32884,17722.17612,19720.05156,16204.98264,0
663,66320.60292,20282.10756,20522.92968,16034.53236,0
664,66164.076,21019.24044,20517.46488,17265.50364,0
665,66611.7144,20818.45524,16441.97412,21264.54792,0
666,62275.18572,19873.4976,13373.3226,23977.99668,0
667,58368.48336,20803.57488,14280.86616,24027.6102,0
668,61409.03472,20858.12256,15737.96796,24384.85764,0
669,62128.1826,20840.8794,16893.624,23958.92532,0
670,62574.21588,20756.7492,16643.3784,23958.9834,0
671,60710.63856,20820.66624,15936.02076,23130.93024,0
672,56468.5836,20019.73116,15101.9154,23052.61992,0
673,54024.54552,17285.1096,14209.58088,23416.75116,0
674,52741.7748,13449.73476,14897.718,23125.94064,0
675,50843.92764,11655.53136,15389.41404,22565.38284,0
676,49467.79596,10886.30928,16517.53224,21485.46708,0
677,49017.49908,10830.0852,18025.52268,19323.2622,0
678,49523.67684,11977.81728,17451.80316,19408.96584,0
679,50889.23136,13845.56976,17501.20944,18719.2566,0
680,55728.27216,17086.74396,19537.46916,16052.83152,0
681,58431.79584,20007.98976,21027.82572,15504.85596,0
682,61261.84152,20299.9764,21463.39272,15514.02336,0
683,62882.49528,20531.52684,21086.64492,15817.14024,0
684,64562.57808,19201.446,21446.00304,15931.0536,0
685,64105.80528,17513.1726,21478.55952,15915.09084,0
686,64504.64724,20422.98192,21821.3754,15874.64208,0
687,64675.6572,22798.34832,21917.26152,16924.74036,0
688,65140.36452,22291.66896,20733.68748,18666.29292,0
689,63673.00236,21259.0488,17694.97356,21970.24104,0
690,60326.74428,19696.51992,15667.14732,23138.07276,0
691,58923.5592,18543.37188,15754.87452,23024.89464,0
692,62433.6042,18113.20368,17172.83304,22947.32748,0
693,62686.1796,18321.06276,18785.12856,21629.586,0
694,61697.36232,18390.24,19063.54692,22041.01548,0
695,58537.32852,18274.56048,18476.68548,22609.69392,0
696,54036.22884,16719.54372,18855.07272,22234.11696,0
697,51159.16872,14316.3174,18282.65076,21643.58988,0
698,49156.20072,12868.20744,16921.01268,22073.17596,0
699,47196.85608,11831.03196,16224.19524,22170.46788,0
700,45682.20096,11658.8274,16421.11416,21689.62092,0
701,45383.68428,11398.3584,17218.36512,20996.16024,0
702,46381.60956,12217.43424,18203.3544,19370.88252,0
703,48449.75652,13494.45504,18517.2834,18442.44996,0
704,53918.20896,14970.69024,19079.43972,18028.29864,0
705,58615.491,16276.07784,20428.09164,16987.59744,0
706,61002.72024,17446.52448,21588.5934,15862.42548,0
707,63252.82656,18486.1908,21099.12684,15885.91356,0
708,65136.86256,17293.00716,20697.39012,15865.10772,0
709,65255.77212,15066.13284,19756.59576,15811.587,0
710,67156.25004,15561.08136,20277.18792,15835.4658,0
711,67476.57048,17908.17864,19778.21076,16470.57984,0
712,66688.2414,19765.4028,18158.99712,18151.61304,0
713,65039.88216,19400.56932,16748.26692,20834.51304,0
714,60912.01776,19231.25952,14516.35284,22428.85392,0
715,58950.49116,19658.38908,14914.3302,22063.94652,0
716,61766.29008,19206.16368,17505.47304,21452.3298,0
717,60972.25332,19337.39148,19289.13624,20974.76172,0
718,59828.73204,19063.53768,20102.7882,20929.98336,0
719,56507.46024,18293.30052,20427.1386,21177.19692,0
720,53026.91328,17284.48524,18462.62748,21840.78336,0
721,50750.41884,13788.58272,17668.36104,22465.01664,0
722,48198.06816,11758.33164,17520.98832,22354.37556,0
723,46576.07592,11034.41988,18799.0308,20346.90768,0
724,46705.55868,10195.95192,18627.55488,19814.04348,0
725,47108.24712,9699.6174,19366.51068,19294.54032,0
726,47826.61092,10915.36776,19172.91024,19114.23228,0
727,49893.64908,11900.526,18150.1188,18867.32232,0
728,54410.39736,13481.28408,17642.6646,18193.58772,0
729,58262.99424,14182.6608,17867.24676,17214.36288,0
730,59550.44304,14277.45132,17779.57104,16426.7862,0
731,60683.28948,14845.57404,17641.92276,16163.33664,0
732,60410.03892,14789.15988,17851.70376,15950.18436,0
733,60129.82932,13399.683,17472.2526,15641.3664,0
734,60604.13832,15823.91184,18070.40004,15688.8468,0
735,60610.93104,16264.55952,20455.49484,16078.21116,0
736,59887.75584,17551.21896,20229.20328,17238.81984,0
737,59076.96432,18056.52024,18568.70532,19330.20276,0
738,57631.26204,17961.438,17563.01316,20592.25344,0
739,57789.21984,17878.37964,19005.75864,20576.36988,0
740,60428.55192,18336.45924,21235.47096,19895.6868,0
741,60436.22772,18685.75368,21605.16864,19038.50916,0
742,60597.30204,17973.76944,21258.80064,19022.21904,0
743,58156.00164,16985.19504,21341.01948,19216.06368,0
744,55829.07132,14792.42292,21103.14096,19405.34508,0
745,53754.26892,12553.76496,20622.27948,19053.507,0
746,51916.18608,10512.18432,20007.64524,19062.01176,0
747,50803.65048,8744.53404,19743.03672,18801.288,0
748,49300.66416,8626.77552,20418.40944,17147.14716,0
749,48731.90124,8582.64792,20426.64096,16717.71684,0
750,48648.35184,8640.4098,19596.17352,16701.564,0
751,48587.47476,8414.57364,19015.34448,16744.42704,0
752,50228.06448,9534.3336,20186.66232,15482.12688,0
753,52068.28572,10694.673,21835.87824,14041.22016,0
754,53870.15172,11464.34784,21157.96188,13616.51808,0
755,54885.80328,12281.40012,21373.72908,12676.026,0
756,54932.05344,12105.96288,22446.501,12298.26312,0
757,54332.81832,12003.13488,21865.93596,12073.809,0
758,55306.18764,12442.419,20643.10116,12183.26604,0
759,56955.88404,12388.86528,20665.76688,12014.45388,0
760,56642.0052,12213.46236,21107.4468,12709.4088,0
761,54785.89644,13505.68692,21968.08284,12878.95224,0
762,54079.10772,14420.59872,20831.55888,15483.36108,0
763,55152.2136,16033.6506,20872.18584,17226.80256,0
764,57141.54072,17675.52468,21888.66768,17708.72796,0
765,57188.03508,18288.32016,22541.95284,15789.84528,0
766,55549.71048,17875.61556,22646.6922,14983.66188,0
767,52987.2024,17130.86496,22471.07544,14786.60964,0
768,50222.19708,15795.12132,21629.18604,15822.87828,0
769,48121.42632,13654.77828,21546.45372,15602.48844,0
770,47746.0434,10764.435,20968.88772,15637.91064,0
771,47167.98768,8712.59928,20571.36048,15682.50024,0
772,46455.04116,7896.21492,20036.08992,15619.91772,0
773,45431.48016,7292.868,19845.6522,16000.59912,0
774,44590.76556,7275.84528,19181.39916,15798.53484,0
775,43739.6652,7073.8536,19517.56092,14088.72168,0
776,43825.7952,8216.57496,21496.43232,11186.17896,0
777,44299.6422,9739.9632,21471.9912,9584.74704,0
778,44981.04864,11104.18056,20800.07028,9488.72364,0
779,47582.5284,11719.09332,20200.40352,9651.7146,0
780,49333.81596,11755.99392,20241.01596,10136.46348,0
781,49811.76948,11563.23432,21139.71024,10202.9136,0
782,49697.19348,11954.60112,21508.64496,9977.08536,0
783,49561.13184,12078.18612,22037.75112,10302.9498,0
784,49113.6162,12471.10392,21483.7854,11434.83396,0
785,49528.96608,14224.056,20307.79476,12959.90256,0
786,50409.06684,14313.07284,18566.4732,16579.4112,0
787,50808.42228,15644.83008,19678.62336,19391.97348,0
788,52304.93268,18401.2752,20940.11964,19058.80152,0
789,53491.52952,19169.77788,21265.99332,18378.37848,0
790,53816.631,18646.56024,22120.20624,16897.9932,0
791,53502.58056,16937.71992,21961.02612,16795.65756,0
792,52067.15844,14793.09876,21583.02696,16546.95372,0
793,51020.60172,11739.24312,21524.14044,16239.00828,0
794,50132.12556,9883.79964,21089.99244,16294.32684,0
795,48530.91672,8619.1116,19533.47484,18445.68,0
796,47557.95132,8179.5318,19329.78696,18530.04516,0
797,48019.851,8119.0494,19238.3664,18121.2702,0
798,48876.56004,9752.85036,19182.51324,17742.09096,0
799,51528.30408,11979.825,18342.2118,16898.92248,0
800,54794.43948,14001.4578,20871.80304,15639.3732,0
801,58447.6728,17029.74768,20365.653,16175.45292,0
802,62706.15384,16972.89396,19516.57752,16505.90304,0
803,65174.94984,17610.52524,19425.30744,16953.6378,0
804,66159.65004,17393.42484,19177.77708,17163.23136,0
805,64345.80504,16638.24888,18635.60556,16481.56092,0
806,66779.03496,18581.607,17943.96516,17643.87768,0
807,66996.49968,20370.31656,17892.31224,18863.59596,0
808,65952.9486,20433.87852,17869.59372,19363.6476,0
809,64723.0782,20345.95728,18819.39312,19138.845,0
810,61056.1182,19804.95924,18254.40408,19790.49336,0
811,58705.09392,18940.8054,19551.543,20622.88272,0
812,63136.0884,19735.33584,20308.19472,20444.19828,0
813,64391.54436,20274.33936,20125.99908,20572.82832,0
814,64214.0334,20807.61276,19981.6716,20489.10996,0
815,60090.17916,19740.15912,21334.50924,20260.81464,0
816,56761.37148,18001.2228,20508.20376,19589.18412,0
817,54407.62404,14872.935,20933.14476,18733.74492,0
818,54483.8448,10448.60784,20472.0318,18958.24656,0
819,52753.18092,9361.50468,19896.6174,19104.71112,0
820,52495.36116,8347.90308,19203.72432,19035.13392,0
821,53189.49108,8122.3098,18556.08348,19077.31848,0
822,53561.01036,9118.25508,18586.66656,19200.46524,0
823,55103.10432,11033.27148,19237.50708,17150.5818,0
824,60088.02492,13768.3524,18930.73512,15590.2098,0
825,62836.01412,16928.1816,18572.84484,15680.98488,0
826,64165.9854,18270.25332,18472.61988,16225.65252,0
827,65923.96272,19435.44372,18687.6558,16682.60088,0
828,66665.33412,20345.35536,18544.5018,16826.24196,0
829,66331.94964,19400.15616,19145.64432,15401.26104,0
830,69203.00508,19977.95316,18900.99816,15742.9272,0
831,69504.37164,20900.97504,19010.65188,16753.60104,0
832,69025.49148,20510.80152,19503.11616,17138.21076,0
833,69755.13336,20140.29732,18251.73768,18006.69816,0
834,65941.88964,19145.43708,18292.04652,18198.67104,0
835,62438.48688,17984.28588,19808.11932,19302.59232,0
836,65876.42424,19073.38092,20555.1522,19388.62068,0
837,66428.86404,19172.82048,21220.67904,19415.92092,0
838,66075.34032,19453.52508,21317.1552,19541.87664,0
839,64431.75024,18115.61004,21447.11316,19626.35136,0
840,59634.95208,17059.22328,20845.2222,19508.65884,0
841,56667.35184,14954.24436,20126.21952,19278.7056,0
842,55236.1986,11786.7618,20065.09692,18854.38236,0
843,53491.58892,10679.44284,19646.6424,18614.82744,0
844,52638.80952,10225.38396,19734.92796,17878.7598,0
845,52814.85264,9933.61644,19284.56772,18186.97848,0
846,54782.03544,10243.05084,18479.68716,18791.14248,0
847,56681.94708,11717.32716,17621.23044,18802.4298,0
848,59904.4116,14425.63848,17064.52044,18289.14912,0
849,64942.33152,16613.9556,17474.16264,17738.4042,0
850,67113.54672,17952.16896,18087.15744,17280.63216,0
851,68416.37352,18896.97744,18761.02008,17176.22412,0
852,68101.6644,19228.87164,19911.43968,16681.52508,0
853,66113.99388,19595.40264,20086.5588,16387.99668,0
854,67321.03752,21351.8646,20002.43124,17317.84296,0
855,68507.8416,21874.25064,20339.78892,17454.83916,0
856,68766.97344,21644.78976,20564.41332,17707.07532,0
857,68366.28084,20985.34944,19641.72276,18580.46124,0
858,64470.34968,20528.8446,18855.58356,18665.3346,0
859,60600.5268,20100.3924,19602.88704,20087.12772,0
860,64935.35532,19800.57288,19819.42512,20757.6336,0
861,65173.21668,19828.52124,21081.39132,20122.05624,0
862,64957.05216,19847.46984,21562.12872,19755.69816,0
863,64040.01384,18867.65892,21505.71324,19795.7166,0
864,59868.39672,17854.49424,20863.8144,19871.21796,0
865,56908.76664,15565.69344,20730.3954,18841.11768,0
866,55520.6784,12401.36832,20868.21528,18067.9092,0
867,54076.25388,10664.48592,20127.5778,18391.33296,0
868,52660.44432,10226.1918,20131.91268,18102.24504,0
869,52708.97808,10091.6442,19857.98892,17754.71412,0
870,53701.24056,11409.81732,19212.2238,17542.22448,0
871,56480.92296,12090.16116,18907.30908,17537.30352,0
872,60681.72528,14767.4736,17405.8434,17911.53408,0
873,64625.3256,17478.05532,18509.85444,17569.79928,0
874,65807.60736,18395.0976,19777.62468,17045.38704,0
875,65736.35112,21283.70244,19348.35936,17040.50436,0
876,65618.77872,22774.41408,18541.45656,16703.73144,0
877,65189.0118,21015.65664,19066.89444,15267.94632,0
878,67248.26592,21812.6106,20154.02796,15133.98744,0
879,68226.2262,22796.02908,21444.95364,15430.45944,0
880,69680.26824,22534.73904,19712.91696,15803.17068,0
881,68381.33676,21257.81988,20151.08172,17000.08728,0
882,64973.50992,20593.4388,19869.7224,17089.05264,0
883,62384.3022,20156.65476,20666.36748,17862.4644,0
884,65662.16184,20616.25764,20458.47408,19388.97048,0
885,66792.50292,20556.3798,20096.25816,20010.03708,0
886,66825.83952,20617.75584,19653.0246,20301.63168,0
887,64646.33736,19959.2844,19278.06936,20234.60208,0
888,61861.43964,17268.54756,19243.93944,20160.1224,0
889,58456.4442,16057.27332,18483.2274,19834.1484,0
890,55421.0844,13232.67132,19124.39628,19439.92644,0
891,54749.86308,10853.47428,19088.37876,19352.64408,0
892,53531.28792,10301.91624,18934.36116,18730.602,0
893,52892.97156,9899.96964,18822.36048,18842.70564,0
894,52821.62028,12375.85272,18607.66116,18762.21072,0
895,53783.76564,14588.04468,18552.97092,18437.06832,0
896,58780.23492,15719.27148,18107.91972,18134.25768,0
897,63941.06136,18131.79984,18526.84944,17174.77608,0
898,66819.81768,18712.38336,19199.64024,16594.77468,0
899,68506.12296,19961.55612,19817.17584,16569.65904,0
900,69202.47708,20537.25036,21174.68628,15431.5392,0
901,67776.40452,19451.55168,21876.0432,14186.74356,0
902,69237.28944,21218.7954,22026.20376,14725.08576,0
903,71485.02108,21711.2808,22372.82784,15696.44472,0
904,70054.40904,21829.28748,21341.3112,16820.15412,0
905,68346.86892,20641.47756,19570.52856,18414.11352,0
906,64108.82148,19530.19992,18624.26544,19269.49332,0
907,61334.47452,18767.30856,20760.21684,19579.6458,0
908,63666.24,20245.77324,21389.40804,19667.85744,0
909,63768.0054,20679.35496,20580.99384,19766.64228,0
910,62453.63652,20772.98124,20852.95608,20060.08356,0
911,60171.1374,19969.95,20800.3158,20115.46944,0
912,58506.48672,17589.38412,20703.73932,19978.48512,0
913,55645.65072,16612.39668,19866.79068,19837.97376,0
914,54999.37344,13014.29184,20052.6744,19457.04816,0
915,54135.96672,11259.99864,19742.40972,19147.32072,0
916,53220.93612,10462.2738,19571.53308,18416.51724,0
917,52175.7654,10039.0488,19630.86576,18234.56844,0
918,51785.89812,9420.30276,19453.73496,17873.07588,0
919,52445.10084,8600.23824,20062.63644,15991.05024,0
920,55043.90364,9333.6342,21634.18356,13730.5608,0
921,58178.03772,10583.8326,22970.23476,11448.42072,0
922,58229.10324,11707.71096,23142.49872,11722.1082,0
923,59342.81628,12085.52532,23283.47208,12066.17676,0
924,59386.54788,13722.77148,22796.29968,12247.26228,0
925,59417.21808,14218.46316,22264.62612,12230.73456,0
926,59132.03736,14274.45096,22395.44472,12489.28164,0
927,58792.59408,14171.87376,23106.64356,12297.912,0
928,58040.02512,14646.61176,22693.91784,13247.6586,0
929,56129.85312,16018.73724,21212.66796,16355.56824,0
930,56896.86948,16600.80708,20540.42628,17266.28112,0
931,58726.68516,17151.75,22270.39848,17775.02496,0
932,61936.73772,18696.2358,22686.7212,17875.55088,0
933,61427.31672,18934.42584,22640.84988,17817.95532,0
934,60635.27712,17953.83876,22289.68764,17818.81596,0
935,57995.64804,17494.62792,22175.84952,17823.80292,0
936,55216.39068,17216.45112,21751.4682,17785.39488,0
937,51944.64396,15948.46044,22084.8408,17366.34108,0
938,51180.5448,12972.36204,21260.51268,18063.0714,0
939,50859.92736,10432.09596,20773.8564,18229.4112,0
940,50193.20196,8464.1436,20621.68944,18072.00516,0
941,49578.02388,8197.54188,20711.90352,17144.26032,0
942,49615.4868,7780.72548,20790.48972,15324.29712,0
943,49133.41356,6696.41544,21223.14084,13645.68612,0
944,49192.57332,8103.82188,21314.28024,12754.5858,0
945,49719.60048,9651.1668,19336.07148,12529.77132,0
946,50700.0516,10923.3498,17301.30336,12900.07224,0
947,51927.31236,11803.99836,15941.21364,13204.22136,0
948,53175.59676,12671.66604,15953.6652,13341.77988,0
949,53269.54512,13331.75976,16094.44848,13324.82448,0
950,52465.5186,12979.06104,16833.93624,13381.05516,0
951,52228.24596,12850.69104,17550.92724,13203.26304,0
952,52337.23176,12304.07112,19445.45592,12941.27076,0
953,52681.39272,13268.67168,20025.90744,13436.94924,0
954,53362.95888,15119.92944,20339.25696,15577.518,0
955,53284.55616,17747.2878,21938.80128,17211.6912,0
956,57741.6906,18979.51704,22548.79044,18062.61864,0
957,60264.03504,18842.90232,22215.9366,18348.51084,0
958,60284.30364,18807.52236,21656.31468,19121.85792,0
959,58887.57336,18435.34308,21354.67752,19549.15644,0
960,55341.33924,17813.15976,21009.66384,19602.07788,0
961,53754.228,15206.86068,20425.38564,19300.95288,0
962,53473.86132,11785.5738,19678.2564,19225.78944,0
963,52301.54028,10842.67272,19047.4944,18992.36592,0
964,51745.87308,9421.59504,19229.14884,19037.46108,0
965,52276.38768,9506.6994,18203.3874,18979.45368,0
966,52981.53036,10977.33252,17963.02992,19334.72244,0
967,54965.4204,12444.3924,17510.07456,19480.3554,0
968,60177.5658,14242.75512,17488.36716,18730.22976,0
969,64293.97788,17086.06416,18482.07636,18227.913,0
970,66215.23788,18217.1418,19368.12504,18045.72924,0
971,68559.909,19374.71976,18762.66216,18348.66396,0
972,69671.44668,19412.54832,19130.70456,18380.20668,0
973,68854.09344,18790.5168,18434.5524,18463.05252,0
974,71453.24868,20001.39372,18505.2516,18978.38052,0
975,72163.8192,21276.09,20037.44556,19297.71888,0
976,72264.81108,21456.02184,21107.4402,18813.05316,0
977,70061.02488,22869.1386,20233.93284,19348.24848,0
978,65541.82668,21429.14928,18847.5804,21086.68056,0
979,61154.34996,19573.62,19110.66432,21145.44432,0
980,64420.77048,20064.43164,20613.69156,20277.62616,0
981,66280.89996,20257.13976,20754.06432,19863.08148,0
982,66232.21044,20326.02396,22281.63168,18984.96468,0
983,63255.70812,20234.9466,22140.42204,18837.1854,0
984,59929.1418,19368.19632,22263.78792,18744.09768,0
985,58131.8232,16485.08928,21000.0186,18570.01872,0
986,57742.4892,13369.13688,20418.68664,17889.82668,0
987,56982.91368,11171.81472,20752.29156,16780.39572,0
988,56009.29224,10673.73384,20779.35816,16087.51452,0
989,55471.39356,10773.73044,21068.96616,15792.4008,0
990,56458.35492,11064.41028,20783.85672,16015.2828,0
991,58122.07896,12886.59108,20024.90028,16170.32472,0
992,60959.1114,16230.92592,20401.05408,15458.49888,0
993,65067.50052,17790.68412,20824.56156,15651.339,0
994,67987.39332,18709.0332,21395.7282,14679.76488,0
995,69528.77448,19647.18888,21770.529,14989.67712,0
996,70232.86776,20688.79032,21529.3452,15403.68984,0
997,70376.37156,20198.145,20607.28296,16844.27976,0
998,72658.88388,21504.93708,18763.32744,18656.23584,0
999,73303.28412,21883.37712,19313.92188,18933.82656,0
1000,72652.50036,21746.36244,17916.99228,20553.07188,0
1001,72257.31084,20753.9442,16481.91468,22008.88536,0
1002,68246.18724,20177.75892,16878.00708,22029.28332,0
1003,64602.3774,19262.02476,18621.44196,21953.73972,0
1004,66482.04816,19930.27344,19755.93312,21785.39484,0
1005,68292.38724,19190.4306,19858.94592,21795.07968,0
1006,68556.98916,18973.70508,19896.1752,22277.93964,0
1007,65451.43308,18857.81172,19595.9544,22538.2476,0
1008,60760.75236,19110.36732,19047.75972,22402.6572,0
1009,57900.64104,17989.89192,18986.78628,21244.41132,0
1010,57730.65012,13574.50908,19331.33268,20914.93272,0
1011,56695.89684,12029.47284,18626.74176,20704.9788,0
1012,55970.07636,11186.54592,18091.35372,20886.45768,0
1013,56400.79368,10786.0236,17709.19128,20566.45668,0
1014,57886.17384,11591.06124,18131.97408,19355.62332,0
1015,59359.39944,13336.58964,19436.94192,17404.5564,0
1016,63348.81564,15461.97972,20923.56156,15355.3092,0
1017,68022.02352,17676.85524,21048.65664,15537.78732,0
1018,68499.41076,19036.3536,21884.27736,15551.24472,0
1019,69622.54464,20297.5212,22043.59872,15778.32696,0
1020,70371.87432,20713.58784,22179.73032,16001.02416,0
1021,69550.86732,19932.59136,21700.2852,16459.7334,0
1022,72421.28256,20602.0254,20966.0022,17378.74908,0
1023,73952.76636,21187.79256,20173.6194,18211.20576,0
1024,74230.37424,21677.59968,18791.15304,19047.81912,0
1025,73115.328,20736.969,19227.22164,19358.36628,0
1026,67516.82124,19495.07472,19331.1624,19534.41732,0
1027,63195.72864,18406.7796,21496.0086,19893.1854,0
1028,64800.12264,19064.69532,22059.24336,20719.06452,0
1029,65654.2854,19186.79664,21504.98724,21030.86304,0
1030,66166.94832,18790.70952,21406.31328,21119.4258,0
1031,63585.423,18302.25144,21472.55616,21107.6778,0
1032,59867.69316,17755.59192,21652.70712,21149.54292,0
1033,56041.194,16835.2734,20911.83996,21138.53016,0
1034,55772.6994,12790.14924,20700.7812,20880.1626,0
1035,54965.47188,10499.30772,20144.78532,20799.78252,0
1036,54224.95452,9737.54232,19412.33712,21143.68872,0
1037,54763.18584,9509.87928,18296.4144,21545.7132,0
1038,56224.58292,10727.84196,17199.21192,21648.05148,0
1039,56815.3344,13806.82908,17434.87284,20158.0962,0
1040,61636.08132,16083.87924,18070.74588,18030.03972,0
1041,67013.13432,17436.51096,19648.3716,16840.06896,0
1042,69695.43636,17937.24636,19775.79252,16360.50504,0
1043,71205.67872,18620.8044,20276.784,16567.83348,0
1044,71462.3118,20005.39464,20171.37144,16771.25736,0
1045,70624.94472,19130.30196,19233.47844,17058.01284,0
1046,71152.3296,19853.6382,19198.99212,19984.62444,0
1047,67401.90336,19400.45712,22886.127,23636.28564,0
1048,65836.45596,19914.89544,21842.64192,24706.91652,0
1049,63800.05368,19390.28916,21474.5388,24978.11712,0
1050,58860.37608,18569.5224,21511.89348,24675.12564,0
1051,56150.10984,17925.73728,23956.46484,23777.95596,0
1052,59021.16924,18215.30832,26544.8436,22708.06692,0
1053,59133.3996,18501.93576,27351.82824,22055.8602,0
1054,58487.7018,18398.6154,28124.04936,22045.14444,0
1055,56518.92972,17296.18176,28636.49448,21839.2416,0
1056,52365.2052,16769.03184,27877.35984,21561.639,0
1057,50576.10096,13971.87396,26733.84252,21706.09056,0
1058,49644.4674,10686.86652,27129.66828,20875.52676,0
1059,47895.177,9957.41472,26702.62716,20582.47884,0
1060,47767.24128,8858.883,25795.2288,20665.46988,0
1061,49063.476,8051.6238,24716.28456,21112.7136,0
1062,50271.90564,8776.9176,24427.07124,21206.0838,0
1063,52211.82648,10827.81216,24483.72828,20210.3022,0
1064,57542.82468,13065.294,24204.31992,18542.20896,0
1065,61122.09576,16366.32756,24255.6666,17193.40392,0
1066,62704.06032,16339.6596,25505.89668,17273.46588,0
1067,65128.06608,16294.65288,26157.50676,17387.8584,0
1068,65469.77052,16910.49492,27091.68792,17651.6802,0
1069,65330.57388,15116.94624,26101.75788,18275.61648,0
1070,66202.4946,16418.25768,25379.36808,20176.78476,0
1071,66333.168,18027.339,24447.4098,21738.11244,0
1072,65370.36132,18028.16532,23581.29972,22251.46308,0
1073,62765.25948,17267.0718,22764.85332,22845.97788,0
1074,59016.05292,16437.82536,23174.9166,23113.13004,0
1075,57393.40596,16853.15544,24159.01092,23134.81896,0
1076,59191.81488,18268.83168,25391.63616,23594.58552,0
1077,58168.59048,19925.30496,24888.29244,23299.81764,0
1078,57001.41744,19492.59708,25822.78644,23304.5802,0
1079,56494.85292,17159.66868,26126.72964,23292.9444,0
1080,54613.2378,16098.31608,24890.13648,23276.16852,0
1081,51729.28596,14429.43612,24185.53896,23080.91016,0
1082,51188.5572,11950.55136,23884.43376,21804.87672,0
1083,50321.10732,9644.30148,23948.03532,21606.99288,0
1084,48888.50076,8960.57052,23881.96932,21223.653,0
1085,48266.64744,8704.6674,23623.89084,21151.49652,0
1086,48248.244,8252.4288,23739.20604,20835.1572,0
1087,48136.59972,8482.52196,25099.99536,18676.96908,0
1088,48582.17628,11249.21952,26214.55848,16533.56496,0
1089,49882.71948,14734.7046,24961.58808,16182.89904,0
1090,52694.77092,14477.69004,25502.83164,14655.72768,0
1091,55296.22296,15565.78584,24648.62136,13389.75396,0
1092,57172.22016,16539.05616,24266.352,13593.64248,0
1093,57713.865,16097.99136,24110.8626,13625.54688,0
1094,56363.15652,15652.1244,25679.07936,13430.23176,0
1095,55155.32352,15541.1916,27266.04672,12930.1458,0
1096,55336.37604,16124.02044,26682.81264,12716.68068,0
1097,53272.46628,16050.53472,27515.136,14748.74148,0
1098,53306.25168,15972.04092,25747.92264,17839.17432,0
1099,52621.57296,16557.32628,26546.45004,21143.91312,0
1100,54560.81796,19087.57752,28254.61848,20092.19916,0
1101,53862.5736,19310.9598,28272.70116,19673.04108,0
1102,53239.22736,18082.91628,28068.15,19966.86648,0
1103,52038.40356,16015.10328,28552.03692,20085.3114,0
1104,49663.8054,15313.3134,28371.37776,19686.69384,0
1105,46594.5018,14991.94224,28663.37628,18073.59312,0
1106,45817.85472,12508.4718,28596.21072,17380.07172,0
1107,45378.75408,10496.82348,27931.10232,17362.98432,0
1108,44622.9894,9471.30492,27050.42472,17452.36812,0
1109,42974.36088,9119.58432,26522.54088,17801.02104,0
1110,42238.97964,8685.7056,25952.75232,17608.50696,0
1111,42275.29284,8283.70488,27092.15124,14965.81548,0
1112,44203.4736,8536.176,27889.76916,12213.33432,0
1113,46850.23596,9385.38084,26503.91964,10680.20976,0
1114,48001.93596,9534.76392,25056.01428,10837.72932,0
1115,49355.17884,10358.49408,24471.37572,10871.94372,0
1116,50487.11316,11126.55852,24686.7522,11174.41116,0
1117,50162.72052,11304.96312,25369.35456,11658.7746,0
1118,48130.93428,11270.49132,27190.56648,11769.10944,0
1119,46828.30548,12251.53116,27664.52172,11791.86492,0
1120,46042.49892,14040.31992,26547.73704,12361.71024,0
1121,47319.53688,14647.60572,25513.45104,13662.03564,0
1122,50379.78264,15073.6674,24346.5552,16928.02188,0
1123,49820.20296,16815.28464,27000.29772,19153.53396,0
1124,53506.21716,18987.88584,27320.68944,20086.55748,0
1125,54999.9054,19030.19844,26868.58152,20662.37316,0
1126,54620.16384,19163.31648,27116.74548,20698.11348,0
1127,53036.83968,19221.15492,27068.80968,20747.3574,0
1128,50433.98712,18686.05068,25827.4434,20757.53856,0
1129,48252.16308,15631.82412,25996.5486,21036.36612,0
1130,49186.038,11443.67664,25140.83616,21073.95444,0
1131,49113.61092,9162.7074,24616.18368,21223.02996,0
1132,48822.26316,7969.21884,24248.94912,21286.05204,0
1133,48553.56,7798.23396,24035.61072,21247.50012,0
1134,49704.59736,8891.06064,24377.88408,20464.0524,0
1135,51587.14836,11103.61032,25709.20836,18324.1212,0
1136,54305.92464,14989.63884,27128.43276,16548.67896,0
1137,57193.29924,18752.2764,28428.31068,17171.89716,0
1138,59675.54736,19467.86688,28266.9618,18050.20668,0
1139,61539.05472,20538.6258,27760.5966,18452.23776,0
1140,62210.41332,21571.38192,27351.80184,18327.93468,0
1141,61605.21312,19670.41032,28052.98716,18393.84888,0
1142,64875.66624,20193.81276,26639.68824,19960.89348,0
1143,66540.86868,19881.47568,24996.87564,22063.04496,0
1144,67340.7504,19833.86988,22526.54448,22587.1008,0
1145,67394.73444,18824.66124,21490.4778,24239.6484,0
1146,63540.40968,17773.67064,20809.1202,23940.31992,0
1147,60603.58128,16515.18792,23130.13296,23282.41476,0
1148,62082.46704,18436.14564,25069.27632,23094.357,0
1149,62055.7146,19301.26044,25883.3322,22589.76324,0
1150,61593.93372,19195.02816,27798.99012,21768.80244,0
1151,60325.34904,17031.35676,28395.17868,21305.427,0
1152,56192.66004,15785.03256,27596.49552,21116.799,0
1153,52130.70852,14280.14016,25641.00792,22669.46088,0
1154,50792.22984,12311.48556,23797.35732,23184.777,0
1155,49838.61432,10892.32584,22474.81368,23451.16356,0
1156,49410.45648,9718.6584,21893.03952,23457.98796,0
1157,48703.99776,10350.15432,21524.7714,23160.50748,0
1158,48458.10552,12213.52704,20995.47912,23255.10264,0
1159,50225.1948,13503.84024,21701.1036,22120.69596,0
1160,55246.91172,14977.11468,23254.41096,20064.00924,0
1161,56807.4144,19407.46896,24717.26136,19216.428,0
1162,58732.20804,20611.14,24668.38572,19197.77376,0
1163,60859.7022,21251.11164,23732.71032,20214.93804,0
1164,63506.54508,20553.57084,22723.46604,21077.7072,0
1165,63316.59972,19440.97056,21644.85444,21352.47708,0
1166,65904.9138,19646.3322,20823.44352,23093.34192,0
1167,66850.5948,19494.44904,20532.48648,24847.49652,0
1168,65865.8946,18981.60396,21163.18908,25469.47392,0
1169,63166.91304,19096.1232,21810.888,25159.07592,0
1170,57837.93576,18068.84904,21106.01328,25475.65416,0
1171,58195.95672,14962.77948,23457.63552,25067.73456,0
1172,60883.416,15586.7118,25423.7874,23677.83924,0
1173,59932.71372,15928.21956,26054.18508,23099.51688,0
1174,58998.0204,15872.92872,26683.99272,23232.30888,0
1175,56495.73072,15387.38652,27016.87032,23175.0024,0
1176,52579.53228,14100.7218,27358.48632,22793.80884,0
1177,50232.8508,11644.71924,27211.95048,22012.87836,0
1178,48175.89744,10191.96684,25633.40472,22572.10296,0
1179,47432.01408,9034.40208,24124.2474,22669.92552,0
1180,45884.51076,8766.72984,24802.31028,21832.31556,0
1181,45087.57528,8775.18444,25172.48448,21383.42976,0
1182,47079.91464,9630.77808,23260.94628,22056.06876,0
1183,50651.2446,10931.35956,22246.94868,21464.0646,0
1184,54698.33028,13001.43636,24045.58068,19653.91296,0
1185,57777.13392,15337.13148,24815.95248,19728.79128,0
1186,60748.2612,15894.58068,24469.9158,20225.34096,0
1187,63920.54988,16400.7822,23991.52008,20681.71116,0
1188,64515.98472,16771.80252,24248.33796,20554.93176,0
1189,64190.25624,16178.18268,23235.63,20611.4502,0
1190,65067.16788,18042.46092,22744.74708,21020.9934,0
1191,65455.29276,18232.49208,22595.27556,22260.04572,0
1192,65188.29372,18894.31896,22469.11656,22456.54488,0
1193,64554.98808,18439.48128,21106.63632,23764.51704,0
1194,61267.701,17446.8096,19919.70948,24203.7444,0
1195,58706.98548,16571.02392,23145.73272,23939.23884,0
1196,62499.04188,16514.47776,25425.38196,22783.45344,0
1197,62789.22936,16272.02808,26212.33428,22208.47464,0
1198,62282.86548,16462.49088,27382.28064,21742.04604,0
1199,59251.84584,16115.68992,27859.44612,21287.44728,0
1200,54673.65024,14853.00036,27111.04176,21715.70016,0
1201,51063.23772,13138.88796,26737.38408,21817.07616,0
1202,49008.17592,10932.7614,27162.25908,21093.93,0
1203,47286.06036,10040.93904,26273.49516,21282.27948,0
1204,46355.17524,9651.67764,25393.2756,21220.78992,0
1205,46490.70228,9694.98948,24211.7832,21543.20388,0
1206,48672.84972,10630.48536,22577.42388,21745.50048,0
1207,50576.9748,12956.70948,21803.88936,21141.549,0
1208,54495.68916,14588.21496,22608.10596,21001.93656,0
1209,58341.32436,16296.20124,24088.69584,20914.00212,0
1210,61297.67952,17121.2778,25011.294,20016.4998,0
1211,63356.71452,18041.48544,25324.82568,20246.9586,0
1212,63915.67116,18737.93724,25636.9278,20135.38296,0
1213,63386.22048,18620.1972,24956.54304,19515.5466,0
1214,64061.60508,19054.8072,24290.5146,22298.94744,0
1215,64458.73896,19251.67332,23178.6258,24324.76992,0
1216,64359.01824,18973.1388,23078.05104,24214.44036,0
1217,64212.9114,18301.95708,23279.13192,23953.58592,0
1218,61117.1286,17635.95768,22401.43092,23205.92604,0
1219,58349.15856,16999.06032,24614.68548,23691.78768,0
1220,61800.45696,17736.94428,25769.073,23119.39476,0
1221,61961.7834,17882.56932,27502.02576,21799.95708,0
1222,61482.3528,18167.2524,28498.57164,21492.50928,0
1223,58975.03392,17739.23052,28577.23044,21466.17528,0
1224,54652.77972,16679.10684,27248.77848,22168.01796,0
1225,50539.05912,14807.81808,27654.2706,21387.36996,0
1226,48190.30128,12776.73804,27450.78204,20952.4854,0
1227,46859.34,11400.66972,27610.78056,19709.25924,0
1228,45291.09288,11108.592,28145.6142,19327.05588,0
1229,44834.51676,11312.55708,28331.79756,18976.96284,0
1230,46366.13652,11858.7678,27552.04188,18915.23568,0
1231,48382.52364,13473.24528,26829.02112,18181.23912,0
1232,50901.93636,16462.66644,28030.68576,17699.57772,0
1233,54960.5232,18720.96996,27861.537,18527.58072,0
1234,59159.96592,18062.01276,28184.3694,19210.16328,0
1235,61537.7202,18611.06016,27926.35428,19763.9904,0
1236,62466.67152,18955.7148,28116.71544,19712.22,0
1237,63117.72588,18174.22596,27936.79944,18727.57788,0
1238,65563.5024,19061.89032,27445.3872,20561.58456,0
1239,66057.21276,20447.9682,25947.5238,22598.73264,0
1240,65834.61456,20164.09428,24307.47924,23607.39876,0
1241,62625.49788,19513.2366,24642.5454,23476.15248,0
1242,59716.59672,18229.52604,22951.52772,23693.95908,0
1243,58698.58632,17174.18604,25364.25276,23157.31308,0
1244,61176.588,18485.77764,26285.58372,22227.13548,0
1245,61323.88152,18701.79828,26676.42384,21089.40636,0
1246,61178.17332,18086.62416,28285.587,20737.75704,0
1247,59276.31072,17843.23464,28030.14456,21119.85744,0
1248,57220.10184,16078.52268,26588.46036,21899.09832,0
1249,54188.66244,14652.14124,25753.41516,22473.033,0
1250,50489.01396,13552.6116,25702.39848,22756.3116,0
1251,48621.69576,12455.91204,25215.89268,22477.11576,0
1252,46920.89028,11976.56724,25081.30152,22160.89392,0
1253,45384.2136,12179.03544,25015.90608,21966.0936,0
1254,45086.34372,12609.81612,24400.12608,21401.02536,0
1255,45751.92468,12338.39772,26579.08836,17463.50232,0
1256,47251.44864,13560.13164,28508.30664,15869.6538,0
1257,49448.44212,14669.325,29054.70612,15194.37612,0
1258,50193.05148,15956.94012,30378.3744,13187.5524,0
1259,51173.59896,16402.03356,30007.1904,13151.0676,0
1260,53470.28544,16737.39408,27926.052,13530.066,0
1261,54525.75612,16712.88432,26347.83096,13512.90732,0
1262,55190.85528,16267.43712,25757.74608,13350.99348,0
1263,53769.61656,16263.34116,26140.21344,13876.302,0
1264,52075.66188,16478.83776,26210.00976,15433.4136,0
1265,51305.7402,17826.22908,24163.99392,17628.85212,0
1266,52579.25508,17468.92488,22463.94084,21045.15204,0
1267,54867.42096,17055.19596,24512.61384,22230.97404,0
1268,56694.43956,17650.05396,25936.65096,23310.89904,0
1269,55571.3136,17406.96672,28432.767,21141.37344,0
1270,54528.7578,17072.84172,28839.11448,20620.37208,0
1271,53093.33568,16152.9786,28520.8836,20161.75392,0
1272,51766.81092,14758.03824,27780.41904,20374.25544,0
1273,47603.66292,15295.40628,26450.75136,21032.5698,0
1274,44797.61352,13654.57104,26850.44604,21170.325,0
1275,43830.08916,12378.07428,25972.2012,20997.70992,0
1276,42074.56044,12224.57148,25242.74544,21163.26432,0
1277,41821.25244,11373.82224,24922.458,20802.76572,0
1278,42034.87068,11655.89832,23542.002,19742.99844,0
1279,43595.40636,11063.12724,23648.78604,16079.49024,0
1280,47209.65348,9687.69384,25049.62944,13109.91264,0
1281,48793.18884,10369.89756,25219.19664,11990.4444,0
1282,50687.74128,11344.79016,22954.20468,12478.59888,0
1283,52967.63868,11613.5118,21932.53656,12873.47424,0
1284,54795.63276,12200.11848,22103.499,13153.5822,0
1285,55367.99664,12580.45008,22335.63024,13109.844,0
1286,54481.76844,12878.88756,22905.71448,13150.82868,0
1287,53129.93268,13437.80856,23527.70112,13228.44204,0
1288,51980.4516,14286.04848,23427.73884,13622.93196,0
1289,53729.98884,13777.95276,22298.925,14635.20432,0
1290,52437.85272,16922.55708,20584.14468,16709.52228,0
1291,51071.4732,18614.55816,22390.17132,19977.49116,0
1292,52347.32052,18266.14284,25152.64752,22378.24644,0
1293,52350.16776,18425.75592,26295.63816,22353.00936,0
1294,52245.996,18632.79132,26516.9718,22266.17316,0
1295,51140.6676,18631.36968,25845.09708,22210.82028,0
1296,49352.1138,18461.59656,24183.23952,22051.53588,0
1297,48187.00524,14924.85588,23138.8806,23058.02796,0
1298,47008.32576,12333.03192,22977.33768,23285.92596,0
1299,45157.16436,11470.8858,23479.79568,22819.79304,0
1300,44634.60144,10779.25596,23496.05148,22170.78204,0
1301,45028.15944,10396.91928,23186.4666,21890.04972,0
1302,45618.9888,11638.34892,23707.14852,21317.80464,0
1303,48297.20016,13280.24808,24314.84748,20025.26724,0
1304,53562.11388,15453.73104,25926.05268,18933.85032,0
1305,57569.25636,17675.94048,27409.7208,19489.73928,0
1306,60933.7344,18127.24848,27299.62356,20697.25152,0
1307,63661.05372,19443.18024,25883.59356,22358.0412,0
1308,64479.77184,20202.699,24902.7636,23747.99724,0
1309,63613.31196,20002.07748,24713.26308,22817.62956,0
1310,65232.33816,21456.52608,24581.37132,24077.757,0
1311,65641.96584,22545.53136,24365.50644,24721.90776,0
1312,65934.32736,21962.58636,23978.13264,24885.56532,0
1313,65190.11136,21122.98452,23472.3192,24916.95228,0
1314,61420.10688,19975.39368,21462.97824,25489.3254,0
1315,58335.35004,18816.77952,23108.34108,25564.94424,0
1316,60957.97884,19603.71204,25337.13204,24554.32452,0
1317,62033.96364,19939.0356,26500.1616,23286.03684,0
1318,61844.772,19996.52556,26850.18072,23878.45944,0
1319,58632.04908,19345.71408,27104.68464,23838.2496,0
1320,54629.39592,18332.05572,25993.4004,23658.8748,0
1321,50966.3352,16286.094,25436.92536,23397.15708,0
1322,48242.65512,15687.09252,24779.56932,22977.17004,0
1323,46172.27868,15098.86356,23998.23888,22781.13552,0
1324,45226.97124,13912.59276,23563.92852,22903.7358,0
1325,44941.6374,13627.63776,23914.87428,22312.71636,0
1326,47330.86116,14058.15972,22963.35492,21889.263,0
1327,49084.64484,15549.3756,24396.97392,19959.9048,0
1328,54848.45784,17841.56616,25629.15828,18311.59044,0
1329,57129.77688,20841.72552,27966.88224,18790.14192,0
1330,59509.22208,22144.05204,27747.687,19050.58452,0
1331,61853.73084,22475.26644,28535.27292,19157.62992,0
1332,63451.36248,23037.97716,28704.0798,19332.60516,0
1333,62423.0376,22455.63936,29300.44788,18856.5366,0
1334,63615.92424,23478.38328,28051.50348,20999.65824,0
1335,63291.76656,23990.79276,26976.4902,22070.57028,0
1336,63405.92148,23815.28424,26899.851,22040.65116,0
1337,63652.70736,22774.39956,25448.2602,22482.9924,0
1338,59239.1118,21275.33628,22343.92116,24527.92056,0
1339,56902.84644,18597.13152,23534.39088,25187.88756,0
1340,59714.69988,19553.16528,25027.6422,24541.44792,0
1341,60186.73584,19804.26096,25321.6986,24543.10056,0
1342,60606.00612,20015.32368,25704.37452,24706.48752,0
1343,59060.52636,19466.5812,25902.07224,24575.92236,0
1344,55378.39692,18639.51144,24836.21448,24124.6434,0
1345,51608.98644,16261.95912,25201.53636,23672.59224,0
1346,48614.81196,15219.31488,24334.4112,23686.51824,0
1347,46287.48036,14680.33512,24169.08648,23328.42072,0
1348,45241.38168,14094.79632,23358.06264,23405.53248,0
1349,45549.9792,13747.14,22816.6554,23160.35964,0
1350,47480.00928,14039.83812,22711.55304,22706.82084,0
1351,49731.96228,15344.5512,23476.4508,21077.166,0
1352,54094.13328,17887.584,26260.4892,18588.84984,0
1353,58233.74964,20667.98976,29052.33408,17382.8754,0
1354,59311.59168,22611.369,29758.43376,17570.12796,0
1355,61698.0804,23389.0668,29873.89416,17907.29688,0
1356,63810.58992,23622.81636,29572.52892,17743.02552,0
1357,63029.23176,23408.87208,28450.21872,18067.30992,0
1358,64595.4408,24734.78568,27277.69308,19894.91856,0
1359,67462.44912,23971.98012,24684.81312,21728.61504,0
1360,66310.06272,23063.304,23705.27412,22656.2094,0
1361,65094.711,22531.35192,23089.21164,23118.18696,0
1362,60432.8802,21137.8332,21834.26388,23132.15916,0
1363,57698.21376,20113.4736,23749.89804,23373.38256,0
1364,60014.86656,20470.45968,26109.40068,23267.99904,0
1365,59393.65212,20576.23392,28140.552,22078.64076,0
1366,58888.83528,20549.66892,29451.35952,21517.2078,0
1367,56502.34656,19724.16336,28893.7836,22257.3648,0
1368,53373.6786,17725.37052,27586.05036,23525.82936,0
1369,50013.59484,16484.4768,26454.58068,23521.91688,0
1370,48060.91224,15116.01696,24951.11256,23745.92748,0
1371,46818.0966,13773.53604,24193.47216,23688.1722,0
1372,45980.10516,13231.90044,23093.09244,23723.76996,0
1373,45593.99328,12905.65584,23269.36788,23586.97572,0
1374,46835.77668,13545.19716,23408.385,23342.63316,0
1375,49506.78876,15309.08016,23615.15244,21234.345,0
1376,53086.50732,17695.42236,27094.94304,18470.59896,0
1377,56951.1558,20223.14316,29353.67556,17736.88356,0
1378,59656.66476,21158.85024,29816.55468,17811.57576,0
1379,61479.9504,22863.5814,28603.0074,18320.17308,0
1380,63885.76524,22936.07052,27482.46996,18390.45516,0
1381,64134.18528,21826.41648,26391.387,18827.93088,0
1382,64512.67416,22850.74968,26103.90288,21171.30048,0
1383,65403.15276,22366.84032,25558.43004,22894.69248,0
1384,64727.23488,22155.78156,24602.8596,23563.32132,0
1385,64093.7154,21979.89684,22334.31552,24797.41044,0
1386,59583.09456,20318.65968,22951.45644,23845.7208,0
1387,56046.81852,19691.69928,25643.58588,23052.80604,0
1388,59264.02548,19814.9952,26231.54424,23078.94864,0
1389,59646.69348,19989.58764,26353.78548,22906.60284,0
1390,59257.43604,20092.57404,27422.46408,22395.05664,0
1391,56796.28548,19365.38736,27699.9096,22344.9864,0
1392,54342.39096,18039.9648,26452.13604,22602.45636,0
1393,53368.78536,16249.53132,23471.0322,22948.21848,0
1394,52772.80008,15011.12184,20413.64424,22789.78812,0
1395,49667.5542,14506.98348,20746.99836,22317.2664,0
1396,48178.82124,14095.40088,20528.30604,22371.49992,0
1397,47835.66744,14005.53264,20062.8252,22311.73956,0
1398,48750.20832,14751.6336,19958.45148,22297.97196,0
1399,48737.46768,16173.9204,21237.249,22083.86664,0
1400,53796.9366,17572.70064,25166.73456,18536.79696,0
1401,56371.05804,19612.24584,29873.5668,17525.76276,0
1402,58645.07352,20949.59856,29916.17112,18022.20552,0
1403,61416.65112,21529.70952,29988.4596,18439.5684,0
1404,62948.86224,21787.89756,29412.51324,18536.24784,0
1405,62879.10552,20612.70684,29168.62872,18651.80724,0
1406,63867.62448,21898.01724,28439.39868,19573.72428,0
1407,64881.68412,23146.1604,24078.516,22712.20644,0
1408,65238.14616,22065.29424,20972.4966,24706.10736,0
1409,62564.50464,21550.87176,20616.34212,25273.37472,0
1410,57233.2926,20681.16072,22258.25316,24369.16284,0
1411,55198.7766,19813.36104,26000.96796,22512.57624,0
1412,58630.32648,19878.3486,29077.16196,19810.09008,0
1413,58006.68456,19839.6792,29715.50208,19226.89032,0
1414,57071.16492,20055.31836,29862.558,19513.032,0
1415,55366.19748,18749.35392,29329.10244,20459.54196,0
1416,53020.539,17192.3598,28440.87444,20774.83188,0
1417,52263.47412,13659.09204,27180.87108,21881.29944,0
1418,50781.0204,12068.67948,25411.87968,22085.70144,0
1419,49117.89564,10863.2238,24699.78588,22073.34096,0
1420,48246.35772,10810.78548,23865.12084,21273.26124,0
1421,46320.50676,10547.71476,25311.61248,20475.60768,0
1422,45760.968,10176.14268,25114.99056,20238.05124,0
1423,45386.2068,10439.25696,25799.8158,18280.97568,0
1424,46831.62528,12244.34244,29077.79952,15242.59572,0
1425,49200.89592,14692.06596,29244.50232,12930.1458,0
1426,52028.097,16150.39668,27726.62244,12090.19284,0
1427,54553.5606,17628.73728,25580.59284,12277.15368,0
1428,55929.50088,18766.03608,24425.10708,12325.42608,0
1429,56375.49192,18920.81136,23659.01736,12585.23376,0
1430,55716.85416,18800.17524,24412.5552,12925.59708,0
1431,54480.15276,18371.59896,25723.19244,13102.41768,0
1432,56379.78192,15694.87392,24724.74444,13852.905,0
1433,56575.44552,14607.01572,23627.84424,15945.46668,0
1434,55311.39108,14169.87,23366.67696,19099.5024,0
1435,53024.08584,15608.68716,25759.64424,22346.15064,0
1436,55172.06904,17433.04464,27275.14416,21911.87328,0
1437,54277.71624,17194.84008,28226.50116,20798.151,0
1438,52973.40444,17135.76348,27771.94596,20856.7788,0
1439,50648.06736,16497.70188,27777.27876,21002.67972,0
1440,48804.82596,15402.83184,26784.69156,21468.47208,0
1441,48778.3626,11958.79212,26297.139,21435.9552,0
1442,46475.35332,10925.1252,26036.38092,21175.86108,0
1443,45295.85544,10162.05036,26013.4776,19914.37932,0
1444,43936.27392,9315.35484,26030.88444,19862.70264,0
1445,43775.20224,8810.22384,25647.89568,18993.1896,0
1446,43574.24808,8645.94324,23871.82776,19477.72728,0
1447,43134.57456,8178.2514,23288.0538,18934.63572,0
1448,46620.63912,9864.15672,23742.24336,14425.20288,0
1449,47935.79208,10378.86828,25719.74328,11585.28888,0
1450,49112.11008,11386.82952,26557.29648,10107.17268,0
1451,51183.42768,12402.91272,24581.205,10520.202,0
1452,53019.7602,13097.33304,23254.40964,10710.74532,0
1453,54433.51188,12854.87412,22899.0564,10789.97436,0
1454,53930.26056,12335.38812,23589.76356,10936.9194,0
1455,52980.3846,11561.11836,24570.13548,11580.7362,0
1456,52788.3246,11476.29252,23755.02624,13108.28376,0
1457,51910.1286,11485.76088,24229.48968,15203.79564,0
1458,50542.1664,11796.09684,23861.84064,19407.35148,0
1459,50142.66312,13889.06508,25745.73012,20929.93848,0
1460,52416.11364,15838.85556,28022.49252,20261.38092,0
1461,52650.21828,15944.1678,28993.07136,19637.03808,0
1462,52394.10792,16027.55088,29121.6684,19583.05932,0
1463,50729.55228,16815.93936,29207.904,19536.38808,0
1464,46837.04784,17992.062,28905.48276,19307.96076,0
1465,45554.0514,16294.0998,28370.7534,19071.97776,0
1466,45149.2734,12898.3536,28081.57968,19051.53228,0
1467,44808.2778,10966.68144,27337.59336,19164.85692,0
1468,44265.68388,9846.83304,26322.63348,19311.72936,0
1469,44584.30944,9308.84328,25898.79468,19307.6664,0
1470,44818.36788,9784.665,25638.23724,19068.03756,0
1471,45236.6838,12242.74656,26966.148,14795.0418,0
1472,48038.31252,13866.66996,29705.30376,12609.52308,0
1473,50471.58996,16746.03876,28037.41116,12802.0398,0
1474,51666.17016,18362.06724,26909.63616,13272.29112,0
1475,53777.9352,19571.37996,25471.35756,13822.1952,0
1476,55137.62364,20270.43216,25295.53092,14077.72476,0
1477,55215.2304,20355.29232,25260.23808,14104.99464,0
1478,54238.5822,20246.85828,27397.39068,14773.91916,0
1479,53142.03972,20112.4836,27589.02432,16895.72808,0
1480,52783.04724,19520.31972,26889.522,18080.06772,0
1481,52311.72408,19017.42084,26467.00188,18142.5882,0
1482,51352.11444,16962.84084,26562.68208,18769.71228,0
1483,52005.5976,16038.15576,27658.41936,19740.22116,0
1484,54960.57072,17589.495,27889.28472,20070.55248,0
1485,55053.75876,17867.57148,27897.87528,20124.29496,0
1486,54664.06176,18052.77012,28391.5434,20140.60488,0
1487,52887.153,17517.30948,29541.22644,19517.1174,0
1488,50706.14076,17294.25588,29344.2138,18820.73028,0
1489,47892.6822,16473.12876,28923.71064,18434.5062,0
1490,45994.6674,15079.9968,28130.32596,18708.822,0
1491,46075.52928,12310.92456,27311.24484,19083.0552,0
1492,45391.35876,10920.16728,26939.36652,19275.9336,0
1493,45031.50432,10327.89648,27127.47972,18776.32152,0
1494,45259.39572,10816.24896,26636.07012,17935.9356,0
1495,45721.70064,12016.79028,28011.86124,14112.17016,0
1496,48154.96092,14036.37312,29581.596,12182.57568,0
1497,49247.79156,15486.02616,29649.18924,11809.842,0
1498,50731.66164,17373.9192,27107.7774,12185.18136,0
1499,52732.56648,18835.58292,24901.3644,12466.42848,0
1500,53409.28824,19161.03552,25293.80436,12404.80164,0
1501,53712.96612,18685.88304,25550.60904,12475.46124,0
1502,53394.34056,19254.31728,27023.10468,12941.27472,0
1503,51549.72372,19230.51636,26997.92964,14220.31512,0
1504,50907.28104,18321.18288,26444.88,15314.8314,0
1505,53400.77688,17379.40644,24881.76108,15955.61088,0
1506,52733.02584,17123.799,23910.02196,17507.99688,0
1507,53115.96708,16529.41224,25486.97316,20223.42036,0
1508,55805.03544,17019.25368,27316.38756,21382.63776,0
1509,55757.98008,17566.36992,27485.59308,20800.33692,0
1510,55582.7712,17692.62,27776.10792,20352.11112,0
1511,53942.13924,17316.46884,27979.17276,20492.85744,0
1512,50787.891,17048.48508,27428.94,20454.03756,0
1513,46464.68244,16655.82336,27888.62076,19955.94876,0
1514,44826.55452,14496.4314,27801.74364,19826.79468,0
1515,43992.12312,12969.11484,27333.6822,19707.64092,0
1516,44278.52748,11435.69064,26837.09424,19676.09424,0
1517,44043.3048,10949.0964,26894.40864,19350.6324,0
1518,43841.06496,12844.25076,27569.72196,17391.97548,0
1519,45166.69872,14700.01764,28670.11356,14636.34876,0
1520,48314.12652,17656.83216,29849.4636,14030.63508,0
1521,52052.3784,19836.88476,29398.40508,14015.43132,0
1522,53884.38264,20144.01708,30292.83312,14176.53336,0
1523,55669.36188,20712.09888,30642.81528,14822.39484,0
1524,57110.73852,21178.38228,30500.61564,15047.15124,0
1525,58386.48024,20590.7658,29551.16076,15086.40144,0
1526,61698.65064,21730.20828,30314.55108,15668.5914,0
1527,63149.8692,23321.07096,28946.808,16934.46216,0
1528,63200.32356,22737.2574,27162.12444,19316.94072,0
1529,64005.93276,21727.17096,24500.50416,20432.8938,0
1530,59553.63612,20768.07612,23868.2136,20163.16764,0
1531,56132.67792,19880.01972,25785.86076,20931.73368,0
1532,57193.125,19701.78408,28010.46864,21833.72664,0
1533,58467.16524,19828.70736,28400.84676,21024.77124,0
1534,58663.7436,19901.27832,28655.06556,21107.02308,0
1535,56914.67892,18766.39116,29169.51708,21443.4726,0
1536,53530.48536,16807.35012,28390.7382,21587.04108,0
1537,49862.78616,13861.91664,28798.66572,20983.31532,0
1538,48481.84044,11338.45152,28368.53316,20689.53216,0
1539,46887.91008,10157.74848,27773.58804,20724.46728,0
1540,46076.3886,9204.74676,27432.54888,20730.039,0
1541,45985.04064,9180.68184,26796.36168,20633.8176,0
1542,47513.42244,9599.97852,26617.16904,20318.09736,0
1543,47647.44732,13013.1936,28421.88096,17787.15708,0
1544,51123.35712,16961.80464,29360.01024,16447.39536,0
1545,56506.84116,18666.65064,30695.7024,15178.3368,0
1546,58787.39064,18916.99788,31977.74184,14990.7186,0
1547,60294.23136,20168.54928,32034.85956,15097.5792,0
1548,61457.11308,20116.2258,32211.5772,15206.07132,0
1549,60903.42324,18891.16812,31703.232,15246.57948,0
1550,63232.88928,20055.47544,31655.2632,15633.50976,0
1551,63064.03356,21409.86936,31740.47712,17729.66844,0
1552,62800.29624,21769.97856,30678.80112,18970.3734,0
1553,61728.29256,21593.27016,28176.79524,20848.5156,0
1554,59356.42944,18219.49272,27177.33348,21664.73232,0
1555,58140.3768,17107.15644,28225.84644,22007.54952,0
1556,61091.35296,18436.18128,28397.58636,22174.14936,0
1557,61292.451,18373.72812,28335.24144,22234.83636,0
1558,61277.80164,18788.11308,27934.2426,22588.02216,0
1559,57668.76588,18567.61632,27956.7948,22851.14832,0
1560,54355.8576,16959.60684,27841.92708,22341.17424,0
1561,50872.39212,14830.66992,27671.33556,21333.12456,0
1562,48812.61924,12329.2686,27980.37924,20953.74996,0
1563,46768.32732,11534.79492,27925.13328,20514.26652,0
1564,47040.43608,9616.22508,27456.22836,20526.70488,0
1565,47310.73116,9175.69356,26878.02216,20485.49976,0
1566,47320.90704,11479.8816,26519.0904,20392.80012,0
1567,48188.15232,13816.5984,27021.0204,19120.21584,0
1568,53115.94596,16374.20268,29034.81636,16168.05564,0
1569,57468.79644,18664.64028,30180.12228,14774.54616,0
1570,59862.98604,19281.8604,30930.19116,14373.03648,0
1571,61650.75972,19908.54624,31812.81708,14510.80092,0
1572,62198.31684,20290.2018,31876.9044,15608.74524,0
1573,62204.0496,19119.41064,31634.262,15660.19884,0
1574,62518.82868,21775.0236,31338.36024,16811.55696,0
1575,63159.35868,22571.7294,28878.12972,20523.35208,0
1576,64190.55588,22109.16576,25851.91884,22316.11272,0
1577,62243.676,21445.85388,25320.17268,21968.41548,0
1578,59931.15348,19859.95044,24566.90016,21694.70028,0
1579,58958.10228,17974.73832,26305.06824,22087.91508,0
1580,62237.20932,18172.82544,28407.19728,21418.57344,0
1581,62471.9898,18268.13736,29047.30092,20231.60172,0
1582,62514.51228,18404.7468,29666.01924,20555.7,0
1583,60518.16276,18322.02636,29224.67196,20816.05284,0
1584,56667.61056,17412.5292,29392.82544,20717.72736,0
1585,52913.46852,15507.6834,27750.4194,19616.96352,0
1586,50072.92752,12663.55992,27361.31244,19161.67836,0
1587,47579.89236,11454.58248,27170.352,19777.29996,0
1588,47134.35408,10422.65004,26459.97684,20706.2262,0
1589,46285.83036,10397.68752,26678.36556,20169.75048,0
1590,45060.19188,11440.10604,26986.02192,18936.2976,0
1591,42447.53304,13084.03932,28145.18652,17698.32504,0
1592,44113.97496,14692.27584,30158.01888,14816.9274,0
1593,46672.75404,16233.86688,30684.46788,13697.25588,0
1594,48922.0512,17372.84736,30790.70544,13498.54968,0
1595,51204.36816,17672.06628,30473.95296,13801.78932,0
1596,53479.338,17820.45936,29341.38636,14119.15296,0
1597,54973.74168,17828.16024,27984.99528,13657.116,0
1598,54915.1416,17969.8596,26965.14876,14827.8042,0
1599,54260.2104,18222.45612,24995.75232,15919.00332,0
1600,53779.61028,18001.11192,22845.85776,17439.23676,0
1601,54815.90532,16321.40532,21432.23412,20307.71292,0
1602,54937.58292,15054.30168,23399.55552,21440.16996,0
1603,54410.60328,17043.0282,26541.58848,21379.07508,0
1604,56759.56176,17871.73212,27471.05064,21460.37388,0
1605,56371.51608,16658.12808,28145.15616,20746.14564,0
1606,54285.07788,16734.03072,28283.71656,20738.6454,0
1607,52206.20592,16344.6294,28127.18832,20850.45732,0
1608,50087.44356,16311.96996,27200.63544,20944.62744,0
1609,48079.77636,13706.22,27686.38488,20067.14424,0
1610,46330.43052,11553.46632,28377.7164,19203.69528,0
1611,45064.65744,10108.17324,27867.13116,18566.30424,0
1612,44054.77164,9034.33212,27459.61416,18203.295,0
1613,43422.04416,8136.18828,27599.09592,18026.46252,0
1614,43529.6004,7709.23296,27902.21148,16485.74664,0
1615,43619.5782,7336.49664,28236.186,13636.91604,0
1616,44325.53532,8634.63744,28036.31952,12088.3224,0
1617,45377.7258,9262.8426,28425.05688,10315.71552,0
1618,48266.60916,9425.36496,26441.15628,10288.53672,0
1619,50615.16504,10282.97292,24436.36272,10720.08432,0
1620,52704.68808,10722.63456,24029.38824,10950.85332,0
1621,54650.0922,10764.9762,23756.238,11101.94052,0
1622,55355.32068,11316.00228,22395.55164,11018.52444,0
1623,55773.21156,12409.37676,20487.99588,11557.06992,0
1624,54732.91692,12972.58512,19565.80692,13519.19316,0
1625,52813.4574,12530.26764,17370.19944,19627.9974,0
1626,51443.55348,11933.38608,17142.8334,24994.37292,0
1627,52619.19432,14089.22328,19206.13596,25721.0514,0
1628,53980.4562,15426.79644,21015.11412,25591.566,0
1629,52500.04848,15468.64572,22728.92424,25217.2272,0
1630,52203.89592,15432.53712,23676.31068,24783.76164,0
1631,50775.60972,15182.32584,23995.6926,24512.3208,0
1632,48023.65128,14612.9544,23632.85364,24004.233,0
1633,47693.7054,11003.78136,23289.12168,23568.01128,0
1634,46937.86152,8606.83164,22019.42028,24333.76968,0
1635,46391.82768,6651.6912,21929.59164,24319.26156,0
1636,46074.55512,5988.21828,21191.445,24298.3026,0
1637,47041.53168,5785.43328,20167.7058,24311.4762,0
1638,47858.69088,6822.59688,20348.41248,24454.77804,0
1639,49597.1124,9698.96136,21698.42928,21701.8032,0
1640,54107.73852,13291.25292,24254.7228,18039.8922,0
1641,58756.44324,15242.7462,26802.42576,16339.23324,0
1642,60833.3022,15997.28064,26595.52764,17081.394,0
1643,63524.11032,16392.10452,25463.29896,18133.82604,0
1644,63507.81492,17469.97164,24141.13944,19915.76004,0
1645,63167.64168,16111.40916,22311.75936,21703.68948,0
1646,64435.87656,17790.3858,20586.87312,24561.62148,0
1647,65360.86788,19172.85744,18627.30936,25642.97868,0
1648,65750.19792,19069.974,16313.69652,27194.5806,0
1649,65812.15212,18287.82384,15450.08256,27205.76364,0
1650,60437.50548,16905.7218,16733.08164,26513.07516,0
1651,58034.1894,16266.18708,20211.42024,26318.22864,0
1652,59183.37216,16436.02752,23228.997,25785.93864,0
1653,59357.24784,15959.45472,25681.18476,23597.77596,0
1654,58073.3472,16521.96612,27327.9996,22802.8482,0
1655,54473.48808,16626.0666,27819.79728,22411.15008,0
1656,50794.03428,15548.1282,27718.1586,21897.91956,0
1657,50646.34608,11249.5614,26598.42636,22197.47376,0
1658,49617.1632,8035.46304,26453.47584,21693.52152,0
1659,49540.48836,5604.16164,26516.66292,21192.42444,0
1660,48985.8864,4885.75296,26080.7646,21101.949,0
1661,48914.1444,4934.07816,25958.64216,21107.3544,0
1662,50305.2,5860.26804,26125.89144,20828.74464,0
1663,51681.80556,8994.74004,26628.7164,19265.53596,0
1664,56000.9274,11746.26024,28555.4016,16828.6536,0
1665,60625.10124,13830.102,29713.34784,17205.51096,0
1666,62161.60368,15297.30708,29938.392,17642.6448,0
1667,63928.17948,16372.49592,30323.27628,18212.65512,0
1668,64489.38672,16554.9714,30590.87988,18566.76888,0
1669,62869.23456,15979.60716,29856.123,18478.68924,0
1670,64445.84124,16646.12664,27853.8414,20976.46452,0
1671,64928.2458,17298.1116,26329.49088,23378.32596,0
1672,64651.38768,18272.69004,23711.37912,24778.84992,0
1673,63517.25028,18177.93912,21684.74088,24713.78316,0
1674,58859.59992,15701.78148,22654.13964,24259.99752,0
1675,56926.71732,15181.14972,23715.78792,25435.76904,0
1676,57696.84624,15798.35664,26127.2616,24268.92864,0
1677,57772.72644,15119.32752,27963.34332,22758.39192,0
1678,58390.15776,14009.0148,28574.997,21940.06716,0
1679,55492.2786,13382.6682,28220.47536,22136.25612,0
1680,52367.81748,12017.5176,27203.8272,21933.0012,0
1681,48401.29272,10405.12968,27495.81648,21309.21804,0
1682,45767.49276,8997.8526,27284.24556,21084.6372,0
1683,45180.86496,7371.48852,26509.13232,20984.91252,0
1684,44925.53208,6825.6408,25810.79292,20997.43536,0
1685,44717.8974,6685.1004,26149.35312,20869.50888,0
1686,46728.10296,6805.19268,27025.80936,20137.90812,0
1687,49310.92716,8862.084,28379.66208,17661.50628,0
1688,53660.48556,11288.38656,29431.89744,16494.60912,0
1689,57524.91624,13381.32048,30239.56188,16823.62044,0
1690,59361.60648,13871.1804,31059.07992,17456.23968,0
1691,61255.78272,15111.6372,31055.87232,17909.44848,0
1692,62699.21592,15325.07328,31596.83208,17817.62664,0
1693,62391.89616,14566.10232,30719.5482,17565.84984,0
1694,65073.74016,14058.08052,30290.39112,19038.30324,0
1695,65921.24088,15028.61316,28744.3596,21480.38112,0
1696,65841.75576,15313.2936,26471.85948,22888.85544,0
1697,63324.44448,15981.7812,25960.11924,23199.90288,0
1698,59630.40732,14018.04888,24848.87592,23074.986,0
1699,58811.27076,13814.43756,26737.34316,22682.55,0
1700,59789.50032,14358.79104,29037.98436,21465.1866,0
1701,59512.25016,14060.93832,30300.82176,20736.25884,0
1702,58637.32248,14438.71308,29795.95608,21877.6272,0
1703,54799.01724,14661.49212,30238.29732,22023.9756,0
1704,50706.1896,13988.74884,28951.25376,22328.45736,0
1705,47033.68692,12600.00588,28305.38964,22084.29564,0
1706,46159.6212,10116.18432,28443.78768,21000.9426,0
1707,45683.90244,8472.12168,27935.919,20720.39772,0
1708,45881.22924,7058.5218,27563.37672,20503.87812,0
1709,46882.17072,6739.16496,26439.9366,20739.87432,0
1710,47919.36072,7376.26164,26193.64308,21466.51584,0
1711,48724.69932,10831.03164,28671.9444,17754.7524,0
1712,52356.37044,13332.45012,30883.91328,15597.78396,0
1713,56593.4886,15471.27252,31314.6702,16105.3464,0
1714,59535.83592,16147.4808,30486.258,16805.35824,0
1715,62553.04044,17407.53696,28424.8932,17494.05768,0
1716,64613.10504,18141.92952,26688.95988,18941.34132,0
1717,64819.65996,17067.25548,25669.86048,18464.70648,0
1718,67056.165,16700.7258,24729.75648,20358.31512,0
1719,66776.23524,16718.15772,24153.9012,22972.0326,0
1720,65316.03936,17668.76232,21383.703,24699.015,0
1721,65578.7286,17082.44736,18800.23068,25623.90072,0
1722,62638.18044,16298.41884,17780.2416,25572.13956,0
1723,59836.73256,16382.70744,21451.17612,25128.5496,0
1724,60240.82152,16629.74016,24335.35368,24444.17052,0
1725,59680.65708,15509.46408,27640.11492,21922.01088,0
1726,59317.18188,14959.296,29114.547,21206.8428,0
1727,56945.71212,14556.23796,28025.49024,21759.09252,0
1728,53956.13916,13508.49588,25534.70568,22608.36468,0
1729,51109.65024,10602.05388,24071.44872,23888.0796,0
1730,48417.435,8436.49752,24201.87924,24003.2958,0
1731,48017.94888,6259.473,24057.64416,23543.59524,0
1732,48162.55224,5250.00564,22979.35464,23578.25712,0
1733,48585.1014,5341.6044,21675.23424,23729.91984,0
1734,50136.0816,6310.60452,20809.30368,24630.38952,0
1735,51542.13768,9110.53968,21112.68588,23289.68928,0
1736,56236.59492,11666.15472,23030.57196,19243.71504,0
1737,60073.497,14021.3502,23684.53164,18385.89984,0
1738,61319.6232,15055.93056,23774.14116,19007.307,0
1739,64676.30268,16053.19452,22577.46612,19477.60056,0
1740,67032.30996,16309.08972,22616.8932,19776.2796,0
1741,66890.53668,15482.87532,21349.02264,19764.83916,0
1742,68929.87464,15086.53476,19851.97764,21420.70524,0
1743,68739.51612,14235.507,18322.34052,24271.7178,0
1744,69260.31816,13510.67652,16724.84088,25586.09988,0
1745,67883.93304,14804.66064,14573.32008,26135.5182,0
1746,62545.23264,15972.56496,14828.67144,26015.26488,0
1747,61036.40532,15849.29016,17588.26872,25778.79876,0
1748,61318.59888,16635.31716,19633.45692,25502.76696,0
1749,59736.237,16045.77216,20213.21148,25631.91576,0
1750,59807.84964,15393.6618,20840.84508,25789.41948,0
1751,58755.43872,15187.69956,19862.21028,25318.30356,0
1752,56314.12644,14954.33148,18653.30808,24885.87552,0
1753,55643.8278,10909.35912,18078.63024,24833.68536,0
1754,53892.48876,8039.00064,18401.45076,24884.37072,0
1755,51314.95644,6315.11232,19288.95936,24880.68,0
1756,49464.05508,5109.23688,20407.81116,24771.5292,0
1757,48264.34668,5009.9676,21156.10992,24687.564,0
1758,48121.15044,4988.4186,21283.97304,24251.5416,0
1759,48595.2522,6275.23908,23349.91296,20261.96568,0
1760,51446.46804,8002.72572,24720.55608,17658.85044,0
1761,53501.69748,10973.14812,26130.98532,14636.9124,0
1762,53608.93428,13489.23048,27691.75332,13028.66928,0
1763,56095.15032,14685.21648,26289.93972,13120.32084,0
1764,58707.50556,14560.3458,24763.68972,13876.25316,0
1765,59391.53088,14031.8772,23206.68504,14621.60832,0
1766,59617.0608,12353.8404,21604.2552,16168.44108,0
1767,57625.95564,11039.65632,21012.52428,17700.078,0
1768,57063.84024,10138.95828,19851.54996,19336.99944,0
1769,57555.85176,9435.5118,18296.78796,21985.67844,0
1770,56701.15176,10179.98124,17953.74768,24506.92596,0
1771,55653.24204,13551.3246,21520.851,24513.62892,0
1772,54444.47052,14832.3054,24666.8664,24234.1968,0
1773,52712.96052,13723.49088,26832.8544,22661.25708,0
1774,51668.06172,12829.81656,27212.68704,21778.53216,0
1775,49179.32448,12072.71208,27109.9818,22060.17528,0
1776,47046.22956,11684.80104,25490.96616,22348.90812,0
1777,44042.99724,11027.10972,25218.41784,22284.9528,0
1778,41805.8652,9685.08024,24308.12076,22874.41728,0
1779,40909.87428,8674.81296,23455.43112,22493.05608,0
1780,40150.53108,7950.82068,22494.55428,22756.81716,0
1781,39752.85864,7050.38532,22336.04736,22710.89436,0
1782,39871.50948,6572.30112,21752.92416,22450.41216,0
1783,40647.70248,5853.36708,22794.90312,20002.95396,0
1784,42684.71328,6672.17364,26880.91824,13662.10164,0
1785,43736.86548,7397.1744,29234.04,10239.63732,0
1786,46362.30456,7996.04652,26558.5254,10424.17596,0
1787,49614.42024,8732.9484,23607.33936,11461.27488,0
1788,52875.41952,9132.53088,22016.69184,11759.3982,0
1789,53982.45996,9348.1146,22028.48736,11461.57056,0
1790,54855.76272,9291.83772,21097.39236,11568.58164,0
1791,55118.8374,8746.21176,19609.788,12883.9062,0
1792,53217.3576,7853.91552,17277.53148,17646.4464,0
1793,52631.96928,7163.95152,15819.31296,21688.5702,0
1794,52907.83344,9662.0106,14708.08944,24389.10672,0
1795,52578.68484,12536.34888,18584.38164,24722.99808,0
1796,51998.86164,14510.694,20933.5302,24469.79172,0
1797,50909.69796,14892.20832,21348.44844,24015.43188,0
1798,49592.82108,14792.55492,22360.06872,24213.05304,0
1799,48670.07112,13593.20688,22670.4522,24069.78156,0
1800,47162.73408,12984.53244,20767.37784,24132.82344,0
1801,46219.00272,9294.24936,19927.1028,25412.25852,0
1802,46869.81948,5828.68704,19740.39408,25300.43472,0
1803,45550.6194,4579.0536,20182.02384,25090.60356,0
1804,43956.78276,4250.4396,21104.12568,24711.06924,0
1805,44120.61588,4385.30136,20828.19552,24752.3232,0
1806,47083.52352,5444.68056,20084.78736,24550.25628,0
1807,49510.1112,7781.68248,20566.8672,23593.42128,0
1808,53921.84028,11160.37692,24062.76048,18862.73928,0
1809,57014.57652,13762.67376,26680.6188,18069.13548,0
1810,59209.39992,14708.46432,26239.15668,18979.05504,0
1811,62217.73272,15216.71712,24558.9894,19526.95536,0
1812,63525.55176,15223.44252,22447.01844,20878.69212,0
1813,62846.7312,14309.64744,22448.06784,20006.42952,0
1814,65133.06492,14694.12384,21335.63388,21692.10384,0
1815,65095.28256,15234.16488,19692.55728,24822.93396,0
1816,64711.89252,15366.6414,18791.68896,25491.25524,0
1817,64328.19096,15173.77356,18462.05988,25153.75236,0
1818,60626.85024,14511.0042,17452.25592,25146.80256,0
1819,58514.96244,14049.83316,20213.20356,25857.34272,0
1820,58190.54076,14516.65116,24839.31912,24652.87176,0
1821,56311.73064,15114.20724,26806.13892,23383.72476,0
1822,55924.6248,15169.09152,27374.39628,22859.7666,0
1823,53696.24568,14355.03828,26921.45148,23261.36472,0
1824,51065.79588,12108.88272,25536.39,23639.913,0
1825,48774.02904,8698.68516,25127.586,23682.47772,0
1826,48123.74028,6117.00672,24771.87636,23134.55364,0
1827,48002.57616,4935.81,22669.8912,23325.62628,0
1828,47876.8356,4095.21156,20796.09312,24144.7404,0
1829,48201.1266,4203.35784,19975.98636,24209.11812,0
1830,50667.92148,5849.37408,18227.95128,24290.29416,0
1831,52467.3072,8669.13828,18009.27216,23547.17112,0
1832,57875.169,11149.42092,21189.66696,18878.18856,0
1833,59032.1622,13646.04516,24902.65272,17926.67712,0
1834,59809.26732,14356.89288,26272.2174,17896.82928,0
1835,62536.8876,14888.01336,26072.06448,18521.54436,0
1836,64770.74604,15184.6068,25279.452,19399.7826,0
1837,64276.91028,13716.20844,24806.64252,19252.92468,0
1838,65655.051,14304.13248,23411.59656,20485.19484,0
1839,68461.0542,14568.69744,20657.274,22585.86264,0
1840,68625.22392,14202.83172,18535.2024,24968.163,0
1841,67396.95468,14649.624,15565.54164,27194.38656,0
1842,62967.23136,14856.59868,14375.22636,26407.75368,0
1843,62752.33272,13812.54468,16211.57736,26647.95804,0
1844,61592.27448,14808.97836,18088.56984,26662.47276,0
1845,59981.70156,15472.79844,18788.77044,26753.7534,0
1846,58879.54116,15503.62968,19594.45356,26557.0866,0
1847,53967.58224,14844.88368,21452.97396,26410.49268,0
1848,51911.22024,12111.60324,20801.57904,26505.26208,0
1849,49855.3242,9171.26232,20187.44376,26396.19972,0
1850,48311.3598,5983.24716,20398.61208,26349.70008,0
1851,47275.88844,4481.07132,20556.0894,25770.32304,0
1852,46388.5884,4260.35412,19905.52872,25688.08044,0
1853,48026.01144,4239.90336,17855.4684,25682.86644,0
1854,51716.07144,5227.00332,15633.50184,25683.8076,0
1855,52560.9942,6940.395,17368.97052,25466.32572,0
1856,53555.86764,11635.80396,21401.13624,20966.72028,0
1857,56483.90352,14020.93176,23708.6388,18915.3558,0
1858,60566.73744,13239.13668,23638.76064,18636.48072,0
1859,63318.89784,13098.55272,23049.22356,19295.496,0
1860,63733.70256,13634.06352,22922.50356,19327.00968,0
1861,62289.67272,12554.4738,22637.83896,18575.6538,0
1862,64016.0136,13291.83504,21356.69052,20056.30704,0
1863,64477.27836,13473.93168,19702.23288,23340.4446,0
1864,65046.19704,12754.02612,18415.64076,25182.5706,0
1865,63675.09588,13233.65472,16647.8532,26508.31788,0
1866,60613.93668,12831.99984,15931.15392,26542.60884,0
1867,60150.29724,12086.45592,19489.9122,26319.65424,0
1868,59956.74432,12824.35836,21732.96972,26109.63696,0
1869,57968.66724,12922.92672,22617.02916,25888.21884,0
1870,56884.38756,12595.80036,23103.3726,26150.94108,0
1871,53295.9372,11492.4216,23948.15544,26082.56376,0
1872,50621.9208,10781.99496,21544.35624,26064.96552,0
1873,47584.51368,8951.23548,20071.64412,26137.91928,0
1874,47840.15148,6469.81236,18100.43796,25988.20356,0
1875,49422.9912,4583.95344,15581.83836,25980.9594,0
1876,49372.2306,4512.8556,14062.35072,25946.4018,0
1877,50726.81988,4389.63228,13210.68144,25983.51624,0
1878,52494.43452,5396.03592,12922.12548,25961.22672,0
1879,53234.7486,7775.1696,14424.2406,25225.97352,0
1880,56853.9114,11021.81124,18356.20116,19652.57052,0
1881,59164.70208,13674.47796,21844.46748,16156.6482,0
1882,60642.8394,13354.72908,23370.44688,15721.0086,0
1883,61475.72772,14193.29076,24438.17244,16303.60644,0
1884,62211.97752,14776.05228,23977.41456,17153.63628,0
1885,62025.85752,13326.14844,23056.89936,17362.7982,0
1886,63396.26832,13438.96356,23174.03484,18833.49204,0
1887,63052.59312,14848.03848,22805.59116,20339.79948,0
1888,61361.49492,14185.96212,21513.4128,22329.19128,0
1889,59340.6198,13766.8674,20263.00056,25137.0372,0
1890,56417.39004,13168.6104,19043.8908,26377.6854,0
1891,56072.24568,12470.37132,22327.15188,26131.47636,0
1892,57746.14164,13134.95832,23558.28024,25875.29208,0
1893,56979.16752,13165.40808,23136.0756,25916.6292,0
1894,57185.53236,12682.72104,22255.89432,26109.96432,0
1895,54453.68148,12008.08224,22098.57408,26097.3702,0
1896,51157.8672,11446.81032,19949.85696,26331.61344,0
1897,50040.4476,8825.34312,18203.11152,26425.36908,0
1898,49214.57904,5434.95612,17678.81544,26405.81328,0
1899,47850.88704,4728.24924,16551.94728,26217.71592,0
1900,46524.09564,4500.72612,16240.23852,26031.55104,0
1901,47446.06416,4655.16216,15499.87824,26093.76528,0
1902,48390.1704,5339.25876,15926.45208,26196.588,0
1903,49446.25092,7449.58764,18022.224,25177.06488,0
1904,51657.96768,11312.99004,22066.7502,20258.42544,0
1905,53715.61008,13994.39316,25561.50168,17186.77752,0
1906,56347.78908,14251.42884,26032.7166,17027.46804,0
1907,59180.84964,14528.778,25614.82572,17861.04804,0
1908,59260.84296,15141.27384,26041.10652,18388.15308,0
1909,58219.44216,13495.13088,26556.89916,17351.91084,0
1910,58186.6032,14996.982,26610.93072,18235.76436,0
1911,58428.86808,15452.20116,24859.26828,21593.05104,0
1912,58312.47048,15184.88796,22891.30404,23901.41292,0
1913,57573.8328,15030.13512,20111.69424,25724.85564,0
1914,56951.73924,14320.0266,18024.66204,26421.7206,0
1915,57596.93808,13064.37132,21580.18104,26117.18472,0
1916,58672.76844,13711.533,23556.16164,24824.18664,0
1917,56694.76164,13416.6054,24090.80652,24312.71304,0
1918,56282.61936,12686.78532,23978.45472,24670.9122,0
1919,54627.73008,12721.14096,22325.46492,25321.09668,0
1920,52171.72488,12750.96768,19506.4716,25692.282,0
1921,48477.99396,12103.29648,16922.29704,26614.62936,0
1922,46072.25436,10391.90064,15755.289,26648.0082,0
1923,45879.95676,8096.39028,15200.75304,26507.0124,0
1924,45411.56928,6174.84912,15451.77876,26401.59588,0
1925,44751.34092,5622.16116,15905.63832,26385.68064,0
1926,43652.37096,5889.2856,16806.2466,26182.37292,0
1927,42598.63344,7035.02052,19636.08504,23457.93516,0
1928,44298.37368,8649.49008,24460.86852,18977.97528,0
1929,46659.31116,10288.83108,27979.64796,15373.29156,0
1930,50752.1322,11417.47728,27272.48832,13514.08476,0
1931,53493.75372,12291.63276,26289.11208,13187.02704,0
1932,54765.61068,13516.68912,24569.86224,13283.86884,0
1933,53726.91324,13031.44128,23609.41968,13158.28932,0
1934,54145.34136,11954.88624,23133.82104,13349.67612,0
1935,54660.27336,10982.48184,22855.20336,14610.52692,0
1936,53934.31428,11052.70188,22825.45188,16469.92512,0
1937,52816.09476,11710.34964,21392.0586,19147.65204,0
1938,51806.26968,13304.1678,18754.87416,22924.09812,0
1939,52850.2458,14315.0898,21094.78668,25491.07836,0
1940,54030.0222,14065.2336,23505.636,24163.1214,0
1941,51153.2802,13991.175,25377.57024,21921.55548,0
1942,48282.33696,14439.79812,25722.54168,21955.43856,0
1943,45020.77668,14041.27164,24390.44388,23731.50384,0
1944,43663.29924,12197.3148,22930.22028,25134.35628,0
1945,41822.49852,10897.986,21789.61884,25264.59012,0
1946,40501.37652,8917.12668,21400.15944,25278.51612,0
1947,40284.4926,6889.29252,20944.87956,24953.50968,0
1948,40334.30544,5822.16492,21065.44704,23649.0144,0
1949,40609.60992,5188.17552,20657.8482,23008.47912,0
1950,41276.54124,4729.0518,20079.24336,22151.4348,0
1951,41427.56508,4833.35028,21074.00064,19188.40836,0
1952,42650.20716,6283.67256,22728.14808,16042.61208,0
1953,45516.69672,7406.949,22796.58744,13916.33628,0
1954,47764.75572,7678.96668,22758.77868,12618.55452,0
1955,50119.2384,8329.11156,23028.73452,11775.28308,0
1956,51147.05244,8734.33836,24101.54208,10801.43328,0
1957,50542.32876,8749.03128,24655.76256,10690.54932,0
1958,50025.38112,8152.50348,23909.72364,11205.42192,0
1959,49803.04824,7728.78876,22795.1328,13467.64716,0
1960,49362.918,8158.99392,22262.81508,16236.06204,0
1961,49408.61772,8134.51188,20528.2638,20410.9092,0
1962,49211.877,9402.37452,18798.55692,24089.33076,0
1963,52375.18968,9958.31496,21309.11508,25205.7234,0
1964,52617.03216,11535.34008,22590.8232,24656.37108,0
1965,51670.7334,10954.42524,24208.38156,23864.02788,0
1966,50012.23128,11603.88372,24360.95904,23709.95484,0
1967,48259.03368,11297.6754,23086.53996,25148.1318,0
1968,46034.19876,10719.86784,21395.63448,25673.65152,0
1969,43511.24844,9699.66228,19785.5196,26266.96644,0
1970,43813.94292,6265.91856,19430.52144,26362.78128,0
1971,43327.50972,5155.5768,19015.3392,25948.35804,0
1972,44406.44736,4197.8904,17753.57364,25871.58816,0
1973,44894.00916,4526.51364,17127.48444,25787.11872,0
1974,46306.16232,6324.1266,17154.9048,25777.24776,0
1975,49113.61356,8563.53696,18809.25948,23270.24436,0
1976,52449.25224,11475.67608,22755.2754,20086.9086,0
1977,54453.45708,15029.92128,26206.22796,18909.92136,0
1978,57398.52096,16192.35156,25411.81632,19030.87824,0
1979,60354.9078,16115.0946,24524.7288,20317.96008,0
1980,61728.17508,16300.317,24575.991,20173.22076,0
1981,59210.92716,14801.9322,24954.4614,19589.2092,0
1982,58679.7816,15900.53916,24831.44796,21141.73776,0
1983,58363.19148,16323.50016,23952.32796,25079.51028,0
1984,59157.2652,15877.86024,23071.55004,26383.89732,0
1985,57776.7762,16585.6548,22655.75136,26531.52216,0
1986,55103.01456,15946.75236,20842.44228,26163.12864,0
1987,55588.00368,14955.963,24102.27864,24751.30416,0
1988,57744.63156,15041.1492,26442.67164,23001.3234,0
1989,56841.44664,14811.2778,26652.86712,23066.26344,0
1990,56675.80116,13579.37196,25466.99496,24935.79792,0
1991,54593.83644,12344.41428,24494.95356,26023.18224,0
1992,50818.90572,11235.9588,22752.49416,26716.51356,0
1993,48160.66068,9310.37976,21603.43152,26470.3164,0
1994,47051.58612,6805.42896,20979.45168,26322.11472,0
1995,45888.77964,5576.7822,20340.66408,25887.86904,0
1996,45785.40516,5612.10012,19518.92712,24717.033,0
1997,45933.68604,5771.80956,19073.11296,24670.87392,0
1998,46649.81112,7437.29976,18645.75636,25357.4574,0
1999,47031.02712,10508.95956,21701.2092,22058.22432,0
2000,49018.29768,13073.29716,25557.90468,19674.3162,0
2001,52424.28972,14798.20188,27043.5924,19211.4516,0
2002,55099.83336,15328.48284,27613.49184,18478.44768,0
2003,58449.6264,15829.308,27051.72228,19103.64192,0
2004,60160.00452,16006.30944,26414.04744,20630.00148,0
2005,59217.4638,14947.98888,24970.97196,20741.70252,0
2006,59933.16516,15186.62376,24231.32712,22916.20056,0
2007,61198.78116,16222.40004,23307.51588,24118.04076,0
2008,60820.518,16576.35936,22602.86952,25849.09008,0
2009,60662.0916,17224.9836,20736.08328,26343.04464,0
2010,59664.9834,14915.08524,18089.5308,26625.0336,0
2011,58918.53792,15625.69536,19879.70028,26156.64876,0
2012,58254.16476,15778.26096,22395.05136,26098.93044,0
2013,57177.01968,15203.52372,23312.355,26208.48384,0
2014,56823.40488,14677.67136,23811.42192,26157.57276,0
2015,54321.02412,13630.8084,23257.31892,26201.78352,0
2016,51298.76664,13089.89088,21405.80904,26197.66908,0
2017,48087.22908,10985.99304,20238.21888,25981.75272,0
2018,47695.93356,7524.90288,19676.7318,25838.84424,0
2019,46128.94968,5833.87332,20250.23484,25627.57164,0
2020,44584.18932,5621.58696,20623.95852,25264.07136,0
2021,44978.703,5380.31736,20361.52404,25411.23156,0
2022,46903.91112,6508.20852,20067.91908,25284.33996,0
2023,48644.01564,9251.72028,21678.558,23049.92052,0
2024,51646.57344,12103.43376,25223.27412,20554.74564,0
2025,57494.79912,14129.4252,25126.92864,20010.87924,0
2026,59861.05224,15296.66424,24286.37772,20027.54952,0
2027,62360.55936,15450.2766,24461.78724,20338.52964,0
2028,63718.63872,15529.5888,23715.9318,20581.6116,0
2029,62621.07324,13668.92868,23486.01816,20572.09176,0
2030,63458.08128,14687.7786,22993.53276,21464.28768,0
2031,64895.70252,15109.07376,21554.08464,22591.08984,0
2032,62075.22816,15955.02348,20374.79136,25337.66532,0
2033,60355.26288,16198.67304,18579.88704,26726.2446,0
2034,57139.74816,16009.7586,17373.96936,26542.16664,0
2035,56883.8754,15966.14712,20565.62112,26327.06736,0
2036,56176.35276,16153.47492,23775.5628,25865.33532,0
2037,55092.5364,15399.74832,25146.84876,24907.93008,0
2038,54971.664,14310.52524,25384.82364,25052.4252,0
2039,53460.05676,12623.9256,24166.76196,25622.42892,0
2040,49736.11896,12149.31432,22604.72544,25541.97228,0
2041,46725.09336,11513.25648,20203.5372,25030.58316,0
2042,46550.3742,8192.58264,19578.08292,24750.7788,0
2043,46163.53236,5962.5918,19366.64004,24618.78144,0
2044,44341.62348,5789.20056,20186.8062,23825.63964,0
2045,45755.09268,5716.76556,19232.499,23398.7754,0
2046,47110.09512,6660.14184,19334.19708,23739.80532,0
2047,46975.42344,9399.49164,21583.12464,23016.26976,0
2048,50498.85192,11597.8764,24603.8628,20267.95584,0
2049,51600.85656,14226.45312,26742.34992,19681.25676,0
2050,53872.74948,14306.7342,26498.9472,20355.225,0
2051,55797.59856,14696.74404,27199.66788,20752.01568,0
2052,58213.92852,15458.96748,26154.44304,20536.95732,0
2053,57225.35412,14997.9126,24286.13088,20741.31972,0
2054,58496.1894,15567.4728,23447.02272,23038.78368,0
2055,59828.50368,16058.32932,23307.08556,24780.08676,0
2056,60017.65572,16105.58136,21795.85452,26591.93856,0
2057,60877.13412,15695.5326,19522.69308,27260.80896,0
2058,57250.15692,14886.60096,18991.92108,27212.50356,0
2059,57821.94396,14701.54356,21049.4526,26716.5954,0
2060,58257.71556,14712.66324,22156.728,26434.49556,0
2061,57924.39576,12835.55328,23528.93532,25893.69948,0
2062,57946.32624,11855.78328,23667.73464,25776.90984,0
2063,55198.56276,11204.7738,23513.62068,26055.83376,0
2064,51647.42616,10850.30232,21363.32748,26455.902,0
2065,49994.49048,9260.26728,19984.1664,26031.46128,0
2066,49782.89712,6675.4116,18579.65208,25124.33352,0
2067,48387.3654,5335.26048,18689.75196,24083.93064,0
2068,47096.73408,4725.68712,18452.10708,24035.79684,0
2069,47547.9972,5068.5096,17598.09612,23778.76908,0
2070,48338.70624,5875.86384,17427.4914,24228.73464,0
2071,49983.81828,7789.89948,18501.4302,23515.99404,0
2072,53010.10836,11793.72744,20861.87268,20911.7172,0
2073,53752.3206,14381.84352,22395.26388,22138.25592,0
2074,56240.1642,14804.5128,23877.9882,21299.74044,0
2075,59841.28128,15302.45112,23754.94836,20895.98148,0
2076,60824.28528,15629.66328,24269.16888,20129.41524,0
2077,61111.74432,14253.30192,24437.87544,18019.69488,0
2078,61906.01472,15414.35412,23753.0106,20541.41232,0
2079,63043.3254,15681.27264,23408.69388,22470.73488,0
2080,62618.193,15047.47068,22880.93148,23412.24732,0
2081,61494.33972,14745.9906,20394.39204,25357.39668,0
2082,60554.83632,13682.34252,18445.21404,25413.65904,0
2083,61493.83284,13709.16492,19998.72072,25494.41268,0
2084,61312.74864,13624.98456,21699.00876,25374.3204,0
2085,59632.96416,12807.09672,22480.67052,25418.57868,0
2086,58245.27984,12564.0966,22923.44208,25413.43332,0
2087,56849.86824,11794.4112,22343.71128,25331.22636,0
2088,53365.07088,10825.97736,22212.66036,25824.4404,0
2089,49429.13184,9252.15324,22041.25176,25911.59076,0
2090,47582.85312,7003.788,20950.95816,25899.60252,0
2091,46512.63144,5682.28716,19755.53052,25727.1234,0
2092,46170.32772,5785.84644,19539.45312,23737.62732,0
2093,46482.6582,6092.16168,18853.7844,21603.04872,0
2094,46356.71304,5875.05996,19026.117,21399.06516,0
2095,45396.03816,5938.89384,20914.40604,20383.10736,0
2096,48950.21868,7195.51404,23761.419,16868.24832,0
2097,52612.75404,10641.76608,23915.43132,14361.97356,0
2098,55807.59228,11974.43808,23725.251,13149.59052,0
2099,57926.50908,13211.90772,22843.26924,12703.88064,0
2100,59736.08256,12947.70576,23150.1006,12775.56192,0
2101,59739.9132,12747.39708,23229.02868,12651.37764,0
2102,59477.03652,12301.71888,23282.74344,13605.50796,0
2103,57970.10868,12567.02964,23049.99048,14815.58496,0
2104,54963.09192,11837.41152,22327.05552,17976.1824,0
2105,53622.16068,11145.6774,20619.78204,22391.39496,0
2106,52595.11356,11271.15132,20222.6706,24828.309,0
2107,56616.92784,11001.06216,23346.08232,25329.83112,0
2108,55964.11788,11255.96604,26006.66772,23322.63648,0
2109,53276.91072,10923.8844,27285.5946,21977.34792,0
2110,52389.01404,10398.89796,27713.29308,21978.68112,0
2111,50849.04924,10087.84128,27135.26508,22365.7896,0
2112,46808.2362,8953.95864,25414.9764,23603.89416,0
2113,44854.78272,8144.07528,23696.60832,23598.18648,0
2114,43571.7414,6690.14544,22479.57096,23549.12604,0
2115,42748.28448,5504.83296,21399.576,23521.69908,0
2116,41479.22592,4915.27476,21205.59408,23391.42432,0
2117,41497.11852,4219.34436,21130.82268,22595.04456,0
2118,41305.2156,3922.05924,20820.23064,22335.0204,0
2119,40323.13296,3683.56428,22655.21016,20554.69944,0
2120,41858.90544,5938.1256,24013.02288,15862.83204,0
2121,45080.57268,6992.26044,23803.15872,12783.59016,0
2122,48095.2296,8162.44176,21087.33264,12142.317,0
2123,50483.9214,9239.88516,19231.16184,12661.98384,0
2124,52803.5178,9895.11996,18611.80728,12712.21116,0
2125,53162.26476,10395.71808,18198.0942,12442.95096,0
2126,51931.28028,10226.95212,18706.07376,12395.4864,0
2127,51035.09664,9374.45784,20050.3842,12718.45344,0
2128,51016.47804,8423.49288,21746.33868,13186.08588,0
2129,49648.12908,8017.34736,21726.837,18124.458,0
2130,50648.05944,7973.10228,20558.89836,22967.88252,0
2131,52556.196,10420.64364,24168.8304,23160.17484,0
2132,52876.263,11562.31956,27050.30724,21220.08372,0
2133,52786.62972,10607.97012,28043.33796,20589.92364,0
2134,52244.94264,10454.38812,28123.91604,20382.28236,0
2135,50331.95244,10069.82064,27736.93692,21341.12376,0
2136,47046.82224,9205.19424,26672.46516,22284.6624,0
2137,44264.27808,7896.91716,26702.38956,22160.5098,0
2138,42159.80208,7374.40308,26418.55788,21627.18888,0
2139,41654.92584,6001.1622,26400.42768,20764.37088,0
2140,41030.93016,5476.49784,27083.09736,19934.4948,0
2141,41452.04844,5457.7776,27396.82044,19207.8546,0
2142,43311.8994,6688.46508,27678.7104,18559.26204,0
2143,45777.105,9281.49288,28357.91904,17191.4754,0
2144,48776.95812,12968.88384,30077.35236,16121.9322,0
2145,53428.8612,15781.22172,31042.39248,16121.27088,0
2146,57169.46532,15795.90672,31056.78708,16763.28588,0
2147,59892.04452,16027.49808,30771.61956,17622.97944,0
2148,61967.59536,16167.64248,29997.20328,18264.6354,0
2149,61726.2162,14753.22948,28909.38732,18052.23024,0
2150,64152.28908,15726.66216,27114.17676,18908.9736,0
2151,64800.252,16477.96656,25016.20044,20731.56096,0
2152,64662.65256,16104.1782,22466.99532,23403.18156,0
2153,61724.29956,16207.60152,21567.7572,24866.0412,0
2154,56913.2916,15100.3644,21391.83552,24517.30908,0
2155,56444.05536,15082.98528,23789.29608,24409.45716,0
2156,56748.63612,15188.91264,26732.8182,22175.60928,0
2157,57032.32392,13698.6036,27635.28636,21700.20864,0
2158,56473.7052,12745.33128,29105.9406,21427.40424,0
2159,53851.07112,11770.49676,30166.67544,20368.06596,0
2160,49661.22744,10666.4382,29696.33172,20131.49556,0
2161,46323.92424,9281.4546,29208.531,20925.09012,0
2162,44771.55144,7519.9674,29260.209,20123.46996,0
2163,44021.61984,6008.805,28793.49528,20052.19392,0
2164,43524.15012,5209.57404,28871.28948,19576.07784,0
2165,44112.2154,5131.2426,28252.86684,19391.41776,0
2166,45204.93648,6686.89692,28128.08064,19566.5976,0
2167,46538.96808,9831.2478,29745.68652,17318.02116,0
2168,51200.1336,11037.97332,31145.48976,16083.26544,0
2169,53935.31616,14394.31488,30925.9896,16188.78096,0
2170,54526.02804,15505.66776,32060.70384,16151.71272,0
2171,57432.13608,15061.72932,32470.89648,16700.01168,0
2172,58420.42404,15525.81624,31923.59148,17089.4196,0
2173,56785.63572,14403.3978,32282.23416,15905.99868,0
2174,58591.52904,14261.34468,32014.257,17016.71136,0
2175,60350.664,14170.6224,30722.45484,19874.22096,0
2176,60492.75408,14488.7886,29401.94136,21011.27424,0
2177,60237.27996,14788.80084,27276.13548,21879.96756,0
2178,56596.56948,13653.33156,26740.99956,22409.03808,0
2179,58487.56584,12960.28536,28619.92584,21217.42524,0
2180,59368.57476,13192.84428,30261.16764,19991.64024,0
2181,58910.20476,13133.0298,30230.98056,19730.9772,0
2182,58450.64676,12663.33684,30510.20016,19938.64884,0
2183,55302.06,11721.0522,30694.98432,20162.6964,0
2184,52271.80068,10534.68108,28480.63812,20593.7952,0
2185,49870.67184,8838.26196,26284.61484,20950.32456,0
2186,48361.95144,6076.3692,25180.01244,21720.46932,0
2187,47030.13216,5091.03276,23821.62288,22283.15892,0
2188,46541.66352,4655.76804,22855.92012,22607.90136,0
2189,46999.50684,4542.35364,22019.75952,22813.42668,0
2190,47981.241,6407.72616,21457.7418,22927.24896,0
2191,49296.48768,9005.39508,23328.31248,20584.05228,0
2192,53094.9474,11371.43964,27268.8108,16554.09888,0
2193,54002.454,13329.73356,30177.59184,16651.05684,0
2194,55333.03116,13736.79912,31216.86216,16522.82808,0
2195,58158.19548,13920.0798,31320.34224,17434.50984,0
2196,60061.551,14208.4734,30049.71948,17782.00908,0
2197,60923.60604,13719.67344,27020.8488,17916.45108,0
2198,63303.53964,14108.94672,25629.49488,20150.64876,0
2199,63923.82744,14571.40476,23691.35208,22892.2584,0
2200,64345.31928,15313.63284,21171.45756,25067.32272,0
2201,64983.303,14849.24232,19515.07668,25920.8928,0
2202,63320.21916,14215.67928,17515.0272,26298.3666,0
2203,63310.22016,14474.9484,19855.7172,25826.12472,0
2204,61953.672,14141.18376,22189.74516,25788.21696,0
2205,61581.78048,12619.23432,23724.8286,25630.17468,0
2206,61979.23512,11988.13704,24469.68084,25000.5624,0
2207,59262.71868,10645.87788,24781.64832,24884.0658,0
2208,54011.79432,9610.48836,24846.45636,23617.19844,0
2209,49903.88172,7364.57172,25206.7794,22968.2508,0
2210,48034.02516,5028.98616,26223.94236,22111.35696,0
2211,45984.05328,4443.68232,25924.03968,21853.69956,0
2212,44852.64036,4238.3682,25442.74524,21761.41572,0
2213,44978.4258,4248.86088,25201.73964,21772.68456,0
2214,46837.1904,4762.93488,25459.1502,21492.59508,0
2215,49830.6468,6785.724,25914.636,19642.93056,0
2216,53132.74428,10699.16628,26134.45428,18323.00184,0
2217,58272.88896,12758.08248,28843.43352,16640.0916,0
2218,59842.75836,13570.48044,29956.51164,16701.45444,0
2219,62254.89336,13647.21336,29201.469,17486.172,0
2220,63162.83556,13160.6706,29728.46448,17781.14448,0
2221,63033.36864,11537.28576,27838.40004,18274.245,0
2222,63870.00972,12759.50016,25497.92124,21458.68428,0
2223,64328.27016,13693.47012,24558.21324,24121.29852,0
2224,64644.2676,13478.31804,23804.48796,24306.91296,0
2225,63572.18604,12793.572,23116.38516,24862.29504,0
2226,61066.47756,11987.33448,22472.35584,24704.8362,0
2227,60905.26728,11621.1084,26368.32132,23938.61316,0
2228,61410.75864,11295.34692,29527.34532,21251.93136,0
2229,60735.39516,10581.83676,31264.22376,19719.07608,0
2230,60472.96596,10098.20064,31937.3538,19602.22176,0
2231,57983.55816,9577.20324,31781.0526,19662.75168,0
2232,54853.47252,7991.37108,30789.68112,19746.57168,0
2233,50983.09524,6460.77036,30697.128,19446.71916,0
2234,48820.4574,5225.21604,29852.42568,19856.89992,0
2235,46433.69544,5107.00344,28714.80084,20027.75016,0
2236,45060.279,5372.51352,27867.9522,20099.76936,0
2237,45005.74584,5737.28628,26967.54984,20230.05336,0
2238,46343.36388,6688.42548,26490.5124,20726.05656,0
2239,49068.30324,9188.30616,26514.20244,19205.66736,0
2240,53202.43896,10845.60708,28590.38952,17122.83144,0
2241,57028.43652,12556.26504,30439.54716,16108.6464,0
2242,58477.05864,13015.02576,31136.86224,15817.0254,0
2243,59674.53492,12933.4854,31515.22704,16718.559,0
2244,60489.24024,12709.65036,29829.77712,18088.52628,0
2245,58517.73972,12493.43436,27996.98748,17726.73408,0
2246,60383.81712,12072.0006,26858.12844,19487.55996,0
2247,60294.63,11066.86152,25686.93204,23119.82772,0
2248,61614.25644,9672.87552,24294.14988,24551.83368,0
2249,60665.15796,9577.5504,22992.00288,24728.74668,0
2250,57474.38532,9463.0734,23258.14392,25192.61844,0
2251,59161.13148,9073.4292,25725.8034,24228.55248,0
2252,59122.96764,8840.04,27032.67468,22835.34264,0
2253,58294.93296,7682.79072,28555.67748,21228.57924,0
2254,57373.01724,6971.15232,29307.94944,21084.261,0
2255,54874.56744,6749.19564,29272.22364,20956.92984,0
2256,51592.70556,6431.43204,26796.39996,21806.91348,0
2257,49834.84968,5526.5958,24794.07084,22105.28892,0
2258,46997.27736,4355.52084,24314.0634,22247.577,0
2259,42744.3192,4363.98996,25427.14152,21918.32148,0
2260,40842.95028,4501.6686,26216.355,20668.31316,0
2261,40948.13184,4614.66984,25593.12228,19848.03216,0
2262,41156.61,4622.112,25315.91304,19832.18292,0
2263,41533.6614,5528.69724,26873.34672,17087.73792,0
2264,45305.40036,5948.54568,28438.03776,14508.06456,0
2265,46765.85496,8366.31972,27354.00624,14508.75756,0
2266,48114.96624,9264.23784,26759.91912,13171.1316,0
2267,49515.64332,8953.16004,25441.2378,13262.91516,0
2268,50816.61024,8841.64512,23918.48316,13679.46096,0
2269,51442.48692,8654.21832,22097.54316,13828.32132,0
2270,50959.95036,8384.22552,21300.23016,13879.6284,0
2271,50970.81528,7651.215,20915.4726,14515.60044,0
2272,50946.12072,6765.05676,20897.14704,16286.17716,0
2273,48835.35096,6300.91308,21578.3766,20304.93696,0
2274,51233.35404,6106.75824,21856.17324,22523.6352,0
2275,53607.2922,7139.08668,24631.91676,24626.9958,0
2276,51698.71212,7578.99912,28608.3864,21900.40248,0
2277,49217.37084,6772.28112,30538.6224,19842.49872,0
2278,47005.50624,6064.61856,31089.07032,19390.63632,0
2279,43601.41236,5147.04168,31416.34188,19288.22808,0
2280,40900.25412,4237.64352,31425.87756,18738.33324,0
2281,39052.0482,3734.26152,30524.42052,18095.60016,0
2282,37082.65176,3763.04808,30033.70788,16887.48996,0
2283,34946.82708,3660.04452,29503.73052,16780.0842,0
2284,34586.7984,3485.9154,28992.31104,16023.74796,0
2285,34848.69828,3358.17108,28983.04728,14731.19604,0
2286,34960.78212,3307.953,29357.3016,13996.28868,0
2287,34497.31164,3539.20512,28527.30276,13655.42772,0
2288,35166.4038,4963.15776,27032.69184,13331.41392,0
2289,38598.24408,6415.52076,23945.95368,11846.02716,0
2290,42531.90216,7589.406,20069.6364,11156.09484,0
2291,44382.15672,8143.05888,19167.6078,11569.69176,0
2292,45949.11552,8675.4624,18855.75648,11580.91704,0
2293,45811.51476,8782.89852,18953.63316,11494.7118,0
2294,44676.34248,8328.78816,18753.68484,11438.58672,0
2295,43518.71304,8179.53972,18817.95168,11718.2934,0
2296,43645.08852,7616.40792,19145.80008,13474.857,0
2297,44485.49028,6440.4384,20693.47368,15956.8332,0
2298,44368.96992,5736.84408,25311.47652,19521.9222,0
2299,50293.22628,5675.03376,28481.91192,20149.27332,0
2300,50198.49384,6106.0626,30354.29364,19107.26664,0
2301,48579.66432,5673.92232,31326.19512,18574.59912,0
2302,46893.4356,5137.4664,31959.59712,18539.40264,0
2303,44455.0854,4724.7684,31534.94124,18256.3722,0
2304,41594.81436,4468.2462,30194.9472,17802.609,0
2305,37770.83904,4391.39052,30845.2056,16851.021,0
2306,35321.42856,4315.21332,30885.47352,16478.28336,0
2307,34210.0506,4345.34628,30518.39076,16085.21376,0
2308,33252.15168,4480.67004,30509.12304,15735.90348,0
2309,33968.58432,4543.13772,30314.19468,15800.65476,0
2310,37586.53404,5304.10452,29703.42936,15833.1492,0
2311,41756.02992,7124.21292,29609.9496,15586.35276,0
2312,46318.33536,8549.98452,30471.40536,14659.55832,0
2313,48735.89424,10518.50184,31394.92356,13500.27756,0
2314,50397.84816,11940.40716,29393.94084,13534.1778,0
2315,53004.02448,12852.81228,27680.90688,14042.6154,0
2316,55165.21956,13025.76792,26628.0036,14323.44144,0
2317,54640.02984,11785.64376,24991.41876,14213.95272,0
2318,55462.9746,11904.18108,25034.49564,15683.85984,0
2319,54390.47988,12114.89664,24553.68168,20041.29732,0
2320,54039.8364,11873.74716,22425.80604,23846.04552,0
2321,55157.74836,11761.00332,19886.58672,25935.25044,0
2322,53170.28376,11490.35448,19188.44664,26594.14956,0
2323,55780.64316,11236.20432,23008.2072,24961.56432,0
2324,56812.32216,10739.2362,25053.04692,23738.54604,0
2325,55798.9212,9732.81408,26827.06224,22778.51268,0
2326,54759.56112,8937.61176,28292.20944,21645.62532,0
2327,50206.497,8041.00176,29506.82328,20983.79448,0
2328,45943.12008,6678.96108,29586.3876,19863.22536,0
2329,43548.47904,5303.3508,27647.68908,19980.74364,0
2330,38907.4488,4843.59612,29036.28948,19586.10456,0
2331,36485.91012,4709.68344,29588.88372,19051.87416,0
2332,35650.93488,4620.74976,29468.56572,18633.41172,0
2333,36122.2224,4797.31164,29062.7502,18604.46148,0
2334,39302.56968,5342.37528,28459.94976,18817.65996,0
2335,43602.69672,6847.60032,29025.6054,17175.58788,0
2336,46465.57212,9398.01588,30486.5154,15224.4312,0
2337,50151.54012,11106.17244,29666.99076,14624.00544,0
2338,51912.91116,13010.45856,27744.87276,14366.67936,0
2339,54598.60428,13531.04808,27240.46644,14259.50724,0
2340,55797.95364,13648.58088,27408.3678,14368.92864,0
2341,56263.86084,11948.19516,25781.96148,14746.08696,0
2342,57545.5914,12992.06436,24651.63096,17074.94712,0
2343,56978.70024,13025.40492,23376.9426,21610.5384,0
2344,56153.823,12645.81648,22672.98396,23989.83972,0
2345,56792.51292,12444.57984,21756.62016,24488.44728,0
2346,54942.1092,12108.9342,20356.24272,25080.14652,0
2347,56435.96244,11235.19848,25638.1686,23722.60308,0
2348,57489.80028,10243.29636,29415.06876,20421.9642,0
2349,56498.871,9059.77248,31103.35272,19501.48728,0
2350,55453.54716,8712.30888,31718.9532,19393.35816,0
2351,52024.20564,7393.04016,32098.75416,19252.30296,0
2352,48416.3724,5746.64376,31381.0068,19036.26516,0
2353,43584.58368,4662.33504,31706.8026,18620.81364,0
2354,40584.89556,4374.6516,31416.59532,17895.36276,0
2355,38461.65444,4249.212,30501.77592,17822.47104,0
2356,36915.13716,4243.37364,30198.08484,18153.98376,0
2357,37098.9498,4241.49924,29779.73724,18614.17668,0
2358,40659.81216,4300.66164,29075.91588,18716.57436,0
2359,44925.59016,5797.54956,29326.74888,17315.7402,0
2360,49237.77012,7902.12588,31616.2704,13982.9646,0
2361,50821.22364,10608.44004,32929.59516,13807.81908,0
2362,52422.48264,12152.9232,32142.56496,13826.69376,0
2363,54999.45,12814.1772,30561.20364,15060.52812,0
2364,58119.65148,12900.77976,27865.84944,16379.46024,0
2365,57966.64236,11975.2842,26296.51728,16303.78596,0
2366,58322.61864,12086.03616,24949.9734,19510.9002,0
2367,58633.45224,12301.26348,23623.87632,22953.39552,0
2368,58385.6988,12479.91624,21572.09604,25514.83044,0
2369,59108.52816,12302.1096,19802.19516,26643.35652,0
2370,57684.69564,11030.217,19282.84908,27548.75244,0
2371,59173.18308,11126.8608,23270.59812,26258.2782,0
2372,57700.92108,10828.89456,27066.95376,23761.22892,0
2373,57073.13568,9609.68844,27907.20372,22787.32764,0
2374,56772.16644,8199.68688,28009.91424,23575.7808,0
2375,52730.32776,7418.0238,27846.57216,24053.87688,0
2376,48730.6644,6232.21368,26497.99416,24164.3622,0
2377,44613.41412,5378.08128,25008.98004,24121.01736,0
2378,41305.2288,5488.54152,23505.87888,24135.17436,0
2379,39473.709,5384.71428,22341.42372,24350.7594,0
2380,38604.7464,5390.72424,21799.93332,24376.81092,0
2381,39576.14496,5039.1132,20873.98764,24795.58488,0
2382,43367.38692,5277.03396,19601.0694,25017.24984,0
2383,46164.95268,7643.33988,19544.76084,24694.26564,0
2384,48521.54472,10046.9556,22255.07856,23131.90308,0
2385,51042.50448,13361.10072,22248.66468,22072.95816,0
2386,53631.19872,14643.92292,21885.25152,22506.61644,0
2387,56153.84412,14588.9106,21488.87664,23400.03336,0
2388,57788.50836,14371.54488,20843.17092,23260.67172,0
2389,57567.60768,12525.88392,20970.69084,20945.12244,0
2390,57588.44784,13035.71544,20579.20392,21967.7238,0
2391,57421.63812,13518.52656,18328.1208,25874.49348,0
2392,57351.38376,12778.71144,16527.73716,28639.55556,0
2393,59636.64432,12162.79416,14504.63784,28600.341,0
2394,59535.30924,11975.2182,13013.81532,28096.11288,0
2395,60474.12888,12614.13912,15687.57036,27686.12748,0
2396,59150.78928,11250.426,18355.24416,27542.66988,0
2397,58805.5182,8593.82964,19657.55352,27790.77444,0
2398,58202.51448,7899.83832,19742.46912,27788.541,0
2399,56080.01388,6706.72728,18547.254,27906.94896,0
2400,50903.82132,6165.45468,18397.39044,27691.01676,0
2401,47409.06324,5399.53788,16910.63484,27603.34368,0
2402,45749.39028,5206.91952,14838.6678,27602.82888,0
2403,44974.42752,4889.44104,12986.48472,27719.48124,0
2404,44415.73752,4799.22432,12384.66504,27589.51272,0
2405,45226.46832,4628.33052,11483.37036,27619.34472,0
2406,47689.93416,5513.97528,11112.4068,27561.38748,0
2407,47806.14432,7466.34636,13569.56304,27501.5598,0
2408,50394.44256,9508.68864,15587.21736,25982.83908,0
2409,54126.00864,12274.70772,17296.75464,22947.97164,0
2410,57674.53164,12694.43868,18189.18288,18874.32228,0
2411,58061.84868,13768.94376,19135.1226,18574.54632,0
2412,58427.9256,14397.28488,20237.64996,18148.38168,0
2413,57795.97296,13132.48728,20904.73572,16989.20388,0
2414,56987.91648,13649.04816,20891.09088,19947.46908,0
2415,57741.08736,13471.11216,20514.91992,21608.45412,0
2416,57803.8626,13766.08728,18147.13428,22469.19708,0
2417,57209.65536,12402.11412,15036.10548,25403.91348,0
2418,57388.10616,11912.08128,14265.45648,27290.85216,0
2419,61288.75368,13255.04664,14428.97412,27279.219,0
2420,59873.65428,12427.1664,16408.57812,27752.85876,0
2421,60229.158,9895.21236,16512.66012,27817.77504,0
2422,59662.14804,8876.04564,16469.45916,27817.779,0
2423,58892.72664,6786.6612,15224.90508,28054.27416,0
2424,57428.36352,6426.17184,13053.29388,27219.33852,0
2425,52544.71992,6248.21604,12807.26568,26974.05876,0
2426,48557.5926,5979.86664,13023.2916,26704.96224,0
2427,45792.03156,5836.9542,12811.10688,26898.1284,0
2428,44264.93544,5764.00572,12438.78372,26895.13332,0
2429,44957.022,5802.01776,11622.42444,26230.6506,0
2430,45445.23324,5692.20828,11531.53056,26065.644,0
2431,46049.67576,5635.09716,12359.0742,25622.78928,0
2432,49422.81828,7087.46544,15894.64668,20541.90336,0
2433,51868.63704,8429.50812,19258.70364,16794.67548,0
2434,53765.22096,9119.8272,21051.42072,13812.18828,0
2435,55717.6884,9392.50884,22342.83084,12328.58748,0
2436,57233.08668,9723.75624,21100.65804,12777.95376,0
2437,57023.89836,9459.47508,20037.20004,13395.77844,0
2438,55859.97516,9087.5664,19344.16704,15429.32028,0
2439,55191.10344,9081.51156,17295.7158,17540.45436,0
2440,54182.38848,8366.70912,16202.11692,20841.44436,0
2441,53007.31656,8034.97728,15377.33868,24286.92024,0
2442,53328.77352,10034.25588,13464.75108,27671.27088,0
2443,58301.14092,12553.90224,14371.95144,27299.00712,0
2444,57066.39576,11925.05952,14918.27304,27302.34936,0
2445,55697.63892,9964.36848,16328.83164,27334.22472,0
2446,52821.714,7615.29648,17424.55044,27000.54588,0
2447,51062.11044,6054.38064,17249.10132,26816.33328,0
2448,48614.26548,5404.36248,15898.11168,27532.3884,0
2449,46546.48284,5058.46704,14914.54008,28135.74324,0
2450,42970.87608,4830.34068,14787.16932,28161.99408,0
2451,39091.74852,5137.40964,15557.15964,28100.66952,0
2452,37409.46924,4994.68332,16688.48148,26788.81656,0
2453,37179.69288,4842.54804,18250.79652,24420.06732,0
2454,37576.17204,4668.1008,17393.508,24157.51932,0
2455,37713.1656,5078.76468,18901.50768,20864.0058,0
2456,42117.999,5755.43628,22897.27572,12654.51264,0
2457,44916.19044,6377.6328,22992.53352,11466.8136,0
2458,47165.50476,7064.05788,21338.95368,11590.96092,0
2459,48801.66192,7956.13632,20121.47412,11874.98928,0
2460,49761.13032,8897.19072,20362.11672,12079.94832,0
2461,50187.35304,8058.91284,20865.32712,12001.65912,0
2462,48267.86184,7413.60972,21713.36904,12300.82656,0
2463,46052.42136,7108.992,22742.03712,13209.50268,0
2464,43439.24376,6964.54704,24058.9734,14904.39852,0
2465,43170.57492,6953.44584,23369.2008,18366.59748,0
2466,46393.04868,7578.60972,21967.49412,22192.04328,0
2467,49456.16544,9593.496,24608.298,23686.2054,0
2468,49946.07024,8865.66912,25827.48564,22882.13268,0
2469,49891.87236,7932.93468,25685.35992,22815.14664,0
2470,49597.41072,7110.09948,25131.10644,23299.77672,0
2471,47893.58772,6572.1414,24376.0506,23801.29884,0
2472,44321.58456,6271.11012,22519.23168,24644.83692,0
2473,40299.42312,6167.43468,21585.99036,25511.40504,0
2474,38229.88488,6129.71964,21868.35288,24031.8078,0
2475,37116.25104,5874.8646,22140.91968,22413.45216,0
2476,36616.53468,5866.89576,21099.29448,22736.36904,0
2477,37440.24504,5945.37768,19833.12804,23988.70584,0
2478,40457.87856,6457.4268,18380.11824,25741.28964,0
2479,42692.62932,9399.21972,19762.2612,24679.67436,0
2480,46570.16364,10249.41324,22267.10904,23278.04556,0
2481,50757.21156,12238.4724,23639.23452,21015.58932,0
2482,53503.90716,12639.68508,24096.68184,19238.22252,0
2483,56998.35372,12902.40864,23663.06976,18344.5284,0
2484,58836.06168,13045.69728,22677.27396,18698.61576,0
2485,56300.81424,13130.66172,22530.05832,17617.10808,0
2486,56315.5494,12810.73596,22129.7604,19822.85448,0
2487,55695.28932,12958.82148,21725.19888,23168.69676,0
2488,54317.29512,12518.90508,20289.08904,27357.64152,0
2489,55277.14104,12689.1468,17873.87184,28545.39072,0
2490,55804.52196,12639.84216,16272.39108,28269.05796,0
2491,57447.8784,12113.6796,19612.76988,27777.28008,0
2492,57746.6274,10718.7432,21411.99324,27665.15268,0
2493,57514.46184,9500.85048,21232.98276,27790.41276,0
2494,57144.7602,9365.60856,20298.52968,27771.06156,0
2495,55367.14128,7933.54716,18718.52796,27990.83364,0
2496,53375.73516,6582.39384,15762.5556,28018.9998,0
2497,49669.57908,5580.40032,14341.03968,28148.61852,0
2498,45729.69588,5504.24556,14165.92452,28054.22928,0
2499,43357.66512,5455.76592,13771.19568,27981.82068,0
2500,42284.35068,5481.54948,13502.55456,27772.90956,0
2501,42087.33144,5523.4938,14219.65248,27302.07612,0
2502,44063.74764,6478.09008,14389.92456,26921.10696,0
2503,46026.63384,7883.2776,16074.33696,26595.85632,0
2504,48432.95292,10137.45612,18879.57984,25430.17092,0
2505,48699.79884,13167.6864,21584.22816,24262.22964,0
2506,52184.00352,14329.19004,22120.329,20864.14968,0
2507,54923.66088,14348.31288,22166.0274,20246.34216,0
2508,55877.63676,14374.2984,22642.14876,19487.56788,0
2509,54605.39304,13432.4784,23349.381,17970.73212,0
2510,54986.0718,13421.11188,23336.03316,20873.74212,0
2511,54533.83848,14330.5404,22700.51784,23257.0008,0
2512,54619.91304,14411.06436,20498.61528,27028.2078,0
2513,56612.22336,13854.41508,17754.95172,28499.4006,0
2514,56990.11032,12960.03192,16448.24148,28138.64196,0
2515,58135.76076,12494.3544,19515.408,27744.5784,0
2516,57819.65904,11764.46304,20863.6098,27327.92832,0
2517,57956.73048,10080.41364,20964.91056,27121.75488,0
2518,57840.8688,9113.71296,20561.6796,27319.08564,0
2519,54363.84492,7962.97788,20128.51764,27704.78964,0
2520,50835.25524,6883.73136,18018.2574,27937.51884,0
2521,45935.9736,5291.2794,18400.81848,27973.24332,0
2522,42275.25852,4963.14456,18092.73576,27987.10464,0
2523,40862.51796,4836.62388,17396.36448,27584.75412,0
2524,40127.9736,4782.32964,17243.80416,27097.90644,0
2525,39612.24036,5247.39864,17414.12244,27050.6148,0
2526,42094.48848,5887.398,18003.38628,26240.76444,0
2527,44202.7344,8263.33992,20887.87536,23720.4462,0
2528,45919.071,10687.87632,25826.79,20707.1502,0
2529,49368.05676,13508.96712,29300.39904,17600.47344,0
2530,50469.54924,14318.71056,29155.02348,17541.28068,0
2531,53145.9456,14301.48324,28126.7118,18004.82376,0
2532,54502.0674,13843.7442,26798.18064,18258.30864,0
2533,52683.86904,12991.83996,25471.90668,18012.39924,0
2534,53494.52724,13469.05296,24760.34748,19931.60664,0
2535,54784.97772,13913.50092,23704.62468,21656.2698,0
2536,55381.93848,13213.48512,21565.24524,24706.94424,0
2537,55969.36224,12660.24936,19542.11688,27399.63996,0
2538,57779.65248,12028.91316,17209.64256,27189.32436,0
2539,59726.24196,11099.0616,21643.46448,26799.31056,0
2540,58821.54564,10294.45824,23874.58392,26094.14412,0
2541,57246.29724,9244.62132,24889.83552,25474.3368,0
2542,55727.166,8772.30684,25301.1132,25860.78924,0
2543,52550.87112,8043.61668,24574.9086,26274.33204,0
2544,49206.49536,6600.53328,22769.5908,26559.02304,0
2545,45457.3614,5612.51064,21476.796,26425.51296,0
2546,42447.03804,5223.2004,21929.64972,24485.56176,0
2547,40259.25156,4992.57924,22678.78668,23018.4438,0
2548,38870.81352,4926.59508,22775.12424,22842.57624,0
2549,38791.7508,5236.44132,23162.63532,22131.14376,0
2550,41022.81876,6130.71228,23120.75172,21502.40928,0
2551,42690.36156,7232.1876,26256.97932,20006.10612,0
2552,44886.18156,10399.7388,29939.4414,16188.6978,0
2553,46135.37676,13486.18392,30835.87188,15302.03928,0
2554,47823.8376,14008.5,29617.48284,15469.81788,0
2555,51391.97184,13971.09252,27049.4664,16022.78436,0
2556,54103.82076,13872.48984,25405.20708,16879.47492,0
2557,55028.13624,12122.77836,24754.26756,16413.38556,0
2558,54485.46444,12407.24496,24835.73532,18105.97272,0
2559,53791.6104,13247.14248,24963.66576,20027.08752,0
2560,53837.51208,13265.7426,23641.60128,23308.53624,0
2561,55463.32968,12985.95276,21569.10624,25516.18476,0
2562,55722.91032,12949.88772,20393.17632,25997.72208,0
2563,57044.79132,13037.35488,23854.611,25825.4172,0
2564,55419.03048,12205.22952,26564.50896,23899.12272,0
2565,54572.32836,10140.35352,28391.22264,22023.68388,0
2566,53854.4226,9187.71744,28982.36484,21650.66112,0
2567,51783.08256,8172.60708,29141.211,21504.08568,0
2568,48735.57348,7359.59664,28186.14084,21406.30008,0
2569,44272.69836,6157.48848,27896.48664,21934.35156,0
2570,39708.3126,5847.72012,28379.23044,21212.9148,0
2571,37835.98632,5769.621,28566.78132,19152.55848,0
2572,36912.8628,5889.99708,28553.47968,17469.441,0
2573,35755.12908,5951.8602,28990.48548,16660.94364,0
2574,35385.70332,5632.836,28649.51628,16125.2256,0
2575,35913.09612,5842.0164,27727.18344,14147.13036,0
2576,38717.45988,6635.6796,28094.53284,10646.14188,0
2577,41089.62,6610.42536,26608.2564,11054.03904,0
2578,44977.58496,6960.48672,23089.10868,11282.9244,0
2579,48603.28176,7471.28712,20094.17124,11577.0798,0
2580,49965.5112,7939.6548,20684.49504,11759.80608,0
2581,49915.50036,8027.97732,21243.81864,11755.53588,0
2582,47074.8168,7525.7226,23015.3682,11991.59676,0
2583,43614.5952,6850.37364,26251.84716,12432.82524,0
2584,44782.44276,6188.20224,24825.86172,13653.21408,0
2585,46380.98256,6457.7502,20767.78176,18399.62256,0
2586,48484.42896,7032.93096,18084.15444,23856.34284,0
2587,51200.36988,8787.702,21024.58644,25294.20828,0
2588,48485.5668,9283.94544,23450.78604,24902.328,0
2589,47552.49048,8373.7632,24205.81284,24378.585,0
2590,46807.70424,7468.99428,24556.96452,24470.57052,0
2591,45206.073,6190.0344,24746.09676,24508.71456,0
2592,42391.70364,5673.51708,24547.0302,24228.16308,0
2593,39806.09952,5522.28996,24500.21508,22231.84656,0
2594,38145.16596,5076.5088,25169.81676,19445.69352,0
2595,36997.26492,5140.6542,24298.01088,18697.61784,0
2596,35729.2518,5365.86336,24248.17428,17989.45236,0
2597,35986.05384,5426.0778,23261.74488,18058.44744,0
2598,36346.27128,5466.76284,22032.90012,19095.2982,0
2599,36462.99492,5474.53368,23481.48264,18277.33908,0
2600,40397.54004,6804.52872,25603.1688,13840.00596,0
2601,43916.7234,8240.69268,26358.2022,11287.29228,0
2602,45382.27188,9202.64136,25089.88416,11560.17588,0
2603,48038.78772,9658.62876,24207.65028,11828.48436,0
2604,50358.96228,10073.6988,23296.87008,12382.3788,0
2605,50467.9956,10103.21136,23020.03176,12128.02536,0
2606,50183.5158,9328.63008,22772.87232,11770.00836,0
2607,50507.71836,8863.6878,22410.13104,12619.54716,0
2608,49345.2168,8284.29492,22377.96792,15214.83348,0
2609,47662.09536,8567.38872,19829.65776,21129.37992,0
2610,48462.20412,9901.73316,18755.06292,25546.50912,0
2611,50239.61052,10816.63836,24103.51152,25435.68324,0
2612,49305.1416,10036.68468,26401.22364,22950.69084,0
2613,48366.24936,8069.32764,27447.29856,21479.72508,0
2614,47061.17724,6261.07284,27443.38344,21665.193,0
2615,44213.68776,5730.34176,26841.13476,22449.35352,0
2616,41585.90832,5525.70612,26120.259,22405.24308,0
2617,38128.53132,5450.04636,25928.98968,21262.4742,0
2618,36810.0876,5048.439,24785.31792,20002.81008,0
2619,36594.49596,4843.51956,23154.2058,19152.29448,0
2620,36900.798,4709.59896,21768.35232,18279.68472,0
2621,37087.03284,4720.05996,18949.86984,19987.1694,0
2622,38090.20512,4721.23344,16857.72264,20567.27376,0
2623,37710.31308,4681.32588,17914.29024,18496.11984,0
2624,40507.52772,5511.3762,19442.56116,13881.16488,0
2625,42657.56088,6685.20732,19089.81756,11335.98312,0
2626,43971.30672,7664.0124,17265.7782,10695.07296,0
2627,45227.34612,8203.20468,15682.09104,10861.76256,0
2628,46878.82056,8726.49624,15118.75464,11249.23008,0
2629,47327.77632,9037.73508,14922.18948,11643.753,0
2630,46583.4732,8838.53256,14087.89008,12189.62316,0
2631,45098.955,8235.3678,12765.6276,14221.69188,0
2632,44779.19688,7035.24756,13068.7854,16471.34676,0
2633,45100.4532,5869.974,11429.8602,22865.76468,0
2634,47991.4842,6667.6764,11747.86272,26806.0848,0
2635,52918.36308,8638.37304,14521.96812,26744.71272,0
2636,52350.09252,7796.42424,16147.37652,26217.6816,0
2637,52193.85864,6009.37656,16450.9158,26144.9496,0
2638,51662.2326,5473.27704,16124.82696,26156.9484,0
2639,51010.377,5098.17396,14678.6046,26313.68916,0
2640,49537.6662,4989.52344,12700.10676,26031.55896,0
2641,46050.89148,4894.88736,12303.24612,25769.75676,0
2642,42639.75804,4912.11996,12407.55648,25414.38108,0
2643,39895.85028,4904.14716,12739.87968,25406.34888,0
2644,38400.59652,5011.5978,12557.77908,25365.23484,0
2645,38297.07948,5078.66568,12017.42784,25441.33548,0
2646,38928.5028,5003.24616,11445.13524,25675.77408,0
2647,38054.94264,4966.67556,13391.20068,24431.0946,0
2648,42341.574,5822.78136,16032.88104,17674.94916,0
2649,45601.83012,7098.14952,18086.77992,13091.35608,0
2650,48760.21524,7354.7364,18538.07868,11030.27904,0
2651,50502.05952,8277.2316,17343.36384,11833.78944,0
2652,51193.99428,8877.16632,17912.14524,11955.141,0
2653,51169.01328,9042.22044,18568.74228,11383.08468,0
2654,50051.70588,8564.10588,19748.71404,11601.47868,0
2655,48345.10032,7776.48036,18565.19544,15157.0386,0
2656,47123.2014,7089.88368,17046.06024,19127.27124,0
2657,49142.7816,6867.47028,14114.91048,22197.6414,0
2658,51462.08892,7754.36508,13344.30636,25976.0622,0
2659,55007.30664,9778.7646,16702.74276,26166.4062,0
2660,53822.74524,9874.83288,18839.82276,25795.59972,0
2661,50530.4712,9285.21264,20858.15688,25545.43728,0
2662,49706.46516,7591.08768,21369.08664,25561.42776,0
2663,48734.94648,5292.4872,20846.53956,25375.95984,0
2664,45418.37784,4782.9936,20331.87816,24918.3198,0
2665,40720.9374,4408.0014,20496.29076,24960.99012,0
2666,38677.94832,4265.89284,20831.15496,23227.72848,0
2667,38301.0606,4563.69936,19621.34196,22116.70428,0
2668,37940.85636,4791.4086,19609.26396,21112.76508,0
2669,38293.99464,4892.547,19387.5726,21100.29636,0
2670,39279.05784,5560.46964,19460.56728,22868.87064,0
2671,41240.29536,7490.51952,20908.96368,22661.50788,0
2672,45311.6136,9280.38936,24039.60372,18592.66464,0
2673,48782.9496,11120.19216,25416.68712,15628.05288,0
2674,52319.78136,12000.99648,27813.41244,11493.97788,0
2675,53567.47704,14298.00504,27441.14472,10380.99744,0
2676,54089.2308,14947.11108,25960.90332,11584.94172,0
2677,54056.6136,13543.44948,24893.27016,11316.37056,0
2678,56494.6602,12862.60008,22509.91644,14400.7908,0
2679,56705.69916,13245.42516,21458.95488,16646.74308,0
2680,54764.86356,13741.46136,21040.569,19106.8746,0
2681,54604.62084,13840.32276,18678.495,23545.0578,0
2682,53460.40392,13239.32016,17952.42636,25654.1208,0
2683,54848.86968,13228.47108,21659.5764,25619.76384,0
2684,53550.81072,12691.6614,23179.87056,25598.95536,0
2685,52536.04752,11276.8788,24141.86412,25193.44872,0
2686,51592.82304,10607.97408,24206.19168,25016.6268,0
2687,48881.14044,8893.71648,24114.12696,24905.00628,0
2688,44510.35248,7238.0352,22954.29972,26155.90824,0
2689,40788.36036,5705.01624,21895.00764,25952.25996,0
2690,37871.31084,5461.3944,21449.7888,25343.56044,0
2691,37235.02332,5174.7432,21469.239,23382.42852,0
2692,37167.93168,5428.25316,22528.95876,20744.81508,0
2693,37035.85776,5676.8052,22627.27236,20616.26292,0
2694,37237.38612,6804.86532,23613.8298,21386.66904,0
2695,39859.23876,8988.22188,25471.83936,19253.21772,0
2696,44259.3096,10699.9068,29335.54536,14651.89572,0
2697,46890.99756,12362.37288,31452.00564,11953.8342,0
2698,46758.54744,12867.2478,32506.60512,11793.5796,0
2699,47411.25576,14910.73716,30686.89272,12290.28504,0
2700,49217.02368,15381.26304,28229.73648,13565.8314,0
2701,50003.87304,13396.99284,26293.77036,14103.56772,0
2702,51303.07116,13461.23856,25250.8542,16340.98488,0
2703,50980.87764,14591.22324,24581.69076,18802.77432,0
2704,50138.27148,14651.09052,23468.37504,22916.6256,0
2705,49128.87804,14321.25156,24014.06964,24770.27916,0
2706,49090.99932,13545.47964,23490.1062,24630.19152,0
2707,51986.82192,14121.23064,26920.443,23240.08368,0
2708,51914.30508,13412.92788,28322.73312,21548.35716,0
2709,51931.60236,12086.18136,28109.70624,21058.95,0
2710,51851.64996,10588.48428,27463.84212,21449.94588,0
2711,47139.31728,10009.2894,27073.18152,22533.77412,0
2712,45025.68972,7505.66256,25314.82932,23083.30332,0
2713,42216.58452,5638.48032,25016.48556,22289.65332,0
2714,40257.15012,5454.15816,25705.53612,19248.1344,0
2715,39496.13448,5015.93928,25361.88468,18068.6484,0
2716,39053.49096,4906.38456,25538.80956,16991.12316,0
2717,38868.24876,5120.9994,25674.4092,17044.69932,0
2718,39300.789,6176.8674,25708.1484,18817.26528,0
2719,41686.15704,8427.58884,27346.38192,17752.55724,0
2720,44552.26776,10645.69836,30629.73672,12943.62696,0
2721,46785.15336,13383.4338,32725.50072,12325.79436,0
2722,48232.98084,14931.50736,32477.17308,12391.9092,0
2723,50063.89212,15396.02592,31988.27544,13158.39228,0
2724,51271.53504,15746.77104,31555.14252,12958.55748,0
2725,51446.11692,14218.01172,29680.67784,13002.47784,0
2726,52785.3942,15573.16596,26895.19272,15919.80192,0
2727,53719.74564,15851.76648,25082.48028,18996.9516,0
2728,51951.81816,15895.23012,22820.31708,23168.13576,0
2729,53142.9096,15634.47072,20066.36016,26215.88244,0
2730,52714.52604,15263.98896,19895.55612,26195.86464,0
2731,54180.83484,15117.18912,23385.75624,25585.79496,0
2732,52901.80632,14644.9776,24355.10616,24517.72752,0
2733,52562.89632,12888.21732,24991.80816,23558.39376,0
2734,51107.68212,12181.06296,25518.2862,23905.15908,0
2735,47649.18444,11198.682,24971.0538,23910.87336,0
2736,45626.84148,9104.88216,24260.82252,23869.56528,0
2737,43016.86884,6102.80484,24759.88944,23676.75552,0
2738,39906.75216,5876.78916,24384.87084,22304.55348,0
2739,38974.88628,5669.23764,23395.7724,21744.13296,0
2740,38362.20432,5581.60944,22418.68728,22022.1078,0
2741,38715.72144,5743.60512,22549.80552,21703.12716,0
2742,41290.79328,6505.30848,22349.01768,21735.04476,0
2743,43292.7396,9943.8042,23274.4908,21521.511,0
2744,47049.98628,11669.9352,27859.98996,17273.40252,0
2745,49411.1508,14735.0148,30692.86572,14790.95112,0
2746,53134.80612,15319.57812,30332.71296,13748.93388,0
2747,55735.32096,15304.45092,28413.82236,14864.70348,0
2748,57264.77856,15471.26988,27035.67504,15330.86808,0
2749,56709.30144,13864.35204,26195.79996,15204.34872,0
2750,56925.98736,14297.87172,25278.04752,16950.70344,0
2751,55382.46648,14491.81536,24227.47404,20737.67652,0
2752,54120.56892,14241.83376,22573.25532,23666.36448,0
2753,53210.88036,14596.25244,21184.81464,25551.3654,0
2754,52906.04088,13316.27748,20721.89988,27362.64168,0
2755,54557.55756,13519.22484,24639.20448,25179.88836,0
2756,53007.5766,13513.0842,26022.34536,23578.04328,0
2757,52066.28196,11463.16512,27115.5588,22627.13112,0
2758,51756.43572,10277.19,26408.94168,23263.84632,0
2759,49198.96212,9076.18932,25681.61244,24105.06912,0
2760,47254.63248,7717.98588,23478.29484,24647.02152,0
2761,44962.23072,5890.93692,21872.29572,24986.25228,0
2762,41988.1242,5628.04572,20951.29872,25051.125,0
2763,40354.88952,5581.79952,20370.00504,24164.44404,0
2764,40272.2826,5415.10728,19831.62324,23123.45904,0
2765,41095.26696,5212.0398,18987.37236,22924.46376,0
2766,41530.01952,5901.18936,17213.93124,24066.18192,0
2767,41858.9556,6751.34328,19376.64564,21774.8916,0
2768,45655.60428,8142.58368,22855.90692,15730.19712,0
2769,48329.2788,9485.0118,24975.3372,12783.16776,0
2770,49925.86368,10212.02556,23895.27888,13198.18104,0
2771,52105.64964,10279.08552,23243.2134,13402.92624,0
2772,52999.92192,10760.76012,23028.43488,13424.2812,0
2773,52220.53188,10618.68456,22932.195,13402.09728,0
2774,52347.22944,9523.2258,23211.45948,13632.0492,0
2775,51471.60084,8609.4756,22982.19,15316.87476,0
2776,50259.00528,7986.76956,21544.36284,19437.11484,0
2777,51246.9408,7842.61764,18188.02656,25236.14016,0
2778,52583.25996,9923.03532,17983.4292,27027.7128,0
2779,54008.79132,12404.99832,22630.69116,26451.0378,0
2780,51656.15796,11705.8458,25789.29144,23547.7044,0
2781,49165.61232,10708.67028,27538.4076,21880.68564,0
2782,47749.90044,9152.94996,28002.94992,21362.81136,0
2783,45698.13996,6611.946,27862.08216,22038.34116,0
2784,42706.07484,5906.32812,27340.67424,22073.72772,0
2785,40733.2662,5841.42768,25263.85884,19966.41108,0
2786,40118.69664,5700.8028,24014.44848,17908.53636,0
2787,39402.429,5578.71468,23159.27856,16650.97236,0
2788,38303.463,5290.45176,23284.76568,15801.01116,0
2789,37728.83532,5233.7406,23359.89216,15327.36084,0
2790,37428.41388,5051.80896,22406.06676,15794.61444,0
2791,37248.21804,5084.48028,22317.86964,15609.11484,0
2792,40059.6834,5785.99692,21415.07412,13964.54796,0
2793,42496.9182,6551.23788,21687.18684,12332.3112,0
2794,44124.24588,7130.08956,21093.56172,11675.07924,0
2795,47165.4678,7409.2392,18967.56444,11968.53108,0
2796,49861.15464,7991.96904,18079.11732,11912.54592,0
2797,49847.67348,8450.77992,17682.83088,12098.45868,0
2798,48794.22108,7892.26152,17942.18448,12084.83628,0
2799,47087.66568,7543.52412,19366.33644,12667.4196,0
2800,46278.13476,7899.63768,19988.78772,14431.12044,0
2801,48767.3802,7964.57244,16337.31,19076.18328,0
2802,52571.27964,7937.38308,14721.39636,23894.83008,0
2803,52043.47632,10408.95504,19582.66464,25523.7708,0
2804,48258.63504,10749.46488,23670.12516,23224.60272,0
2805,47466.12684,9804.2406,24858.438,21730.85904,0
2806,47616.26892,7850.86632,25063.75476,21826.93788,0
2807,45117.98676,6954.91896,25228.44324,22211.96208,0
2808,41984.54832,6818.07852,24656.09916,21694.89432,0
2809,40752.52896,6040.55628,23284.73532,22415.64072,0
2810,39675.43272,5449.44312,21467.80152,22611.25284,0
2811,39618.67932,5576.11824,20198.9832,21568.9782,0
2812,39902.973,5790.58392,19452.16812,20601.38388,0
2813,40712.44452,5903.16804,18385.15536,21357.29772,0
2814,41800.89804,6822.01476,16581.9192,24786.80028,0
2815,43181.85828,9541.79424,18027.85512,24707.25708,0
2816,46077.05256,12052.30488,20318.3508,23210.84436,0
2817,48803.26704,14055.62664,22239.65172,22328.7174,0
2818,52892.61384,15050.29416,23178.94656,18594.86772,0
2819,56259.13392,14980.19556,23843.40288,17893.97808,0
2820,57701.07552,14499.17304,22793.0604,18880.02072,0
2821,56165.38356,13523.59668,21760.7016,17692.01016,0
2822,57039.92184,13317.62388,20593.8414,20239.68144,0
2823,57381.19596,13453.32912,18232.59636,24461.89152,0
2824,57139.53828,12464.991,16706.94564,28051.3464,0
2825,57941.58612,13106.49912,15419.97336,28694.79492,0
2826,59010.08652,13015.926,14254.52028,28221.45084,0
2827,60824.15328,14216.55312,15797.52372,27979.60836,0
2828,60078.88128,12271.83408,18055.26492,27970.73136,0
2829,58048.29756,11417.4324,19055.21112,27989.3394,0
2830,57749.28984,10503.26244,18571.24764,28047.73752,0
2831,55335.324,9095.5656,17518.51596,28065.22488,0
2832,53411.04648,7103.5866,15267.978,27997.75968,0
2833,50188.84332,6037.92156,13639.19172,27981.33492,0
2834,48282.80028,5831.96196,11726.32824,27960.70728,0
2835,45920.5824,5751.55548,11254.64472,27879.87576,0
2836,44591.87304,5645.211,11213.43036,27930.04104,0
2837,44787.41388,5961.285,10868.43516,27882.07092,0
2838,46647.00612,6869.20872,11074.83696,27949.72224,0
2839,47354.9802,9310.35468,13290.01476,27651.29796,0
2840,48536.04888,11487.80028,17596.74972,25238.64684,0
2841,50598.4512,14277.1992,20415.13452,21442.60008,0
2842,54440.09868,13398.59532,21101.12664,17929.66824,0
2843,57254.868,13993.56024,20910.10284,17033.36448,0
2844,57805.35948,14657.37768,21513.48672,15884.59092,0
2845,55738.01904,13672.1706,21513.70584,14491.39428,0
2846,55866.96456,13655.52144,20237.1774,17272.596,0
2847,56242.15212,13416.86412,19492.34364,20683.51956,0
2848,55774.4088,12944.74236,18739.02492,23969.46684,0
2849,55736.83896,13523.66796,15882.12384,28304.21616,0
2850,57561.19908,14537.27088,13708.7016,28245.1686,0
2851,60224.63304,15900.92856,14647.314,28035.91032,0
2852,59658.0534,14078.48376,15884.06028,28040.17128,0
2853,58792.65744,12443.43012,16418.73024,28147.92948,0
2854,58557.95352,11907.7002,15525.78456,28129.4772,0
2855,55120.30128,10663.52496,15188.18796,28079.4426,0
2856,51292.34484,8648.80368,14125.86516,27921.53892,0
2857,48253.94904,6071.44164,13670.3556,27779.44224,0
2858,44839.90764,5590.68048,13175.29224,27787.3926,0
2859,43057.44828,5592.89676,12214.88532,27731.01012,0
2860,41818.27188,5669.75244,12328.35516,27313.91388,0
2861,41441.39472,5638.69416,12969.5544,27462.93792,0
2862,43342.19472,6196.30044,13410.18228,27625.8642,0
2863,44646.77844,7852.39752,15538.64532,27458.81556,0
2864,48029.91996,9993.37284,18673.84464,23511.51,0
2865,52085.75064,11434.70724,21357.04692,19454.21808,0
2866,52589.48112,11752.02072,22905.36072,17434.48212,0
2867,53729.10576,12418.23792,23614.98084,16788.80808,0
2868,52828.9014,14237.95824,23535.59868,15582.6198,0
2869,52134.52728,13422.63252,21617.63736,15828.62028,0
2870,52375.43652,13086.70836,20337.89736,19525.81092,0
2871,52444.40916,11997.95916,20144.16756,23641.47324,0
2872,51760.6056,12211.04676,20653.6176,24497.7546,0
2873,51700.79904,12223.73328,19178.98356,27937.33404,0
2874,51795.68064,11660.22,19650.0018,28234.32612,0
2875,54433.79964,12243.84744,22691.07192,26790.72924,0
2876,52942.32768,11863.71648,24524.19948,25024.31184,0
2877,50704.11456,11105.7738,25904.8746,24007.75212,0
2878,48952.28844,10496.17668,26465.62776,24034.3026,0
2879,45094.50792,9560.41548,26151.7674,24418.44768,0
2880,42635.42448,7381.50204,25018.1712,24404.80284,0
2881,40191.69132,5571.48108,23871.11496,23907.12324,0
2882,39818.78472,5253.97488,22036.76508,21995.05308,0
2883,39443.23152,4087.8684,21543.69624,21363.012,0
2884,39310.1412,3940.46796,21762.86112,19670.40636,0
2885,38835.786,3918.57972,21049.54236,19886.84148,0
2886,38745.80688,3842.1042,20856.12936,20164.32132,0
2887,39244.97544,4446.83184,22131.60708,16941.5466,0
2888,40513.26444,5756.85924,25704.94212,12349.41708,0
2889,42800.38488,7107.42516,24959.946,11160.03372,0
2890,44602.27992,8083.383,22689.40212,11318.11296,0
2891,46496.901,8591.88792,21319.47576,11771.94216,0
2892,47620.122,9267.35172,20978.4036,12176.36376,0
2893,47349.02304,9178.59096,20992.24776,12191.93844,0
2894,46757.1192,8690.31372,21719.93736,12449.90076,0
2895,46118.92164,7709.295,20992.84968,14493.31488,0
2896,45977.31732,6637.2636,20482.077,17214.75228,0
2897,46849.19316,5977.7058,20402.59716,19455.79416,0
2898,49232.41884,6430.25328,21199.497,22405.92288,0
2899,50700.41988,9807.53268,25050.80556,23171.36844,0
2900,50394.18912,8737.28196,26424.46092,21644.3568,0
2901,49933.04712,6448.91676,26508.31392,20792.24004,0
2902,47628.63336,5190.21228,27104.121,21129.37464,0
2903,44581.08732,4517.96004,27507.30312,21114.82692,0
2904,41738.40132,4397.98128,27276.92088,19702.23684,0
2905,38683.71276,4349.5122,26239.80216,18875.07732,0
2906,36242.68692,4237.6422,25096.49076,18667.29216,0
2907,35426.32632,4342.42776,23234.46444,18745.85724,0
2908,35420.16456,4096.53288,22314.19212,18939.40224,0
2909,35630.41284,3584.3544,23110.6194,18478.03056,0
2910,36112.80024,4598.61336,24242.82696,17729.66448,0
2911,37110.19752,6487.13472,27212.01252,15099.75192,0
2912,41212.3008,7917.48144,30943.37136,11599.86432,0
2913,44707.49844,8410.73376,31365.3648,11651.04864,0
2914,47459.15856,8854.75668,28759.4076,12103.51032,0
2915,49825.81032,9117.42744,27364.47648,12583.74348,0
2916,52068.10488,9455.18376,25844.6628,12825.42096,0
2917,52203.8814,9070.00512,24701.19036,12986.1006,0
2918,51823.8732,8683.59228,26500.70412,13545.58128,0
2919,49645.88772,8513.94192,28429.22016,15896.57652,0
2920,48715.72992,8518.48404,28752.1542,17677.5786,0
2921,49157.6052,9582.81456,26815.17564,19481.01672,0
2922,49201.73544,10558.51896,25714.34844,22340.99472,0
2923,51627.17208,12865.81824,27801.75288,21665.16792,0
2924,51344.02416,10627.95096,28938.76788,20918.403,0
2925,50274.3186,8590.3488,28772.84784,20735.06688,0
2926,48656.84868,7791.08748,28717.46988,20989.10616,0
2927,46086.50112,6575.27244,29087.56488,20590.84632,0
2928,42841.3326,5563.76304,29232.74112,19714.11816,0
2929,39152.0118,5459.0712,28640.95872,18317.65716,0
2930,36955.87104,5095.96296,26624.34324,18359.38236,0
2931,35767.8882,4206.84792,25696.81884,18565.15056,0
2932,35444.38392,3591.78996,25146.28644,18203.38476,0
2933,35546.21532,3607.34616,24335.02368,18197.69424,0
2934,36201.62436,3658.0104,23919.81636,18178.446,0
2935,36944.00424,4442.17884,24297.67296,16709.06952,0
2936,40816.98852,5726.85168,21939.16164,15994.8096,0
2937,44481.19764,7144.19244,21194.06784,14351.27364,0
2938,46643.05932,8103.3942,19441.96188,14125.0494,0
2939,47886.92568,8616.62736,18920.71764,14552.42316,0
2940,49177.98204,8998.9218,18327.28788,14584.0794,0
2941,49375.986,8779.94568,18088.04052,14830.761,0
2942,48778.34016,8163.00804,19015.34844,14640.73644,0
2943,46999.93188,7223.19312,21233.28108,14380.3572,0
2944,45834.47748,6972.11988,22325.35536,15141.03492,0
2945,46380.774,7468.1574,21603.7272,17856.59172,0
2946,47828.76252,7736.46984,23203.27944,21806.01852,0
2947,49892.2974,10399.092,27933.87168,21750.58512,0
2948,48825.70308,9782.96088,28290.40104,20589.93948,0
2949,47616.26496,6873.9198,29181.56868,20219.98704,0
2950,46020.52884,5469.77376,29489.5656,19821.9846,0
2951,43237.97412,4241.43192,30152.92632,18602.12376,0
2952,41202.1632,3549.249,29184.71424,17910.9942,0
2953,36320.5656,4280.61612,28475.12976,18335.30688,0
2954,33250.88316,4438.38252,27505.49736,18363.35556,0
2955,33284.94312,3834.00336,27660.40596,16104.40656,0
2956,33276.41328,3694.80276,27525.51516,14615.55084,0
2957,33041.08236,3913.62444,26922.18012,14011.55448,0
2958,32974.22436,3984.81864,25618.10592,14740.58652,0
2959,34064.77668,4117.59348,25975.4286,12404.75544,0
2960,36723.1392,4989.13008,23054.30556,11885.78556,0
2961,39439.52628,6008.4816,18702.5652,12733.60308,0
2962,43099.37544,7087.58028,12572.82048,14512.21596,0
2963,44844.81276,7911.2352,10867.5798,15342.58308,0
2964,46230.195,8503.02024,11193.02184,15798.31308,0
2965,45826.32384,8521.75764,12002.07096,15693.76908,0
2966,44395.857,8021.11464,12711.32148,15309.6702,0
2967,43274.59356,7076.72724,14780.70132,15006.87804,0
2968,42524.49432,6271.8084,17032.02336,16759.06584,0
2969,43112.8368,5844.267,20107.97844,17922.1086,0
2970,46919.4198,6068.5416,22338.71508,20441.27976,0
2971,50351.235,8600.46132,24686.43276,22081.80084,0
2972,49524.58632,6555.81564,26752.0704,21419.98188,0
2973,48036.45264,5600.3046,27622.58268,20771.43552,0
2974,46343.43648,5068.16112,27507.66348,20797.98072,0
2975,44025.0558,5062.7412,26770.53588,20130.51876,0
2976,41824.6422,4916.92212,25619.33088,18783.53664,0
2977,39520.59804,4764.309,25005.50448,17425.10484,0
2978,37864.1208,4679.73528,24689.87268,16204.91928,0
2979,36540.1476,4774.3938,25026.90564,15186.57228,0
2980,35517.35088,4754.18988,25335.58764,14683.41336,0
2981,35308.78296,5003.60388,25771.647,14592.72672,0
2982,36574.38444,5575.3038,25470.9906,16988.9016,0
2983,38882.96808,7661.0292,27274.47624,17099.10972,0
2984,42933.41052,9098.67288,30411.68328,13939.34652,0
2985,46370.69184,11009.07588,30027.92892,14100.46704,0
2986,49200.04452,11392.01976,28259.65428,14418.50388,0
2987,51533.73192,12544.97772,26500.52724,14998.46436,0
2988,52581.05424,14245.4796,24123.07656,15479.26116,0
2989,52544.78196,12412.03656,23471.02824,15481.07088,0
2990,52998.27852,12010.07808,25378.77804,15949.86888,0
2991,52478.26716,12978.4314,25444.21308,17768.31408,0
2992,52701.4224,12566.54256,25393.95144,19309.55268,0
2993,52521.16716,12640.65264,24285.57252,22662.16788,0
2994,51154.29528,12388.2792,23219.04816,25016.56872,0
2995,54678.96852,12731.67324,25921.56336,22740.07296,0
2996,55243.70676,11518.36092,27718.08864,20876.77284,0
2997,55063.68384,9839.76444,28693.16076,20298.2406,0
2998,53854.119,8748.9666,29932.9932,20028.66756,0
2999,50664.73764,7600.46628,30018.13452,18890.34972,0
3000,47284.84332,5675.35584,28919.52492,17959.50684,0
3001,43023.21144,4871.35176,27606.39156,18262.61976,0
3002,40186.05228,4136.15268,26670.71616,18369.99384,0
3003,38691.65388,4076.5956,25122.35352,18889.8534,0
3004,38289.12252,4110.51432,24245.24916,18921.23112,0
3005,38805.18576,4239.09156,23787.41244,19192.49376,0
3006,40079.622,5602.19616,23968.0782,19684.81944,0
3007,41670.15468,8262.4212,26197.19256,18656.352,0
3008,43888.33284,10509.8862,29960.42676,15741.57024,0
3009,47236.9326,12442.1616,30021.73284,14311.58256,0
3010,49523.89332,13701.1842,29227.95612,12708.35148,0
3011,51365.13624,14531.5368,27802.44192,13073.95848,0
3012,52618.27032,14815.43712,26503.29924,13769.17872,0
3013,52132.54332,13669.23096,24898.71912,15077.85708,0
3014,53431.0986,13425.44016,24219.09468,17681.9214,0
3015,53028.16992,14880.25044,24043.29708,19153.20924,0
3016,52678.66164,14503.67688,23385.53712,21495.36708,0
3017,50787.41448,13632.79368,24525.1116,24588.32112,0
3018,50439.53904,13398.59664,24967.32612,24176.97876,0
3019,54017.05452,13845.14472,27114.3972,22289.78532,0
3020,54499.66632,12440.10108,29215.31052,20252.26104,0
3021,54365.2362,10883.39868,30622.82652,18384.43728,0
3022,53059.32324,10273.2036,31317.95172,18160.06236,0
3023,49776.65616,9198.65232,30247.73664,18737.54388,0
3024,45883.98408,7480.2486,28885.05576,18947.39616,0
3025,42873.86664,6161.46036,28594.70196,18209.80788,0
3026,40212.19488,5935.37736,27926.87436,17368.2564,0
3027,39942.04368,5296.17792,26818.4796,16362.05604,0
3028,40787.241,5277.38508,25930.67268,15097.23204,0
3029,40466.00844,5779.68732,25836.74676,15271.96704,0
3030,40624.79256,6992.82672,26187.9552,16998.20892,0
3031,42070.22556,9880.91544,28450.2504,15512.00508,0
3032,45949.35312,11642.42508,31014.55104,12082.00488,0
3033,48087.13932,13553.16204,32790.3444,10432.884,0
3034,48978.48252,15822.774,30510.71496,10857.57684,0
3035,51863.49696,15946.97148,29291.4006,11453.09484,0
3036,53898.1014,16250.784,28035.45096,11538.0144,0
3037,53971.77588,14442.2652,27158.7096,11628.5532,0
3038,53961.8442,14968.81716,28265.55204,13449.39948,0
3039,54256.6596,15823.36272,27457.188,15213.04884,0
3040,53657.02584,15994.23408,25701.8322,18255.39936,0
3041,53070.56304,15628.03836,23236.752,22832.19312,0
3042,52210.51176,15346.52328,21988.43856,24692.91528,0
3043,53776.49904,15501.19164,25240.34304,24473.28708,0
3044,52926.10752,14257.46652,27459.00696,22356.1866,0
3045,53199.90324,12988.1598,28783.75632,20517.94932,0
3046,53457.76656,12094.16208,29219.88168,19303.9176,0
3047,49150.332,10989.92268,29809.2036,19752.60804,0
3048,45172.78392,9643.39596,29091.69516,19587.8298,0
3049,42375.5574,6991.97928,28766.95932,19395.56916,0
3050,39745.44024,6517.12776,28331.79492,18088.11576,0
3051,38602.09716,5543.58024,28095.80004,17517.7926,0
3052,38051.89212,5181.52404,27829.81872,17188.54368,0
3053,38377.68396,5275.51464,27551.68548,17210.47944,0
3054,40017.57408,6660.74772,27555.10428,17421.87876,0
3055,41845.92984,9431.565,29287.38912,15998.98872,0
3056,46150.69404,11848.92456,31682.26512,11967.87372,0
3057,48505.69812,14561.60772,31590.35748,11232.45684,0
3058,48859.97292,16717.03044,29393.78244,12103.575,0
3059,51044.28384,17015.42172,28639.83012,12670.08072,0
3060,53102.48856,17121.1326,27631.16136,12577.95792,0
3061,52934.43144,14911.1292,27462.28848,12406.93344,0
3062,54579.16464,14735.87148,28999.0602,12445.11048,0
3063,54615.53724,15650.31204,29306.84328,13829.63076,0
3064,53522.56272,15931.96044,27961.95468,16801.851,0
3065,52644.79176,15973.94172,25366.66836,21180.23688,0
3066,50805.80868,15622.86264,24773.85768,23873.03556,0
3067,54041.39268,15371.20728,28095.42648,21746.47068,0
3068,54906.17616,14002.95204,29628.32928,19078.30584,0
3069,54527.36256,12701.87028,29909.24112,18646.1352,0
3070,54285.58212,11502.11964,30118.671,18936.984,0
3071,49827.89856,11036.49624,30380.60916,18787.29468,0
3072,45238.37076,10332.12312,30200.35656,18756.309,0
3073,42792.09264,7246.38816,30188.59008,17593.66092,0
3074,41351.74692,6634.28964,29169.4656,15829.71456,0
3075,40464.83628,6215.52888,28006.15092,15094.06932,0
3076,40553.40432,5795.74644,27491.37204,14576.76,0
3077,40947.98796,5562.35592,28120.04844,14088.58836,0
3078,41383.3266,6172.8612,29159.20656,14841.05172,0
3079,42046.37448,9588.43644,30374.6454,14755.42992,0
3080,45272.03736,13158.22992,32164.14828,12175.89516,0
3081,45932.3832,17003.12328,33135.16668,11251.32492,0
3082,49873.26432,16141.49064,32855.49036,11583.46464,0
3083,52709.02296,16728.20292,32492.66328,11925.5598,0
3084,54682.24476,17227.0824,31789.84776,12079.36752,0
3085,54200.1306,15716.63808,31310.92008,12005.6706,0
3086,56264.24496,16655.2914,29383.36236,13785.59424,0
3087,56726.19876,17297.44896,26655.72228,17113.33932,0
3088,54829.67556,16838.712,24466.97616,21503.50092,0
3089,54159.13536,16524.72756,21092.46612,25982.78364,0
3090,53120.66628,15910.87344,21887.6196,26663.5182,0
3091,55307.34132,15032.44512,26019.71856,23479.61484,0
3092,54763.533,14086.62024,27415.77828,21397.91412,0
3093,52421.29068,13241.35032,28291.46364,20693.0394,0
3094,50539.27956,12873.09408,30058.55424,19814.01048,0
3095,47384.49144,12030.93012,30877.59708,19604.58852,0
3096,45162.2886,9726.85428,30837.16416,19445.1972,0
3097,43553.49108,7399.7154,30091.9542,19091.589,0
3098,42358.93332,5906.85876,28506.75168,17808.92784,0
3099,40450.82184,5392.15644,28429.1502,16764.39072,0
3100,39516.67632,5261.25732,27719.31492,16668.47556,0
3101,39197.9148,5124.768,27709.95084,16541.5338,0
3102,38667.58104,5148.56364,27963.68256,16831.8282,0
3103,39273.90324,5849.32128,29709.84192,14348.73264,0
3104,41718.64356,7996.8438,30656.3862,12037.05624,0
3105,45155.57112,9216.43668,30576.1764,11362.47156,0
3106,47326.00488,9301.28232,29788.02156,11281.96212,0
3107,49637.52552,9309.68148,27943.36908,11635.26672,0
3108,50828.88756,9515.15004,26023.7538,11922.43272,0
3109,50949.84576,9285.8436,24961.71084,11960.53188,0
3110,50739.67272,9002.72736,24174.8496,12560.12076,0
3111,49964.52648,8224.54248,24795.59544,13601.6892,0
3112,49120.05252,7093.94664,25571.17068,16381.2264,0
3113,49245.53172,6936.44688,23294.14164,20879.3772,0
3114,51854.5236,8438.33892,25454.5764,20990.80368,0
3115,53776.4634,10283.14716,28720.7382,20069.19948,0
3116,51852.26376,9674.92548,30724.15896,18305.24388,0
3117,50359.7952,8297.54376,31952.06388,16585.86732,0
3118,48232.93992,7263.69204,32186.85228,16727.9772,0
3119,46021.76568,6242.53344,31653.63432,17129.22288,0
3120,43763.97036,5431.12284,31164.31824,16919.17788,0
3121,41674.93704,4741.81884,29717.07816,16133.35284,0
3122,39595.07772,4183.70964,28336.572,15864.40284,0
3123,38063.7708,3863.47896,27692.94924,15095.17152,0
3124,37327.02204,3860.94456,26149.84416,15317.07936,0
3125,37644.87144,3749.73324,24947.95248,15049.518,0
3126,38130.91128,3755.94516,23909.03724,14748.09336,0
3127,37284.5154,4178.4732,25472.83464,12673.41108,0
3128,38324.31636,5211.27816,25309.19424,10638.50436,0
3129,39448.77552,6468.98868,24278.27028,10617.62592,0
3130,42270.15672,7602.62052,21920.8176,9779.20416,0
3131,44204.89392,7816.88424,20746.26708,9973.30884,0
3132,44543.08056,7945.2186,20175.87,10130.93664,0
3133,44399.9952,7849.54764,18257.95488,9912.23904,0
3134,43211.12136,7234.1544,16921.76112,9842.29092,0
3135,41996.63952,6232.16484,16399.71036,10656.93552,0
3136,40918.86216,5166.8892,18621.63468,12726.5952,0
3137,41726.00388,4952.13312,20538.34332,15862.94028,0
3138,45857.92728,5421.33504,21102.06648,20360.0364,0
3139,48682.06596,7172.63052,24663.6852,21206.05608,0
3140,45819.78852,6881.00688,28159.43328,20282.41644,0
3141,45068.55408,6178.10688,30048.33216,18701.1726,0
3142,44150.72772,5483.85552,30363.52968,18516.12972,0
3143,41586.54456,4902.4338,30701.34672,18216.79464,0
3144,39254.82264,4642.6248,30383.13432,16409.97732,0
3145,36492.48504,3991.08204,29438.49348,15929.71248,0
3146,33460.81464,3792.23856,29071.52688,16398.76392,0
3147,32918.39364,3577.86,27797.8008,16368.19008,0
3148,33224.42244,3369.31188,27237.88188,15670.93968,0
3149,33219.72456,3782.66328,27876.9942,15378.3102,0
3150,34407.22824,5398.1796,28340.13732,15799.05492,0
3151,38075.78016,8306.70456,28753.86228,15729.22824,0
3152,42319.17492,9750.99708,30374.388,14236.53792,0
3153,46185.0774,11413.7628,30762.26472,12296.33856,0
3154,48319.7748,12610.14612,29530.65192,11181.80844,0
3155,49427.72604,13381.1832,29125.8792,11298.80796,0
3156,50629.5306,12422.54904,28671.86784,11917.30584,0
3157,50533.01352,11587.74804,26486.01252,11665.3086,0
3158,52210.8906,11283.62928,26981.58144,12369.65268,0
3159,52627.179,11532.0612,27636.13908,13755.36228,0
3160,51717.14856,13354.96668,27010.81416,14293.56192,0
3161,52295.7402,13510.13136,25369.42452,16725.49296,0
3162,48416.91888,13446.84528,27030.14292,20775.69384,0
3163,49041.60492,14129.88984,30205.00956,20741.83716,0
3164,49054.16604,13262.72904,30341.89884,20228.868,0
3165,48917.72028,11695.035,30595.91568,19719.11436,0
3166,47849.15784,10808.5692,31103.54148,19657.51128,0
3167,43372.12308,10008.39972,31193.58528,19220.92788,0
3168,41742.53688,7035.29772,29455.3182,19945.77156,0
3169,37934.22072,5903.38452,29836.11576,18969.82428,0
3170,36174.44292,5450.82252,29532.16728,16833.47292,0
3171,35375.03244,5061.98748,28759.86828,16189.89108,0
3172,35251.77084,4852.66584,28442.34228,15518.90076,0
3173,35186.88492,5154.92604,28716.80592,15747.79272,0
3174,36331.12824,6448.68312,28490.91168,16878.06516,0
3175,38876.17668,9262.57728,29965.71468,15626.0544,0
3176,43357.1094,11672.1198,31051.84896,13149.58128,0
3177,45289.31352,12765.60384,32824.54692,12408.8382,0
3178,47302.82832,12499.509,31457.21436,12376.93644,0
3179,48707.49708,13359.12072,30391.60344,12672.20328,0
3180,50209.1106,15059.56584,26131.66512,13939.04556,0
3181,49846.91844,12596.27028,25398.18468,14307.14604,0
3182,51585.86268,12187.55604,25808.02092,14512.97364,0
3183,50078.70384,13700.19288,27829.52172,15471.90876,0
3184,49736.67072,13879.44096,28495.11192,15948.29016,0
3185,50425.1814,14712.59328,26487.84864,17792.28396,0
3186,50251.443,14491.0326,26210.61696,19378.03824,0
3187,50880.73716,15238.3044,29144.38692,20144.81832,0
3188,51407.66928,14352.07488,28216.06524,19456.0146,0
3189,51095.1804,12744.55512,28192.50984,19223.89656,0
3190,49695.27816,11840.35512,28843.6698,18876.68904,0
3191,46088.22108,9901.88364,28501.10604,18797.34516,0
3192,42797.38848,7030.21176,27985.86252,18253.77972,0
3193,40001.29716,4941.86484,27088.67436,17411.90748,0
3194,36654.63516,4642.70664,27485.5152,16326.4134,0
3195,35171.60196,4681.17276,26726.88744,15920.91468,0
3196,34655.17836,4748.44128,26149.24356,15657.20772,0
3197,35172.33588,5293.57224,25328.76852,15617.72388,0
3198,37430.481,6204.82368,24885.73296,16637.45028,0
3199,39934.06956,9265.76244,26539.58868,16035.72564,0
3200,44745.68208,11043.35628,28608.46824,14147.529,0
3201,46668.64356,11989.17852,31117.35264,12416.74368,0
3202,47589.56532,12609.80424,30511.37892,11916.12048,0
3203,49533.97944,13523.64552,28969.42752,12573.19668,0
3204,50256.228,13766.1084,28556.8536,12680.16024,0
3205,49761.70584,11819.98092,27934.05516,12562.89804,0
3206,50541.30312,11129.70408,29327.55672,13400.33376,0
3207,49185.16284,13429.62456,28916.65392,14232.28488,0
3208,47331.04992,13406.76876,29223.32952,16189.0872,0
3209,47257.05732,14033.3754,27334.82004,19537.73976,0
3210,50883.13824,12220.98108,26014.66428,20807.90448,0
3211,54498.88092,13432.77144,26877.88488,20348.04684,0
3212,52038.73884,13431.57684,28115.52744,19880.41572,0
3213,51549.77388,12225.75684,27956.99016,19046.07012,0
3214,51082.3566,10534.36164,28205.28348,18992.35668,0
3215,47581.79448,8617.28868,27707.03892,19097.79036,0
3216,43309.17096,6650.27748,27554.75448,18740.0796,0
3217,40752.00492,5070.62952,27280.16016,17046.79548,0
3218,38745.564,4882.2246,27248.1462,15749.57736,0
3219,37764.3222,4322.51292,26563.94928,15670.86708,0
3220,37298.88096,3963.73956,25946.00976,15796.87692,0
3221,37618.86876,4258.68036,25861.8558,15754.86528,0
3222,39679.20792,6310.76292,25829.51052,15825.99348,0
3223,41048.81088,10386.97968,25997.11356,16423.56408,0
3224,44540.46828,12083.5374,27922.22532,13978.05024,0
3225,45928.3044,13298.86008,28550.70768,13156.90992,0
3226,46461.1224,12749.46288,27028.28964,13588.28196,0
3227,47925.20568,13005.67356,26062.11036,14052.1392,0
3228,50282.6082,12802.42656,24208.11888,14165.94432,0
3229,50339.68896,11247.5748,23046.83568,14131.75104,0
3230,51284.74164,11239.57428,24160.31904,14284.01172,0
3231,53507.0184,12081.13104,23922.99492,15190.96656,0
3232,52263.15204,13795.27248,24364.84908,16434.66264,0
3233,50802.82152,15046.59552,23820.92988,19729.74168,0
3234,50763.94752,13545.55488,23394.94476,23345.47776,0
3235,53679.13716,13581.76512,25999.39056,22256.5332,0
3236,52594.91688,13279.22772,25950.72744,21819.85476,0
3237,51628.53696,11087.78616,27100.37748,21624.99372,0
3238,50488.56384,10384.59444,27534.6324,21549.8844,0
3239,48336.04908,10707.84792,26395.6176,19603.1682,0
3240,47491.20552,10700.91528,22149.97488,17852.73996,0
3241,44082.15372,7648.27932,20265.48612,20495.85516,0
3242,40202.14572,6174.27228,22070.65608,19619.07684,0
3243,37654.30152,5070.72852,25910.10576,17158.81728,0
3244,36070.5312,4728.19248,27900.36084,15869.73564,0
3245,36491.04096,5258.20416,27874.41756,15416.12424,0
3246,37463.2698,7224.36924,28212.13428,15476.21724,0
3247,39754.31196,10396.4388,27775.87692,16144.78008,0
3248,43205.40576,11420.53836,30016.34988,14692.50552,0
3249,45535.4262,12862.97364,31946.90004,12594.07248,0
3250,48252.66468,13712.6616,28294.75308,13102.98528,0
3251,50365.17024,13818.24708,26086.6122,13868.6196,0
3252,51884.82288,12851.46192,25618.72764,14461.359,0
3253,51109.80996,11480.3502,24580.23216,14532.12552,0
3254,51887.28996,11470.67592,24612.81768,15450.6858,0
3255,50535.56508,13230.4656,25076.7858,16250.03556,0
3256,48241.87896,15138.77904,23997.52608,18079.16748,0
3257,46734.35316,15349.94604,24230.07576,20804.14512,0
3258,48021.831,14422.06524,25020.51948,22612.7022,0
3259,51644.142,14475.95556,27817.67868,20652.07056,0
3260,49856.8092,14039.7642,28660.22544,19837.64508,0
3261,47567.92656,12878.28828,28686.85512,19889.41548,0
3262,45898.79184,12506.98416,29578.70652,19019.23056,0
3263,43799.6988,11455.40748,29165.45412,19551.75552,0
3264,42663.8058,7523.901,29120.586,19444.6362,0
3265,41387.09124,5347.77672,28647.12576,17758.31244,0
3266,40607.0412,4336.25148,28032.15492,15424.91016,0
3267,40295.99508,3705.81024,27135.10008,14349.28044,0
3268,39693.86916,3392.5716,27151.77564,14252.5878,0
3269,38295.57864,3528.13296,27885.24024,14066.9496,0
3270,39025.0542,3896.00244,27746.0106,13566.21156,0
3271,37661.68296,5863.40304,29681.01444,12261.8232,0
3272,38473.05396,8962.51752,30179.48076,11079.59952,0
3273,43188.89916,9768.90156,28914.88116,9320.72328,0
3274,44879.11956,9782.37216,28006.01628,9884.59296,0
3275,47225.93436,9340.99716,26945.69592,10174.3092,0
3276,48079.14012,9428.80752,26877.57996,10133.09616,0
3277,48720.77892,8746.62888,25671.09864,9575.84496,0
3278,48707.934,8270.52996,26530.54668,9497.17956,0
3279,47536.56468,8081.49936,28507.1292,9203.7924,0
3280,46568.82648,8177.65344,28819.80156,10631.37768,0
3281,47162.23908,7862.95356,26680.08948,15276.8286,0
3282,49872.35616,8230.7742,26047.22472,20014.995,0
3283,51793.1304,10870.92468,28978.95792,20635.99164,0
3284,50056.47504,9424.14132,29782.27428,19921.12584,0
3285,47593.194,8118.9702,29627.85804,19733.68452,0
3286,46088.35704,6400.79748,29588.17224,19924.05756,0
3287,44073.74004,4887.33168,29555.87052,19636.5972,0
3288,41366.7078,4464.67428,28709.53404,19397.60724,0
3289,38957.48868,4437.15492,29168.27892,16447.99992,0
3290,36825.27816,5006.14224,29859.84936,13245.57432,0
3291,36169.74636,4830.80004,29792.15052,11079.01212,0
3292,36693.10392,4454.406,28868.13204,9952.206,0
3293,36303.6894,4230.18948,28902.5616,9798.42732,0
3294,36257.5686,3782.27388,28466.56428,9652.35744,0
3295,35954.63652,3967.77348,27825.73332,9694.476,0
3296,36718.76868,5400.51204,27157.98228,8798.72532,0
3297,39058.53468,6632.58816,24178.4598,8857.65276,0
3298,41836.87596,7015.107,21343.73208,9113.78424,0
3299,44657.41764,7413.64404,19546.92696,9683.88168,0
3300,46324.61856,7708.08984,19620.0114,9916.62012,0
3301,46858.54008,7614.28404,19390.57428,9951.56052,0
3302,46318.9188,7007.3322,19486.0182,9774.55116,0
3303,44508.28008,6464.53104,21928.10136,9243.8676,0
3304,42861.24612,6736.1448,24019.62816,10270.31016,0
3305,43973.5296,7319.3274,23091.98892,14007.28164,0
3306,45971.00508,6756.68532,25126.97088,18315.28908,0
3307,47733.31992,9686.65764,28226.92092,19545.54888,0
3308,46922.5548,9287.81172,28881.33732,18039.66912,0
3309,47755.98828,6701.45652,29348.06424,17428.31112,0
3310,47568.5034,5990.34348,29553.01008,16197.4692,0
3311,46308.65976,5649.26736,29327.79432,15614.27868,0
3312,44310.34344,5237.65704,28355.0124,14477.36796,0
3313,43172.18928,3803.25,27842.11584,13074.90756,0
3314,41184.34848,3342.438,27581.41056,12703.63908,0
3315,40537.6488,3031.73376,27035.25528,12498.04116,0
3316,40013.60616,3072.4518,26989.15428,12215.93076,0
3317,40263.89268,3114.92148,26756.36832,12478.98432,0
3318,42111.40296,4288.67472,26586.09492,13383.96708,0
3319,43608.03876,6511.14552,28618.79724,13759.05168,0
3320,46877.12964,8722.494,29127.91464,13006.91304,0
3321,50010.01104,10142.37048,30253.41792,12078.23364,0
3322,50773.43568,10683.24048,30910.85712,11945.12484,0
3323,51557.0418,12828.67476,30242.11344,12019.58736,0
3324,52712.67672,13030.78524,29803.39692,12134.82336,0
3325,52728.31608,11085.03396,28905.8352,12080.24796,0
3326,54433.87356,11000.43252,27903.06156,13512.26184,0
3327,55163.81112,12210.63888,26199.8616,15366.00912,0
3328,54433.52112,12144.33,24742.43508,19261.34892,0
3329,53586.91404,12346.88532,23123.39172,23208.3984,0
3330,54627.79608,12071.5914,22839.02544,23499.1218,0
3331,55065.5886,13386.2454,24750.82764,24010.71156,0
3332,54650.11728,12775.2702,25750.1508,22853.88204,0
3333,53569.4214,11452.26984,26867.35128,22108.07016,0
3334,52486.35612,9970.44444,27981.80352,21849.43728,0
3335,49640.21172,8284.00056,28093.29996,21242.41944,0
3336,45423.4374,6955.79412,27103.7646,20800.22604,0
3337,43549.5852,4483.99116,25213.41504,21192.07992,0
3338,40591.10484,4155.36132,24402.20244,20939.83056,0
3339,38809.05996,4232.34636,23888.469,20358.64248,0
3340,38005.68948,3956.4228,23369.1744,20522.99304,0
3341,38416.56852,3959.91156,22840.81404,20991.30792,0
3342,40334.01372,4723.4022,22912.31184,21631.1106,0
3343,43944.20316,6894.44844,23938.6158,20076.375,0
3344,47655.0888,9449.16588,26821.79544,15938.98944,0
3345,49954.01796,11090.17536,29670.2406,13756.08432,0
3346,51592.46928,12257.157,28738.1622,12908.4252,0
3347,53872.67028,13760.72544,27392.62944,12305.75544,0
3348,55771.82556,13373.8044,26851.00572,12551.96844,0
3349,55793.99364,11159.46084,25128.53244,13352.63292,0
3350,56099.4852,12204.69096,23417.5524,16013.54964,0
3351,55791.57408,13621.9644,21138.4338,20027.18784,0
3352,55299.00552,14109.777,19614.00804,23643.80304,0
3353,55068.0108,14159.94624,17873.50884,26580.29088,0
3354,56538.82212,13386.63744,16876.3584,26474.3886,0
3355,57995.0118,13244.0418,19592.199,26282.5992,0
3356,55881.06612,11953.50948,21985.87776,25678.90908,0
3357,54207.648,10744.04232,23223.17844,24886.32432,0
3358,53044.29372,9402.73884,24146.77188,24851.06448,0
3359,49955.70492,7855.05732,23943.86676,24606.29028,0
3360,45925.34628,6721.97856,23067.76164,23919.00852,0
3361,44326.99788,4751.84556,23197.44768,21461.67408,0
3362,41489.8176,4644.07152,23152.02516,19549.46928,0
3363,39725.84748,4768.3944,22384.33824,19042.65264,0
3364,38805.66756,4925.0124,22175.16312,18730.437,0
3365,39125.51412,5186.973,21348.9672,19421.66556,0
3366,40774.16508,5743.31472,21351.49764,21139.28124,0
3367,43269.91812,7139.76384,23447.01348,21062.77008,0
3368,45914.22396,9631.38396,26953.16448,17179.85016,0
3369,48631.3278,11552.15028,29630.79108,14074.90524,0
3370,48938.85084,13122.70344,30759.50328,13046.04444,0
3371,51016.812,14271.2526,29277.402,13274.79252,0
3372,52508.09652,14282.59008,27843.2088,13523.103,0
3373,52402.98228,13002.24684,25610.28096,13646.92032,0
3374,54982.02996,12448.47384,24826.85964,14534.71272,0
3375,56561.71224,12602.29608,23933.82288,16536.82932,0
3376,56940.74496,12177.7392,21958.61976,20591.19612,0
3377,55468.0302,12320.84304,20513.43624,25426.37856,0
3378,54765.59748,12257.56752,21085.18632,26243.49816,0
3379,55632.1194,12973.5276,25820.75892,23475.32352,0
3380,55452.87,11370.25692,28032.8862,20909.9748,0
3381,54927.04536,9340.9074,28220.9664,20822.32944,0
3382,53476.42476,8762.52168,28370.70588,20885.38716,0
3383,49433.175,7843.70796,28233.73608,20686.73772,0
3384,46201.17084,5466.75756,27403.12344,20608.0314,0
3385,42375.17592,4089.70056,26598.14784,20177.82492,0
3386,40321.40904,3930.90984,26134.28268,18084.43032,0
3387,39227.93952,3995.90268,26003.87988,16388.26992,0
3388,38677.97868,3985.02588,26601.11652,15269.62008,0
3389,39021.87432,3930.3066,26997.80028,14967.57504,0
3390,41297.81832,4508.40456,26702.83044,15788.74836,0
3391,44139.0246,6405.861,27358.7688,16187.46624,0
3392,46718.23992,8534.65668,30033.50328,13977.73872,0
3393,49799.11332,10006.83288,31170.78624,12439.79616,0
3394,51081.30456,11500.1832,30613.9482,11540.59632,0
3395,54095.55756,12736.4292,29483.553,11481.56196,0
3396,55040.87424,13255.63668,29125.55712,11626.13364,0
3397,55035.62592,11934.62028,27146.2752,11869.70136,0
3398,54894.543,12123.75252,25816.7976,14795.22924,0
3399,55495.31196,12126.99708,24873.26952,17066.0226,0
3400,54745.98756,12129.67536,24097.54116,19565.69472,0
3401,54013.4034,12698.73264,21549.59004,23983.75584,0
3402,54194.3094,12927.23916,20225.18256,25618.2234,0
3403,56095.78524,11929.17132,24355.94172,24544.11564,0
3404,54651.33696,11221.35828,26574.43008,22258.80756,0
3405,53736.76836,9508.554,27399.49212,21412.77072,0
3406,52429.93404,8468.59464,28329.96408,21102.82812,0
3407,48627.7374,7340.80776,28786.06368,21135.07836,0
3408,45575.90136,5319.49836,27845.69832,20502.18324,0
3409,42035.97684,3894.57684,27680.4396,19896.82464,0
3410,39597.11052,3945.75456,27218.16108,18237.74436,0
3411,39093.38004,3868.0818,26647.86036,16445.06556,0
3412,38977.95396,3850.10868,26587.0902,15099.69648,0
3413,39965.99772,3881.4006,26499.85536,14624.97564,0
3414,43258.97796,3983.49468,25676.33112,15602.69832,0
3415,45912.73236,7001.80668,26063.61516,15408.393,0
3416,48720.59412,8640.9114,28038.77604,13944.2028,0
3417,49636.76916,10446.67008,30582.24576,13354.87296,0
3418,49973.01144,12244.3596,30254.499,13369.32036,0
3419,52584.48228,13263.61476,28323.2994,13638.03804,0
3420,54074.43624,12623.73552,27188.172,13865.78292,0
3421,54996.79944,10095.46824,25878.75708,13936.56132,0
3422,55926.37512,10379.66952,25647.9828,14670.77964,0
3423,55835.11032,11093.1282,23853.1062,17456.41788,0
3424,53496.10332,11210.17656,21954.25716,21946.8282,0
3425,53048.59296,11798.02932,19921.9086,24387.29964,0
3426,55083.06144,12042.06036,19257.4338,24690.23436,0
3427,53736.22848,13148.8236,24028.29132,24399.13344,0
3428,53172.36012,10461.73524,27863.67936,21727.70028,0
3429,52748.22036,7938.65424,28792.49472,20568.37332,0
3430,51177.6144,7313.25672,28982.66448,20688.34416,0
3431,48421.44384,6264.9444,29552.44644,20194.98756,0
3432,45366.33684,4892.85324,28846.02468,19955.36532,0
3433,41045.27328,4830.441,28862.7966,18263.27448,0
3434,38788.53528,4436.99256,28131.96144,17160.55308,0
3435,37620.63492,4397.74632,28138.09416,15347.7654,0
3436,37102.50192,4430.4084,27945.1326,14269.3188,0
3437,36665.67828,4501.5366,27953.8116,14218.88952,0
3438,36894.16632,4509.59784,27737.92428,14435.89752,0
3439,38713.89456,4652.82708,28922.6718,12549.53172,0
3440,40551.70812,5797.56276,31351.19856,10090.64628,0
3441,43816.70832,6755.28744,30556.74996,10156.55388,0
3442,46640.69784,7130.10144,29241.70392,10600.42632,0
3443,49642.78572,7991.09784,26409.25848,10984.66248,0
3444,50958.79932,8124.52872,25533.31044,11117.72376,0
3445,51292.91112,7957.27812,23595.68376,11787.7716,0
3446,51141.76848,7760.3262,22901.15916,11780.74656,0
3447,51215.84688,6988.27932,23029.66776,11714.74788,0
3448,49704.77952,6219.51792,24424.90248,12811.41444,0
3449,48253.7154,6356.86392,23955.52104,17291.23176,0
3450,50835.15492,8218.23816,22487.2362,21263.82588,0
3451,52849.98708,9567.19236,25170.6246,21594.19152,0
3452,49419.84564,7551.34644,27936.17904,21522.138,0
3453,47665.167,5920.98276,29442.25944,19752.6714,0
3454,45950.06856,4295.01468,29226.78528,19726.83768,0
3455,43273.03728,4343.29632,29342.80404,17682.51276,0
3456,41061.47628,4305.58128,28634.20428,16229.00136,0
3457,39650.71704,4215.03852,28079.76336,13940.16624,0
3458,37944.66456,4327.13556,28116.09636,12186.61752,0
3459,36232.7394,4493.4582,27713.04624,11518.60776,0
3460,34554.2868,4528.10556,28053.53892,11205.98028,0
3461,33889.36716,4360.53948,27752.55516,11037.49284,0
3462,33885.54708,4407.76644,27233.58,10645.2522,0
3463,33902.84172,4271.27052,27440.34612,9357.90108,0
3464,35623.2426,4572.72948,27589.46652,8297.08176,0
3465,39660.40056,5579.13048,23852.22444,8698.38156,0
3466,43191.03888,6586.57164,19701.49896,9277.02336,0
3467,45307.4094,7217.68608,17929.92564,9802.74636,0
3468,46340.09688,7492.9074,18018.51876,9958.113,0
3469,46577.31408,7479.0672,17837.15604,9880.72272,0
3470,45964.2876,6985.2354,18148.70904,9650.50284,0
3471,45283.40124,6692.19672,18467.45076,9693.3276,0
3472,44618.39976,6356.61708,19249.68408,11442.77508,0
3473,44044.37928,5604.0072,22305.40224,14964.642,0
3474,46678.55412,6662.47428,24174.34272,18064.54716,0
3475,47942.46336,8190.83892,28364.96124,19556.38212,0
3476,47880.6636,6013.6824,28791.2922,19631.06376,0
3477,46884.5256,5022.35844,28452.70956,19893.07584,0
3478,45986.77644,4419.7164,28130.6322,19378.02636,0
3479,43480.76568,4360.88796,28804.84728,17507.46096,0
3480,40333.27848,4374.27012,28980.1842,15145.6206,0
3481,37794.92244,4079.67516,29292.47376,12636.1422,0
3482,36894.09636,3951.66024,29034.45996,10975.57428,0
3483,36490.4628,3935.33976,28392.04764,10285.25124,0
3484,35889.0114,4028.92512,28446.68772,9804.05052,0
3485,36137.1648,4233.08688,29088.5298,9538.34772,0
3486,37764.35652,4513.78356,29079.4746,11614.49784,0
3487,39783.2556,6426.94536,29440.52232,13704.25452,0
3488,44394.98844,7281.87372,30920.44296,11972.01588,0
3489,49162.94064,8808.14352,30912.6114,10445.13228,0
3490,50289.92232,9589.81056,31447.95984,10678.55052,0
3491,51902.13072,11036.59656,29791.67532,10897.98864,0
3492,52893.87312,12075.5118,27918.16104,11323.16988,0
3493,52624.62612,10715.36532,26823.18936,11364.23376,0
3494,52912.08252,10766.6724,28135.5822,11877.76524,0
3495,50720.0628,11586.32508,29645.3256,14119.42356,0
3496,49748.5626,11674.6542,28560.75684,17691.95736,0
3497,50502.34332,11667.03912,25207.0632,21985.76292,0
3498,51178.18464,11216.47956,24678.09564,22717.80588,0
3499,52436.6898,11341.51788,27592.5078,22238.36076,0
3500,52290.7572,10861.0854,27373.22808,21610.27704,0
3501,50641.35516,9686.38968,28152.4122,21323.87004,0
3502,49515.33444,8890.7016,28844.64264,20667.59508,0
3503,45123.64692,7529.41464,29173.82292,20980.39812,0
3504,41770.88784,4930.58148,28540.41168,20792.33904,0
3505,38899.08924,4099.35504,27557.8512,19108.38864,0
3506,36477.30108,3994.18932,27780.90348,16656.13092,0
3507,35129.03196,4083.64836,28609.71432,14382.66456,0
3508,34063.425,4380.21672,29501.30964,13509.39876,0
3509,35130.414,4602.41364,29054.96748,13193.5914,0
3510,38209.6638,4578.76056,28915.13988,13883.9448,0
3511,41864.25144,5472.819,29916.03252,14585.98944,0
3512,45130.78812,7825.86816,32557.75512,11886.303,0
3513,48482.91756,9369.195,33250.23768,10929.73596,0
3514,49660.61628,10901.89188,31444.76148,11281.04868,0
3515,51839.06244,11606.96064,31123.58304,11298.08328,0
3516,52766.8812,12259.84584,30968.60184,11276.98836,0
3517,51484.8114,11590.01052,30064.5972,11256.64716,0
3518,52625.8854,12030.06288,30783.4758,11990.76516,0
3519,52809.108,12657.42588,30379.36704,13886.59404,0
3520,52199.88972,12596.63856,29445.0288,15746.94792,0
3521,49539.51552,12475.35168,28359.6852,19776.8076,0
3522,51687.85644,11354.39976,25007.22972,22974.88644,0
3523,54449.42448,10932.39576,27551.85048,21996.0708,0
3524,52482.23376,10602.73896,30239.1276,19961.79504,0
3525,52041.825,9421.25184,29627.07132,19633.67076,0
3526,50210.03724,8774.42412,30354.70548,19310.68392,0
3527,47354.31096,7107.50832,29985.45792,19473.27624,0
3528,42773.00412,5799.93876,29144.81988,19247.38332,0
3529,39214.8636,5582.18892,28599.23748,17612.2848,0
3530,37408.67328,5501.96988,27694.095,15992.19336,0
3531,35372.7858,5459.17152,27677.77188,15194.982,0
3532,33915.12828,5376.58044,28893.70836,14044.65612,0
3533,34290.72768,5337.71832,29252.5398,13594.6008,0
3534,36282.29616,5549.57832,28856.60976,15308.12052,0
3535,40909.41624,6201.77844,29230.4826,15582.3954,0
3536,44629.21452,8206.42416,30705.54036,13550.1498,0
3537,46981.86372,10641.873,31979.19912,13229.26836,0
3538,48067.20072,11223.69996,31849.19628,14391.1152,0
3539,50082.59256,11624.41104,32054.18436,14438.80944,0
3540,50738.49264,12081.07956,31689.43536,14520.32472,0
3541,49690.6014,10252.96932,31526.06952,14379.61008,0
3542,50653.1586,10361.15652,30022.96176,16158.37212,0
3543,50205.08064,10943.51808,28853.4906,18616.18704,0
3544,49919.81412,11476.52352,26882.01516,20255.54388,0
3545,50044.3878,11717.49612,23647.08588,23311.65804,0
3546,53403.2334,11742.918,20774.886,24199.04916,0
3547,53580.7272,11346.88236,25350.74916,23985.70944,0
3548,51460.66068,10305.41556,28464.66348,21966.648,0
3549,51840.58044,9107.68056,29663.9244,18977.99904,0
3550,49987.70832,8171.52864,30321.36096,18817.2072,0
3551,45567.885,7122.48108,30362.21496,18813.12972,0
3552,40410.32556,6416.80644,28815.37692,19166.565,0
3553,37211.34384,5769.97212,27886.67244,18570.58896,0
3554,36190.21296,5945.66676,27748.2546,15760.96368,0
3555,35152.75368,5987.23224,26861.80464,14846.05452,0
3556,34835.79528,5843.39844,26122.35516,14937.80772,0
3557,35182.90248,5894.37948,25399.3608,15631.5258,0
3558,37862.02464,6008.47368,24255.98736,16754.50656,0
3559,40891.7652,6776.55528,24874.14864,17968.7112,0
3560,44175.61896,7555.54272,28053.92964,16213.93356,0
3561,47657.3724,8628.114,31393.41348,14462.80308,0
3562,48439.1028,9053.47476,31387.71108,14997.29088,0
3563,49739.52984,10936.98804,29712.10836,14643.2154,0
3564,50319.59988,11255.7456,28651.21776,14428.61244,0
3565,49548.40704,9815.08572,27858.49968,14117.6838,0
3566,51000.20112,9763.2282,27152.58876,14327.85024,0
3567,51341.01456,10102.44708,25832.94516,16778.91732,0
3568,51860.1798,10826.03676,23928.03072,18030.81456,0
3569,52004.40696,11995.6782,20316.18468,21634.5492,0
3570,53389.41432,11443.89972,18866.74152,24839.11056,0
3571,55053.77592,11091.35808,23230.79088,24995.3352,0
3572,53339.96052,10519.93272,24939.55992,23577.37404,0
3573,51485.07276,9685.3812,26279.9988,22065.4368,0
3574,48689.25996,8782.98432,27835.48548,21729.62484,0
3575,44508.59424,6903.4812,29006.08788,21245.71548,0
3576,40803.55224,5241.74772,28271.97912,19713.33672,0
3577,41229.52944,5257.45704,26871.33372,16720.48488,0
3578,39296.43168,5363.50716,26068.73808,15091.31052,0
3579,38146.6668,5420.21964,25153.40256,13928.67564,0
3580,37663.31184,5414.00904,24269.86452,13997.60604,0
3581,39044.47536,5239.87068,23514.86808,13886.60988,0
3582,41696.4108,5164.87224,22734.41544,15459.97332,0
3583,45581.65656,5675.76372,24126.14028,16124.889,0
3584,48374.18124,7506.09156,28188.2238,13249.30332,0
3585,50166.23832,9606.16272,30764.71464,11882.68092,0
3586,50439.40308,9627.14544,31297.96296,12478.97376,0
3587,53190.24348,10107.51456,28126.81212,13273.1874,0
3588,54472.96008,10351.53108,26507.2698,13300.61568,0
3589,52256.13228,9825.68532,24710.64948,13658.32248,0
3590,54064.31712,9350.03652,23643.82944,14168.95128,0
3591,53803.41912,8750.6496,24689.21004,15276.01812,0
3592,53754.92232,8292.10932,24263.44008,17415.79488,0
3593,51857.51736,9151.758,21808.52916,22642.3362,0
3594,52659.11904,9427.46112,21706.01928,25607.50236,0
3595,54477.19992,10690.96248,26045.99052,23941.70592,0
3596,52388.44908,10279.29012,27948.58572,22108.14408,0
3597,50749.8156,9677.4546,29222.64972,19528.29912,0
3598,49695.84708,8460.17832,30434.62356,17919.77088,0
3599,47937.31536,6471.696,29376.33204,18193.85172,0
3600,44574.01476,5043.555,27917.83632,18419.53608,0
3601,41517.73428,4392.7686,26385.37572,17780.57424,0
3602,38988.015,4421.9868,25498.06116,16549.38516,0
3603,36580.86564,4376.19336,25692.249,15819.05028,0
3604,35443.25796,4413.47412,25850.32956,15535.78224,0
3605,35117.04504,4419.56196,25937.76636,15115.39392,0
3606,35122.35936,4447.94856,25504.66248,15613.62264,0
3607,35357.8434,4608.6942,26944.45248,15262.09212,0
3608,37649.66568,5808.94644,27714.93516,14604.50112,0
3609,40372.29636,7635.76704,28383.81348,13174.86984,0
3610,42882.91524,8951.81232,26835.50892,12813.91188,0
3611,44886.42312,9754.02384,25029.3318,13050.56808,0
3612,46119.09456,9982.88676,23494.61004,13445.30352,0
3613,46355.09736,9602.38092,22430.16204,13325.24292,0
3614,45379.68072,9244.63584,22563.61404,13358.7894,0
3615,44038.45776,8366.41212,23896.9302,13674.40536,0
3616,43091.44224,7075.41384,25355.31636,14743.55916,0
3617,44274.5754,6641.74896,25730.48148,17312.04684,0
3618,47920.49196,7590.9042,24872.82996,20768.13948,0
3619,49484.00556,9602.17368,29044.61868,20796.61848,0
3620,47120.11128,8719.56096,29677.6656,20249.0112,0
3621,46900.4712,6259.04796,29790.45432,19045.4616,0
3622,45304.81296,5215.29624,30794.94528,16942.66332,0
3623,41833.59576,4725.05484,30994.7418,16199.3634,0
3624,38402.4696,4621.93248,30421.60176,15711.70128,0
3625,35956.70232,4682.3172,30141.22584,14261.09388,0
3626,32897.09544,4825.96224,29854.92972,13224.36588,0
3627,31928.64972,4763.74668,29489.2554,11934.30348,0
3628,31355.54664,4787.16612,28913.06748,10939.77192,0
3629,31045.07604,4773.43152,28567.22484,10773.939,0
3630,30973.12284,4650.40356,28782.04824,10423.20444,0
3631,30973.5228,4625.16516,28825.19508,10216.46868,0
3632,33470.86908,4988.92152,28423.50852,9299.58216,0
3633,36631.81632,6257.65668,25208.91252,9687.2754,0
3634,40028.2278,7249.82148,21256.91436,10328.17764,0
3635,42185.52228,8160.79704,18951.9264,10575.75156,0
3636,43839.24864,8742.62796,17311.16376,11271.61992,0
3637,43778.76624,8838.57348,16928.48784,11356.88532,0
3638,42740.81856,8600.69364,16725.26328,11509.90368,0
3639,40723.28568,7807.03572,18695.42004,11335.97784,0
3640,39754.31988,6706.0026,21002.62824,12781.72368,0
3641,41673.09828,6998.78256,20254.08528,16321.4436,0
3642,45534.456,7346.00196,22024.4772,20470.12968,0
3643,47442.98064,10584.40812,25267.37664,21177.61536,0
3644,45048.333,9428.95668,27066.28716,20405.9724,0
3645,43574.3022,8482.50348,29089.20828,18414.3564,0
3646,42982.86432,7608.32556,30696.25944,16372.89324,0
3647,41359.86624,6937.20984,30156.57876,15264.34668,0
3648,38208.35568,6533.41392,29450.55168,14330.75952,0
3649,36465.15048,5537.72604,28103.16036,13582.1598,0
3650,34870.3806,4381.61592,27582.40584,13646.325,0
3651,33049.2558,4504.66104,28082.6634,12899.98776,0
3652,32287.78476,4584.31512,28179.9606,12779.91792,0
3653,32843.5206,4644.45432,28166.77908,12757.26144,0
3654,35572.76712,4763.99484,27577.12716,14206.82472,0
3655,39191.47716,6048.4314,28434.73908,14854.76652,0
3656,42745.19172,8434.48848,30288.852,12707.87892,0
3657,46180.4442,10164.02112,31134.90072,11700.0642,0
3658,48096.11796,10839.1536,30805.9356,11519.4816,0
3659,49432.37904,12092.57148,30637.15908,11755.25472,0
3660,50424.3102,13512.8532,28603.36776,11696.0118,0
3661,51068.1006,9831.68472,29194.14564,11580.53424,0
3662,50538.74628,10597.6398,30219.24708,12145.75692,0
3663,48701.47656,13181.90412,30683.66928,12713.32656,0
3664,48270.81996,13517.64084,29618.52564,14940.66288,0
3665,48513.84648,13182.7344,28437.76584,17811.8028,0
3666,49615.47096,11687.23248,27968.76324,19766.08128,0
3667,51976.2474,12183.567,29056.66632,19942.36992,0
3668,50397.56832,12323.60052,29145.08256,19725.40152,0
3669,49759.65852,11909.62476,28457.65956,19162.45584,0
3670,48608.78088,10877.54184,29249.16192,18516.84384,0
3671,44009.361,9887.59596,29257.06476,18881.81988,0
3672,42522.98688,7053.94008,28922.15832,17559.32376,0
3673,39559.59348,5603.41056,29082.45648,15712.74276,0
3674,36938.0022,5333.26464,29286.79512,14284.17936,0
3675,35911.27716,4811.51616,29012.0358,13488.36456,0
3676,35736.95136,4609.80564,28453.86984,13278.51096,0
3677,35720.22828,4499.71368,29082.39708,13275.22284,0
3678,37782.13032,5135.48772,28937.7396,14453.7228,0
3679,40869.93108,7139.56188,29198.55312,15669.12732,0
3680,44378.64156,9446.73576,29795.97984,14953.15932,0
3681,47911.97268,11073.26616,31440.5256,13216.73628,0
3682,48027.48852,13557.66852,31194.57528,12625.71948,0
3683,48170.859,15078.60948,31632.28332,12229.89636,0
3684,48914.27904,15074.19144,31283.62776,12157.67652,0
3685,49653.82224,12470.77128,29243.07672,12153.44592,0
3686,48926.00328,12723.40608,30411.05364,13014.7644,0
3687,47986.97244,13375.329,31394.1738,13793.37432,0
3688,48881.41104,13352.1564,30155.72208,14925.80628,0
3689,49820.18052,13515.97368,28037.66328,18383.89608,0
3690,51144.00456,13642.431,26099.14032,21123.45972,0
3691,53328.51876,13671.18984,28386.40464,21470.1432,0
3692,52143.82272,13325.19012,28445.4258,21516.74448,0
3693,51306.37776,12482.83344,27971.01384,21376.63836,0
3694,50195.8116,11575.67532,29159.0178,19689.16356,0
3695,46604.52456,10129.50576,29499.91704,18904.38792,0
3696,43023.5454,7378.76964,29529.86652,17788.38864,0
3697,40672.6452,5740.55064,30273.43308,14616.79692,0
3698,38030.685,5559.08232,30151.44396,13318.47,0
3699,35981.93148,5557.2198,29605.51836,13159.32948,0
3700,35008.22688,5618.5866,29166.75036,12976.31148,0
3701,35455.72272,5635.31892,28803.4098,13310.89188,0
3702,36798.70128,6581.15832,27969.5196,15630.67836,0
3703,41181.07092,7964.39688,28825.9884,15673.10712,0
3704,43419.73944,10729.0722,30839.36064,13503.55512,0
3705,47447.75112,11786.32752,31529.01576,11727.55848,0
3706,48619.989,12762.05964,29626.8126,12406.72488,0
3707,50451.8586,14247.39624,27770.7606,12622.66632,0
3708,51920.28204,14898.8532,25970.274,12591.77832,0
3709,51273.57312,12588.79116,25421.7216,12526.09512,0
3710,53437.43724,11328.60564,26396.48484,12954.35856,0
3711,54542.07924,12213.46104,27479.05908,12840.15876,0
3712,54549.73392,12926.37456,27204.05292,14100.01164,0
3713,52485.23412,13768.50948,26045.21568,18861.08268,0
3714,53121.69984,13384.48452,23601.96432,23376.99408,0
3715,54560.75724,14197.15836,26045.69484,23474.74536,0
3716,53558.19216,13418.59992,26884.16676,22430.44584,0
3717,53117.3412,11798.26956,28320.08124,20294.21064,0
3718,51977.1252,10844.9418,29869.05768,18678.18216,0
3719,47280.11112,10457.28024,30091.79184,18274.68192,0
3720,44690.81628,7570.84284,28900.83108,17962.14684,0
3721,41319.15216,6018.60336,27608.955,17572.05912,0
3722,38506.66644,5544.47256,27260.86308,16440.02448,0
3723,36895.6962,5625.67764,26789.49636,15794.13924,0
3724,36603.84684,5933.6178,26627.3106,14525.33016,0
3725,36668.73936,6119.35764,26581.2558,14637.30972,0
3726,39115.76988,6227.03796,26124.23352,15967.89876,0
3727,42271.10052,8257.67844,26777.41704,15974.17536,0
3728,45199.4334,9670.65,30618.2184,13432.80312,0
3729,48918.27336,11149.06584,31104.47472,12456.63672,0
3730,49055.13096,13589.0568,30073.8834,12692.65272,0
3731,51108.74868,13809.30144,29193.7074,12950.38668,0
3732,51450.35544,13713.64764,29047.71012,13223.166,0
3733,50942.12772,12107.52708,28274.4066,13316.00688,0
3734,52711.6656,12332.97648,28373.9214,13037.28228,0
3735,55361.29368,12336.99588,28222.86588,13160.02908,0
3736,56089.0176,12223.96296,27146.50488,15251.90436,0
3737,55394.7042,12600.40188,24526.08312,19691.6676,0
3738,54441.92556,12913.2564,23252.26464,22231.59972,0
3739,55168.41132,11997.61332,26717.30424,22840.6926,0
3740,53954.94192,12009.01944,27888.67752,21168.65124,0
3741,51643.38168,11462.53812,28358.32428,19813.22904,0
3742,51313.03848,11047.20936,28329.89676,18865.9614,0
3743,46681.71024,10922.82048,28765.41624,18637.3968,0
3744,42269.32776,9738.22608,28090.4052,18029.71236,0
3745,40298.70108,8264.60052,27056.27628,17113.95048,0
3746,38724.84528,6730.11504,27035.57208,15808.99188,0
3747,37787.44596,6116.14344,27141.52056,14271.47964,0
3748,37583.41092,6021.47964,26806.76064,13653.15336,0
3749,37776.21012,5942.92248,27156.56064,13495.32888,0
3750,39953.40096,6163.65552,26603.61264,15275.18784,0
3751,42495.61404,7326.58476,27993.88944,16380.85548,0
3752,46476.1308,10018.3182,28164.24072,14702.7276,0
3753,48370.79016,12165.38136,30331.68732,12751.30824,0
3754,48521.47608,13505.37276,31191.01128,11954.07048,0
3755,48660.2292,14361.18552,31679.67,11947.13256,0
3756,49004.13144,14403.14964,31406.46828,12301.93272,0
3757,48879.7716,13707.01464,29523.54504,12348.34656,0
3758,51957.31992,13448.21544,28473.92196,13177.626,0
3759,53779.71192,12901.20612,27494.29056,14750.0364,0
3760,53366.41992,12827.42604,26306.49252,16370.3694,0
3761,52310.29716,12451.66164,23905.794,21655.84872,0
3762,53893.55136,12630.64308,22369.8024,24406.27068,0
3763,54784.42068,12900.55932,26473.4514,23002.4784,0
3764,53196.73128,12956.361,28576.76448,20020.79508,0
3765,53262.6534,11701.2258,29366.51388,17260.37676,0
3766,52455.29256,10709.32368,29418.43212,16863.74712,0
3767,49658.23896,9504.79992,29664.5184,16667.1714,0
3768,46412.3088,8004.29388,28700.91576,16955.17032,0
3769,42681.24564,6558.53352,27953.58324,17253.423,0
3770,40715.87916,5998.64364,27106.46532,15843.1416,0
3771,39971.09556,5665.4598,26769.98016,13914.20712,0
3772,39780.91128,5560.23204,26636.57172,12771.81576,0
3773,39372.81216,5477.62116,26122.1334,13103.9502,0
3774,39868.19496,5537.12412,26021.11248,13124.55012,0
3775,40583.50692,6002.97984,26956.02624,12709.10124,0
3776,43523.83992,7293.50952,28143.73848,10375.42044,0
3777,47780.39244,8579.22648,28816.89756,8573.69172,0
3778,48866.77224,9543.88512,29195.49864,8330.355,0
3779,49843.5366,9681.9162,28792.97124,8786.64204,0
3780,50334.53832,10215.08004,27838.0938,9102.53652,0
3781,49891.941,10338.14364,26987.85936,9162.1926,0
3782,49649.04648,9480.72048,26833.83648,9487.63596,0
3783,49637.61528,8273.7006,26542.35144,10015.32708,0
3784,50905.79604,7169.12988,25439.0994,11271.68328,0
3785,52030.39248,8067.64596,24962.10948,12781.3554,0
3786,54424.6032,9499.47768,23822.70264,17598.02088,0
3787,52847.91996,11102.8896,27910.67004,20325.83388,0
3788,48648.74652,10547.95896,29806.02768,19787.26068,0
3789,47212.07436,8617.07748,30156.57348,18553.55964,0
3790,45994.14996,6792.90612,30636.90564,17948.72508,0
3791,43187.45772,6151.60788,30718.76016,17209.51848,0
3792,41177.37888,5863.03872,29105.94852,16557.3672,0
3793,38491.8666,5620.33164,28654.1772,15241.57008,0
3794,36861.47784,5506.0896,28640.73828,12678.4548,0
3795,35806.17612,5444.16444,28730.39796,10596.32508,0
3796,35642.75484,5403.83316,28328.43816,9396.76716,0
3797,35284.55568,5417.06484,27922.87872,9013.58304,0
3798,35637.21744,5370.51504,26862.825,9387.19716,0
3799,35641.22232,5469.45036,26582.4636,9247.52268,0
3800,36566.4552,5659.95408,25623.82944,9484.86264,0
3801,38662.17036,5698.50072,25008.08508,9864.42072,0
3802,42746.24376,6452.78568,23213.66124,9070.578,0
3803,45630.1296,7013.57712,22152.59508,9476.32092,0
3804,47171.3814,7538.19,22186.3488,9881.72196,0
3805,48559.15944,7414.30272,20592.17292,9861.98268,0
3806,47238.5826,7301.42952,19975.03992,9620.68404,0
3807,45453.08064,6925.33644,20108.43912,10009.329,0
3808,45556.94616,6760.04604,19815.60372,11526.25584,0
3809,46764.80688,8081.0268,18898.8228,13982.3244,0
3810,50171.3058,8018.20272,21267.39252,17853.79332,0
3811,51218.66772,8958.63144,25635.0138,18856.95372,0
3812,48962.49072,8331.58524,28353.3624,18251.4156,0
3813,46374.86832,7753.18896,30144.67104,17327.75484,0
3814,44111.60028,7596.43236,30340.0878,17498.94696,0
3815,40919.89572,6925.97532,30411.25296,17574.52884,0
3816,38084.98056,6551.65896,28683.55512,17523.92268,0
3817,37843.23576,6320.8332,26471.61792,15473.67492,0
3818,37892.70936,5974.3134,24919.79292,13963.51836,0
3819,37934.91768,5935.644,23795.40768,13177.5864,0
3820,38788.98936,5913.6594,22141.98624,13258.86144,0
3821,41652.75312,5881.19928,20448.87504,12562.65648,0
3822,46269.61152,5883.31788,18776.802,13682.89164,0
3823,49157.14848,7640.56392,18993.5592,15922.43004,0
3824,50260.93512,10293.921,21660.74196,15551.73312,0
3825,52618.59504,12704.08656,25516.45932,12351.89868,0
3826,54422.46348,13205.25756,26080.21548,11919.8046,0
3827,54793.27392,15854.05668,25014.07128,12405.87612,0
3828,56111.62128,16257.43284,24076.07796,12846.45516,0
3829,54624.01956,14552.0628,24171.09948,12461.41644,0
3830,54366.26448,14648.39508,24215.00268,13535.3724,0
3831,53884.46976,14633.07648,23637.49344,15729.53052,0
3832,54129.00108,14178.76812,22046.83008,17746.33212,0
3833,54690.95676,14431.8042,18710.48256,21863.259,0
3834,55776.2304,14641.23276,17264.48724,24216.36492,0
3835,56339.10216,15138.90708,20712.3906,24167.4378,0
3836,54869.3376,13913.59992,22895.81844,23985.16032,0
3837,52419.68952,13642.70556,23578.95144,23763.13632,0
3838,51140.78508,12750.95448,23975.69328,22964.37528,0
3839,49941.22188,10520.03964,24153.04716,20504.90376,0
3840,46964.38428,7262.08296,23774.10156,20051.9946,0
3841,44542.44168,6317.87904,21401.64576,19235.45316,0
3842,43228.45824,5819.7612,20784.89688,17008.29108,0
3843,43312.29276,5661.546,19677.54096,15466.2618,0
3844,43470.1938,5639.70924,18721.37652,15221.5932,0
3845,44831.89788,5735.14656,18006.44736,15052.57116,0
3846,47228.21928,6224.91276,17333.12328,16806.9924,0
3847,48123.79044,8123.73804,18841.42656,18779.06844,0
3848,48331.9254,11469.80472,23530.96944,15711.34356,0
3849,51178.89084,13744.86432,26971.87284,12404.10468,0
3850,51025.10952,15492.64728,27412.0704,12445.7256,0
3851,51035.42532,18245.45712,25145.39412,12639.2046,0
3852,51884.37672,17701.87584,24232.20756,12866.98116,0
3853,52687.49376,14098.13328,23602.45932,12905.2968,0
3854,54559.43064,13051.10532,23316.89448,12966.21744,0
3855,56796.93624,12291.98652,23250.645,12797.26668,0
3856,56178.69708,12741.9864,23184.39024,13830.6234,0
3857,53169.88776,14125.6566,22141.3896,17896.38576,0
3858,51988.1934,14198.46912,22381.68372,21193.78008,0
3859,52209.18516,15339.28704,24984.67356,23269.059,0
3860,49812.94956,15514.94208,26430.81276,22795.23312,0
3861,48514.69392,14755.24644,26996.0724,21988.41084,0
3862,47050.27932,14072.81304,27735.4638,20979.42396,0
3863,44983.85892,12536.601,27611.21748,19385.1174,0
3864,43572.50304,9313.04748,27239.24676,18123.4416,0
3865,42174.3894,7319.58612,26273.29584,15798.75924,0
3866,41568.88824,6346.32108,25050.67224,13457.35512,0
3867,41628.36612,6430.03812,23893.4652,11625.11988,0
3868,41046.67116,6657.14544,22853.4966,11227.9464,0
3869,41958.26316,6562.12392,22379.15856,11246.91744,0
3870,46444.86924,6705.3954,22135.6542,11043.31272,0
3871,48853.75176,8893.67292,23812.76832,11125.64244,0
3872,48170.1726,10866.49344,28366.42776,11069.58204,0
3873,48716.71596,12941.75652,31035.081,9956.83788,0
3874,49922.54784,13055.70288,30311.30784,10031.92212,0
3875,51131.25468,13854.45864,28919.17776,10561.58268,0
3876,51725.24412,14937.67836,26043.71352,11170.78908,0
3877,51696.348,12087.8142,24698.5992,11375.86032,0
3878,52762.11996,11518.0956,25214.53836,11371.70232,0
3879,54635.61708,11692.46628,24310.24992,12629.3838,0
3880,54443.23896,12423.6816,22234.0536,15585.69804,0
3881,51727.80492,14173.20696,20602.33032,19959.97608,0
3882,52049.78724,14952.45048,20508.11928,22052.8638,0
3883,52422.80868,15779.99016,24439.734,22841.03316,0
3884,49841.6754,15709.57344,27838.05288,21147.07584,0
3885,49411.17192,14910.18936,30230.72844,17053.97892,0
3886,47848.5216,14184.17088,30809.86524,16393.60536,0
3887,44903.87616,12535.50012,30155.2416,15592.90524,0
3888,42342.09936,8693.11212,30222.88632,15372.2052,0
3889,39944.60448,6520.01724,29490.0738,13562.79936,0
3890,38234.889,5821.6092,28672.91064,12202.38888,0
3891,36242.8638,5343.70584,28212.62532,12383.5734,0
3892,35334.56124,5296.59768,27832.81908,12205.60044,0
3893,35945.06652,5268.16356,27674.89428,11943.16068,0
3894,37756.65432,6287.38308,28211.41356,11770.92708,0
3895,39413.69916,9194.61576,28559.86188,13194.6606,0
3896,43246.39836,11365.08912,29981.70912,12205.31796,0
3897,46046.62788,13080.83172,30549.0306,10703.2794,0
3898,47786.8248,12827.41944,28622.95392,11185.03056,0
3899,49700.9106,12526.76832,27540.43908,11779.34868,0
3900,52052.94732,12449.36352,25462.24824,12133.3212,0
3901,51493.23564,12217.31412,23489.8356,11672.4498,0
3902,52593.23256,12001.94292,22528.23804,12558.74532,0
3903,53150.44416,11418.50292,24414.17484,12540.75768,0
3904,52908.46836,11648.79012,25181.47896,13248.03348,0
3905,51921.73668,13572.95544,24161.27472,15644.18988,0
3906,50532.5898,15309.83256,25827.21372,17158.97172,0
3907,51061.81476,16194.98232,29632.11504,18640.88028,0
3908,49590.19956,16167.45636,30643.53072,17084.21616,0
3909,47862.33936,15357.4014,31356.50628,14787.1746,0
3910,45458.9652,14496.81948,31645.5216,14557.51836,0
3911,42690.25992,12636.48804,31136.38836,14206.91316,0
3912,40575.29652,9177.87552,30945.585,14165.12724,0
3913,36737.2038,8300.26032,30402.91188,12596.31912,0
3914,34068.38556,7257.86556,30530.73672,12395.44416,0
3915,32472.51216,6764.043,30353.51088,12040.06584,0
3916,31734.03948,6747.78984,30078.22092,11835.72852,0
3917,32144.15688,6928.87272,30077.50152,11863.2096,0
3918,33333.80028,7903.76928,29451.28428,12867.01944,0
3919,34895.256,11371.36836,30163.1484,13152.98952,0
3920,40233.94188,12189.7644,32002.3638,11043.88032,0
3921,43721.8122,13110.65844,32030.3148,10320.36588,0
3922,45301.37172,12959.7864,31133.59524,9989.01156,0
3923,47603.49792,12767.83464,29493.66024,10380.92484,0
3924,48183.9006,12760.12584,28609.6206,10711.92672,0
3925,47524.02072,12178.584,27103.10724,10534.23228,0
3926,47657.43312,11905.8258,28520.49288,10452.16788,0
3927,46895.02884,11884.09464,31163.6754,10422.1788,0
3928,47065.95036,11833.31556,31257.22248,11618.9502,0
3929,46604.64468,13714.97028,31022.9634,13134.21648,0
3930,45959.30724,16641.0354,30991.28604,14757.36768,0
3931,47691.87456,18606.81108,31588.6296,15386.17608,0
3932,45582.636,18048.84972,31932.57936,15061.5366,0
3933,43318.91256,16938.44592,31323.12348,15180.4752,0
3934,41949.204,16838.39784,31274.72172,14431.72764,0
3935,39894.79428,14553.33792,31695.77796,14029.90248,0
3936,38136.80508,11207.70684,31591.06104,13483.21788,0
3937,36350.5428,9167.74452,30243.12456,12731.08452,0
3938,35258.8434,7492.54572,30736.57092,10707.9654,0
3939,33801.19908,7049.33328,30252.66024,10290.78996,0
3940,32644.77348,6905.51664,30392.26344,9686.12568,0
3941,32509.28736,6895.15728,30084.67044,9665.9574,0
3942,34265.847,6877.15248,28962.16884,9572.87232,0
3943,34893.045,7996.989,28922.01972,9294.56616,0
3944,38067.23844,8503.64328,28873.32096,9167.71284,0
3945,42524.47848,9399.38076,27433.59168,9553.22412,0
3946,44031.90792,10344.6222,26221.01196,10172.56812,0
3947,46172.05956,11213.00532,23876.90976,10234.43916,0
3948,46865.65488,11548.26024,22898.73036,10285.85184,0
3949,46582.98612,11504.93256,22800.78636,10134.7422,0
3950,46503.44424,10820.8716,23573.81532,9877.89924,0
3951,45482.1708,10035.24324,25800.70812,9610.89888,0
3952,45540.2112,9998.30964,26931.70392,9313.77612,0
3953,44863.17924,10402.9926,28115.89308,11499.41496,0
3954,45645.17628,11461.2762,29341.82856,16381.10892,0
3955,47043.69912,15323.55,30298.98036,16836.42708,0
3956,45794.727,13785.67608,30356.32116,15305.22048,0
3957,45582.07236,10867.07424,30783.522,13224.72228,0
3958,43223.12412,9393.58596,31042.38324,12695.0406,0
3959,40947.18408,8578.779,30512.52864,11992.10892,0
3960,38791.70592,7405.30692,29496.984,11669.44152,0
3961,35475.7788,7046.95992,29304.88572,10911.64272,0
3962,34314.69756,6373.81008,29022.53244,9067.62912,0
3963,33535.83024,5777.2308,27780.9642,8354.11896,0
3964,33011.36388,5687.71368,27038.99352,8289.73728,0
3965,32445.68448,5683.78404,27065.29848,8101.90392,0
3966,32614.3686,5516.79876,26923.20972,8126.06784,0
3967,32425.44756,5330.9652,26952.64704,7511.1102,0
3968,33673.332,4962.9294,26349.99312,7739.37384,0
3969,36069.4686,5432.73456,24251.9508,8446.10844,0
3970,39482.78136,6510.63072,21049.54368,9040.90044,0
3971,42019.71972,7567.37652,19296.99684,9349.53228,0
3972,43169.26944,8439.49656,19654.767,9631.25064,0
3973,43253.49996,8863.19148,19391.12076,9647.88924,0
3974,42484.88772,8784.20136,19281.82476,9340.06128,0
3975,41162.5104,8248.06224,20399.7552,8996.06136,0
3976,42262.86108,7906.24164,20501.84664,9112.26492,0
3977,44809.90932,7295.01036,20938.94352,11271.03384,0
3978,48108.10092,8572.60668,20852.52312,16551.71496,0
3979,48815.08896,11790.42216,24485.84556,17859.89568,0
3980,46321.58388,11010.62028,26836.0356,16699.19064,0
3981,45346.58832,9454.25712,27942.51108,15749.17872,0
3982,45233.05248,9320.92392,28109.98212,14080.79244,0
3983,44062.53456,8431.17396,27290.901,12280.99356,0
3984,42257.77776,6545.6952,25704.59364,12196.569,0
3985,39013.0026,6032.69568,25138.56312,11649.34056,0
3986,37627.1874,5669.56632,24908.34324,10311.23676,0
3987,37478.6478,5781.2568,23903.33352,9554.32368,0
3988,37340.07288,5657.96748,23658.26232,9345.4152,0
3989,37888.33884,5574.45108,23976.69384,9213.41124,0
3990,40871.94144,5523.70104,23962.85232,10051.536,0
3991,43228.18368,6888.83052,25817.70312,11432.1504,0
3992,43887.56196,9567.76656,29578.60224,10913.06568,0
3993,44481.13164,12737.30964,31745.48916,10267.29264,0
3994,46218.0576,13707.62712,30073.9956,10156.17636,0
3995,47387.07864,13840.83888,29982.95652,10602.39312,0
3996,47922.76896,13443.94392,30760.14876,10958.78784,0
3997,47136.19284,11884.82856,29213.49684,11059.93812,0
3998,48160.23564,11355.79764,29161.84788,11695.56036,0
3999,49096.88652,12324.08232,29013.97752,12119.31996,0
4000,48921.92316,13676.0976,27863.50776,14483.08884,0
4001,48274.20576,14938.69476,25778.73804,18036.54204,0
4002,48815.34636,14739.71136,25763.94348,19785.33876,0
4003,50458.40316,15342.14748,29311.87776,19420.6452,0
4004,50505.5232,15538.77864,29944.24224,17150.66496,0
4005,50544.34572,15318.37956,30284.90784,14605.62576,0
4006,49459.31496,13840.90488,31186.13256,13936.82796,0
4007,47210.27916,11650.99452,30099.40824,13480.35876,0
4008,43150.69572,9999.15708,29162.6742,12439.32888,0
4009,39126.70608,8340.96912,30215.76096,11102.74044,0
4010,36867.18552,7662.50232,29606.8278,9873.51156,0
4011,35307.58968,7552.0434,29051.8536,9430.97364,0
4012,34030.31544,6922.575,29447.15268,9711.62016,0
4013,34947.09504,6529.49748,29240.9304,9931.70376,0
4014,38085.94152,6934.47348,29310.105,10213.40892,0
4015,40236.59904,9205.40016,30833.99748,10293.2808,0
4016,42130.8492,13192.29252,30769.7346,10487.88444,0
4017,43772.4144,14784.88308,32170.26912,10477.95408,0
4018,44185.74204,14665.65144,32305.49388,10864.61112,0
4019,46791.42996,15083.85648,30830.94696,10973.53092,0
4020,47768.58108,15744.74088,29415.79872,11391.37164,0
4021,46974.82944,13901.4414,28544.14332,11166.9756,0
4022,48127.91544,13515.97368,28778.35884,11538.13056,0
4023,47457.30528,14384.76204,29939.31072,12329.76624,0
4024,49148.47476,14798.95428,28459.49436,13378.18812,0
4025,52480.9362,14932.50264,25623.69348,15452.18796,0
4026,52165.91952,14964.93108,23762.64528,18825.45588,0
4027,53520.93252,15941.31924,24807.44244,20514.71796,0
4028,52055.57808,16341.5868,25811.1678,19325.02968,0
4029,51474.06264,14893.30788,27199.29168,17721.8976,0
4030,49868.00808,13672.95996,29141.244,15938.51424,0
4031,46262.07432,12504.09864,29065.00212,15134.988,0
4032,43570.41612,8946.9402,28368.2322,14498.08404,0
4033,40038.85908,8230.64748,28558.19868,11870.56068,0
4034,37695.41952,7659.59304,28345.55724,10656.3072,0
4035,36157.67232,7406.80644,27577.47432,10213.104,0
4036,34966.26276,7073.4114,28340.53464,9721.12284,0
4037,35325.56148,6869.29716,29624.33628,9446.16948,0
4038,38016.52536,7144.45908,30150.4632,9579.92244,0
4039,40851.80616,9445.1016,30505.761,9954.03684,0
4040,42708.864,12253.92432,31868.75604,10219.52448,0
4041,45047.3232,13064.92836,32492.26332,10628.29152,0
4042,46155.28368,14125.98132,31011.486,10764.46404,0
4043,47459.34996,15103.81884,30164.409,11114.81316,0
4044,47768.2128,15277.34208,29942.27808,11186.0958,0
4045,47690.24436,13276.18512,29154.45192,11148.5748,0
4046,47634.75024,14104.7148,30410.77512,11034.55452,0
4047,46226.57952,15187.05012,33066.78408,11328.75348,0
4048,46904.14344,15243.84312,31831.96896,12731.65212,0
4049,48571.92384,15129.68556,30830.07444,14275.27068,0
4050,49241.06748,14815.42392,29244.26076,17361.11784,0
4051,51182.4126,15811.97508,30808.76172,17596.2204,0
4052,50417.00268,15679.80084,31437.24672,15387.4776,0
4053,48720.30636,15385.51344,32644.63224,13302.84648,0
4054,47535.68952,14466.46608,32768.19744,12845.63544,0
4055,45512.88588,12401.88576,32957.28744,12823.6746,0
4056,43072.86852,9489.89448,31852.35636,13376.67276,0
4057,40163.94096,8164.0416,30976.54296,12744.23304,0
4058,38213.96304,7569.76704,30590.56836,11116.22556,0
4059,37033.98864,7048.668,29930.14992,10336.56888,0
4060,36557.89368,6637.11972,29031.189,10313.43588,0
4061,36904.5798,6249.83172,28992.77172,10229.45484,0
4062,37478.0802,6607.7352,28601.30724,10141.2894,0
4063,37497.75348,7755.033,27974.94876,10413.8298,0
4064,39070.0728,8581.11144,28932.46092,9456.04308,0
4065,42616.76496,8910.34056,28132.73232,9422.47944,0
4066,45354.74592,9555.01536,25218.76896,10545.30708,0
4067,47340.97896,10178.6454,23677.49868,10970.01444,0
4068,48508.0992,10628.475,23778.90636,11118.86952,0
4069,48296.1204,10405.84908,24182.64684,11246.367,0
4070,48555.56376,10531.86288,24994.51152,10826.27304,0
4071,48338.5914,10551.39096,26256.16092,10854.0234,0
4072,47276.87712,10938.94164,27216.71832,11845.80276,0
4073,47138.982,11414.83068,27825.44556,13430.50632,0
4074,48428.50188,12506.05356,27754.98132,16546.64616,0
4075,50225.90364,14391.13896,28687.47552,18854.56188,0
4076,48094.728,13885.01664,29703.15744,17986.27116,0
4077,47703.18828,13422.09264,30369.01428,14838.39324,0
4078,46615.07532,12877.41312,30726.19836,13224.98232,0
4079,43888.62192,11520.36996,31074.34044,13175.35692,0
4080,41216.16576,9896.17332,30755.90364,13069.50876,0
4081,39267.15408,9024.98388,30072.34032,12346.2834,0
4082,37535.85792,8854.09932,29159.9352,11011.06644,0
4083,36909.41364,8707.81824,27610.76076,10665.54852,0
4084,36307.26396,8933.12772,26752.176,10310.6916,0
4085,35900.94024,9224.721,26898.05712,10034.99112,0
4086,35980.46496,9226.14396,28587.25188,10232.739,0
4087,38271.77376,9199.34004,29399.61156,10743.53148,0
4088,42111.64848,10630.46952,29298.30816,10804.4244,0
4089,45624.22392,11982.93624,30056.3076,10330.94832,0
4090,47016.30912,12395.34912,30891.40164,10204.72464,0
4091,48004.2024,12858.912,31135.01952,10429.44672,0
4092,48141.8586,13233.55176,30170.184,10585.05492,0
4093,47310.73512,12585.27204,29069.17992,10562.35092,0
4094,48969.40224,12289.02312,28357.88076,11416.30908,0
4095,49501.5378,12291.69876,28910.66904,12155.32692,0
4096,48601.58556,12966.50388,27676.5984,14333.83116,0
4097,48170.364,14479.14996,25431.96876,17345.02968,0
4098,48823.66368,15477.53328,24633.02424,20040.6162,0
4099,50184.75528,16073.71524,27234.0222,19992.88896,0
4100,46508.18832,16844.83548,29352.96012,18211.92648,0
4101,44592.20436,17368.5006,30205.25904,15042.66852,0
4102,43649.96064,17379.25332,30162.8118,13534.50912,0
4103,41521.05672,16485.0642,29678.62392,12853.69668,0
4104,38848.27848,14710.31628,29247.61092,11777.83332,0
4105,35638.67208,13742.10684,28894.64424,10547.98008,0
4106,33771.969,12344.74824,28173.59292,9852.88788,0
4107,32349.10668,11984.87268,27895.11648,9011.60304,0
4108,31755.67296,11850.861,27194.80104,8712.74976,0
4109,31940.18784,11256.06768,27193.05732,8609.87556,0
4110,31857.903,11195.3952,27293.06976,8982.36636,0
4111,31811.80068,11129.19588,28673.14428,9028.86204,0
4112,33892.38204,11650.47576,28358.00088,9628.47204,0
4113,37244.06532,12497.265,28344.6108,9184.04256,0
4114,39516.46908,13100.31888,28023.58416,9102.0468,0
4115,41522.01768,13230.91836,26807.72292,9504.18744,0
4116,42451.2198,13052.75136,25810.03656,10291.15824,0
4117,42892.98288,12742.09992,25473.9672,9871.56984,0
4118,43362.16896,12568.66248,24678.36756,9352.12344,0
4119,43426.96248,11538.44604,24925.64184,9811.37916,0
4120,44237.5626,12355.03104,23366.37204,10905.79116,0
4121,43515.5886,14400.10704,22409.10936,13961.28096,0
4122,44961.71988,17764.75536,22835.8746,16127.08284,0
4123,48198.10644,18494.78004,25302.73812,17493.2208,0
4124,46028.25612,18602.93292,26503.14084,14466.64956,0
4125,42484.99728,17868.79248,29143.26888,11845.5744,0
4126,41402.361,16403.30868,29430.3042,11168.11212,0
4127,40155.08376,15297.67668,27606.22788,10883.00796,0
4128,38004.28236,15017.36676,26117.56356,10204.29168,0
4129,34595.81268,15143.76864,24572.7042,9468.92892,0
4130,31698.7836,14110.52148,24409.91256,8999.4036,0
4131,29532.66756,13506.15024,24421.97604,9068.03436,0
4132,28709.68584,12913.87416,24142.29444,9072.98304,0
4133,28518.99204,12213.10728,24569.028,8778.01188,0
4134,28666.92048,12291.11532,24237.47304,8540.05812,0
4135,28569.1824,12663.89916,23821.58064,8283.69696,0
4136,31377.26724,10413.07872,24531.31032,7248.26916,0
4137,36306.96696,9983.44512,21345.66984,7427.34696,0
4138,39610.42404,10837.72404,18350.37732,7920.8514,0
4139,42368.63268,11571.86052,17406.40308,8430.39252,0
4140,44072.39364,11836.36212,17600.65164,8723.0418,0
4141,43875.4404,12039.68568,17641.69044,8904.65664,0
4142,42987.64668,11585.49876,17843.9778,9287.01972,0
4143,41540.00268,11381.8188,19139.35848,9173.68848,0
4144,39588.13056,11338.34196,22611.86928,9799.08864,0
4145,39878.98332,12410.59248,21840.04284,12809.445,0
4146,42108.0396,15867.37944,21476.44884,16422.13452,0
4147,43760.64528,17685.89592,25755.33972,17265.59472,0
4148,40638.34632,17592.17988,28454.63016,16095.09264,0
4149,38503.30176,17918.31228,29917.55052,13649.08116,0
4150,37779.15504,18009.02004,30507.14832,11111.727,0
4151,36583.03968,16889.58744,30100.68072,9511.55436,0
4152,34975.35624,15746.69184,28960.40928,8396.84736,0
4153,33275.32428,12301.52484,28967.09508,8389.92132,0
4154,32166.25368,10480.12812,28679.20044,8331.43476,0
4155,31946.07504,9742.8078,28302.81564,7806.19884,0
4156,31641.7464,9901.2342,27910.4166,7687.61004,0
4157,31490.8968,11437.80792,27354.822,7570.54188,0
4158,32497.30836,12684.98616,27577.88616,8591.7084,0
4159,34725.18324,13929.73428,29777.03652,9699.44316,0
4160,39091.61784,15496.41588,31192.51476,9395.98704,0
4161,41951.93244,16748.54148,32684.60448,9129.35232,0
4162,44332.76364,17462.00676,32849.46852,8874.15276,0
4163,47057.29908,18398.73156,31811.37828,9419.6586,0
4164,48140.08716,18615.135,31410.75168,9458.57748,0
4165,48034.56768,17271.20076,29777.43384,9535.94004,0
4166,49306.02864,16904.50212,28779.27888,10856.48784,0
4167,49756.2318,16575.63204,28492.32672,11851.91436,0
4168,50112.82584,17494.29,26706.25848,12591.81396,0
4169,50843.78772,19395.68664,24789.50892,14058.5214,0
4170,52267.19784,20922.81444,23376.55584,14833.02216,0
4171,53274.10308,21710.0136,26777.01048,15426.33312,0
4172,51103.40928,20875.86732,29299.61232,15007.3242,0
4173,47305.62936,21521.40804,30434.92056,14288.03904,0
4174,44134.60656,21388.41936,31110.2352,14107.962,0
4175,41314.14012,19919.64744,30403.14552,13465.53912,0
4176,38275.98984,18207.8424,29493.87144,12774.18648,0
4177,36647.31972,16817.13,28514.59116,10532.49912,0
4178,35552.51568,16085.0646,27323.86272,9034.9512,0
4179,35617.5006,15489.27996,25816.59828,8628.48624,0
4180,35205.9774,16433.79672,24391.79292,8460.07536,0
4181,35627.73984,17808.02628,22574.36808,8821.96788,0
4182,36518.60388,19879.03896,21319.00716,9970.06956,0
4183,39062.58972,21315.04452,21931.67064,10173.95808,0
4184,42170.27232,21598.11588,24218.04396,10023.25104,0
4185,45713.35692,21933.33252,25617.7086,10848.6114,0
4186,47883.21648,21951.13272,25630.1232,10504.63392,0
4187,50531.79912,20238.67956,25284.96564,10807.46172,0
4188,50708.47188,20169.30432,24656.81592,10951.644,0
4189,48898.26348,18187.422,24723.81648,10521.96948,0
4190,49066.281,18262.66068,24760.00296,10712.54976,0
4191,48990.4536,19125.88128,24130.93056,11254.8546,0
4192,47519.01132,20772.17076,23340.6096,12770.96436,0
4193,47300.2266,22556.48472,21082.20708,16185.71988,0
4194,49770.12612,22060.99764,20016.06552,18268.38156,0
4195,52990.14336,22356.8598,22880.30712,18637.77696,0
4196,50674.03968,21354.68148,25725.45096,17915.51256,0
4197,47736.20676,21356.84628,27190.96644,16526.4264,0
4198,43986.01812,21105.6318,28954.92204,15712.6398,0
4199,40286.11224,20426.27664,29715.80832,13009.04352,0
4200,37451.5482,18515.99904,29990.34456,10126.10412,0
4201,34816.85328,16319.71308,28990.80096,9579.70992,0
4202,32140.21932,15617.27772,28078.11072,9491.5194,0
4203,30983.81088,14549.60496,28414.12464,8957.91204,0
4204,30821.00472,13812.1698,28152.71448,8915.58492,0
4205,30759.12972,13805.21604,28307.4594,9119.42064,0
4206,31218.00924,16506.92472,27776.5158,9517.50756,0
4207,32221.65804,19792.641,29410.0488,9438.70092,0
4208,36679.08156,18764.70948,32065.14432,9515.7942,0
4209,41802.97176,18384.05976,31758.16644,9857.1924,0
4210,43945.36872,18012.34248,30514.85184,9925.94724,0
4211,46042.63884,17122.36548,29613.3552,10290.34644,0
4212,47041.9818,17214.3774,27680.69964,10433.50836,0
4213,47121.31776,16150.8996,24725.08632,10506.75648,0
4214,47188.52952,16860.31512,24194.32488,11088.01452,0
4215,47176.11888,17757.55476,24779.568,11068.98144,0
4216,46391.697,19451.01312,25444.4784,11411.10168,0
4217,46700.2074,21372.40908,25070.96064,13322.76,0
4218,46142.96148,21708.5352,25618.22076,16028.133,0
4219,47789.63508,22021.06104,29879.39064,16845.56808,0
4220,45470.82804,22146.42144,31327.24188,16604.90568,0
4221,42760.55916,22086.372,32251.14948,15477.80784,0
4222,40237.69464,21387.1152,33316.54788,14510.23596,0
4223,37006.58808,21012.86748,33389.58744,12639.86196,0
4224,35923.23108,18450.73296,31535.7174,10031.36376,0
4225,33255.34344,15202.2882,31346.10336,8895.47472,0
4226,31368.67668,12717.33804,31418.24928,8637.15864,0
4227,30957.09276,11297.82984,30366.95772,8489.72388,0
4228,30606.92712,11077.14432,29935.78632,8450.4552,0
4229,30687.28344,10916.06736,30521.3832,8545.57704,0
4230,31450.39788,13416.89844,30346.60728,9125.523,0
4231,33374.13288,16598.36244,31184.50632,9600.1818,0
4232,38802.05604,16398.66624,32178.63528,9830.59176,0
4233,42935.2308,16230.23556,33017.38572,10072.97016,0
4234,45722.46624,15480.26568,32963.51652,10284.4368,0
4235,47634.7146,16560.687,32639.18724,10240.55208,0
4236,48051.42936,18667.56408,30343.32708,10216.93728,0
4237,47942.41716,17823.91512,27802.85244,10446.11436,0
4238,47530.93752,18847.55004,28789.34388,10698.91284,0
4239,46384.2258,19347.06576,30191.49408,11408.18184,0
4240,46050.0744,19640.59548,30862.73388,12581.1246,0
4241,46556.70096,20551.44168,29085.56904,15429.90504,0
4242,45704.66076,21396.45684,29008.98264,17284.00872,0
4243,48003.75228,21727.9986,31220.29812,17499.83136,0
4244,46777.27956,21707.11752,31812.59664,16576.31844,0
4245,45127.23336,22083.47064,31950.35448,14935.4898,0
4246,43138.89888,22292.04252,31811.56044,14370.11796,0
4247,39707.42292,21449.835,32038.74564,12950.61372,0
4248,38209.6704,19118.16852,30530.49516,10313.82528,0
4249,36565.23552,15828.42756,30112.55148,9313.34316,0
4250,35731.12224,13594.8912,28612.61436,9250.31844,0
4251,34306.84092,13568.00148,27405.45984,9255.3714,0
4252,34089.0264,13701.70956,26222.94576,9179.12556,0
4253,33982.15788,15383.47404,24724.7418,9337.11504,0
4254,34163.25264,18530.75004,24472.77492,9548.682,0
4255,36545.79852,20445.41268,25785.66012,9576.26472,0
4256,40182.2322,20017.15056,29045.25228,9591.3774,0
4257,45741.83064,18782.88984,31264.12476,10088.4432,0
4258,47599.4508,17665.83984,32164.99308,10485.12036,0
4259,48423.1308,18435.87636,31659.91224,10963.79856,0
4260,48285.86664,18307.9182,31182.19632,11909.17596,0
4261,48114.71544,16057.1202,30386.90424,11786.70372,0
4262,48503.60988,17113.3116,28976.8314,12980.95656,0
4263,48626.7078,18564.63048,26784.08172,14678.41848,0
4264,48940.31076,19870.57776,24407.361,15854.79192,0
4265,49661.17992,21662.53584,21743.03076,17843.55672,0
4266,51104.28048,22832.84652,20238.867,18656.48664,0
4267,51350.0988,22803.67452,23400.05844,19654.8528,0
4268,48677.91588,22981.8864,27205.1142,17008.67124,0
4269,44860.14984,22822.16508,30209.1702,14748.25704,0
4270,43531.19364,22717.5828,31603.04664,12379.9962,0
4271,41961.0774,22012.3398,30826.70052,10902.35652,0
4272,39848.58636,20099.607,28955.02236,10198.93644,0
4273,36496.41864,19771.4418,27206.45928,9473.97528,0
4274,33980.40228,18811.82952,26361.74772,9180.68712,0
4275,33353.01288,17081.47584,25394.01612,9149.382,0
4276,33417.98856,14994.70896,25686.28128,9069.00324,0
4277,33214.61484,15319.20192,25399.11528,8901.22728,0
4278,33061.18596,16385.94936,24890.09952,9040.71564,0
4279,32934.3102,16117.40328,27220.8882,9120.78816,0
4280,35714.514,14607.11208,29546.94732,9030.62028,0
4281,38717.54304,15575.08128,28840.18764,9401.93628,0
4282,43098.04488,15371.33136,26552.93916,9636.55308,0
4283,46422.57048,14190.09108,25268.01816,10508.30616,0
4284,47544.56784,12935.6106,24408.11604,11578.99776,0
4285,47141.87016,12202.18164,23865.84156,12612.45744,0
4286,45972.03336,12330.38532,23385.26388,13632.18252,0
4287,43928.36844,13717.68552,22904.99112,13794.07524,0
4288,40992.55776,15610.09164,23600.92284,14310.12924,0
4289,39672.34524,17316.9942,24959.17776,16128.73944,0
4290,40386.33588,20675.65764,25446.7686,17657.112,0
4291,43846.49412,22123.22508,27619.746,18205.59048,0
4292,40931.59488,22525.83168,27997.55508,17491.29756,0
4293,37932.48228,22161.83772,28165.06968,15693.98292,0
4294,35573.74524,21822.67296,30025.21104,12621.24864,0
4295,34899.07212,20931.0816,29445.51324,10333.6266,0
4296,34538.08644,18578.95512,28781.13348,9140.45616,0
4297,32169.1128,17011.23204,27805.53072,8814.08616,0
4298,30824.2506,16450.31916,26383.49076,8131.80192,0
4299,29751.18168,14870.77548,26221.72212,7894.8936,0
4300,29856.4992,12758.80056,26186.75532,7761.666,0
4301,29954.4102,12657.65688,25039.78752,7275.94824,0
4302,30518.01324,12236.58744,23995.46292,7033.97112,0
4303,29922.35928,12282.1842,23645.4834,7212.1962,0
4304,31988.48928,11099.31768,22680.3786,7669.23036,0
4305,35263.70496,10926.828,19648.79004,8285.92908,0
4306,38379.6402,10860.68544,18344.77656,8654.00976,0
4307,41328.85812,11244.34608,16814.09928,9121.21848,0
4308,44040.33744,11721.1314,15593.2326,9325.7868,0
4309,44721.90096,11702.25804,15405.78336,9252.36312,0
4310,43971.92448,11417.50368,15362.65104,9007.11636,0
4311,42131.83128,12960.06756,15694.50696,8579.84688,0
4312,39318.17868,15325.99464,18340.69248,8273.1792,0
4313,37954.57776,18980.99412,19969.43256,9634.66284,0
4314,41775.0036,20427.71148,19584.31596,13259.53992,0
4315,43340.52756,21073.2852,24294.798,14657.24304,0
4316,42074.03244,19795.677,27437.6718,13413.2526,0
4317,40119.3276,20017.55052,28917.25452,11472.978,0
4318,38555.60808,19785.21732,29138.8746,10501.01448,0
4319,36427.66644,19466.85576,29314.04256,9647.42724,0
4320,35223.06876,17712.79224,28262.93316,8583.05316,0
4321,33238.91868,16786.30932,27304.497,7722.7986,0
4322,31498.75212,15707.72148,26821.96308,7424.19876,0
4323,30377.69064,14957.12724,26534.49876,7198.17516,0
4324,30039.07632,14621.11068,26153.16528,7252.47468,0
4325,29972.8836,15756.18924,25667.5518,7333.61376,0
4326,31552.79556,18439.11828,25478.46312,7297.44048,0
4327,34745.03736,19909.41216,26789.56896,7687.7856,0
4328,38140.89576,19342.8444,30419.25216,8216.98416,0
4329,42523.06344,18614.60436,32128.22052,8847.86628,0
4330,44513.42808,18796.00008,32547.74292,8982.08388,0
4331,47063.33808,18977.99508,31930.17036,9462.70908,0
4332,48191.15796,18741.87744,31434.42852,9785.10192,0
4333,48313.56288,16856.32872,30057.11016,9680.4114,0
4334,48339.79788,17975.59236,29025.00612,10025.27724,0
4335,49082.91168,19547.8602,27546.79752,10841.61276,0
4336,49667.03676,19773.65412,26019.0348,13049.27316,0
4337,49108.3758,21177.0768,24664.8468,14778.24084,0
4338,49281.82776,22205.38584,23594.50764,16304.55024,0
4339,50412.85128,22457.56524,27143.92296,16232.80428,0
4340,48820.398,21629.784,29896.50312,15209.733,0
4341,48012.36,21890.51436,30186.35268,13509.8634,0
4342,47012.18148,21946.70412,30178.59504,11582.9076,0
4343,44974.43412,21782.6862,29290.96236,9103.35228,0
4344,40444.8858,21591.14628,27164.75652,7973.69496,0
4345,37215.42132,19642.98336,26464.65492,7607.23128,0
4346,35505.02472,18303.0672,25137.86088,7529.16648,0
4347,35048.67036,16873.10724,24107.90316,7540.04328,0
4348,34655.26152,16770.69768,23288.18844,7492.58268,0
4349,35003.82996,17558.25852,22424.19432,7464.15516,0
4350,36802.85004,19192.21788,22451.58168,7319.9148,0
4351,38073.07152,21993.63804,24037.44288,7425.41184,0
4352,42018.98448,21473.9778,27217.93536,7868.66784,0
4353,46424.93592,19648.29108,30243.71724,8531.52168,0
4354,47474.24616,18727.18056,31216.98096,8925.24996,0
4355,49076.19288,18669.27084,30872.17452,9272.11164,0
4356,49261.24896,19793.02512,29018.00352,9547.20888,0
4357,48823.71516,17989.67808,27308.6946,9580.76988,0
4358,50038.55868,18024.47196,27253.71,9533.11788,0
4359,50119.33476,19248.06048,27325.36092,9347.08896,0
4360,51250.32264,20523.17388,24468.17736,10481.02704,0
4361,49967.70372,22068.78036,23596.65792,13107.3756,0
4362,50613.9018,22325.55468,22576.7124,14746.776,0
4363,51741.63588,22515.65184,26184.72912,16278.57924,0
4364,48615.08256,22387.56036,29154.09552,15719.75856,0
4365,46603.96224,22379.09784,30800.96712,13512.46512,0
4366,46042.17024,22747.94676,29962.00812,11731.41948,0
4367,44883.465,22674.81744,29276.148,8552.67468,0
4368,40048.88448,21505.902,29158.08588,7212.87072,0
4369,36298.91628,17245.27596,29519.6088,7121.05944,0
4370,35345.71392,14156.98152,29603.72316,7146.79284,0
4371,33964.69692,12827.463,29826.28044,6979.07628,0
4372,33265.25796,12937.6632,29364.09036,6911.22828,0
4373,33394.57176,12999.86688,29862.38244,6835.9896,0
4374,34661.18832,15041.89632,29782.90788,6974.95524,0
4375,36401.739,18144.90084,30535.7118,7485.43488,0
4376,41652.69768,17809.97856,32444.71956,8061.48684,0
4377,47315.04888,17797.53888,31832.6448,8353.95132,0
4378,48856.52508,16946.09004,31679.21328,8582.68752,0
4379,49552.87524,17884.12824,30860.82384,8847.86628,0
4380,48461.83584,18650.24568,30436.758,9037.16616,0
4381,47489.58852,17328.7818,29411.61828,8745.51348,0
4382,47198.09952,18041.10396,29741.87832,8778.11748,0
4383,45505.01076,19704.60624,30560.65452,8765.97876,0
4384,45694.42812,21317.505,28738.78128,9556.56108,0
4385,46925.24628,21877.74468,28217.92776,11337.1566,0
4386,46942.52376,22259.1996,29163.68796,12981.97032,0
4387,49585.02384,22549.54548,31502.4072,14526.07068,0
4388,48784.8372,22147.21476,33020.43228,13260.74508,0
4389,48680.65488,21998.43096,33225.54312,10687.6638,0
4390,45773.2902,22625.19864,34177.67364,9000.79488,0
4391,42848.43948,22046.15292,33503.30016,7504.88904,0
4392,38842.15104,20802.08856,31209.68664,7214.74116,0
4393,35905.44144,17421.954,30327.38016,7019.0142,0
4394,35039.9214,14561.52852,29578.82928,7080.91956,0
4395,34648.31304,13712.30784,28176.96816,7049.29896,0
4396,34217.67624,12909.05352,28214.51952,7058.23668,0
4397,34135.52604,13500.5442,28004.05608,6957.25932,0
4398,35060.883,15213.4554,28058.72124,7250.31516,0
4399,35559.21864,18323.11272,29963.8812,7577.5392,0
4400,39162.97968,18628.80756,32627.65044,7570.42968,0
4401,43340.17116,18924.89544,32516.77968,7819.78032,0
4402,45913.10196,17184.5256,32153.95392,8202.89976,0
4403,46915.26048,16645.66332,32039.02812,8707.51332,0
4404,47349.88632,16248.22056,31757.4114,8915.9862,0
4405,46887.57744,13768.7088,30852.74148,9259.64688,0
4406,47572.99404,15114.65604,30366.47196,9118.68144,0
4407,48005.82468,16549.1568,30313.51488,9040.12164,0
4408,48364.87524,16439.56248,30733.36332,9182.844,0
4409,47363.53644,20259.93948,29375.0952,10459.84896,0
4410,47868.82848,22510.98564,27591.83724,12497.3838,0
4411,49849.9716,23434.22664,30795.57888,13841.058,0
4412,48424.92996,23569.43028,31842.14088,12661.21164,0
4413,46908.47436,23468.76972,32416.8042,10597.09596,0
4414,45448.689,23675.90016,32108.17764,9395.8656,0
4415,42635.63832,23526.3666,31213.99116,7576.65348,0
4416,38119.80348,22561.61952,29582.05008,7508.8068,0
4417,34123.26588,20155.59216,28891.88544,7551.85332,0
4418,33626.72412,17133.20532,28005.1068,7492.914,0
4419,33531.8676,14894.40612,27632.73348,7644.41436,0
4420,33581.63292,13922.60364,27366.74952,7617.489,0
4421,33933.35748,14248.77564,27230.8476,7752.64116,0
4422,34122.70224,17701.01124,26693.29344,7652.7264,0
4423,35241.30192,21095.70276,28324.78968,7422.28608,0
4424,39326.3046,19952.19204,31716.15612,7563.67524,0
4425,44004.04404,18907.71828,31833.17148,8160.36804,0
4426,45790.29444,17590.79784,32059.54488,8425.87416,0
4427,47394.8706,17306.60844,30816.47448,8885.36352,0
4428,48628.206,15787.04688,30547.60632,8993.88864,0
4429,49163.26272,14369.59656,28268.06664,8944.78068,0
4430,49627.30344,15293.31012,27502.91808,9699.96192,0
4431,48639.56592,16595.37528,26936.46384,11106.12096,0
4432,48523.66728,16474.47912,26585.94444,12175.33416,0
4433,47392.4088,18547.16424,26650.89768,13569.0852,0
4434,47707.12584,21646.85028,25750.09404,14539.0476,0
4435,49012.85928,23406.23076,28722.00276,15417.16704,0
4436,46509.11628,22733.07168,30526.24872,15441.19104,0
4437,44012.5356,21547.90836,31024.11576,15018.1482,0
4438,41760.80568,22751.19132,30945.93084,13246.82832,0
4439,39987.68664,24090.42636,30188.36832,10133.6004,0
4440,37917.84612,22750.94316,28007.49864,8940.063,0
4441,36797.21232,19645.28808,26724.14976,8294.14344,0
4442,35533.48392,17404.90752,26005.35696,7113.75324,0
4443,35268.64176,14925.5106,25687.19208,6778.5894,0
4444,34367.93976,13599.75804,26052.9456,6984.7734,0
4445,33621.0336,13494.55932,26302.76748,7175.03688,0
4446,33784.64496,13881.6216,26479.47984,7161.77616,0
4447,33822.33756,14875.50768,27471.69876,6548.0052,0
4448,36710.78004,13457.43432,29528.9544,6925.38792,0
4449,40795.10556,13847.76492,27656.99376,7424.94984,0
4450,43695.0624,14264.01372,24221.22516,7933.20528,0
4451,46224.18636,14692.14516,21410.03436,8309.40924,0
4452,47242.47132,15475.32756,19275.98904,8502.77208,0
4453,47014.30404,15753.12288,18363.2526,8407.02324,0
4454,46588.5948,15706.2972,18314.7624,8250.67584,0
4455,45014.81556,15428.48736,19905.07728,7865.7216,0
4456,42808.51872,16613.43024,21140.40852,8881.09068,0
4457,42419.9754,17252.31024,21930.54732,11102.28768,0
4458,45253.27752,19894.58064,22008.0498,13326.82956,0
4459,46277.96052,22084.03296,24336.81624,15605.62476,0
4460,43604.3652,21283.86348,25965.19464,14748.00228,0
4461,40550.38284,20450.21484,27316.57632,12740.76012,0
4462,37642.66836,20659.87704,28366.3116,10093.01832,0
4463,34163.88888,21352.62756,28171.24068,8687.93376,0
4464,32488.995,21112.77564,26389.84656,7790.6928,0
4465,31601.04816,19813.77024,25066.45416,7000.31244,0
4466,31332.39648,16349.8302,24720.7752,7071.08292,0
4467,30884.89008,14565.4806,24436.76796,6782.46756,0
4468,30383.42076,13889.898,23979.08568,6706.9332,0
4469,30117.80244,14179.869,23289.75,6591.10188,0
4470,30040.95468,14800.16604,22520.50548,6559.53144,0
4471,30117.75096,13181.87244,23439.54096,6514.11684,0
4472,34190.94624,10406.34672,21103.85772,6546.83436,0
4473,38554.34748,9852.17112,18988.794,6852.57804,0
4474,41395.07328,10765.0752,15431.46,7699.4214,0
4475,43998.50136,12153.07632,13615.94256,8250.1386,0
4476,45124.84152,13206.94848,12923.90088,8441.301,0
4477,45255.37236,13369.49988,12014.7654,8436.69948,0
4478,44505.94632,12578.50836,11759.91432,8465.97708,0
4479,42276.36996,12814.4016,11612.30136,9727.44828,0
4480,41334.33216,12028.8102,13369.70712,10714.70136,0
4481,41785.52004,11911.39356,17665.88208,12197.60388,0
4482,44768.36364,16311.2466,19548.4806,13207.93056,0
4483,46805.89188,20458.90044,23357.64684,13101.165,0
4484,43375.73592,20905.14888,26165.86104,11513.77788,0
4485,40923.93888,22247.93736,27204.44496,9322.54092,0
4486,39867.03468,21897.97632,27125.58948,8080.77864,0
4487,37343.91408,21069.3186,27779.29836,7394.34564,0
4488,34319.8548,20044.93656,26735.12556,7041.37104,0
4489,33158.74188,15906.68772,27607.66668,6721.39644,0
4490,32544.8904,13358.49372,27752.65152,6596.2908,0
4491,31375.08924,12531.70116,27846.18408,6581.11344,0
4492,30975.41304,12301.29516,27512.22408,6743.4642,0
4493,31334.42532,12867.23856,27221.07564,6839.33052,0
4494,32980.89828,14371.11456,27548.41188,6868.74936,0
4495,33381.72288,18448.12068,29143.43784,6797.8944,0
4496,37325.20176,17177.10456,32485.65672,7015.47264,0
4497,41911.9602,15629.93652,33358.95024,7307.33256,0
4498,45685.7478,16562.90988,29046.6,7865.37972,0
4499,47866.60032,17034.21456,27707.85204,8340.24444,0
4500,49332.99888,16951.95876,26196.57348,8775.30456,0
4501,49486.57164,16595.24064,23544.3252,9134.61384,0
4502,49903.05408,17029.31076,22841.31828,9919.18884,0
4503,49270.55892,16372.25964,23903.088,11003.12136,0
4504,47848.2312,16884.8658,24840.62856,12315.8838,0
4505,48314.7456,17920.89552,24709.92744,13283.56392,0
4506,49109.55852,18635.38116,26122.26144,14673.2388,0
4507,49995.74712,22022.15004,28784.87172,14739.0276,0
4508,49314.3684,22438.51896,30087.61932,12885.06912,0
4509,47215.94064,22468.10148,30436.81344,12152.1576,0
4510,45366.0504,22100.39436,30493.67376,11193.0456,0
4511,41719.50684,21925.17096,30174.8172,9605.95944,0
4512,38040.43584,21662.4342,29042.29548,8252.38128,0
4513,35012.08656,19234.5846,28216.8216,7044.56808,0
4514,33991.74108,15759.07476,28444.08072,6755.58312,0
4515,33664.68468,13678.01028,28544.3598,6548.91336,0
4516,33295.39224,13343.17644,28186.79292,6397.13052,0
4517,33370.46328,14166.56208,27852.13464,6334.33812,0
4518,33692.11032,16857.50088,28218.43464,6262.29384,0
4519,35081.72976,19257.5328,29815.77588,6599.80728,0
4520,39071.89836,18642.09996,32700.63456,7079.77644,0
4521,41913.4188,18489.4182,32692.78452,7620.02472,0
4522,44470.46472,17513.69928,29943.22716,8381.18424,0
4523,47658.567,17903.0214,26253.82716,8864.89032,0
4524,49346.89584,17915.99568,23883.02796,8959.48812,0
4525,49645.95108,17321.32776,21111.54276,8982.12084,0
4526,50249.3376,17459.26908,22276.47312,8807.87292,0
4527,51581.55816,17068.97148,24122.175,8355.92736,0
4528,50316.519,18558.3156,25101.56352,9041.39016,0
4529,48975.38976,21336.9486,22823.12208,12714.04464,0
4530,49961.60664,22765.06056,21403.9518,15055.45932,0
4531,52410.43104,22564.146,24741.19032,17404.22376,0
4532,50724.14688,22140.78636,26249.487,16471.32168,0
4533,47445.17712,21761.85396,28093.91772,15382.8312,0
4534,44988.31788,21673.047,28660.467,14771.29236,0
4535,42071.67624,20945.60952,27964.13268,13271.43048,0
4536,38138.64384,19808.26716,26957.49408,11485.01772,0
4537,35473.55856,17943.41868,26559.25272,9507.35412,0
4538,34967.9616,16012.57416,26410.56924,7714.19352,0
4539,34336.02348,14987.478,26322.65328,7164.75012,0
4540,34092.1746,14519.5842,26192.01552,7093.21272,0
4541,34074.35196,14684.28324,26206.30452,7101.1116,0
4542,34509.7632,15855.04932,26460.52992,7351.22256,0
4543,34629.18756,18043.80996,28551.06012,7409.14152,0
4544,37895.6424,17032.8114,30831.141,7970.31972,0
4545,42105.7956,16629.4128,30593.3694,8379.73092,0
4546,45163.85148,16623.54012,28410.73488,8815.06824,0
4547,48416.35392,17479.41888,25263.40344,9064.23276,0
4548,50238.07932,17877.0834,23792.33208,9352.94316,0
4549,50057.69208,18185.57004,20878.21428,9494.50392,0
4550,50640.0774,18422.45064,21151.66944,9286.76496,0
4551,51831.40512,17864.1804,21631.31124,9713.47344,0
4552,50434.00296,18489.95808,22866.822,10543.51716,0
4553,47920.0986,21320.90136,22327.734,13261.52784,0
4554,48647.14536,21951.97224,22139.9706,15080.38884,0
4555,51420.0588,22446.70824,26863.7556,14100.11064,0
4556,48685.40556,22560.7932,29032.87464,12517.52436,0
4557,45719.07516,22656.75456,29019.47796,12171.61968,0
4558,44055.891,22603.7856,30035.84628,11212.94064,0
4559,40907.83488,21827.90808,30689.87724,9597.53652,0
4560,37596.70728,18872.3304,30535.90056,9175.89948,0
4561,34250.55084,16946.67744,29478.21492,8934.48864,0
4562,33015.71328,15105.42396,29196.30516,8292.6954,0
4563,31890.09912,14042.74872,29173.54968,7782.28836,0
4564,31530.1272,13369.3164,28947.732,7778.56464,0
4565,31600.17828,13461.79956,28998.76056,7750.57404,0
4566,32157.59976,16047.87624,29251.03896,7718.93364,0
4567,33830.89116,19666.8714,29979.75948,7949.61948,0
4568,39270.73656,19116.8604,31111.75584,8553.16836,0
4569,45177.32604,18827.26956,29064.35928,9413.17476,0
4570,48924.02592,16572.89304,28655.814,9388.0182,0
4571,49486.24428,16916.7834,28483.04448,9511.19004,0
4572,49713.76872,17387.17728,26573.60244,9496.26084,0
4573,49829.24892,16644.05688,24436.3152,9807.79932,0
4574,50273.21904,17645.73228,24890.5404,9639.86892,0
4575,49431.42996,18119.15424,27118.67532,9862.55292,0
4576,49073.32188,18945.6564,26880.92484,11410.49712,0
4577,46754.54388,19504.76484,27404.06064,13732.73484,0
4578,47985.37656,19765.88988,27084.13752,14843.38944,0
4579,53118.4104,20151.28632,29088.09024,13833.25152,0
4580,52321.3614,20154.68268,30817.5252,11571.40512,0
4581,49217.63352,21399.62616,31241.49336,9706.4484,0
4582,46251.53148,21645.31248,31329.1902,9520.7244,0
4583,42661.09452,21360.735,30460.33716,9718.3812,0
4584,38030.5926,19803.0294,29551.43136,9958.72152,0
4585,34972.1724,17766.62712,28952.64108,8476.52916,0
4586,33762.25908,14436.75552,29132.4462,8324.27244,0
4587,33383.52204,12627.47772,29130.13488,8077.21464,0
4588,33162.79428,11284.5876,29709.08556,8034.88092,0
4589,33468.27924,11584.22232,29275.31112,8072.3148,0
4590,34052.74092,14322.11088,28933.94064,8093.86512,0
4591,34795.1274,19433.02152,28703.89236,8299.4604,0
4592,40277.7606,19992.65664,29736.98508,8384.86836,0
4593,45215.84628,19312.9134,29669.21892,9020.50644,0
4594,46243.58772,18876.56892,30102.765,9486.50736,0
4595,47937.39852,19299.01116,28862.58672,9492.98328,0
4596,49768.09068,18956.2428,26999.95188,9457.58088,0
4597,49910.4408,15538.15692,26396.44392,9418.65672,0
4598,48546.26172,15099.9684,29106.59532,9265.61196,0
4599,45997.91196,17853.066,29661.57876,9468.11712,0
4600,45839.38128,18106.54956,30318.65628,10392.76524,0
4601,45210.12276,19510.21512,30202.48968,11304.46152,0
4602,46374.08556,19637.91324,29921.0868,12632.21784,0
4603,49684.90032,20126.34492,31652.35788,13955.95608,0
4604,45171.81372,22409.40372,31629.9654,13944.72288,0
4605,42530.97552,22248.21588,32041.23912,13108.50156,0
4606,40787.40996,21718.04844,33017.56128,11964.28068,0
4607,38471.00796,20840.83716,33448.31952,10084.42908,0
4608,36607.36728,19297.39152,32127.41136,8580.94512,0
4609,34210.86768,16054.31652,30700.23924,7942.51128,0
4610,31704.5982,15540.77052,29775.76404,7110.05328,0
4611,30490.52028,15862.2222,28637.43564,6113.31336,0
4612,30046.69668,14364.3258,28929.3378,6162.7434,0
4613,30141.22848,13694.44164,29133.84144,6038.66868,0
4614,30336.89208,14309.14848,28910.87364,5935.95948,0
4615,30726.55344,15609.165,28477.1916,6035.0598,0
4616,34228.13592,14432.28468,29483.66388,6570.87156,0
4617,39001.14636,13945.13604,29781.03348,7239.35256,0
4618,42149.62884,13269.88476,29314.0056,7855.0824,0
4619,44717.00244,13409.39028,27412.5786,8326.06104,0
4620,45826.50072,13945.34724,24881.38488,8589.39048,0
4621,45273.35868,13837.51248,23174.184,8574.17484,0
4622,43992.16404,14125.25532,23263.50048,8237.34648,0
4623,42466.62816,13470.24888,25984.63428,8113.08564,0
4624,40508.5824,14390.7852,26608.04652,9449.32692,0
4625,40507.35216,16074.53892,25384.0554,11452.33584,0
4626,43262.08788,19304.11692,23917.0008,13684.5786,0
4627,46901.00976,20034.74484,26826.97776,13622.00004,0
4628,42229.33176,20352.07152,29333.12844,12099.93576,0
4629,37938.87768,21385.42428,29048.14704,10794.21684,0
4630,35712.73992,20991.60096,29302.16388,9326.64612,0
4631,33189.07548,20895.63564,28524.375,8408.09244,0
4632,31619.27736,20301.68976,27556.5642,7290.69924,0
4633,30486.53256,18102.09192,27072.56376,6510.04332,0
4634,30325.152,14724.71616,26897.44464,6318.5628,0
4635,30408.66312,11907.68832,27201.49212,5842.06656,0
4636,30161.47728,10783.91292,27124.45956,5794.69308,0
4637,30179.62992,10837.97748,25879.88964,5772.09996,0
4638,30353.20596,11175.3774,25280.51724,5746.5672,0
4639,30676.76964,9941.66712,26452.30104,5820.45288,0
4640,33883.8852,8401.96896,25678.94472,6230.8686,0
4641,37707.69552,9630.04548,21846.88836,7133.1348,0
4642,40962.01032,11830.995,17518.25196,7780.87728,0
4643,43344.5694,13323.66816,14910.0072,8171.0442,0
4644,44284.46484,14168.39688,13809.38856,8444.65248,0
4645,43873.21224,14383.479,12691.84752,8517.56268,0
4646,42647.08404,13910.79624,12404.97456,8287.42332,0
4647,41214.39168,13199.901,14173.73628,7903.9488,0
4648,38792.12304,12590.6352,19418.3616,7925.51892,0
4649,36715.34196,14192.69412,22770.52932,9634.68924,0
4650,40561.36524,16676.79288,23030.00964,12607.0626,0
4651,43863.21852,19959.65796,25531.29216,13929.08616,0
4652,40601.92356,20923.71468,26994.39072,12799.67568,0
4653,38769.53124,21142.79376,27653.48124,11548.6668,0
4654,37437.54168,21302.74608,28265.24316,9547.51116,0
4655,35126.76948,20979.94404,28348.97472,8299.74552,0
4656,33810.35856,18481.51668,27531.8208,7327.70544,0
4657,33099.6996,14413.90896,27334.89792,6551.68272,0
4658,32739.02148,11997.0642,26963.54628,6318.34764,0
4659,32806.65168,10283.89164,26505.0258,6308.17704,0
4660,32490.05364,10584.58764,25890.98028,6317.71404,0
4661,32400.71208,11748.30492,25500.82788,6376.29564,0
4662,32764.49088,14821.80876,25474.96776,6426.82392,0
4663,33810.55788,18161.19096,27551.6076,6609.6822,0
4664,37767.2526,17395.36788,31718.57172,7298.08332,0
4665,43658.20008,17293.66188,31743.65964,7923.3066,0
4666,48134.7702,17418.96948,29245.14252,8361.79212,0
4667,51098.70084,16813.95804,27511.76472,8769.57576,0
4668,52073.97096,16560.7332,25570.5714,8978.75352,0
4669,51122.6166,16453.7406,23088.30612,8986.30392,0
4670,49598.60664,17991.31092,24023.13804,9065.89068,0
4671,48364.77492,17788.49292,25655.38404,10235.29848,0
4672,47069.02068,17981.24592,26587.14564,12289.11288,0
4673,47161.98828,19957.21464,26969.01372,12788.74608,0
4674,47534.95164,21051.86688,26134.93608,14015.60424,0
4675,50206.44552,21590.7516,28131.10476,15397.3776,0
4676,47713.62552,21688.37352,30019.53636,15277.86744,0
4677,46060.70568,21712.15728,30254.664,13814.89956,0
4678,44421.96924,21694.17096,30356.77788,12696.95856,0
4679,41101.8498,21732.14604,30367.89096,10479.74268,0
4680,37029.1614,20954.56308,29443.53852,8840.18652,0
4681,35991.99384,17057.32644,28424.63712,8149.2642,0
4682,35745.23304,14068.7976,27809.90124,8181.67812,0
4683,35326.56072,12154.75272,27591.96528,8211.7002,0
4684,34926.28128,11659.89132,27431.67372,8228.92752,0
4685,34832.89392,12514.95696,26888.10168,8177.93856,0
4686,35033.33592,14264.73972,28168.31952,8113.58724,0
4687,35602.72716,17323.74072,29728.90008,8260.03992,0
4688,39863.96964,19288.5132,29807.8572,8851.8342,0
4689,43254.01212,19857.39624,29267.51652,8798.28048,0
4690,48086.41068,16487.37024,29032.22784,9035.16108,0
4691,51639.63816,15175.13052,27754.38864,9471.56628,0
4692,51666.21372,14690.24568,26796.33396,9659.47224,0
4693,50990.25888,14411.50788,25517.47836,9629.35908,0
4694,49863.42636,15379.14576,26155.67196,10466.19552,0
4695,47779.69416,17490.4752,26983.76208,10693.29492,0
4696,45980.9658,18657.94788,27988.34148,11842.41696,0
4697,49040.51064,19458.60708,25387.94676,13258.78092,0
4698,50081.15772,21136.82076,23902.03728,14566.30032,0
4699,51136.3842,22053.21492,27392.47104,16128.12828,0
4700,49585.8132,22246.10784,29356.73796,14028.51384,0
4701,47299.95204,22414.73256,29694.30288,12454.31088,0
4702,44864.23392,22536.84444,30654.05244,11052.51312,0
4703,41774.1588,22079.73768,30028.37244,9466.65324,0
4704,38090.75556,21453.05448,28200.75324,8294.00748,0
4705,35852.82492,17495.03052,27924.95244,8101.84584,0
4706,34621.2372,13481.18112,28312.41204,8022.00564,0
4707,34400.6784,11414.9046,28071.88296,8063.64768,0
4708,34025.71392,10867.59036,27780.92724,7890.51384,0
4709,34487.4288,10769.33352,27416.46732,8000.38932,0
4710,34941.5022,13416.09192,27299.29752,7836.21696,0
4711,35705.86932,17017.41492,28965.55068,8121.99168,0
4712,39635.08032,18949.54644,30195.0924,8550.41352,0
4713,43617.27216,19435.7064,29498.0334,8578.0728,0
4714,48673.2246,17992.32204,26558.87256,8929.18752,0
4715,51013.84596,17643.252,26462.22348,9440.22288,0
4716,51165.99048,17502.40404,26271.49008,9479.63808,0
4717,51484.46688,15196.7772,24761.75592,9359.2554,0
4718,50693.07672,15638.9244,27031.88532,9267.4296,0
4719,50555.6634,16316.31144,27695.42556,9235.40772,0
4720,49810.20132,18898.17732,26631.7458,10122.519,0
4721,50851.54536,21180.02832,24070.41252,11656.69956,0
4722,51459.78024,21928.06836,23591.98512,12759.93312,0
4723,52863.38376,22355.50812,27447.31044,14448.09432,0
4724,50176.01952,21243.50052,29445.86832,14271.16152,0
4725,47552.2938,21936.88068,30042.26676,12122.35992,0
4726,46492.809,22317.96732,30187.4562,10342.12212,0
4727,43398.89532,22072.22424,30022.13412,8785.82892,0
4728,38618.22624,21235.15152,29171.80068,8294.08272,0
4729,36592.13844,17529.53136,28909.24872,8309.6046,0
4730,35641.72524,14023.8648,29036.24064,8342.11224,0
4731,34901.92992,11557.23888,29361.48996,8297.36424,0
4732,33096.4656,11884.28736,29089.36404,8589.174,0
4733,32289.09816,12870.14388,28970.74752,8816.79084,0
4734,32402.32908,16313.47212,28679.20836,8392.53756,0
4735,33123.84504,20414.23692,28908.11616,8630.96784,0
4736,38278.29192,20262.92796,28973.3928,9302.7726,0
4737,44607.21276,18661.6848,28121.57436,9784.89072,0
4738,47025.28908,16997.23872,28114.36848,10183.92804,0
4739,49370.3958,15270.50316,28637.02776,10468.22436,0
4740,50359.55364,15912.68184,27945.53124,10320.99552,0
4741,51139.84524,14864.32596,26647.75608,10233.55344,0
4742,50508.82584,17241.92712,26195.84088,10958.92776,0
4743,50146.53072,19032.97308,26492.23368,10850.47392,0
4744,51933.49524,19178.92284,25750.824,10750.38492,0
4745,53186.70588,20926.9566,23843.56392,12530.84976,0
4746,53663.40012,22704.11088,21844.9044,14272.98048,0
4747,55175.14992,23730.52308,23999.14572,16020.24996,0
4748,52078.36128,23308.74612,26129.56896,16111.85796,0
4749,49132.93968,22457.94144,28566.25728,14242.95972,0
4750,46773.6852,22071.34776,30359.99208,12331.46772,0
4751,43681.06512,22292.57976,30576.87732,10807.96464,0
4752,40373.59128,21060.072,29410.56096,9644.6988,0
4753,36498.50424,19196.68212,28909.3596,8500.76964,0
4754,35936.97096,15217.125,29227.60368,8502.87372,0
4755,34765.76268,13635.46272,29422.6614,8526.0714,0
4756,33620.09508,13227.49164,29386.64916,8503.78056,0
4757,33951.13788,13693.53348,28604.96892,8477.30664,0
4758,35221.81872,15939.28248,27960.16872,8428.20528,0
4759,35752.6752,19331.48448,29549.44608,8584.66092,0
4760,40348.94952,19143.6762,30584.99004,9183.0816,0
4761,45689.95464,18556.659,29505.4386,9765.21612,0
4762,49141.39428,17615.80524,27448.82976,10056.20748,0
4763,51597.79812,17438.63088,26477.51832,10442.09628,0
4764,52836.9864,16823.59008,24909.2976,10642.98972,0
4765,53037.81648,15645.10332,23518.4202,10598.3922,0
4766,52303.15332,16890.78204,24205.61748,10367.643,0
4767,52224.75192,16526.18484,25739.439,10324.71528,0
4768,51180.28608,16901.23644,26232.2808,11597.08704,0
4769,51053.79312,18994.17564,24229.56492,12488.37216,0
4770,50477.2422,21121.947,22559.35044,16203.9108,0
4771,51930.35496,21907.87896,26361.4824,17258.36904,0
4772,48999.00588,21415.36452,28823.61372,16147.53096,0
4773,46297.42128,21259.75104,30706.01952,13466.68356,0
4774,45176.96832,21680.72148,31174.80432,11414.44392,0
4775,42992.9214,21873.89556,30027.20952,10190.49108,0
4776,40831.84644,21138.00084,28374.29892,8824.43892,0
4777,38309.4756,18496.57392,27513.2088,8642.82012,0
4778,37160.62548,15622.1274,27073.44948,8690.72556,0
4779,36144.56076,14376.22824,26254.26672,8668.10736,0
4780,35089.04784,14323.59324,25699.3242,8554.0422,0
4781,34327.25868,13978.45812,26333.45484,8454.11556,0
4782,33091.51164,14562.41688,26870.70144,9412.89888,0
4783,32920.83036,15482.20344,27791.28528,9693.73548,0
4784,36273.12084,15088.00128,28183.04412,10355.67324,0
4785,40859.82648,15120.49704,26202.18612,10382.28312,0
4786,43348.69968,15304.54728,25095.32124,10250.78076,0
4787,45847.28148,15873.48048,21819.35052,10540.32012,0
4788,46988.79636,16270.4256,19358.08116,10566.16836,0
4789,47046.92652,16491.67476,17883.49464,9960.77676,0
4790,45988.60068,16169.09844,18243.01776,9749.12664,0
4791,44304.88656,15717.16608,20025.77016,9433.35096,0
4792,43775.13096,15126.0714,21938.71416,9496.74132,0
4793,42504.3696,16231.99248,23240.91264,11607.24048,0
4794,44092.85364,18550.24248,24848.94984,13783.99704,0
4795,47681.65776,20261.51028,29302.14012,14240.03856,0
4796,45790.25088,20266.77576,29478.8472,12774.98112,0
4797,43218.47376,20296.12332,29719.92012,10157.2416,0
4798,41018.0034,20462.7654,29936.08728,7730.0586,0
4799,37975.04436,19693.0668,30079.78116,7445.57748,0
4800,36193.46412,18203.06928,28811.74956,7527.12972,0
4801,34238.17056,15490.49832,28250.04072,7633.64844,0
4802,33105.56568,12366.981,29090.51904,7499.33052,0
4803,31602.27048,10734.1344,29460.44112,7510.44888,0
4804,30578.856,10564.2834,28975.64868,7393.3794,0
4805,30247.22448,10665.29376,28109.13996,7268.7978,0
4806,29498.14692,11216.67228,27812.20332,7326.09372,0
4807,29820.43284,10983.22896,28130.9358,7152.76188,0
4808,33380.86092,10072.10952,26993.6436,6845.96088,0
4809,38743.27512,10870.4442,21426.96204,7157.05716,0
4810,42123.84528,11809.6836,18012.456,7650.86916,0
4811,44780.62908,12274.40148,16266.91572,8105.95368,0
4812,45928.28856,12988.51224,15612.75276,8337.483,0
4813,45430.0506,13080.41064,15334.79772,8360.80344,0
4814,44071.92768,12403.9674,15212.03904,8104.05948,0
4815,42348.13044,11507.07888,16648.36272,7726.9236,0
4816,41109.15996,10653.41244,19905.06804,7533.4512,0
4817,40223.33436,12343.01244,21556.41576,10031.48916,0
4818,42483.73668,16274.69448,22456.96068,12326.70516,0
4819,45232.77924,20186.56992,25877.016,12295.13868,0
4820,42306.81444,20511.711,28245.77712,11644.56348,0
4821,40363.86552,20895.98808,28847.27076,10325.70264,0
4822,38768.06076,20872.91052,29973.89472,8287.0128,0
4823,37318.37472,20659.75692,28984.85964,7212.2094,0
4824,34347.08244,18728.4372,28725.57996,7393.00056,0
4825,33446.9256,14809.10904,28931.46564,7464.02184,0
4826,32101.09452,12990.08172,29009.1582,7409.0016,0
4827,31084.24968,12639.0594,28724.54112,6843.43836,0
4828,30521.50068,12481.1676,28598.64348,6761.97324,0
4829,31350.12936,12364.35552,28370.88276,6940.53096,0
4830,32670.28512,14166.02484,27980.51124,7290.15012,0
4831,33548.21184,18486.9168,28474.7826,7291.218,0
4832,39309.94188,18512.4522,28988.8302,7783.42092,0
4833,43952.94024,18470.16864,29260.52976,8204.80584,0
4834,46744.89204,16926.67152,29293.19184,8332.16604,0
4835,49149.22056,17045.99952,27958.93584,8773.95156,0
4836,50778.651,16317.9588,26974.85472,8992.80888,0
4837,50590.63944,15740.4192,24935.33064,9082.29564,0
4838,50269.12968,16920.26424,25246.62492,9242.57928,0
4839,49617.81396,17076.84132,26250.33708,10256.76696,0
4840,48217.719,17252.73924,25705.84632,13577.4606,0
4841,47977.71264,20538.34332,22632.66852,15481.25172,0
4842,47994.8832,22864.57272,20786.5614,18062.98824,0
4843,49882.54524,22892.9646,25568.16768,18497.36724,0
4844,48363.12756,22879.42008,28054.89324,16941.99276,0
4845,46113.82908,22815.12156,29743.53888,14064.78744,0
4846,44396.86284,22767.95268,30529.95396,12504.17784,0
4847,40636.4706,22676.76708,30184.0242,11628.9888,0
4848,36846.0906,21158.8872,29677.1046,10209.70104,0
4849,35131.79076,19157.0214,29400.48144,8493.46872,0
4850,34918.29,15545.0064,29223.55656,8319.71184,0
4851,34899.78228,13076.31732,28875.9768,8376.39264,0
4852,35036.65176,12596.51184,28261.05876,8359.92432,0
4853,35336.09508,12653.37216,28191.95016,8352.39636,0
4854,35239.4922,15115.73448,28421.03748,8334.70968,0
4855,35188.62336,18504.94008,30351.49524,8429.18208,0
4856,39855.0306,18766.3872,31829.5824,8732.21712,0
4857,45806.12652,17740.55316,29492.54616,9403.07148,0
4858,48717.0618,16148.59884,28055.58228,9908.3622,0
4859,50346.57012,17143.65444,27487.70904,10070.58624,0
4860,51755.92092,16657.3704,26208.70296,10210.10232,0
4861,51497.64708,17052.30648,23039.14536,10323.85596,0
4862,52483.02444,17481.31968,23291.17824,11234.77608,0
4863,51864.19524,17795.6856,24920.94,12438.85896,0
4864,51015.40092,18367.1334,25374.67548,13696.13916,0
4865,49803.94188,22036.23312,22743.6,16037.25816,0
4866,50054.55972,23227.28232,21530.73912,17190.82596,0
4867,51621.0618,23205.31488,26279.71632,17807.5392,0
4868,49927.00944,23092.41528,29433.92364,15915.99108,0
4869,47023.67736,23403.3888,30832.99164,14321.36112,0
4870,45212.10012,23435.56776,31706.20332,13048.85208,0
4871,42377.07936,23332.27512,31114.941,11722.93188,0
4872,38886.50568,22824.6282,29572.24116,9955.68816,0
4873,37324.4916,17945.86332,28953.2166,9881.6454,0
4874,36596.7888,14803.85148,28920.79344,9066.6774,0
4875,35878.34976,14390.01432,27907.50864,8595.91788,0
4876,35815.41612,14049.8688,26971.41084,8577.46956,0
4877,35840.18856,14947.28532,26284.5,8554.887,0
4878,36584.54844,16825.77468,26384.15076,8592.64956,0
4879,37982.26344,19324.10832,27781.19652,8755.21812,0
4880,42954.84204,17809.20372,30477.1896,9370.45692,0
4881,46942.29672,15936.10128,30361.75164,10045.18416,0
4882,49454.2488,15372.357,29202.11448,9752.91768,0
4883,51029.19888,16422.34176,28181.2608,9590.33328,0
4884,52292.23824,16798.58664,26592.36228,9761.21652,0
4885,52212.49176,16757.7432,24475.21428,9899.0232,0
4886,53235.3558,16991.17464,25210.37112,10630.7256,0
4887,52861.64928,17844.519,25248.25512,10921.16784,0
4888,53485.01532,17781.34776,25880.97732,11231.5038,0
4889,52644.63336,21537.70608,23790.72564,13205.4714,0
4890,50885.51688,22789.37232,21256.26228,17149.3476,0
4891,50845.59216,23294.87028,25682.99712,18565.15584,0
4892,50337.72744,23260.66116,27530.71332,16237.44672,0
4893,49965.91512,23156.12376,28820.7282,12563.1792,0
4894,48525.43212,23177.33088,29645.58432,10995.65676,0
4895,44447.6868,22753.47888,30150.36816,10716.8424,0
4896,39825.8718,21306.36816,29749.35612,10195.99416,0
4897,37370.42496,18089.18232,29173.4124,9687.74136,0
4898,36363.12372,14912.469,29345.87964,8934.15996,0
4899,35744.87136,14018.06208,28600.79376,8526.06876,0
4900,35336.68776,13733.77236,27961.857,8509.76544,0
4901,34764.58524,14546.74188,28091.39652,8387.38824,0
4902,35214.32376,17005.42668,28374.74244,8511.45768,0
4903,36543.71688,19690.74492,29269.45692,8606.97288,0
4904,42072.27024,19038.7032,30368.07312,9107.79408,0
4905,47291.58984,18210.52992,30365.1942,9519.40704,0
4906,49510.79232,18007.49412,29589.86316,9305.86668,0
4907,51086.41824,18999.75792,28969.75224,9520.66764,0
4908,50996.59752,20585.29836,27555.2112,9920.95368,0
4909,50744.91576,19680.02652,26187.5064,10061.96136,0
4910,51500.43756,19479.81024,26969.20644,10098.01716,0
4911,52228.5786,20021.96724,27302.00484,10202.76708,0
4912,52232.56368,20187.94404,27961.28808,11140.173,0
4913,49399.6998,22644.94848,27037.66428,12746.89416,0
4914,47512.91952,23953.27044,24963.79248,16636.77972,0
4915,48430.08192,24212.51448,27790.38372,18499.41192,0
4916,46764.0756,23805.18492,30694.026,16476.08028,0
4917,45830.40264,23776.19376,31692.441,13238.4054,0
4918,43860.62076,24606.16224,32045.88024,11503.97688,0
4919,40357.9506,24748.27212,31406.74152,11045.30064,0
4920,37958.60508,22772.607,29847.39912,9973.26396,0
4921,37412.82996,16107.70524,30015.4536,10222.2978,0
4922,36834.40728,12726.88032,30169.11084,9668.09712,0
4923,36032.18124,12084.85476,29687.59992,8791.563,0
4924,34831.28616,11877.61608,29853.96876,8736.95592,0
4925,34930.54356,11640.31176,30157.56744,8606.81052,0
4926,36075.90228,13786.15788,30134.26812,8379.64512,0
4927,38708.73336,15699.2088,30117.72456,8601.47244,0
4928,44074.0278,16721.30064,29613.045,8895.11832,0
4929,47998.54356,16514.53452,29488.173,9550.21056,0
4930,48950.58036,16390.28424,28835.7762,10398.0096,0
4931,49688.46168,17719.02,28039.20108,10466.28132,0
4932,50348.63856,17973.9516,27800.64012,10222.4892,0
4933,49924.54368,17867.10948,26630.25816,10049.32236,0
4934,49580.44344,18153.16272,27725.27868,10076.21472,0
4935,49049.41536,18867.97176,29028.47376,10113.13116,0
4936,49787.21748,18318.87288,28826.46492,10496.40108,0
4937,49772.25924,20014.11324,25713.41124,12056.43252,0
4938,48364.3644,23491.908,22523.9388,15092.7414,0
4939,49510.15212,23652.08472,24446.466,17164.15668,0
4940,46899.43896,23535.38748,29323.06608,14551.3632,0
4941,44933.01252,23518.42152,31051.56384,10992.8346,0
4942,44045.69664,23454.84636,31593.50436,8935.69908,0
4943,41574.4428,23062.49352,30766.31844,8892.33972,0
4944,37889.38296,22351.4808,29135.06376,9132.4992,0
4945,35276.11296,19829.898,29103.63588,8723.05764,0
4946,33771.41196,17886.87384,28743.90288,8509.41432,0
4947,33225.59592,15276.56592,28426.74912,8622.61488,0
4948,32424.93276,14572.03572,27904.42248,8807.86896,0
4949,31936.05492,14662.62996,27440.86356,9352.48248,0
4950,32000.10528,15077.568,26900.24304,10204.66524,0
4951,31974.7296,17392.46388,25679.5836,10228.878,0
4952,34297.35804,16781.0808,27186.3372,10038.99072,0
4953,37390.1814,16954.3242,27152.64024,10110.28524,0
4954,40631.65128,16026.10152,26542.83588,10501.14516,0
4955,42728.98608,15703.42356,25518.53832,10597.7388,0
4956,43847.41548,16579.15116,23420.89068,10666.5834,0
4957,43803.41592,16296.79656,23278.88244,10020.4632,0
4958,42914.96748,15412.0956,23630.772,10505.01012,0
4959,41588.11404,16058.49036,24283.76544,9788.96292,0
4960,40901.9952,16785.49752,24280.8258,9916.47888,0
4961,40197.50196,18770.75508,24201.31428,11750.89212,0
4962,43401.26208,21605.27952,22603.23516,13734.50892,0
4963,46645.09344,22692.72324,25329.03384,16005.42108,0
4964,44341.88088,23294.76204,28229.4342,13035.05016,0
4965,42097.15884,23062.941,30067.86024,9107.28588,0
4966,40550.10168,21753.01128,31107.65856,7031.18064,0
4967,37632.24696,20516.18316,31444.47504,6778.48908,0
4968,34781.25948,19778.6754,30347.0244,6966.9996,0
4969,32824.73172,16813.07496,30404.81268,6763.12032,0
4970,32129.50488,13990.50444,30477.21864,6690.5718,0
4971,31530.6882,12690.5064,30246.678,6571.4814,0
4972,30510.81264,11844.0762,30423.75336,6339.05448,0
4973,30256.17672,11413.82616,30244.17396,6277.161,0
4974,30139.9296,11758.2102,29584.6188,6267.92892,0
4975,30413.36892,12281.05428,28268.8626,6339.53892,0
4976,32889.12792,12606.9504,25706.67264,6644.64108,0
4977,36569.6232,12378.34488,22529.70324,7222.92648,0
4978,41002.401,11947.0296,19733.472,7744.4532,0
4979,44334.74628,12097.62312,18470.44716,8098.07724,0
4980,45390.59316,12838.155,18868.81656,8249.37432,0
4981,45632.50956,12987.18564,18665.97348,8293.87416,0
4982,44769.89748,12484.90716,19290.43644,8145.88104,0
4983,42839.2404,13184.85564,19455.93276,8054.03808,0
4984,41024.41596,13345.84812,21394.37124,7887.98604,0
4985,39365.58912,16726.73244,22782.87792,8811.21648,0
4986,40844.56596,21945.07524,21886.15308,11571.5094,0
4987,43830.71484,24262.21776,24927.02652,12823.1466,0
4988,41068.76664,23954.64456,28361.38008,11474.4498,0
4989,39883.6416,24007.84056,29822.84052,9048.38748,0
4990,39094.12716,23838.91884,30405.34332,7112.33952,0
4991,36613.89864,23562.22836,29960.59176,6986.7072,0
4992,33925.50084,22480.45008,29062.22484,6948.30444,0
4993,33214.44192,19012.72824,28233.20412,6804.67524,0
4994,34181.65344,14727.93696,28086.33828,6737.43312,0
4995,34147.50768,12701.8848,27943.5486,6585.82188,0
4996,33889.61928,11831.094,28263.20772,6516.61428,0
4997,34086.8682,12743.08332,27453.36,6660.29232,0
4998,35684.83644,14992.5732,26539.30224,7111.99236,0
4999,37190.26344,17864.63448,27017.1198,7559.50404,0
5000,40868.12532,17452.90668,29162.53428,8175.64044,0
5001,44279.75904,18353.98752,29096.9118,8992.41816,0
5002,47469.59052,18020.77728,27552.93816,9758.166,0
5003,51152.86704,17853.25872,26103.21252,10125.14316,0
5004,53519.57028,17753.71752,25409.1024,10254.40284,0
5005,53666.93112,16613.27448,24685.68168,10169.64828,0
5006,54670.39116,17642.60784,23109.966,10548.74436,0
5007,55341.44088,18713.31528,20923.5312,11240.3412,0
5008,55660.29744,19655.823,19932.63888,11805.77508,0
5009,54836.38908,22579.23492,17296.2636,14099.13648,0
5010,52197.4464,24119.94552,16520.73456,16671.204,0
5011,53571.8106,24988.83024,18995.58276,17789.376,0
5012,52425.879,24848.12616,20422.77864,17356.26684,0
5013,50557.8876,24826.45704,21428.66352,16253.19828,0
5014,49775.70048,24865.44324,21771.42264,15252.5406,0
5015,47528.62092,24443.95668,21169.51584,13265.99736,0
5016,44078.4234,21925.38744,21070.17792,12449.43084,0
5017,41612.6832,21899.63028,20017.08456,9979.14984,0
5018,38386.64676,21659.22264,19552.16472,9351.76176,0
5019,36552.59388,21311.84616,19800.87252,8546.46144,0
5020,35791.92672,20757.8382,19618.04196,8631.79416,0
5021,35390.70084,22319.81004,18739.56744,8798.82036,0
5022,38720.6952,23342.80608,17622.7656,8695.89072,0
5023,43338.7218,23345.08044,17925.91152,8887.07292,0
5024,45391.97256,22758.9318,21193.64148,9399.19464,0
5025,49530.35208,19666.94136,23479.98312,9892.1526,0
5026,51485.09388,17153.6838,24305.92296,9606.76596,0
5027,52187.96616,17193.12276,24143.44284,9759.6708,0
5028,53265.66828,16192.1892,23785.67004,9896.22084,0
5029,52924.60536,14726.15496,23076.28884,9978.60864,0
5030,52916.29728,16343.31864,21945.3498,10089.6378,0
5031,53208.92544,16282.40724,21838.88784,10621.25724,0
5032,53925.68148,16418.01612,21345.46788,11092.35072,0
5033,54498.74892,19918.13208,17947.74036,12753.64992,0
5034,54026.92812,22372.18896,16249.79532,15110.403,0
5035,53730.75972,23802.36276,19676.23944,18804.05472,0
5036,52338.76296,23779.74324,21279.04812,18016.6404,0
5037,51389.90604,23500.90248,22173.063,15842.7654,0
5038,49304.343,23485.87164,22799.55744,15216.2472,0
5039,47285.02812,23025.84108,20690.05752,14334.42252,0
5040,43157.7036,22020.38388,20076.55716,12586.02576,0
5041,40227.57552,20500.47252,20051.8626,10118.40456,0
5042,37894.20624,20257.149,19553.00028,8766.35892,0
5043,36238.02996,20597.2404,18527.3814,8411.26572,0
5044,35471.56272,20581.70136,18366.01668,8167.86036,0
5045,35573.3004,20888.90628,18356.62884,8034.53112,0
5046,37151.23368,21458.33316,18828.4074,7902.2394,0
5047,39376.86588,21862.02612,20739.4374,8775.55668,0
5048,41397.9258,20872.07496,25002.64536,8889.04104,0
5049,45542.70468,17294.66904,27638.93088,9148.97412,0
5050,47650.32096,15057.70992,27557.3694,9529.55916,0
5051,49555.78188,15202.22616,25843.57776,10013.6388,0
5052,50829.56868,15270.21936,24125.8314,10229.43768,0
5053,50856.32508,14335.26864,22073.37396,10137.6924,0
5054,50752.05564,14912.90328,22772.4024,10302.5142,0
5055,51166.83924,15255.636,23676.6948,10085.77284,0
5056,51269.06004,16181.87076,23287.10076,10487.33268,0
5057,50023.8024,20146.8234,22542.85044,11744.52576,0
5058,49587.72852,22926.651,23218.15716,12527.75304,0
5059,49701.95604,23723.02548,28009.31232,15460.56336,0
5060,47523.48084,24027.05184,30781.14864,14027.9898,0
5061,44848.04016,24261.00468,32540.08692,11898.66084,0
5062,42968.83272,24405.20676,32781.52812,10629.58776,0
5063,40284.7698,23907.00972,31918.9926,9340.13388,0
5064,37790.9928,21358.85532,30262.90212,9020.79024,0
5065,34857.32316,18539.23764,29359.6776,8506.81656,0
5066,33561.31548,15390.05556,29580.96372,8252.93568,0
5067,32671.64868,13338.03636,29912.82624,8224.28772,0
5068,32061.69912,12302.23632,30191.05584,8408.13468,0
5069,31735.3938,13553.63064,29807.77932,8260.7118,0
5070,32205.23592,15943.2306,29514.29976,8470.99572,0
5071,32991.72624,18955.7214,31094.17872,8361.23244,0
5072,37361.66544,19280.84928,32328.12132,8788.38312,0
5073,42342.33828,17094.43428,32088.07536,9280.46724,0
5074,45629.20164,15042.2448,30152.46432,9490.40004,0
5075,48177.87876,15012.91968,28017.70488,9896.09412,0
5076,49150.58148,15097.9092,27231.37296,9903.12972,0
5077,48382.29924,14885.39448,24671.84544,9683.91204,0
5078,48180.1518,14830.52604,26106.37524,9944.5104,0
5079,47201.68728,14205.55752,30192.3468,9855.38796,0
5080,46225.806,16711.2462,30388.52916,9449.23716,0
5081,45344.17932,18102.45756,32096.82168,9938.47536,0
5082,45832.743,21272.70816,30666.85116,11129.15232,0
5083,48801.34908,22983.78456,32618.40516,12041.82672,0
5084,49282.1472,24740.1264,30405.27204,11117.03208,0
5085,46130.34228,24695.58828,31433.77116,10227.90252,0
5086,44890.61808,24184.71,31665.43512,9475.66884,0
5087,40599.47892,24195.40992,30919.17444,9528.2682,0
5088,36210.63336,22851.41496,30209.37612,9017.6262,0
5089,33294.15276,20097.66924,29588.29104,8455.74972,0
5090,32519.57412,16720.06116,29315.98692,8424.82212,0
5091,32425.26012,14228.9994,28905.50388,8397.80436,0
5092,32137.91592,13372.69692,28831.31196,8392.61808,0
5093,31963.38552,14319.79164,28325.57904,8378.96928,0
5094,32179.03524,17204.22396,28213.23516,8346.4392,0
5095,33171.76236,20721.00492,28979.80668,8453.70768,0
5096,39766.73448,18410.56404,30501.108,9108.90552,0
5097,44466.56148,17708.46264,29702.42616,9545.2896,0
5098,47142.72684,15649.13988,29355.52488,9698.42148,0
5099,48933.29892,15968.86896,28436.09472,10212.14436,0
5100,49740.84456,15732.64044,27660.97092,10193.43336,0
5101,49969.7154,15173.037,24343.65648,10121.69532,0
5102,49047.3654,15765.36984,26388.7206,10130.49048,0
5103,47939.07888,15928.53768,29280.2532,10032.0594,0
5104,47523.64188,18042.981,28822.41252,9626.53956,0
5105,46837.21812,20500.28376,28151.72448,9478.72332,0
5106,45908.76708,22527.10416,27379.4598,11904.01872,0
5107,47185.26516,23987.32644,30320.56764,14270.47116,0
5108,46080.5598,24403.78116,31431.49152,12704.1618,0
5109,44145.69456,24544.43508,31787.04012,9764.56404,0
5110,43115.69988,24513.94968,31598.20356,8329.26732,0
5111,39918.11208,24007.1436,31043.99232,8345.25648,0
5112,36869.18928,21548.33472,30255.9114,8354.79084,0
5113,33550.64064,18789.68256,29489.32272,8329.96032,0
5114,32093.7672,15569.0238,29558.0472,8112.75696,0
5115,30689.70036,13759.88592,29661.20256,7942.37532,0
5116,29979.85452,13300.32264,29295.1824,7831.51116,0
5117,29888.9118,13585.88616,28714.23324,7597.39332,0
5118,30231.36864,13825.8252,28565.28444,7573.68084,0
5119,30926.79744,13684.10736,29416.31748,7742.6184,0
5120,35262.1962,10778.14056,30693.41484,8313.6702,0
5121,40097.48028,11344.12092,27537.41364,8599.79472,0
5122,44069.47512,12070.39548,22974.61188,8923.75572,0
5123,46833.94716,12895.63572,19959.27912,9160.03968,0
5124,47573.7174,13642.64088,18642.6504,9256.1832,0
5125,47690.41596,13392.96024,17680.9974,9257.97444,0
5126,46735.09104,13280.50944,18043.82316,9168.46524,0
5127,44815.62228,13484.43096,19852.239,9041.14596,0
5128,43820.39112,12597.61404,23190.81336,8940.30324,0
5129,42210.82272,14889.3162,26132.19972,9005.06244,0
5130,42167.12148,17815.2348,28822.42968,10185.36288,0
5131,46471.26924,20454.29232,30150.47244,11337.96312,0
5132,45472.95588,19717.24392,30778.66836,10024.63968,0
5133,41663.34744,20013.76344,30841.55844,8462.96088,0
5134,38343.9342,20618.99136,30880.74528,8007.99384,0
5135,35391.774,19546.659,30385.2648,7793.2008,0
5136,33245.13588,17720.18556,30315.52128,7807.69704,0
5137,30650.78148,15120.2766,30638.01576,7770.61164,0
5138,29631.0366,12819.20376,29900.28888,7586.98644,0
5139,29226.66912,11172.63312,29756.16336,7338.35784,0
5140,28919.73348,10593.76032,29188.65312,7332.86928,0
5141,28995.99384,10870.71612,27560.34336,7572.86376,0
5142,28805.57064,10609.7838,27857.22192,7390.56252,0
5143,28986.9822,9956.42604,27836.094,7479.40116,0
5144,33063.657,10081.58976,23641.4376,7096.51668,0
5145,37045.44888,10269.8706,19851.5328,7701.96768,0
5146,40857.09804,10443.28032,16724.27592,8317.9602,0
5147,43056.07548,11018.37924,15056.98656,8810.2938,0
5148,44341.03212,11537.9286,15144.94212,9023.8962,0
5149,44717.48424,10751.46336,15699.72888,9007.25232,0
5150,43969.89432,10430.9898,15493.71516,8975.44692,0
5151,43984.17144,10244.68764,15547.22268,8443.5978,0
5152,41827.78908,10684.4232,19363.44828,7978.58688,0
5153,39486.09192,12596.76528,24089.41128,8174.91576,0
5154,39161.79036,18899.67156,24017.7168,10073.09424,0
5155,44286.03036,20632.6626,24718.20648,12871.54572,0
5156,43530.07428,19422.60672,26993.03244,11574.94008,0
5157,41146.23216,19155.83604,29254.64256,9580.72896,0
5158,38416.3956,19696.49616,30320.80392,7964.61204,0
5159,34491.84552,19367.22876,30925.24776,7821.58872,0
5160,32132.16336,18137.79264,28972.92552,7962.67032,0
5161,31305.85128,14410.70004,28085.36148,8048.73168,0
5162,30536.08272,11383.8648,29395.32816,7647.72492,0
5163,30450.86088,10638.62184,28129.15644,7770.36216,0
5164,30027.42996,9889.27632,28454.47836,7758.75408,0
5165,30078.69744,10380.23184,28345.48992,7917.76128,0
5166,31201.2162,13260.8586,28350.38316,7869.21696,0
5167,33224.17692,15918.38292,30669.19812,7797.79044,0
5168,37993.17456,15482.43708,31590.01032,7944.48996,0
5169,42630.621,15360.4638,31552.08144,8499.95256,0
5170,45743.94264,15650.89152,30510.38364,8795.8464,0
5171,48184.91436,16004.20008,30404.40348,9242.46048,0
5172,49525.2186,16107.56796,28884.2004,9565.64004,0
5173,49622.94744,13631.51724,27193.92456,10297.18404,0
5174,50159.93532,14805.92256,26953.64364,10365.31452,0
5175,51157.13988,15807.27192,27092.3598,10045.1274,0
5176,50137.25244,17093.30964,27472.40496,10178.21244,0
5177,48951.72084,17666.45364,28477.77504,11385.74184,0
5178,47745.1788,18451.11972,27252.24348,13871.83908,0
5179,47842.06944,20502.07632,29689.7832,15680.37636,0
5180,47707.60896,20788.93872,30744.4962,14423.0658,0
5181,47616.7494,20901.70896,30761.841,11744.43468,0
5182,45389.54376,20899.08084,32633.02416,9783.98652,0
5183,42197.38644,20049.6714,32436.27024,9108.35244,0
5184,37667.23092,18813.33828,30854.13276,8625.47928,0
5185,35178.51612,16704.95772,29287.52508,8324.91792,0
5186,33074.3226,15752.2332,28182.51612,8126.93244,0
5187,32205.52104,14613.11808,27713.01588,8193.13704,0
5188,32128.86864,14130.48912,27187.86444,8339.826,0
5189,32748.13212,14260.75464,26907.63504,8426.63844,0
5190,34534.39572,15893.45604,27323.75184,8489.03616,0
5191,36787.22784,18465.95256,29412.70464,8660.21772,0
5192,40509.90768,18801.30912,30326.52876,9125.60484,0
5193,45279.46632,19303.73676,28763.19864,9731.61816,0
5194,48669.24876,17680.91028,27840.38664,10396.27248,0
5195,50049.31272,17988.83592,27510.12,10856.10504,0
5196,50334.25584,17444.62236,27679.41528,10985.40432,0
5197,49320.711,15569.84748,26875.94052,10621.842,0
5198,49986.552,16835.78028,26719.55088,10465.818,0
5199,50095.947,17750.09412,27803.67876,10372.61544,0
5200,48911.87268,19240.5972,27661.3458,10840.60692,0
5201,49507.92,19928.05452,25714.62168,12553.89036,0
5202,48699.84768,19662.99192,25144.40676,14734.29012,0
5203,48699.64836,21229.95336,29577.08688,15556.06008,0
5204,47179.61292,21925.71744,31733.922,14040.5958,0
5205,46263.41676,21181.66644,34412.85804,11010.62028,0
5206,45534.15636,21673.3968,32931.2874,10299.26436,0
5207,42042.65472,21125.21268,31903.43772,9644.28564,0
5208,36906.95712,19636.44144,32073.657,8826.86904,0
5209,33576.88884,16417.62672,32510.99016,8387.53872,0
5210,32561.27952,14206.37724,31625.69124,8216.32812,0
5211,32116.89624,12770.47068,30828.2502,8204.23692,0
5212,31552.02204,12032.59068,30709.21392,8310.84408,0
5213,31829.43588,12305.97852,30805.73628,8380.7922,0
5214,32245.15008,15156.30468,31101.20244,8371.14564,0
5215,35114.95944,19249.15476,29962.02924,8590.57848,0
5216,37825.09896,18734.07624,33150.75192,8996.30952,0
5217,42735.54516,17390.47068,31533.27012,9615.69444,0
5218,46719.8688,15163.09344,30271.11384,9799.63116,0
5219,48752.9064,15683.03088,28905.38772,10007.7318,0
5220,49870.08444,15577.82688,28258.71972,10263.22836,0
5221,49880.65236,13779.76776,27015.07908,10214.81208,0
5222,49894.02,14812.13316,27430.4646,9893.36568,0
5223,49068.04188,16341.9234,28385.71032,9992.06604,0
5224,47433.23508,19505.44992,27524.86836,10259.96928,0
5225,47164.70616,21255.69336,26822.59008,10887.4194,0
5226,46144.55076,21797.09532,26368.95228,13169.8908,0
5227,47229.8442,22717.61448,29584.4472,15023.59056,0
5228,45476.38128,22448.9364,32663.96892,13485.55428,0
5229,45305.6274,21718.91568,34082.65476,11287.0692,0
5230,43992.08748,21745.9704,35030.85036,9571.63812,0
5231,41076.62724,20582.64384,34168.14852,9592.71324,0
5232,36329.80164,19787.96688,33557.72244,8483.16612,0
5233,33465.52968,16404.61812,32926.07076,8482.782,0
5234,32505.26664,13505.448,31963.15452,8385.58512,0
5235,31863.06684,11646.75732,31863.36516,8300.3448,0
5236,31512.25572,11230.02408,31528.46268,8296.53924,0
5237,31696.10928,12135.45696,30875.89032,8245.22952,0
5238,32535.41544,14291.99508,31344.3768,8385.7686,0
5239,34356.2802,18152.90796,31924.86396,8530.66896,0
5240,38762.75568,17535.06216,32758.22088,8925.32256,0
5241,44455.85364,16179.7284,30525.6072,9586.84452,0
5242,46874.487,15160.1472,29865.59928,9903.61152,0
5243,48510.90552,16024.26012,28499.54052,10281.25824,0
5244,49972.00032,15984.35916,28091.67636,10310.22036,0
5245,49520.13264,15042.48768,25885.266,10174.88868,0
5246,49325.93688,16519.68516,25811.63772,9925.26876,0
5247,50329.57116,16958.55348,26351.97708,10409.93448,0
5248,48777.1944,18869.54652,26661.16332,11156.06448,0
5249,49051.04952,20333.24568,26692.61232,11677.47504,0
5250,46967.24208,20868.8304,27482.45808,13973.39592,0
5251,48287.28564,21511.51464,31378.96872,15705.45636,0
5252,48456.56772,21058.53024,33278.223,13699.158,0
5253,47015.93292,21345.11808,34150.8222,11259.0852,0
5254,44443.58292,22268.58612,34817.6202,9962.52444,0
5255,41334.93408,21163.20492,34613.62872,9331.97364,0
5256,37164.15516,20469.9066,33064.9242,8726.44212,0
5257,33296.92344,18571.90896,31951.35108,8582.00508,0
5258,32255.54376,15726.0378,31210.4562,8421.3162,0
5259,31445.7792,14575.30404,30311.29068,8414.00868,0
5260,31406.04984,14335.69368,29252.15172,8481.8382,0
5261,31807.83408,14408.52864,29262.03456,8382.54912,0
5262,33158.21916,16847.13492,29075.32848,8437.47828,0
5263,34763.90544,20509.86432,29421.2622,8972.28156,0
5264,40531.4316,20497.53024,28278.93024,9250.34088,0
5265,45935.42712,18460.23432,28984.82004,9596.4924,0
5266,48680.65884,17409.29256,29344.26528,9959.40264,0
5267,48701.22576,19698.22008,29060.35704,10276.62636,0
5268,49467.7458,20331.7488,27607.4964,10176.57828,0
5269,49252.86828,18639.1986,25695.65988,10110.24828,0
5270,50413.08756,19387.98444,24962.64672,10312.14096,0
5271,49338.56532,20679.05796,25896.486,10382.43756,0
5272,47542.05852,22298.8722,25291.98804,10516.1826,0
5273,47942.16636,23551.07568,22118.8176,11459.02164,0
5274,48558.79776,23262.4062,19676.66052,15815.91,0
5275,49487.8494,23320.40568,23869.41876,17679.86352,0
5276,47889.69108,23159.77884,25910.90172,16307.88324,0
5277,46550.7768,22158.02688,27278.08908,13879.1796,0
5278,45083.55456,22193.57448,28597.6416,12202.6806,0
5279,42421.04196,21809.50332,28425.17436,11673.6708,0
5280,39119.22432,20841.37704,26890.875,11158.73748,0
5281,35370.37548,19692.63912,26427.24216,9363.28272,0
5282,32617.34256,18740.29872,25621.38348,8555.5074,0
5283,31388.23908,17691.55872,25087.15968,8437.5522,0
5284,31093.7088,17137.40424,24051.28704,8428.77816,0
5285,31256.39748,17495.08068,22897.98324,8380.86744,0
5286,32359.75644,18438.2352,21346.71,8275.04964,0
5287,32910.60696,17621.64492,23314.335,8330.97012,0
5288,34976.47032,14524.8576,27309.7638,8653.31016,0
5289,40591.09824,12611.45688,26695.15332,8747.53572,0
5290,44773.93404,12391.51452,23759.55252,8604.04908,0
5291,47259.82008,11866.8594,22211.36808,8609.32908,0
5292,48884.36652,11455.07352,20904.75948,8960.26824,0
5293,48618.30996,11101.01652,20165.3892,9066.61668,0
5294,48135.747,10665.20268,19869.26832,8621.38596,0
5295,47253.93816,10274.83512,20211.10476,8642.007,0
5296,45677.13744,10645.71024,21105.06552,9296.67816,0
5297,46897.25436,13614.54072,19080.66204,10055.97516,0
5298,48045.91704,19069.90932,16996.32924,13009.56756,0
5299,50081.57616,21218.85084,19637.22156,15890.41212,0
5300,47830.01388,21259.02372,21005.985,15767.29572,0
5301,44733.43116,21501.97104,22081.2966,13349.06496,0
5302,42607.22796,21088.66188,23143.47024,11050.4922,0
5303,39912.19848,20693.50008,22408.1154,10721.31456,0
5304,36240.9036,20079.99708,22270.38132,10084.64424,0
5305,33617.69796,18062.0814,21914.16084,9038.64192,0
5306,32100.17976,16294.42584,22116.25416,8015.63532,0
5307,31518.47556,14510.7534,21674.58084,7902.05988,0
5308,31452.79764,13499.43804,20925.41088,7855.914,0
5309,31529.64276,13736.56416,19594.21068,7847.78808,0
5310,31170.84696,13856.17464,19173.82896,7820.27136,0
5311,31172.34648,12126.54828,20715.72888,7976.46564,0
5312,33873.70932,11336.9058,19788.00648,7806.3546,0
5313,38355.28884,11890.73424,15675.86592,8093.61696,0
5314,41153.69412,11843.21292,13568.00544,8674.182,0
5315,43312.3614,12426.64236,12652.91676,8933.2188,0
5316,44396.82324,12943.91472,12088.00692,9126.2424,0
5317,44209.42812,12296.83356,11112.66948,8872.80504,0
5318,43139.74104,11269.87884,10053.77076,8660.87376,0
5319,41472.1164,11331.2958,9618.8202,8404.02816,0
5320,41243.961,10603.20756,12157.70556,8006.54844,0
5321,41870.44092,10945.03344,15903.56988,8711.13276,0
5322,42138.6042,17011.39968,18955.9986,10246.48152,0
5323,45066.4434,20038.51212,21728.51208,12871.33188,0
5324,44144.1594,19593.02796,22711.78404,13393.15296,0
5325,42675.53136,19821.81696,23188.74756,11921.91528,0
5326,42581.33484,20078.8566,23105.26152,9807.8574,0
5327,39525.38172,19801.089,23207.05068,8758.09176,0
5328,34742.56104,17792.62188,25115.43408,8055.13236,0
5329,32441.67828,16920.29196,23499.22476,7929.43008,0
5330,31705.47732,15034.6944,22727.3772,7883.88744,0
5331,31157.42124,13109.64072,23410.1802,7867.11156,0
5332,31000.87188,12886.64652,23171.38692,7821.81708,0
5333,31609.79712,13099.14936,22989.26916,7726.44444,0
5334,32819.94144,15894.78924,22811.62488,7700.2332,0
5335,34965.0312,17683.61496,25375.03584,7918.3764,0
5336,38868.85464,16203.6798,27846.37416,8326.5732,0
5337,44033.47344,13592.073,28940.82972,8734.89408,0
5338,47450.65512,13555.8258,26458.85088,9388.54356,0
5339,49804.91736,14493.5472,24313.6212,9827.09904,0
5340,50868.09948,15570.54576,22058.26788,10452.38964,0
5341,50182.64064,15152.77632,17990.32488,11745.27948,0
5342,49236.825,15265.15848,17286.68832,13371.93528,0
5343,47680.82352,15305.22576,20334.7518,13244.78364,0
5344,47461.7352,15106.4892,21853.524,13451.196,0
5345,49239.06372,16547.20848,20811.45396,13795.56288,0
5346,49007.8578,20514.35628,20172.72444,14595.04728,0
5347,49981.90428,20920.96644,24695.16324,17141.9886,0
5348,48737.45712,21084.31776,27387.87612,16345.76196,0
5349,46571.2764,21409.27668,28752.46044,14108.2128,0
5350,44799.4734,21445.78128,29234.46504,12563.8128,0
5351,42301.05792,21251.68848,29038.0398,9881.19792,0
5352,37425.43728,20114.13492,28845.795,7982.47296,0
5353,34427.184,18485.082,26938.02936,7886.0034,0
5354,33012.65616,16801.21344,25922.86884,7653.93684,0
5355,32334.61572,15815.28036,25389.77496,7327.80048,0
5356,32038.92384,15372.94836,24858.50928,7360.71996,0
5357,32511.68712,15437.68512,24567.0612,7319.37756,0
5358,33336.17496,17976.27216,24881.14596,7386.85596,0
5359,35678.80404,20048.38704,26582.24448,7647.23124,0
5360,41657.69124,16033.92912,30518.38944,7926.9762,0
5361,46395.5778,14367.7776,29736.6234,8530.42872,0
5362,48106.33872,14111.37024,28088.20608,8955.14136,0
5363,50521.99416,14343.32328,26607.95148,9282.70728,0
5364,51060.89472,15052.30848,26066.47692,9218.9856,0
5365,50624.0922,14036.24244,24109.37232,8965.76076,0
5366,50825.87136,14157.86856,24544.0932,8674.90404,0
5367,49605.97092,13968.91188,26236.24872,9705.71052,0
5368,48468.86748,15491.53452,25984.34652,10028.97456,0
5369,49783.08984,17856.09936,24685.9866,10033.4058,0
5370,49213.60488,20018.80188,24135.02388,11720.12952,0
5371,49824.27384,21759.94788,28536.96384,14155.20216,0
5372,49675.33164,21355.5276,30344.86752,13584.35364,0
5373,49064.47788,21311.96628,31035.43608,10931.38068,0
5374,46964.58624,20907.3612,32654.26296,8869.84164,0
5375,41738.0766,21491.60904,32743.788,7680.65628,0
5376,37197.83892,19120.44156,32013.83988,7570.32144,0
5377,34436.919,15762.51732,30960.94716,7613.91972,0
5378,33100.05996,12782.98428,31153.44276,7610.64876,0
5379,32354.18208,11283.04584,31176.13884,7534.87812,0
5380,31866.74568,11719.34808,30353.71944,7389.2082,0
5381,32430.68532,12062.46492,29840.95224,7359.35244,0
5382,33906.32124,13899.63828,30101.08992,7399.5702,0
5383,36747.72684,16058.82696,31257.69504,7645.00704,0
5384,40705.85112,16783.80528,31402.94124,8257.48572,0
5385,44672.63064,16605.46404,30450.4728,8694.55092,0
5386,47323.83744,15758.01084,28354.42896,8855.62788,0
5387,50534.40216,16173.71844,26019.05724,8785.66128,0
5388,52675.3392,16041.2208,24475.75416,8966.35344,0
5389,52680.1704,15678.2472,21059.01468,8995.76964,0
5390,52742.6328,14985.87816,22380.65016,9122.23488,0
5391,51668.12376,15334.82412,24640.97856,9192.74136,0
5392,51000.2526,15838.449,26848.02384,8954.96844,0
5393,50048.46792,18992.6616,26605.05936,10061.8716,0
5394,49583.71572,19958.70228,26416.53168,11953.61508,0
5395,51366.17244,20891.62812,29183.54736,15080.21988,0
5396,50753.3004,20849.67588,30726.38184,14026.4454,0
5397,49422.03684,20824.70016,32287.07064,11380.43412,0
5398,47985.17724,20745.48168,33045.64296,9434.68812,0
5399,44289.3924,19826.0304,32715.72084,8468.80188,0
5400,41111.33664,18064.14852,30556.94004,8004.99084,0
5401,37464.04596,15356.52096,29437.56288,7953.1122,0
5402,35670.63192,12875.03976,29407.3824,8019.87252,0
5403,34869.51732,11947.72392,29212.5174,7926.11292,0
5404,34699.73232,11021.39148,29068.8882,7953.09504,0
5405,34542.27348,11841.78072,28712.27172,7941.25068,0
5406,34630.7742,15508.52028,28626.42552,7678.84524,0
5407,37311.77472,17769.94428,30371.40216,7781.29176,0
5408,41748.07692,17366.92056,31072.05816,8260.84776,0
5409,45887.05704,16517.56392,30044.06988,8797.55316,0
5410,47294.47932,15323.74404,30347.04024,8952.7218,0
5411,49242.72144,15424.82964,29979.43344,9401.43732,0
5412,52599.03264,15868.04736,26891.28156,9509.5836,0
5413,53298.07956,13920.20388,24374.65272,9290.24844,0
5414,53603.63052,14229.86004,24813.23988,9489.37572,0
5415,52913.8632,14676.62196,26589.93876,9576.97488,0
5416,53328.55572,15220.46592,25825.35252,9926.7234,0
5417,53481.78132,18339.75,24612.0006,10439.39952,0
5418,51424.75008,21678.65172,22874.78952,13419.22428,0
5419,51773.64588,21986.41896,26757.08904,16805.22492,0
5420,51722.61468,21934.27236,29330.91744,14685.91476,0
5421,50937.3414,22255.2528,29124.71232,12177.52932,0
5422,49502.69016,22156.03104,29283.57168,11013.156,0
5423,43705.23036,21406.7106,31565.3052,10432.28736,0
5424,39670.9302,19685.3184,30166.7982,9779.18964,0
5425,38577.15048,15167.13132,29172.57024,8675.03076,0
5426,37115.43,13121.13132,29141.96472,7955.0064,0
5427,36326.47128,11779.66812,28796.02308,7936.2888,0
5428,36101.31624,11001.99936,28594.15548,7791.24588,0
5429,36807.65484,10755.15804,28708.81068,7625.25456,0
5430,37460.7354,13772.5698,28350.15348,7708.92144,0
5431,38885.7282,16862.77824,29528.6838,8129.11176,0
5432,42946.20924,17322.09996,29788.13244,8420.5902,0
5433,46451.94708,18642.11052,28504.7598,8795.09928,0
5434,48111.54744,16613.74968,28953.39084,9391.27068,0
5435,50422.25628,15771.67152,28099.01952,10158.357,0
5436,51643.76976,15617.94564,26256.8922,11062.66788,0
5437,52245.3162,14598.5796,22848.10572,11345.80656,0
5438,51998.32704,14428.22436,22291.203,12815.8602,0
5439,51140.47356,14696.73216,23933.679,13344.3948,0
5440,51047.87952,16102.17048,23850.57972,13048.66992,0
5441,51533.5656,17495.99016,23591.30796,12651.74592,0
5442,49313.07744,20442.96672,24967.899,14033.55096,0
5443,49578.00276,22454.20848,27947.3106,16143.30432,0
5444,49398.92364,22740.27228,30125.44392,13571.69748,0
5445,48274.04472,22389.1932,30445.2522,10847.07492,0
5446,46417.48848,22059.26316,31842.76392,9234.07188,0
5447,44094.38484,21960.39912,30982.54896,8637.73152,0
5448,41837.7894,18880.27284,29694.7794,8684.14668,0
5449,37501.41384,16965.7752,29122.73496,8393.29524,0
5450,34657.4514,16741.56792,28510.45296,7842.51732,0
5451,33276.97692,15500.32044,28456.64448,7669.91676,0
5452,32301.62364,15090.3786,27685.43052,7466.57208,0
5453,31983.62244,15750.44592,27003.95808,7395.16668,0
5454,31880.99112,16654.38588,26580.1206,7442.67216,0
5455,33122.34816,16028.1594,27263.13084,7605.19188,0
5456,38650.21776,12128.27748,28740.063,8210.40264,0
5457,42531.66852,12165.25332,27717.70584,8377.00776,0
5458,45670.15596,12347.05428,24858.04728,8578.68,0
5459,48284.1942,13098.48408,21472.15356,9064.52844,0
5460,49624.92216,13193.63628,20125.13052,9609.50232,0
5461,49909.41516,12834.40356,19052.75064,9619.80888,0
5462,49367.3598,12470.28816,18563.1336,9680.5962,0
5463,49072.43484,11873.85276,19351.1472,9195.51336,0
5464,48767.36964,12177.93852,21085.90044,8969.70888,0
5465,48069.93972,13857.68472,22601.30796,9279.7584,0
5466,46185.32556,17450.37228,27721.83876,10262.20008,0
5467,48252.63036,19505.77596,31256.10312,12519.00012,0
5468,47818.45992,19797.1554,31699.5822,10578.58032,0
5469,45162.8958,18798.77208,32245.12632,9130.63008,0
5470,42278.6364,17894.16816,32399.27064,8512.18236,0
5471,38817.33768,16939.06104,32235.78468,8383.63548,0
5472,35961.13092,16148.87736,31325.85984,8116.152,0
5473,32720.36724,15748.17288,30044.15568,8005.07532,0
5474,30902.0778,13769.91396,30011.23488,7733.69916,0
5475,30052.42548,11890.16532,29966.03148,7757.0922,0
5476,29925.06528,10941.26616,29383.13136,7757.01696,0
5477,29914.6584,10755.64776,28781.24172,7828.13328,0
5478,29792.00664,11694.85944,27519.55536,7799.2992,0
5479,30419.44884,11607.84504,26239.38108,7795.19532,0
5480,33732.29508,11279.39208,23939.79588,7808.80584,0
5481,37288.57044,10982.71416,20767.0584,8180.54952,0
5482,40744.077,11617.88364,16835.8542,8454.01392,0
5483,43744.9122,12689.14152,13616.2818,8901.72756,0
5484,45183.25284,13813.91088,13015.79532,9354.08364,0
5485,45275.64228,13666.62792,12673.77408,9481.46364,0
5486,44378.10036,13404.0324,12526.27596,9375.51384,0
5487,42535.75656,12416.03484,14317.07904,8823.02784,0
5488,40900.94712,11953.22304,18046.5714,8616.36204,0
5489,39300.47088,13033.66548,24436.05648,8481.68112,0
5490,38402.62668,16859.23008,28689.42384,10192.03284,0
5491,43053.318,18630.38892,30933.43836,12552.09912,0
5492,43454.09112,19021.06272,31426.32768,10738.71612,0
5493,41722.23924,19539.17064,31708.92252,9137.90064,0
5494,39606.80988,19619.07816,31903.89708,8651.84364,0
5495,35842.67412,19363.4694,31934.65572,8623.65768,0
5496,33573.44364,16919.93424,31295.81268,8582.50404,0
5497,33045.74856,13407.84192,30378.02592,8441.91348,0
5498,32458.89108,11599.39044,29859.1458,8307.21408,0
5499,31937.55576,11157.72768,28979.94924,8263.16964,0
5500,31775.14164,10924.3266,28496.86752,8140.65252,0
5501,31867.15356,11253.73524,28780.60152,8070.19356,0
5502,32370.13956,13953.39396,29368.83972,8364.72912,0
5503,35257.4244,17170.04784,29909.30052,8528.21376,0
5504,40987.22496,16642.81212,28905.89064,9253.92996,0
5505,46643.51472,16290.86448,26981.48376,9666.71376,0
5506,48964.17372,15706.24836,26427.98004,10098.53724,0
5507,51957.97992,14841.7962,25873.57608,10376.10816,0
5508,53104.82364,14983.22628,25333.77132,10544.30124,0
5509,52353.63936,14271.4506,24271.01952,10473.78948,0
5510,52360.33308,15332.86656,25342.21008,10293.93948,0
5511,53813.6214,15565.40436,26490.0768,9628.74,0
5512,54506.22672,16416.7938,26438.42652,9366.86256,0
5513,54183.89724,18989.8236,25371.73584,9266.29308,0
5514,49477.83852,20783.54916,26428.9674,11936.06832,0
5515,49126.77924,22289.11344,29348.94864,15147.54516,0
5516,48146.90892,23823.96588,31439.53032,12777.50628,0
5517,47658.09576,23942.77116,32042.71224,10112.64408,0
5518,46412.13324,23771.7084,31908.56328,9149.11668,0
5519,42891.14676,23146.92996,31576.43676,8406.99552,0
5520,38588.19096,20433.27,31061.65656,8416.35564,0
5521,38314.74372,13921.78128,30526.09164,8067.45324,0
5522,39125.73852,9551.21112,30494.88288,7939.4568,0
5523,38160.62976,8226.60696,30401.28696,7908.64932,0
5524,37617.76656,8138.69364,29897.32944,8096.79552,0
5525,37869.93408,8281.96776,29810.47344,8108.17524,0
5526,39667.64076,9655.42248,29833.33452,8315.09844,0
5527,41123.97432,13870.12704,30441.00708,8219.00904,0
5528,44108.361,14594.04672,31212.28968,8585.96376,0
5529,46657.63212,15781.81836,30439.7544,8833.64328,0
5530,49713.56148,15321.01296,28400.17884,9478.54248,0
5531,52674.73992,15170.54616,27721.98,9812.814,0
5532,53458.2246,17493.55608,25916.48268,9676.72992,0
5533,53236.72464,16155.44172,23641.52208,9674.8344,0
5534,53032.42824,15603.21708,25703.80428,9950.55204,0
5535,53264.35356,16211.85588,28121.8212,9288.46776,0
5536,53754.29796,16298.17596,29695.40508,8714.19648,0
5537,54524.30148,18370.3344,28904.56404,8468.53524,0
5538,50567.9328,20555.74224,28609.02528,10682.61744,0
5539,50281.10472,21448.24044,31837.93668,13212.18492,0
5540,49953.95064,21498.61164,34186.3038,11010.4962,0
5541,49434.33396,21800.54448,34329.37464,9057.51924,0
5542,48043.182,21977.1156,34343.70984,7915.69548,0
5543,45183.14328,20428.37676,32918.02932,7945.41264,0
5544,43239.51984,16720.82808,31468.5624,7950.063,0
5545,41980.67808,12465.4266,30696.14592,7900.629,0
5546,40637.3352,9619.6848,30155.52144,7924.68732,0
5547,38496.74532,9299.09772,30054.23784,7922.6136,0
5548,37037.63844,9115.01184,30143.82228,7907.89428,0
5549,37412.75472,9238.6338,29819.12604,7902.84264,0
5550,39890.92536,10409.388,29664.74544,7899.80796,0
5551,40781.33136,13620.33816,31446.54084,8043.11772,0
5552,43944.3246,14550.48408,32340.7458,8589.207,0
5553,47970.57672,15471.73056,30390.46824,9141.17028,0
5554,52466.1918,14899.48152,26631.88836,9585.43608,0
5555,53368.71804,15183.38184,26245.24188,10191.63024,0
5556,53141.9922,15790.52376,26450.52432,10429.1418,0
5557,52239.19536,14578.97232,25852.61448,10322.45544,0
5558,53452.61724,15180.94776,26424.55464,10199.21364,0
5559,53721.39696,15882.94752,26884.49676,11116.74036,0
5560,53828.26944,16524.22068,27274.6848,11227.26,0
5561,54369.58032,17806.20996,26481.6684,11089.08768,0
5562,50592.55212,20557.779,24436.63992,14413.62516,0
5563,50761.25736,21347.48088,26567.54232,17753.03904,0
5564,49962.561,21840.82032,29964.72732,14325.2472,0
5565,49751.09172,22045.98396,32285.4444,10127.3898,0
5566,47609.5224,21638.16072,32964.84444,10024.8786,0
5567,44563.97352,20371.31448,32457.1302,9940.62828,0
5568,42544.97544,16796.33736,31463.89488,9707.25096,0
5569,41819.5734,12804.25608,30178.64784,8992.81812,0
5570,40664.2434,9855.5424,29885.73588,8778.3564,0
5571,39724.13148,8692.6224,30219.7434,8212.53972,0
5572,38832.39624,8651.7486,30011.91468,8186.53836,0
5573,38834.31156,9002.63232,29679.51096,8211.39528,0
5574,40603.25676,10970.9094,29273.02488,8258.08896,0
5575,41469.44604,14288.07072,30919.1652,8445.64116,0
5576,46431.31416,14076.76512,30765.21756,9059.34876,0
5577,50013.45624,14340.49716,29357.6646,9420.96804,0
5578,52517.27844,13895.34036,28031.86188,9779.61864,0
5579,54536.96028,14807.34156,26092.07172,10154.16336,0
5580,54928.25844,15843.32904,25252.31016,10324.47372,0
5581,54772.21728,14289.00924,24275.53656,10261.38432,0
5582,55253.01804,15243.888,26269.43616,10107.32184,0
5583,56063.96532,15762.21504,28692.12588,9799.22988,0
5584,57566.75496,16122.0576,28633.29612,9493.49148,0
5585,58565.99364,17331.45084,27773.14188,9057.72384,0
5586,54298.90356,19059.60672,28008.72624,11790.48684,0
5587,53590.63908,20322.5814,30422.04132,14335.6026,0
5588,52379.55888,21411.8982,32972.20476,11479.7232,0
5589,51024.01524,21715.75296,33600.21984,9220.81644,0
5590,49288.37628,21779.4654,34408.87692,8254.99884,0
5591,47272.22412,20153.1198,33586.93932,8275.47864,0
5592,44429.03256,17097.39636,32765.03604,8393.65296,0
5593,42299.18352,12326.42664,31658.41932,8429.11344,0
5594,40370.26224,9445.36296,32291.24976,8458.57584,0
5595,39002.70528,8872.05264,32138.18256,8172.82752,0
5596,38395.82868,8713.45332,31718.25624,7967.0052,0
5597,38277.55536,9631.0038,31193.0256,7971.94332,0
5598,39681.82152,11666.3514,30838.8762,7922.94492,0
5599,41521.854,14024.57628,31277.59932,8219.26644,0
5600,46735.73124,14556.33036,30817.09488,8784.75972,0
5601,49251.24072,15097.83396,30973.25616,9343.91964,0
5602,50979.621,15200.93916,30025.0368,9790.8888,0
5603,53724.56628,15694.86468,28655.5368,10078.09176,0
5604,55498.53672,15038.92896,28566.7998,9962.81484,0
5605,54541.92744,14563.6326,27331.6098,9944.38632,0
5606,54509.78676,15171.79488,28807.05696,9809.6856,0
5607,54739.60404,17044.98312,29287.91448,9294.9582,0
5608,54993.77136,17631.13704,29901.25908,8876.95512,0
5609,55293.1632,18359.29128,29817.38628,8316.32076,0
5610,52015.08972,21255.46632,28305.12564,10271.96676,0
5611,52758.92028,21530.26788,31283.70036,12074.18916,0
5612,52917.13152,21338.69628,32619.18,9916.36668,0
5613,51568.68288,20315.19732,33039.09708,8536.40304,0
5614,49376.8506,20966.40612,33334.66356,7769.30616,0
5615,46198.45164,19378.37616,34477.40076,7767.95052,0
5616,42936.47688,18103.437,33314.41344,7849.76148,0
5617,41933.47488,13996.1118,33146.41836,7853.60004,0
5618,41136.33084,10357.84992,32845.33824,7848.53652,0
5619,40274.34576,8989.75836,32276.63076,7841.00592,0
5620,38957.952,8487.3888,32202.33456,7843.86372,0
5621,38641.33812,8449.65792,31544.65512,7739.34348,0
5622,39264.93384,8983.32072,30465.4284,7793.32752,0
5623,40132.35468,9033.387,29880.24864,7956.7818,0
5624,43427.78088,9063.60444,29679.63372,8349.31812,0
5625,46678.54224,8989.3056,29102.21952,8815.5276,0
5626,48609.41184,8957.71272,28683.303,8952.92376,0
5627,50606.88204,9275.28624,28054.67148,9454.78644,0
5628,51549.36732,9886.83696,27570.04932,9671.43672,0
5629,52342.6992,9900.88836,25815.52776,9490.84356,0
5630,52808.80176,9723.86052,25152.06144,9245.56644,0
5631,52538.6532,9294.14772,25960.05852,9049.21644,0
5632,51103.11228,9717.6354,28467.10812,8884.821,0
5633,48936.42732,14252.85972,28608.79296,8665.41852,0
5634,48624.75288,17430.61584,28236.30744,10500.1842,0
5635,52556.46792,16896.3366,30144.92184,13121.0244,0
5636,52505.3298,16761.4524,31741.2216,10693.40052,0
5637,49927.10712,16883.3808,32928.3372,8282.73732,0
5638,47460.30036,16471.3428,32807.73804,7846.44036,0
5639,45591.43512,16710.21396,30467.10744,7850.45052,0
5640,42963.05376,14775.84768,29899.40448,7828.53456,0
5641,40645.50732,12727.9284,29233.28892,7816.82484,0
5642,38966.67852,10909.31028,28590.86736,7759.16856,0
5643,37284.05604,9494.25444,28666.8492,7722.83028,0
5644,35890.16112,8590.06236,28815.59868,7648.85352,0
5645,34738.13376,8252.69412,28866.96252,7672.87224,0
5646,34462.31316,8462.42628,28196.55036,7658.20968,0
5647,34440.5292,7246.41192,28965.07152,7694.38956,0
5648,37029.90192,5299.10436,28953.80664,7994.66976,0
5649,40429.82064,5390.7678,25995.09132,8317.0098,0
5650,44108.13396,5925.4668,22906.13424,8657.55924,0
5651,46595.604,7831.55604,20068.57644,9064.32252,0
5652,48016.61568,8655.09876,19672.554,9723.93444,0
5653,48135.40248,8443.6044,19077.11784,9731.65248,0
5654,47204.71932,7931.3586,18659.81172,9739.38372,0
5655,46359.77148,7484.466,19305.81972,9165.5124,0
5656,45450.28884,8219.09484,20969.50548,8715.87552,0
5657,45748.74348,10119.90804,22575.22212,8652.77028,0
5658,43081.38912,18106.2156,24515.33172,9435.94344,0
5659,45547.26132,19645.30524,28461.3714,11861.31276,0
5660,45358.6848,18300.97236,31658.6952,10245.00048,0
5661,43047.73704,17770.85904,33644.22204,9071.99304,0
5662,41857.959,16990.1754,33424.21632,8252.95284,0
5663,40240.59072,16247.09724,31444.69284,8250.297,0
5664,37770.5592,13945.305,30920.3862,8262.64824,0
5665,35332.25784,12306.2544,30314.80848,8171.3874,0
5666,35339.57724,9354.3186,30047.44248,7947.91008,0
5667,34939.14072,7830.54888,29926.29156,8126.77536,0
5668,34730.14644,7499.28432,29745.65748,8008.93368,0
5669,35408.22912,7694.92812,29606.2338,7927.7682,0
5670,35881.36596,9102.05208,31448.42184,8096.44704,0
5671,38270.82732,11791.34352,32787.64104,8305.87296,0
5672,43587.11808,13234.716,29860.64796,8904.37416,0
5673,47729.63448,14554.81896,28441.51068,9441.47292,0
5674,51728.51772,12815.11704,27805.53996,9827.39472,0
5675,54979.60776,12430.47432,27160.92984,10226.12712,0
5676,54458.8506,14203.26336,26232.89724,10377.65256,0
5677,54017.87424,13264.5018,24631.7082,10308.29184,0
5678,55508.79444,13517.27784,24595.20756,10475.47116,0
5679,56381.556,13663.92852,26226.3012,10126.21896,0
5680,56564.02884,13608.5268,27790.05636,9612.34692,0
5681,56995.60812,14815.40544,28746.58908,9171.789,0
5682,53556.26892,17188.48692,29604.24852,10008.66108,0
5683,54414.72564,17321.12976,32641.8774,12180.3792,0
5684,54180.4164,16853.61876,35054.481,10525.21272,0
5685,53383.077,16355.90616,35707.51008,8849.39748,0
5686,52033.27272,16892.3238,34470.4338,8622.86832,0
5687,48204.5124,17737.01028,32215.70748,8328.2034,0
5688,43741.53564,15804.39828,31022.68488,8294.65296,0
5689,39506.85024,13556.01324,30760.63188,8306.07756,0
5690,36405.61584,12564.74076,30800.2926,8287.95396,0
5691,34459.34316,11728.12872,30742.51884,8288.10444,0
5692,33635.1444,11524.40916,30442.53696,8275.9248,0
5693,33583.29084,12250.38804,30419.80128,8268.17244,0
5694,35841.10728,14005.26996,30181.60068,8281.25232,0
5695,39684.3942,14936.5392,31395.8106,8447.8482,0
5696,47061.4122,12899.37264,31283.64492,8891.3352,0
5697,49433.13012,13654.68984,31081.22556,9527.16204,0
5698,50689.58796,14043.3942,30616.32684,10019.06532,0
5699,52277.1942,15220.83024,29907.42744,10323.86916,0
5700,53208.16116,16867.16064,28595.61672,10419.53616,0
5701,52320.90732,14852.7654,27647.961,10463.13048,0
5702,52512.61752,14574.89352,29325.71664,10326.2742,0
5703,52271.47728,15362.23128,30713.9448,9982.20432,0
5704,52105.29984,16566.99132,30763.52136,9522.64236,0
5705,55035.56916,17242.41024,27857.86212,8944.15104,0
5706,53637.33144,18359.4906,27291.8184,9942.64128,0
5707,52618.6716,21332.00652,30059.16672,12101.85768,0
5708,53622.70848,20105.2104,32249.11404,10714.5654,0
5709,52287.23808,19362.44244,33688.76016,8838.19728,0
5710,50685.2346,18680.92908,34439.30952,8343.95496,0
5711,47727.40896,18684.10896,32142.39204,8255.14272,0
5712,43311.0282,15989.50188,31520.64168,8172.83148,0
5713,38665.22484,14611.20804,30619.59252,8165.29164,0
5714,35470.93308,13471.95564,30310.22148,8165.45268,0
5715,34179.86484,12089.55528,30306.64824,8178.19728,0
5716,34014.8292,11193.95904,30053.727,8215.28136,0
5717,34239.63312,10943.92464,30599.10876,8229.71688,0
5718,36109.95432,12269.21388,30776.78472,8240.23992,0
5719,38705.58516,15172.97892,31364.01708,8412.98436,0
5720,43789.82256,14643.7764,31021.90608,8903.31552,0
5721,46551.16092,14857.01712,30886.53348,9380.7582,0
5722,50540.32368,13689.14448,28557.84888,9756.78396,0
5723,52366.30872,14926.36332,27349.40736,9955.19448,0
5724,53079.8532,16149.80664,26271.53892,10097.96436,0
5725,51801.54936,14650.32756,24961.52472,10065.70356,0
5726,52550.23092,15113.15916,25402.02588,10089.98628,0
5727,53237.778,15041.47392,26330.39376,10051.34856,0
5728,54882.25248,14390.1384,26837.18796,9429.91632,0
5729,59316.9918,14802.37308,25844.3724,8743.27212,0
5730,55904.63076,17385.4362,26436.2736,9827.235,0
5731,55626.60444,18543.558,30954.22044,11877.3138,0
5732,55337.80428,19364.47128,31274.55144,10536.43272,0
5733,52877.682,20851.21632,31572.75528,8496.90468,0
5734,50004.0024,20691.726,32414.08632,8322.18156,0
5735,46584.4104,19402.91496,32763.10884,8254.11444,0
5736,42515.01144,16359.4266,32721.11172,8175.97572,0
5737,38677.46388,14584.53876,31717.80876,8169.25032,0
5738,35559.82584,13431.34188,31504.85052,8120.90664,0
5739,33962.84232,11978.07732,31691.52756,8135.36196,0
5740,33318.7866,11321.72316,31743.29136,8097.01596,0
5741,33458.26308,11697.90072,31365.81756,8059.49892,0
5742,34261.35768,14553.99528,31090.818,8015.0598,0
5743,36971.06688,16925.69868,31781.1252,8254.39824,0
5744,42206.15784,16220.20092,30442.434,8846.42484,0
5745,46170.8016,15949.63524,28875.41448,9380.83212,0
5746,49044.5934,13761.77748,28467.7536,10101.51384,0
5747,51612.53592,13722.31476,28149.89892,10256.65476,0
5748,52463.48052,14134.62468,28036.45152,10256.57292,0
5749,51370.88088,13843.467,26167.50972,9963.75468,0
5750,51597.447,14612.60988,27126.75108,10014.69216,0
5751,52230.57972,15768.84144,27859.4316,9837.16404,0
5752,53210.99124,16390.38588,28822.36368,9132.5124,0
5753,55424.1666,17644.05456,28022.74992,8739.72528,0
5754,52563.82164,20174.15136,28239.9678,9661.64628,0
5755,52756.9482,20415.35628,31684.1382,11810.16144,0
5756,52531.86312,20211.78324,33691.71696,10241.81928,0
5757,50902.15944,19941.86304,34333.99728,8914.4814,0
5758,49081.69464,20300.9202,35031.38232,8244.2052,0
5759,46053.55656,20073.4776,33644.67084,8222.6826,0
5760,41978.1912,19437.86196,31100.85264,8136.92616,0
5761,39420.55128,16331.4624,30357.04188,8091.89568,0
5762,36613.62936,14866.12116,29946.9654,8051.4258,0
5763,35068.83996,15148.27512,28342.27308,8060.99844,0
5764,34535.787,14149.36776,28280.72412,8100.84528,0
5765,35002.80564,13948.04532,28240.55256,8068.70856,0
5766,36338.48592,15911.77896,28236.6084,7929.0618,0
5767,37512.68796,17160.70884,31338.62556,8012.17032,0
5768,41578.5282,17170.84644,31429.75968,8613.2574,0
5769,45379.07484,17680.02324,30438.00012,9200.9346,0
5770,48729.5754,16199.35944,30067.2636,9746.187,0
5771,51442.776,16421.14056,28796.7702,10044.57432,0
5772,52526.41944,16676.17116,28301.27124,10018.07928,0
5773,51914.36844,15828.0408,25927.83336,9866.46012,0
5774,51654.306,16399.64964,27100.53456,9698.95344,0
5775,51913.78632,16222.84356,28238.65176,9432.59724,0
5776,51196.34124,16574.3094,29568.39732,9039.28344,0
5777,51285.15612,18023.86344,28798.6842,8491.86228,0
5778,50094.02112,21065.05236,27849.99624,9599.41488,0
5779,50696.00052,20917.20708,31663.87884,12071.15184,0
5780,49605.55248,21853.09104,33694.39788,9799.17048,0
5781,47687.81028,21460.15212,33976.7406,8847.036,0
5782,44979.54912,21228.6822,35706.40788,8051.14992,0
5783,42332.54784,20214.97368,35572.80144,8041.93632,0
5784,39711.33276,17875.80432,34406.7108,8046.23952,0
5785,37395.89964,14474.71872,33725.60664,8090.28396,0
5786,36157.18788,12281.09784,32517.73932,7977.76584,0
5787,34925.10252,11262.57,32279.45028,7811.00364,0
5788,33812.64216,10731.3096,32552.7774,7733.94204,0
5789,33711.63312,10904.25864,32222.94108,7663.57416,0
5790,34304.88468,11510.47788,31377.53916,7575.90768,0
5791,35114.74692,12758.5986,29541.79272,7770.6684,0
5792,38188.56888,12900.45504,28892.80416,7808.0244,0
5793,40387.44732,13206.26208,28665.35892,7700.62788,0
5794,42527.96328,13304.32752,26895.02376,7890.80952,0
5795,45366.51768,14412.27084,23859.1122,8295.8898,0
5796,47453.93796,14672.67516,21860.6718,8637.54144,0
5797,47174.93088,14668.8432,20857.617,8500.3182,0
5798,46300.54704,14621.02092,20781.36852,8297.9886,0
5799,45558.80076,14382.36492,21234.14436,8074.0242,0
5800,43072.27848,15113.49312,22275.55308,7747.5222,0
5801,43729.22268,16072.89024,23323.08792,7376.91504,0
5802,45938.32188,18485.88192,24295.6296,9582.16908,0
5803,49000.97928,19798.9374,28391.88,12017.2536,0
5804,47880.66096,20399.48724,31176.65496,8875.18764,0
5805,43476.95616,20514.51864,32796.8058,7259.0364,0
5806,40383.14148,19061.097,33811.62048,6793.82352,0
5807,38365.6878,17541.72552,33514.70232,6672.65016,0
5808,36436.1448,16642.07688,32092.13832,6577.04652,0
5809,33568.55304,14754.39768,32119.44384,6656.30196,0
5810,32588.49792,12003.3408,31993.04856,6670.69128,0
5811,31931.9946,11266.0482,31328.65296,6588.38928,0
5812,31526.0748,11126.43444,30559.90212,6238.78992,0
5813,31246.67436,11288.55948,29769.55872,6173.95548,0
5814,30733.8372,11568.34536,29442.66996,6107.9568,0
5815,31276.971,9535.65228,29622.31008,6233.69076,0
5816,33812.56164,8862.26748,26887.5222,6550.24128,0
5817,37167.603,10136.5572,20739.1932,7561.44444,0
5818,41381.64492,10816.01664,16248.8832,7831.71972,0
5819,43469.59452,11932.06212,14683.482,8163.6984,0
5820,44697.5364,12651.97692,14635.91184,8428.827,0
5821,44908.45788,12850.53,14448.8982,8231.54508,0
5822,44107.31556,12342.27852,14811.99324,8093.14176,0
5823,43220.63592,11806.872,15970.22856,7774.41456,0
5824,41721.97128,12062.9454,19010.42088,7305.32748,0
5825,41181.49332,13465.14972,22782.43968,6862.86216,0
5826,41523.306,17235.97788,25172.64684,8483.93964,0
5827,44282.77524,19871.62056,28893.37836,10328.7492,0
5828,43611.87204,20412.29388,30936.37668,8524.6656,0
5829,41532.60672,19937.88324,32661.80808,6927.66624,0
5830,39594.77808,18398.30784,34553.9436,6512.3784,0
5831,36978.30312,17972.328,33916.542,6497.06508,0
5832,33898.6164,17224.3698,32364.9744,6446.13948,0
5833,30967.67916,16325.05908,31791.28788,6018.73536,0
5834,29336.1354,14698.20264,31739.39472,6025.602,0
5835,28857.06384,13657.03152,31442.47656,6012.20004,0
5836,28409.0532,13211.385,31569.7272,6014.1708,0
5837,28674.723,13470.10104,31580.68188,6005.89176,0
5838,30532.62036,15589.12212,31138.03572,6002.28816,0
5839,33070.40748,17037.21096,32557.08324,6210.86664,0
5840,37971.66912,16222.55976,32255.23752,6856.8786,0
5841,40695.6264,17047.39476,32580.8604,7486.44204,0
5842,41534.47188,17380.59972,33625.76448,8105.77284,0
5843,43991.85384,17641.77492,34432.3386,8588.8176,0
5844,46212.68916,17866.20528,33460.11108,8874.02868,0
5845,45990.77604,15910.19892,32287.31748,8929.57956,0
5846,46576.18284,16968.6264,32870.0592,8871.2052,0
5847,47897.93052,17814.78996,32070.6936,9151.1904,0
5848,49854.48336,17378.93652,31030.53756,8781.05844,0
5849,52450.94712,16807.28676,30228.297,8586.03636,0
5850,48746.45688,19028.49168,31109.97252,9715.5366,0
5851,50177.47548,18899.69796,33804.1572,11458.88832,0
5852,51393.24036,19193.99592,34409.26368,9892.61196,0
5853,50612.47884,19300.248,34473.93972,8928.92616,0
5854,48018.3462,20327.98284,34657.60848,8352.77256,0
5855,45657.77568,19107.16104,34351.0332,7852.35,0
5856,43109.41008,15209.35944,33318.02892,7924.08144,0
5857,40548.77244,13025.80752,31546.31172,7865.2596,0
5858,37103.05368,12499.113,31516.29096,7844.1066,0
5859,33741.18264,12274.56648,32327.08644,7898.4378,0
5860,33679.008,11332.79664,32419.98804,7644.03024,0
5861,33560.36376,12222.81588,32038.0368,7569.8106,0
5862,34516.32624,14101.48608,32285.59752,7544.59728,0
5863,36381.17868,16556.17524,33140.4282,7748.49372,0
5864,41175.33948,16646.61504,32058.79776,8392.73556,0
5865,43538.22792,18164.76288,31282.8582,8927.36724,0
5866,46436.97696,18150.3696,30600.01428,8944.70016,0
5867,49460.12148,17380.2024,29658.25632,9375.135,0
5868,50073.13476,17484.39,29415.1308,9479.15364,0
5869,49200.25176,17373.1602,27691.1844,9386.69556,0
5870,49047.56472,17295.8478,30766.17192,9291.03648,0
5871,48418.97412,17760.99072,33251.10888,9175.93908,0
5872,48540.95136,17858.31696,34433.20584,8531.75532,0
5873,50499.24528,17451.81504,34594.5798,8038.08984,0
5874,48958.19148,18948.4152,33905.01708,9137.54028,0
5875,50054.17296,20280.39552,35747.62884,11066.66484,0
5876,50871.78228,20825.81292,35816.86284,9616.73196,0
5877,49722.8094,21464.85396,35512.323,8345.89404,0
5878,48128.9358,20850.3306,36105.84912,7679.25048,0
5879,46727.87724,18522.84984,34768.55448,7522.5744,0
5880,44205.27408,15247.28832,33487.38756,7456.26288,0
5881,39919.2288,12847.82268,33334.9632,7708.45284,0
5882,37414.29252,11757.07764,32248.06068,7831.296,0
5883,35079.16632,11758.18116,32350.97712,7656.54648,0
5884,34247.59932,11743.743,31933.14564,7623.29172,0
5885,33684.81996,12504.52632,31914.48612,7584.55764,0
5886,33930.82572,15120.25284,32079.3066,7625.88288,0
5887,35931.72,17635.25016,32803.1154,7478.17488,0
5888,41216.78616,15999.07188,33046.40196,7886.7624,0
5889,44595.78948,15944.50572,32145.19968,8829.58032,0
5890,46435.6068,15400.78452,32383.16664,8891.9226,0
5891,48195.807,16202.87592,31921.37388,9172.2642,0
5892,49044.70296,17455.76976,30039.1872,9297.76188,0
5893,48284.14536,17042.03424,27741.5622,9321.67632,0
5894,48981.47496,17343.4734,28911.38844,9388.22412,0
5895,47148.75264,18276.32268,32984.53752,9390.22524,0
5896,46622.37624,19309.9764,34123.76484,9070.47768,0
5897,48586.64976,20486.0502,33296.86272,8449.6236,0
5898,48941.47632,19268.31192,34263.89736,9439.23816,0
5899,50774.9088,20506.54716,35688.96144,11418.0132,0
5900,51709.60212,21746.97228,35050.87344,10032.34848,0
5901,50870.1402,21391.54776,35600.19276,8217.17292,0
5902,50062.98264,20474.41044,35833.1094,7676.18808,0
5903,46394.21952,19435.22328,35060.90148,7759.7916,0
5904,43139.6328,16568.57004,33744.66084,7687.94004,0
5905,40374.378,13437.53664,33623.90196,7577.1168,0
5906,37554.4818,12697.40076,33289.85484,7513.77,0
5907,35869.86876,12217.78668,32858.62932,7493.38656,0
5908,34288.06524,12286.84644,32989.32516,7658.34036,0
5909,34291.22004,13212.38556,32336.72508,7477.10304,0
5910,34900.3578,16069.03056,32043.81048,7527.70524,0
5911,37270.22904,18485.8542,32440.683,7460.18328,0
5912,44535.50376,16941.41592,29292.24672,7916.70792,0
5913,47026.9998,16372.24644,29755.47168,8632.67724,0
5914,47936.51808,15791.76456,30706.05648,9078.70392,0
5915,48970.08468,16735.41276,31361.25168,9422.78172,0
5916,49827.11316,17091.14616,31074.09888,9659.74416,0
5917,48544.78596,16218.87036,30469.55604,9721.00272,0
5918,50384.41056,16898.145,30864.9726,9512.74236,0
5919,52022.17152,18378.50784,30445.07796,9093.35592,0
5920,51678.08448,19223.05836,30688.9902,8719.2006,0
5921,52917.18828,19584.74232,30697.58076,8148.01152,0
5922,51262.20924,19957.0998,31921.12044,9087.19284,0
5923,52307.16348,20450.65836,35010.09468,11289.15084,0
5924,52484.84868,21594.0648,35062.48548,9627.39756,0
5925,51425.8206,21534.6582,35869.89648,8045.18748,0
5926,50439.4506,21082.99116,35626.37364,7642.06476,0
5927,46616.36232,21249.77184,34752.30264,7529.59152,0
5928,44500.27428,17749.63608,33440.60016,7500.98712,0
5929,40850.8782,15067.44492,32675.04768,7480.61556,0
5930,37571.75136,13996.30056,32157.97464,7515.85692,0
5931,34639.60236,14090.15652,32274.04488,7542.8628,0
5932,32933.3466,14486.89044,32017.81836,7556.32416,0
5933,32702.3928,15324.00936,31415.2344,7545.79716,0
5934,32740.79424,18045.489,32032.2684,7483.5816,0
5935,35726.6844,18976.90872,33150.17904,7409.22732,0
5936,43242.44364,16274.87664,32618.18604,7603.77948,0
5937,49027.60236,15011.10336,30347.52732,8259.09612,0
5938,50840.526,14862.19944,29757.8292,8988.4674,0
5939,52826.60196,15746.4186,29729.59308,9559.49016,0
5940,52511.62884,17191.8582,29888.232,9969.32112,0
5941,51677.89176,17374.62012,27940.21032,10156.39548,0
5942,52600.95852,17746.76772,29013.13404,9999.5346,0
5943,53989.4454,18459.2232,28577.12484,9878.74668,0
5944,54398.652,18698.71872,28350.3132,9266.73264,0
5945,55196.5392,20311.56864,26944.4604,8398.16868,0
5946,53703.55056,20711.2818,27065.6166,9630.82956,0
5947,53521.92648,21237.876,30402.87756,11667.40476,0
5948,52839.66204,20925.7026,32012.32188,10281.72024,0
5949,52005.18708,20908.37496,31917.6066,8426.88396,0
5950,49860.8484,20406.177,32561.12904,8377.19652,0
5951,47206.5924,19658.33496,31675.45524,9128.4204,0
5952,44562.92148,17865.0912,30232.22532,9238.40808,0
5953,40121.11356,15879.9432,29398.57668,9341.79048,0
5954,36441.23076,15581.69184,28678.25532,9358.80528,0
5955,33732.52476,14720.18328,28794.8628,9366.80316,0
5956,33106.7088,13637.71068,28534.73568,9351.4608,0
5957,32756.80848,13613.25372,28183.70148,9325.0344,0
5958,32959.34796,13843.29144,27872.75964,9238.68,0
5959,33869.84832,14180.76,27752.99604,8520.69504,0
5960,37956.37296,13331.439,27153.8124,8376.027,0
5961,41050.12956,13267.14444,26515.45116,8386.82064,0
5962,44164.49796,13185.7506,24310.10076,8813.541,0
5963,46229.19576,13355.68344,23208.5436,9306.0066,0
5964,47413.58556,13664.94492,22553.2956,9363.19296,0
5965,46876.9884,13722.01116,21436.61388,9299.97948,0
5966,46220.03892,12987.2952,21543.28176,9080.47272,0
5967,44469.282,12892.52976,22981.87716,8818.61508,0
5968,42727.67664,12416.51268,25872.09636,9302.43204,0
5969,44399.79984,15399.15564,24016.66212,8744.38092,0
5970,46066.21008,18392.53416,24694.66956,9782.78004,0
5971,48007.42188,19274.06448,29067.3636,12184.5504,0
5972,48588.804,19404.42108,30042.1836,10249.19808,0
5973,45596.81676,19240.98528,31102.25448,8428.992,0
5974,42861.11148,18814.02072,31966.25652,7895.99184,0
5975,39953.0076,18119.77728,31524.04728,7844.20164,0
5976,37155.46428,16434.4092,31359.73236,7869.40044,0
5977,33740.27976,15443.75316,30317.4234,7869.26844,0
5978,30926.7552,14420.42844,30181.39476,7800.27336,0
5979,29357.20524,12933.00096,30227.08656,7790.0988,0
5980,27898.87584,13070.43408,29614.94712,7703.89488,0
5981,27480.17712,12713.29884,29289.4668,7611.0012,0
5982,27540.2424,12065.02308,29269.5414,7467.88812,0
5983,28617.53268,10735.23528,28177.19124,7718.865,0
5984,32177.1186,9799.548,26121.31104,7746.62196,0
5985,35344.21704,9907.60584,22560.57408,7934.9226,0
5986,38959.73664,11250.47748,17449.14204,8431.68084,0
5987,41891.17812,12055.21944,15255.20832,9044.59512,0
5988,43765.19928,12133.54824,16192.869,9114.60792,0
5989,44133.69576,11927.75496,16387.93332,9024.31332,0
5990,43622.28552,11464.36632,16259.60028,8716.52364,0
5991,41962.49508,11128.98468,17789.18988,8396.88432,0
5992,39589.9086,12915.17964,20262.84744,8002.0182,0
5993,36981.47244,14031.91548,25939.41108,8004.01404,0
5994,35940.35808,18077.46732,29223.2094,9327.50412,0
5995,40118.66364,19395.5058,30686.25516,11825.13948,0
5996,40749.8586,20428.59456,31184.69772,10195.97436,0
5997,39997.03356,20871.54564,31544.9178,8026.85268,0
5998,39188.31048,19811.33616,31556.57736,7928.31204,0
5999,37044.53544,18813.21024,30943.05588,7833.2166,0
6000,35450.35692,16176.4482,30585.45996,7883.865,0
6001,31957.431,15351.8838,30643.43964,7911.97308,0
6002,30271.00164,14868.69912,30013.6056,7763.87964,0
6003,29155.58184,14915.67528,29183.83776,7687.37904,0
6004,28847.62848,14440.71156,28818.24528,7672.25844,0
6005,29587.71024,14184.68304,28907.85216,7686.61476,0
6006,32796.9114,14188.66416,29347.32372,7636.29504,0
6007,37056.44184,13827.84612,31439.03928,7494.17328,0
6008,40623.24816,14791.39464,31100.5266,7903.5,0
6009,42913.14324,16115.74272,31190.8146,8604.80412,0
6010,45292.22676,16054.90524,30497.4054,8999.3838,0
6011,47825.0124,15693.61068,30303.79572,9441.55212,0
6012,49012.77744,16398.50916,30239.53944,9659.133,0
6013,48197.40552,15130.40892,29731.81992,9785.37516,0
6014,48584.54172,16570.15668,30296.0856,9916.05912,0
6015,49945.20828,17997.78684,30943.06512,9714.02388,0
6016,51200.90448,18536.98968,31472.3574,9184.57188,0
6017,53033.58324,18770.3142,31620.73332,9080.53212,0
6018,49371.729,18844.58664,32746.51776,10834.32636,0
6019,49840.21284,20988.69036,33668.44272,13360.03152,0
6020,50354.58912,22118.45988,34861.19472,11453.69016,0
6021,50478.05928,21503.36892,35445.06768,9494.0208,0
6022,49742.517,21085.40148,35974.719,8166.18,0
6023,46335.05052,20059.644,35811.21852,8083.76052,0
6024,41527.34124,18904.90008,34656.84552,8040.39324,0
6025,36459.24348,18553.54116,33361.35,8068.14492,0
6026,34097.17872,17149.70268,32633.68416,8078.1558,0
6027,32216.24208,16407.1446,32176.98132,8133.20376,0
6028,31763.82924,16315.83096,31060.17156,8198.4606,0
6029,32062.90956,16556.00892,30724.13784,8187.31716,0
6030,33222.41868,17751.06432,31296.11892,8199.07968,0
6031,36024.9714,17975.10924,32964.30852,8464.81152,0
6032,39641.91528,18319.16724,33550.04796,9070.29816,0
6033,43517.265,17892.8772,34205.556,9757.9614,0
6034,47716.2576,18145.22688,31322.3922,10076.9592,0
6035,49583.03064,18674.53896,31191.26208,10393.57836,0
6036,51673.32324,18875.28588,28942.78332,10460.21724,0
6037,50725.01676,18046.16748,28055.17704,10357.6242,0
6038,52071.88932,17652.33888,28564.00668,10660.47048,0
6039,53698.79328,16451.61804,29100.5022,10406.91432,0
6040,54980.84196,16753.968,27320.06376,10003.9434,0
6041,56069.76012,18457.66824,25791.6384,10542.50472,0
6042,51546.41052,20826.93228,24286.51764,13415.20356,0
6043,51854.32296,21636.417,27388.23648,15594.58428,0
6044,51820.10592,22140.48012,31047.35172,13349.05572,0
6045,51628.05384,22184.64864,33504.0222,9866.14068,0
6046,50352.12336,22235.23764,34585.7754,8512.16124,0
6047,46265.57892,21667.5822,34245.25368,8188.47744,0
6048,42443.01204,18703.04436,33953.64192,8103.45888,0
6049,37714.11996,17080.22844,33295.3236,7751.29872,0
6050,33843.39684,17231.74728,32259.0246,7779.3474,0
6051,31492.56,17688.55572,30781.75716,7770.00972,0
6052,30769.76496,17877.3276,29645.9196,7766.97372,0
6053,31044.05304,18052.10616,29368.14012,7773.6384,0
6054,33140.26056,19450.54452,28815.10104,7739.23128,0
6055,36133.89516,18838.72848,31107.09624,7954.6764,0
6056,39500.33076,17745.41736,33105.41784,8670.50844,0
6057,43841.92032,17028.16632,30854.51556,9325.05948,0
6058,47430.64524,17402.12364,27116.82468,9600.51972,0
6059,49524.8094,17951.5182,26145.48024,9992.40924,0
6060,50942.0142,18605.23896,25444.51272,10239.35748,0
6061,50614.71492,17078.80812,24552.75768,9883.104,0
6062,51480.18216,16599.34056,26452.59144,9965.3664,0
6063,51968.17956,16409.50872,28951.08744,10041.52248,0
6064,51408.5418,17038.2102,29818.05684,10659.15576,0
6065,53390.469,19608.61188,27076.22676,10950.6936,0
6066,50854.29228,20819.0532,26272.19628,13434.31452,0
6067,49961.07864,20369.7054,30733.01088,16431.19368,0
6068,50357.85612,20570.84832,33508.33992,14067.79704,0
6069,50286.33456,20262.18348,35030.09796,10858.07052,0
6070,49438.62396,20784.0996,35392.13964,9284.03916,0
6071,45417.88416,21232.87188,34294.36296,9224.51244,0
6072,41614.55496,20533.0488,33047.85,7999.5366,0
6073,37080.41964,19107.92928,31687.75104,8286.79896,0
6074,33425.07828,18606.4362,31220.16348,8280.10788,0
6075,31278.40452,17373.85188,31503.94104,8252.85912,0
6076,30689.37432,16073.60436,31838.60856,8237.09964,0
6077,30623.61192,16356.36816,31838.631,8226.5436,0
6078,31496.22828,18706.39716,31856.97636,8247.51312,0
6079,34222.39788,19612.30392,32606.23476,8433.4998,0
6080,40835.19396,18001.82472,32417.70048,8740.35888,0
6081,45293.24184,15139.96968,33377.421,9304.32492,0
6082,49046.8704,13260.48636,31777.47012,9891.41472,0
6083,51998.55936,13726.01604,29784.79548,10323.2448,0
6084,53603.73612,14285.07168,28214.57232,10542.10608,0
6085,53483.88936,13411.16568,25982.34012,10740.59184,0
6086,54529.55772,14417.16936,26443.82796,10554.72792,0
6087,53970.3648,15751.10988,28931.08548,10284.52656,0
6088,52935.94152,17181.24012,30945.38436,9660.50448,0
6089,53531.03448,20100.26568,30131.5146,9430.6278,0
6090,51373.52748,21135.57468,28910.64264,11247.84276,0
6091,52018.93224,22373.56572,30798.57792,13279.51152,0
6092,51942.47388,22314.93,33890.25816,10730.34336,0
6093,50610.7866,21997.48848,35705.21064,8787.1476,0
6094,49291.81224,21920.9958,35813.52192,8508.80184,0
6095,46563.4158,21528.3618,34852.33224,8362.8336,0
6096,41834.56464,20570.0286,33530.48028,8255.55984,0
6097,36605.81628,19910.39556,32612.2764,8090.29188,0
6098,33042.10932,18082.40148,33673.83888,8029.2498,0
6099,31652.6298,16092.3312,33255.18504,8220.51648,0
6100,31447.29456,15313.64604,32643.33468,8229.37764,0
6101,31322.65356,16375.32468,31850.22324,8190.17232,0
6102,32245.67148,17662.6032,32356.29408,8222.2668,0
6103,34424.64036,18880.9698,33128.90724,8385.861,0
6104,39730.80672,17591.86836,33257.17824,8687.73708,0
6105,44076.10812,16699.61832,32845.39236,9218.45232,0
6106,47410.77,15822.79776,31194.30072,9733.78296,0
6107,50721.14388,16310.56548,29178.20928,10072.161,0
6108,52441.50912,16630.85556,27606.32688,10244.27316,0
6109,52192.43964,15857.31048,25069.97328,10194.08676,0
6110,52183.26828,15453.50136,27393.89136,10029.15672,0
6111,51077.76432,16270.57476,30295.55232,9688.69308,0
6112,50056.78788,17935.83264,31410.45864,9262.75152,0
6113,51865.077,19968.75276,29242.95924,8983.42236,0
6114,50952.07128,20298.02544,29432.92176,11164.04652,0
6115,51361.09836,19700.58288,33685.87068,13048.86,0
6116,51585.35316,20283.22296,35514.26076,10543.60164,0
6117,49627.88028,20972.02536,35974.94604,8466.86544,0
6118,48422.53416,21094.91472,35408.9472,8096.7018,0
6119,45332.17524,20682.0108,35363.46396,8090.35392,0
6120,40492.16556,19882.29276,35233.03608,7968.90996,0
6121,38705.73432,17180.98536,34498.40856,8008.44528,0
6122,37148.76396,15534.85032,33348.06156,7985.34924,0
6123,34882.28304,14865.1998,32881.47324,7986.43692,0
6124,33010.93884,15331.81584,32495.892,7962.08292,0
6125,32543.22588,15663.20052,31665.75984,7937.09928,0
6126,32640.2472,15953.4078,31504.50732,7854.32604,0
6127,33272.72916,15342.4788,31535.25408,7896.10668,0
6128,34018.15032,16224.34044,32335.29552,7700.10648,0
6129,36854.8818,16938.40764,30772.896,7445.84808,0
6130,40590.74052,16180.12308,27877.04832,7851.64116,0
6131,44082.1722,17330.2866,24288.94908,7983.27684,0
6132,45958.87428,17845.04568,22917.477,8141.04852,0
6133,46232.50764,17628.27528,21706.31496,8242.05096,0
6134,45022.62732,17378.955,21762.09816,8040.99516,0
6135,43399.70316,16308.83628,23900.5602,7769.36952,0
6136,42685.74288,15359.73648,26579.91732,7656.03696,0
6137,44664.25524,17148.65196,25988.74476,7564.6362,0
6138,46865.25756,18698.40852,26870.41764,9402.13956,0
6139,48411.77484,18373.179,31623.68748,12484.5336,0
6140,48018.70392,18841.96644,34240.83168,9914.73648,0
6141,46676.96484,19005.92232,34650.5412,6655.04928,0
6142,42645.12252,18438.62724,35691.315,6532.67604,0
6143,37982.69376,19094.29764,36001.9968,6523.2354,0
6144,36650.823,17383.23576,34807.96704,6419.09532,0
6145,32978.88528,16574.83872,34468.01424,6418.071,0
6146,31256.55324,15087.50892,33975.75852,6506.77764,0
6147,28915.84212,14539.00536,34182.55368,6561.20124,0
6148,27874.15356,13867.88436,33959.39712,6559.89048,0
6149,28142.97024,12161.82132,34270.44192,6590.56068,0
6150,28764.71664,11471.8758,33602.37408,6539.65224,0
6151,29547.95184,11530.95768,31394.92224,6284.10156,0
6152,32165.58972,11732.07156,27598.2432,6658.88124,0
6153,36056.34912,12691.24296,22443.828,7116.16224,0
6154,39008.52516,13237.97772,19190.81208,7654.65624,0
6155,41613.95568,13834.2798,17291.01132,8221.12764,0
6156,43408.11288,14303.67048,17684.44128,8537.42208,0
6157,42962.3898,14641.6446,17644.24596,8524.10988,0
6158,42019.66824,14266.23132,17493.64584,8252.17932,0
6159,40919.18952,13530.00792,18799.99572,7712.42472,0
6160,39354.69384,13479.09948,22020.49212,7207.46004,0
6161,39749.29068,15356.30448,24766.25184,6868.2174,0
6162,38547.81744,18173.77848,31052.37432,8264.2296,0
6163,40930.59036,20289.69888,34833.38628,10001.26776,0
6164,42367.89876,20880.18768,35743.39164,8277.22236,0
6165,42149.68428,20473.56696,36238.18308,6559.83768,0
6166,41415.29832,19715.47116,35963.30232,6273.73428,0
6167,38352.90756,19141.64208,35943.57492,6353.0346,0
6168,35721.88488,17533.76592,35047.85856,6308.115,0
6169,34269.73968,14718.63888,33816.34872,6190.24296,0
6170,32916.82548,13087.64424,33934.27356,6176.16516,0
6171,31463.2956,12470.6472,33746.67516,6182.9262,0
6172,31286.01696,12162.8232,33231.2508,6165.44148,0
6173,31843.04904,12294.00084,33004.55268,6154.43928,0
6174,32686.70064,14552.61984,33272.80836,6132.25272,0
6175,35378.83668,15351.5802,34347.32664,6433.61004,0
6176,41162.27808,14238.05856,33586.43112,7117.84788,0
6177,45677.80272,14146.47432,32898.72432,7909.05984,0
6178,49656.09396,14682.21216,30173.74404,8244.84276,0
6179,51648.27096,16042.5276,29625.74076,8611.6998,0
6180,52277.00016,16256.30028,30363.31716,8936.52804,0
6181,52094.07984,15502.29648,28345.41204,9091.8564,0
6182,52410.56568,17032.10388,28406.37624,9642.52476,0
6183,51840.99492,18540.09036,31101.1668,9427.15884,0
6184,50685.51312,20835.30108,32398.92084,8935.52088,0
6185,50095.71864,22359.33084,33530.90532,8755.66824,0
6186,47395.45932,22918.95408,33428.87724,10025.25084,0
6187,48875.11596,22699.67568,34840.86144,12082.00488,0
6188,50750.52312,22721.27484,35946.92112,9613.99824,0
6189,50825.36712,22635.47088,35387.76516,8431.03404,0
6190,49483.6056,22377.37392,35927.3112,7755.0858,0
6191,45616.0452,22147.51968,36078.77592,7571.91864,0
6192,42226.64424,19435.45956,35240.04264,7596.54588,0
6193,38021.89512,17676.04476,33572.3454,7555.40148,0
6194,37300.3422,15441.38112,32247.0918,7582.83108,0
6195,36393.43224,13890.76392,32098.54032,7586.30796,0
6196,34997.95332,13635.2964,31969.24764,7590.61248,0
6197,34929.68292,14215.90764,31753.689,7557.80388,0
6198,35738.23704,15730.35684,31613.42448,7557.99264,0
6199,38388.79176,16368.34584,32577.70296,7838.5428,0
6200,43946.30592,14879.64984,32765.9904,8442.86388,0
6201,47293.2306,15714.90756,33047.58468,9087.62976,0
6202,49148.21604,16421.68308,32358.49188,9620.061,0
6203,52054.54716,16450.79172,31441.47732,10372.35408,0
6204,52970.36184,17098.86288,30382.66044,10512.68988,0
6205,51837.55368,16974.47532,28287.98016,9852.10512,0
6206,52530.09564,17763.62016,28958.56524,9744.735,0
6207,53951.46108,19066.22652,29473.35072,8891.37348,0
6208,54317.86668,19196.34552,28918.72236,9704.2836,0
6209,55090.59204,20731.9464,27060.67584,10090.96704,0
6210,52882.62936,21863.0742,25598.64648,11835.25596,0
6211,52065.68664,22327.86996,28902.7398,13936.9692,0
6212,52522.24956,22583.31504,31340.05248,11829.48492,0
6213,50879.25348,22796.56368,32590.11888,10145.90412,0
6214,49326.3078,22730.29176,33422.19012,9252.39876,0
6215,46115.49756,22364.3376,33760.84008,8550.94812,0
6216,42160.25088,20727.5574,32763.03096,8175.46488,0
6217,38176.76016,20281.45284,31380.31908,7559.33244,0
6218,36230.60496,17452.37076,31406.04258,7582.81788,0
6219,35609.03412,15212.96964,31258.68372,7580.46036,0
6220,35252.05332,14450.12052,31032.4014,7583.81844,0
6221,35658.12624,14523.67356,30780.47874,7599.18456,0
6222,35853.04536,17149.21164,30560.1351,7638.58128,0
6223,37756.3692,17735.92392,32688.97632,7898.61072,0
6224,42540.7554,17261.11332,32956.87494,8467.65876,0
6225,45863.27328,17388.3006,32553.87564,9099.37908,0
6226,47107.57788,16992.77316,32059.46238,9609.93528,0
6227,49620.87636,17713.38756,30403.75338,9871.92228,0
6228,51548.4222,17757.19176,28693.02942,10076.60676,0
6229,51025.14252,17261.37072,25583.5173,10065.15048,0
6230,52800.26136,19464.95892,24530.30052,9900.2508,0
6231,53864.679,20421.88632,24843.08772,9850.97388,0
6232,52678.25244,21005.82792,26457.32826,10465.5738,0
6233,53699.18136,23491.12524,24707.7798,10356.89556,0
6234,50651.2644,23862.27888,24802.81848,12682.60224,0
6235,49625.62176,23670.24264,30165.71118,14060.45388,0
6236,49705.81572,23942.16528,32731.97004,12253.17984,0
6237,49707.72312,23939.39724,33741.93768,9412.1148,0
6238,48986.5662,23749.19184,34109.9418,8125.80516,0
6239,46657.81164,23487.78696,32598.62232,7990.09728,0
6240,42990.1626,21789.273,31423.6923,7675.28256,0
6241,39996.1254,18800.48016,30425.23044,7682.19804,0
6242,37107.30276,17621.99208,29439.0822,7684.33908,0
6243,36837.4116,14868.82056,29194.63668,7681.38228,0
6244,36457.3968,13707.88716,29207.14896,7651.91592,0
6245,37407.91032,12912.91716,29168.40168,7647.72888,0
6246,38856.6486,14300.66484,29418.807,7686.228,0
6247,39757.49316,15115.2144,32182.194,7889.29416,0
6248,42803.8842,14999.53884,32999.63568,8601.912,0
6249,45835.99284,15043.42092,32441.88684,9378.77028,0
6250,47427.05616,14637.183,32070.3042,9835.84932,0
6251,49566.19932,15699.6048,30773.23788,10270.90416,0
6252,51803.68776,16110.22512,29187.17604,10555.29024,0
6253,52101.98136,16270.39128,27156.4392,9898.5942,0
6254,51426.56244,16671.6594,30513.9186,9818.87016,0
6255,52277.56116,16474.34448,33014.2758,9634.27344,0
6256,53317.1166,18432.117,31315.66416,9257.94144,0
6257,53317.37928,20990.03808,29440.16724,9077.58456,0
6258,49504.00356,21697.05648,29529.37812,11715.9108,0
6259,51034.81152,21721.85136,31894.98576,13708.95372,0
6260,52188.45852,21930.98292,33823.6734,11668.83828,0
6261,51426.48588,21740.64288,34963.16076,9169.53444,0
6262,50556.858,21592.09272,35418.5568,8502.24276,0
6263,47247.52164,21321.0888,33186.45132,9141.30228,0
6264,44788.04352,17989.8642,32206.46748,9369.62004,0
6265,40969.33368,16201.26948,32143.62492,9133.3374,0
6266,39530.09412,13510.81116,32008.29192,9091.45644,0
6267,39099.82164,11025.45444,32163.90144,9085.26168,0
6268,38941.5972,9395.18844,33337.08048,8265.52584,0
6269,39416.52792,9608.3526,33182.358,7866.81324,0
6270,40211.07288,11209.82016,33225.44016,8000.22564,0
6271,41247.45372,14490.10992,33104.49252,8008.935,0
6272,43443.99576,15595.29048,34417.24968,8517.927,0
6273,47630.4048,17367.51324,32323.41288,9226.5624,0
6274,49283.982,17536.72668,32175.70092,9708.37032,0
6275,51035.358,18549.5178,31959.56808,9971.79612,0
6276,51395.61108,19545.16212,31544.15352,9875.7978,0
6277,51623.70444,18449.79444,29670.31848,9833.5446,0
6278,52745.22132,18593.40516,30959.60472,10380.6054,0
6279,54909.20688,19341.74088,30512.77284,10175.98956,0
6280,55675.97244,19278.1314,30563.54928,9716.0118,0
6281,54402.8628,19634.44428,31124.17176,9643.68636,0
6282,52859.20596,19608.67656,29724.4266,12069.9876,0
6283,51760.65312,20130.30096,32872.0062,14819.31264,0
6284,50888.69412,21767.86392,35127.4902,11688.82968,0
6285,49805.7912,21520.16196,35448.65412,9254.37084,0
6286,49650.95916,20118.48828,35356.84416,8931.04212,0
6287,48244.05564,18428.22564,35465.27952,8328.73272,0
6288,45811.656,17112.97368,34897.63332,8019.47784,0
6289,41645.35188,16497.54348,34496.8734,8000.55168,0
6290,38724.10608,15488.43912,33988.69452,8008.67628,0
6291,36836.49816,14522.6598,33625.99284,8031.56244,0
6292,35970.52932,13989.84576,33199.0494,8031.6984,0
6293,35916.81984,13343.29392,33097.33416,8033.91468,0
6294,36117.21696,12626.50884,33407.63448,8029.13232,0
6295,37480.58952,11424.10236,33376.11024,7982.4294,0
6296,38311.31964,13826.78616,32667.81672,8442.66588,0
6297,41237.82696,14444.9976,30961.31412,8830.50696,0
6298,44698.54356,15497.7702,27455.5512,9273.91872,0
6299,47240.54016,16786.21956,25181.51592,9535.67604,0
6300,48950.57376,16892.57196,24691.9662,9832.00416,0
6301,49186.82868,17008.52076,23630.23344,9490.21524,0
6302,48582.2964,15915.79044,24344.78508,9356.9058,0
6303,47919.46236,15132.14076,25054.82232,9517.18284,0
6304,48207.86784,14375.6052,26758.05792,9234.75432,0
6305,48227.74968,17900.47776,26052.576,9254.85924,0
6306,46476.27732,21329.39292,27172.42704,10644.42852,0
6307,48692.93088,21688.89228,31433.5758,12453.7776,0
6308,46688.92668,22189.35708,34011.8262,11456.60472,0
6309,45541.9008,21682.33584,35339.87952,8620.79328,0
6310,42862.40772,20999.61732,36249.41496,8145.2646,0
6311,40897.56924,19533.5184,36406.05012,8174.55144,0
6312,38858.99424,19179.0522,35080.34508,7943.23464,0
6313,34878.80352,18545.48784,34894.87188,8112.951,0
6314,32833.9968,17971.69044,34328.28432,8027.2038,0
6315,32089.65804,16485.91032,33743.09664,8045.1624,0
6316,31653.2502,15624.53772,32990.42076,8019.94512,0
6317,31706.79336,14799.9324,32443.76256,7958.28,0
6318,31336.05948,14652.45804,31573.71492,7918.80936,0
6319,31737.69456,14490.83988,29555.1366,8035.87224,0
6320,35025.39876,11228.29752,29973.09744,7794.57492,0
6321,39740.37408,10803.8898,25012.8648,8169.9948,0
6322,44663.98728,11295.01164,20435.18532,8733.60444,0
6323,47403.96672,11427.14232,19167.62892,9095.39796,0
6324,48508.31172,12557.36592,19340.21364,9276.9666,0
6325,48566.36004,13310.99352,19045.53948,9285.98484,0
6326,47290.3332,13401.53892,19140.2046,9058.6716,0
6327,45049.77708,13089.12264,22641.44388,8837.7168,0
6328,43295.4786,14236.19604,24545.26272,9118.92564,0
6329,41953.00956,19612.11384,24050.98212,8679.80916,0
6330,43226.61552,21045.3936,25245.17028,10577.52564,0
6331,46118.3976,20495.67696,29850.40344,13249.77852,0
6332,46711.14492,20718.88236,33215.0082,10400.31432,0
6333,45774.05712,22065.89352,33673.7544,8688.306,0
6334,44121.20196,22360.09644,33872.73384,8531.69988,0
6335,42804.10068,21581.91024,33783.70248,8402.36364,0
6336,39063.15732,20693.89344,33978.0276,8144.85408,0
6337,35799.05472,19633.3104,33534.04032,8084.9934,0
6338,35692.99668,16427.8686,33080.5134,8052.43956,0
6339,35171.22972,14974.56444,32635.3764,8062.83192,0
6340,34610.14128,14469.65256,32174.4192,8067.01764,0
6341,35187.4116,14316.79656,31752.21852,8060.79912,0
6342,37251.76224,14669.75532,31704.88596,8044.75188,0
6343,40591.95096,16047.68352,31055.39316,8262.27732,0
6344,44459.34636,17301.4248,31314.61212,8768.4366,0
6345,49140.63,17665.97316,32517.77496,9355.04196,0
6346,52691.03004,18640.29816,31497.71196,9932.60532,0
6347,54086.47464,19419.81096,31848.82668,10397.32452,0
6348,54892.6224,19295.42868,30774.11436,10667.13648,0
6349,53549.03268,19376.874,29493.58764,10727.64132,0
6350,53920.63644,19679.96052,29348.3454,10661.12916,0
6351,52097.8722,20085.60576,28811.70996,10707.64728,0
6352,52418.24676,21650.85516,26936.71596,11256.9138,0
6353,53048.15868,22470.57384,24605.95764,11753.48988,0
6354,50017.5852,21511.71264,25276.01076,12904.8612,0
6355,49241.71692,20680.40964,29442.1908,13912.56108,0
6356,48908.20836,20806.05252,31767.6348,13568.37636,0
6357,48374.58384,21316.57704,32692.42812,11285.54724,0
6358,48194.47512,21696.05724,33148.74156,9500.1852,0
6359,46599.8148,21260.99844,32442.62868,8403.56748,0
6360,42966.98604,20637.01992,31407.85692,8166.4902,0
6361,39936.03768,18928.3776,29929.93344,8001.99444,0
6362,39000.0468,17242.48812,28368.5292,7975.95876,0
6363,38024.25132,15985.8072,28254.52212,7977.50052,0
6364,38079.62928,14557.52892,28112.832,7989.89532,0
6365,38227.76364,14317.0368,28380.83688,7990.2636,0
6366,38144.06772,16080.23208,29193.15036,7998.441,0
6367,38951.15136,17509.15056,31222.90116,8170.22052,0
6368,42396.06492,19150.62336,30779.4432,8608.28364,0
6369,44973.55632,19006.59684,31452.58512,9246.78612,0
6370,47530.08084,18666.55824,29488.72212,9696.72396,0
6371,49360.0074,19460.65044,27594.21456,10108.2432,0
6372,50737.10268,19806.336,26648.70648,10355.73396,0
6373,50068.06728,18892.9092,24951.52968,10186.869,0
6374,50045.82792,18999.43584,25637.12976,10115.35668,0
6375,49552.15188,19869.51912,26782.77492,9626.68476,0
6376,48704.42544,20311.3746,28476.6438,8996.99856,0
6377,49287.8364,20377.38384,31186.5906,8452.66884,0
6378,48201.32064,19512.93696,32965.0794,9480.0684,0
6379,48632.32836,19831.6338,35436.0006,12150.40332,0
6380,51283.95624,20385.48468,35497.08888,10618.45752,0
6381,51523.7316,19921.87956,35546.26548,8518.10784,0
6382,49104.81312,19871.6034,36627.99228,8167.37724,0
6383,44351.92476,20254.09188,36709.1406,7821.17952,0
6384,40821.28248,17289.20688,35778.34788,7819.15332,0
6385,38108.0766,14250.54576,35277.81708,7799.75856,0
6386,36386.90616,12623.48076,34384.07808,7792.61736,0
6387,34628.96844,12109.1058,34022.34132,7806.85488,0
6388,33925.1352,12327.38232,33010.75932,7801.4904,0
6389,34095.3294,13252.833,32189.3748,7797.53832,0
6390,36627.06168,13707.83832,32361.0606,7847.87388,0
6391,38691.4242,15389.82456,33667.5702,7887.57552,0
6392,41755.6656,16252.37064,33968.72952,8452.58568,0
6393,44939.79732,16742.11836,33632.2602,8833.77,0
6394,47406.7902,16551.64236,32054.0946,8950.623,0
6395,48976.51968,16972.46496,31052.37036,9606.00432,0
6396,49710.67992,17701.25808,30103.2138,9842.32392,0
6397,48921.67764,17351.94252,27718.83048,9622.70364,0
6398,48905.7954,18738.786,28537.0272,9733.80672,0
6399,48617.26452,19090.77192,29783.07552,9869.7588,0
6400,48683.5404,17606.38308,32335.19784,9291.40476,0
6401,49368.11748,18061.38444,33699.42048,8954.6556,0
6402,48882.18456,17370.43704,33996.09048,9886.58748,0
6403,49691.35644,18275.42772,36490.97628,12058.5498,0
6404,50778.7368,18649.51704,37136.75592,10606.563,0
6405,50131.33224,18620.95884,36850.2354,8937.9972,0
6406,48518.69748,18902.19672,36718.96008,8129.56188,0
6407,45086.25,17934.19056,36645.75288,7982.073,0
6408,42340.96416,14867.62332,35968.71432,7863.45384,0
6409,39966.21816,12355.43892,33975.16188,7784.52708,0
6410,36818.00628,11383.70244,33666.4086,7665.39576,0
6411,34177.46772,11941.60968,33153.08568,7659.9204,0
6412,33621.74376,12414.60924,31915.2768,7631.93508,0
6413,34025.4552,12610.01808,31751.478,7598.00976,0
6414,36955.09884,11959.38348,32324.89524,7621.33416,0
6415,38864.1858,13043.94564,34053.87216,7703.64276,0
6416,39369.28776,15781.98072,34344.44904,7993.39332,0
6417,41141.14356,16740.49344,34426.18344,8222.09388,0
6418,42897.70188,16144.54248,33296.87064,8943.48048,0
6419,44869.61688,17148.03024,31966.16808,9407.94888,0
6420,45630.03324,17195.49216,31405.06644,9567.7494,0
6421,45269.7366,16931.9238,28764.24804,9474.03204,0
6422,47120.84784,16852.78188,28992.93408,9313.85928,0
6423,47934.98424,17013.0114,29757.74472,9261.98856,0
6424,49394.48184,16581.67764,30588.11976,8739.98796,0
6425,49708.95864,17424.18348,30936.41232,8344.2942,0
6426,48225.39744,19987.74756,30863.42688,9295.36608,0
6427,49022.97444,20993.23908,31946.78256,12753.07836,0
6428,49268.13408,22406.59608,33308.05236,11179.82184,0
6429,48097.96332,22601.14164,33737.73084,8972.78448,0
6430,46952.08452,22773.7224,34064.97336,7631.27508,0
6431,43465.92228,22321.42176,33239.7186,7458.14652,0
6432,41188.36128,18010.02984,32940.08652,7240.1868,0
6433,39354.94992,14377.09812,32284.52964,7113.5394,0
6434,37005.44892,13362.10524,31039.041,6826.7166,0
6435,35135.58444,12762.05304,30901.58016,6632.36112,0
6436,33835.53228,12601.83936,30978.21276,6837.42708,0
6437,33883.97364,12524.73156,31533.1038,6667.782,0
6438,34973.21388,13119.97104,32259.2688,6954.10188,0
6439,37572.15792,13297.11504,34275.0276,7114.61652,0
6440,39636.03204,14857.78404,34322.33772,7679.3376,0
6441,42998.52216,15351.76236,31899.09888,8176.36248,0
6442,46667.74332,16287.18564,27115.7106,8698.29972,0
6443,49335.37356,17334.51324,25345.4454,9111.16932,0
6444,49740.24528,18042.1626,24630.05688,9165.00288,0
6445,48085.3626,17913.12468,22944.27168,9078.53364,0
6446,48711.663,17629.60056,24063.98808,8777.04036,0
6447,48535.81788,16577.84304,26613.06648,8897.8164,0
6448,48770.19972,16128.3342,27964.6686,8770.51824,0
6449,48635.23632,19293.61632,27327.16668,8110.34532,0
6450,45812.86512,22243.06656,30235.78008,9330.94536,0
6451,46959.04092,22623.17772,33288.66552,11202.52584,0
6452,47091.23892,24112.45584,34904.2584,9232.3374,0
6453,46129.61892,23174.75424,35117.80008,7557.67056,0
6454,44793.2232,22045.31604,35195.3646,7368.69144,0
6455,42828.13128,19546.00956,35150.51364,7328.3034,0
6456,41979.32508,15836.01096,34078.48224,7183.5984,0
6457,38146.46088,14049.47148,33436.68108,7103.61432,0
6458,34107.4602,13363.70112,33661.45068,7096.9206,0
6459,32666.39376,12572.08656,33204.93792,6472.0986,0
6460,31864.59804,12494.493,32759.41548,6022.58976,0
6461,32117.67108,12430.87032,31997.29632,6084.0846,0
6462,32994.79392,12770.27268,30429.21552,6089.96124,0
6463,34161.71088,12126.25392,30277.56072,6137.2344,0
6464,37731.43176,11604.46716,28837.27044,6659.93064,0
6465,41990.25468,12314.48724,23617.25256,7062.25344,0
6466,45117.72672,13319.3016,19918.76568,7570.82304,0
6467,47110.9716,13855.40112,18858.44796,7996.02276,0
6468,48499.90596,14188.34472,18217.4388,8251.2078,0
6469,47637.21996,14299.92696,18317.57004,8205.76812,0
6470,46936.75008,13487.57388,18560.14512,7929.834,0
6471,45493.84092,12971.54496,19996.06752,7515.7368,0
6472,41580.72996,13826.35584,24750.47256,7080.1632,0
6473,42329.85108,15048.41052,28411.05828,6686.67252,0
6474,42310.62132,20233.07616,29083.59696,8035.3878,0
6475,45633.03624,20755.845,31697.05176,11520.03864,0
6476,45984.85188,21573.0372,31900.15884,10151.96424,0
6477,44373.95028,20918.42412,32615.52888,7405.46004,0
6478,42275.86176,20167.90644,32859.34476,6401.98416,0
6479,40695.61848,17703.73572,32509.59624,6297.951,0
6480,38621.48796,15771.1026,31940.71188,6174.20232,0
6481,34767.56052,15084.40824,31527.31032,6146.12328,0
6482,31339.31988,14869.21128,31053.1782,6163.80996,0
6483,29736.00036,13641.6192,30896.01768,6159.85128,0
6484,28747.21212,12801.73092,30780.2616,6062.89728,0
6485,28524.76572,12406.88196,30358.6932,6028.30272,0
6486,28809.61644,12065.26596,29557.8228,6020.92392,0
6487,30882.9708,10132.00584,28402.79112,6085.60524,0
6488,34100.48004,10195.82256,23872.58148,6469.30548,0
6489,39197.35908,10388.4396,19074.8778,6895.68924,0
6490,42893.13072,9969.23796,16573.95696,7554.55932,0
6491,45502.41564,10102.8906,15732.90048,8189.21004,0
6492,46757.93892,10914.92028,16423.4862,8375.03304,0
6493,47009.21676,11418.6402,15315.95736,8294.31372,0
6494,45743.21532,11584.10088,15429.92088,8025.46404,0
6495,44117.57592,12619.21188,15311.9934,7483.68588,0
6496,41577.28212,13938.47532,18246.1092,7105.29732,0
6497,40449.2286,15348.0096,22905.432,6821.1726,0
6498,40395.2076,17906.45472,28300.29048,7073.93808,0
6499,43176.52944,19306.77276,30864.98052,10384.84656,0
6500,43274.39424,19930.21536,31513.15464,10035.93756,0
6501,43111.53396,20389.9146,31665.81792,7738.72044,0
6502,41959.64652,20534.10216,31578.60684,6541.76556,0
6503,40287.4164,20147.07552,30634.20756,6437.12124,0
6504,37350.63552,18669.36984,30303.65448,6221.754,0
6505,35192.41968,15910.07484,29862.88008,6166.73772,0
6506,32764.26648,14173.6386,30396.68148,6171.92268,0
6507,31717.44444,12991.4334,30515.09472,6183.96108,0
6508,31401.69648,12122.27412,30635.6028,6221.50716,0
6509,32482.76988,11999.16432,30392.63436,6158.38872,0
6510,34607.71116,12768.7758,30617.32872,6168.92892,0
6511,38396.97048,13646.84244,30386.39472,6923.1426,0
6512,42374.376,13471.23888,30264.11784,7641.73608,0
6513,46693.24308,12128.03724,30662.40804,8542.76808,0
6514,49904.16288,13072.81272,28795.9386,8523.67428,0
6515,52812.34992,14005.6818,27504.3186,8992.69536,0
6516,55695.23652,14646.50748,25930.37304,8994.96444,0
6517,56201.03412,14014.77264,23560.37376,8837.60856,0
6518,56522.47128,13825.0464,25058.64108,9294.92784,0
6519,55626.83412,15411.4488,27785.48784,8915.48988,0
6520,54403.79208,17919.98868,28856.79456,8278.00776,0
6521,54237.8958,21640.35588,27574.62576,8519.47272,0
6522,51749.61396,22156.72932,26922.21444,10910.7768,0
6523,49329.59856,21974.00568,30502.78968,14362.85136,0
6524,50804.01612,23193.39132,31654.13856,11978.02188,0
6525,49927.92288,23176.18512,32979.38688,10266.69204,0
6526,49296.54444,23081.28768,33447.38628,9337.779,0
6527,47283.09432,22655.39364,33015.6486,7886.42448,0
6528,45608.18196,18499.24956,31880.67432,7343.49528,0
6529,42741.97356,16117.0218,30924.64584,7207.02972,0
6530,38994.79452,14217.29628,32000.91444,7194.69696,0
6531,37261.6596,13306.03824,31720.68108,7266.87852,0
6532,36399.2508,12568.03812,31491.56472,7302.05388,0
6533,35977.9596,12785.86188,31655.79648,7299.9564,0
6534,36665.67168,14478.90708,31699.73532,7319.0238,0
6535,41784.51684,15297.12888,29793.94308,7589.901,0
6536,48927.648,14082.9348,26691.31476,8193.57396,0
6537,52639.1514,13829.5344,27151.3374,8885.59056,0
6538,53712.03552,14667.21696,28285.43388,9437.06148,0
6539,55991.17524,15544.82424,28523.45892,9645.08028,0
6540,57214.78752,15987.00312,28757.19264,9782.10552,0
6541,57010.79472,15439.83936,26870.84004,9892.99872,0
6542,57959.83644,16470.02148,27793.91208,9834.72864,0
6543,58905.12936,17624.63736,27994.28412,9431.8158,0
6544,59239.62132,18196.84284,28654.989,9290.03064,0
6545,57007.66764,20887.77108,29171.6304,9596.37492,0
6546,52555.4766,21874.09752,30365.6694,10177.88772,0
6547,51160.77516,21453.828,32454.45588,13349.0214,0
6548,50747.60592,22066.3806,33402.68316,12517.28808,0
6549,50803.34028,22225.2558,34036.42968,9772.22664,0
6550,50261.706,22159.7706,35063.13756,7955.09352,0
6551,48276.46824,21666.90636,35156.57376,7693.14348,0
6552,45506.00076,18914.61792,33198.85404,7599.4116,0
6553,42103.43544,16402.6764,32268.53916,7386.38604,0
6554,38417.60604,14667.14172,32901.2244,7269.0354,0
6555,36784.1562,12813.90396,33022.4004,7271.42592,0
6556,36446.39592,11541.45168,33026.433,7279.33008,0
6557,36902.29884,11296.18908,32467.05792,7292.32152,0
6558,37550.08224,13480.88676,32032.62084,7411.55976,0
6559,43460.274,14369.83152,29441.49252,7620.1158,0
6560,49527.34908,12694.83468,28482.45576,8323.52664,0
6561,51233.23128,14189.99736,29178.27132,9075.18216,0
6562,52696.2348,15088.51608,28345.78824,9543.3558,0
6563,55089.84492,15767.31816,28028.43252,9521.93748,0
6564,56120.03892,16014.02748,27816.558,9546.30864,0
6565,54909.75468,16409.2434,25860.1332,9402.56856,0
6566,54241.73964,17291.868,28192.79496,9551.7642,0
6567,53754.20292,19084.82928,30152.31252,9102.43752,0
6568,55545.00204,18699.50412,28893.46548,8903.32344,0
6569,56494.96116,19566.17124,27221.59044,9700.13352,0
6570,51123.37428,22473.0396,27391.5114,10844.88636,0
6571,49621.3674,22287.59676,30775.16244,13201.3068,0
6572,50430.55116,20632.59792,32189.80644,13313.3418,0
6573,50746.77828,19899.78804,33709.89732,10753.55688,0
6574,50114.13,19718.29464,34196.2962,10228.6404,0
6575,48212.67264,19433.95608,34078.18128,9273.82632,0
6576,45183.6726,17789.57268,32690.0904,8282.66736,0
6577,40659.21552,17381.49732,32034.53616,7531.45404,0
6578,37812.1458,15342.09732,32287.97484,7383.89256,0
6579,37037.08272,12924.66648,32406.34584,7359.93456,0
6580,36963.21948,11605.74096,32334.73716,7333.19004,0
6581,36975.31992,11591.5206,32541.75408,7323.09732,0
6582,39513.00408,13575.9228,30522.49596,7354.32456,0
6583,44578.6506,14333.69388,29007.36168,7477.5756,0
6584,51112.28232,12561.5358,27523.65528,8240.04852,0
6585,53825.22816,13516.4634,27491.77992,8806.44864,0
6586,54559.25772,14023.67076,27236.26224,9350.43252,0
6587,56076.00636,14800.62276,27033.57096,9712.14552,0
6588,56140.97412,14690.61132,27684.53556,9855.7866,0
6589,54382.84896,13065.72696,27616.83012,9822.80904,0
6590,54842.39508,14826.3786,28481.4552,9529.35984,0
6591,56521.674,15497.47848,29112.27264,9145.17252,0
6592,58146.30492,16311.83532,28432.70232,8754.02088,0
6593,58009.22952,19948.8894,26486.99592,9165.43716,0
6594,54348.49332,22317.73368,26083.53924,10220.10528,0
6595,52854.2388,21129.69804,29908.64184,13799.66544,0
6596,52869.79632,21281.71452,32642.97168,11841.50088,0
6597,52060.63104,21688.36428,33235.70316,9582.111,0
6598,50761.128,22284.89472,33744.56712,8158.61244,0
6599,47959.60356,22071.05076,33721.20972,7925.70372,0
6600,44375.47488,20070.6462,32951.7672,7615.4298,0
6601,41726.52924,17401.49796,32313.91416,7199.41596,0
6602,39651.88128,14361.8376,32273.39016,7188.80052,0
6603,37862.66352,13597.35168,32264.40096,7374.94692,0
6604,36547.9752,14112.48564,31746.9504,7326.23496,0
6605,36128.8686,14416.16352,32093.2128,7362.465,0
6606,38049.27192,14977.44732,31895.70648,7491.2244,0
6607,42299.02776,15521.3388,30725.09748,7750.4526,0
6608,49375.7286,14022.25176,28373.77224,8465.56788,0
6609,51787.89,15476.63436,28548.53892,9186.5004,0
6610,53164.4916,16018.86924,28804.22292,9403.38564,0
6611,55299.10584,17132.99148,28471.3836,9797.34096,0
6612,56245.3848,17386.24404,28601.74284,9999.5082,0
6613,54148.6242,16731.26664,27955.983,10178.30748,0
6614,55269.89952,17240.66124,28334.58408,10113.6288,0
6615,56632.49988,18292.49664,27863.90772,9563.96364,0
6616,55794.97968,18483.00168,29612.17776,8813.99376,0
6617,54616.07712,19537.35036,30382.968,8499.50772,0
6618,50491.32132,21257.8344,32938.2834,8838.98664,0
6619,51048.86556,20005.78932,34319.28588,12141.51444,0
6620,50617.92648,20990.4816,34305.43248,11970.85296,0
6621,49674.56604,21389.9466,34654.68732,9927.3834,0
6622,48741.06864,21744.36792,34934.29104,8715.1548,0
6623,46792.29324,21277.73208,34351.55328,8422.13196,0
6624,43127.5284,19261.0506,35983.33728,7534.21548,0
6625,39344.31864,17785.68,35146.60248,7261.0428,0
6626,36061.0404,16737.48252,34817.78124,7078.269,0
6627,34910.0796,14653.54308,34541.0208,7058.52444,0
6628,34674.61932,13294.4064,34260.37692,7218.96648,0
6629,33890.26872,14122.47936,33620.68116,6941.52096,0
6630,33260.08488,14741.54088,33099.27984,6845.29956,0
6631,36025.75548,13972.22112,30791.36412,6439.11312,0
6632,39905.32788,12959.29536,29755.37136,6936.33732,0
6633,42796.07244,14137.80324,28087.34412,7619.47824,0
6634,44703.17808,14934.72024,25562.44944,8003.85828,0
6635,46189.80432,16076.0226,23899.62168,8437.31196,0
6636,47041.72704,17047.05288,23475.705,8651.92548,0
6637,46167.5676,17797.9626,23214.73572,8640.21444,0
6638,44274.32064,17053.0866,25390.43892,8515.188,0
6639,42883.25184,16452.13152,27278.52072,8216.02848,0
6640,41979.70524,17381.75604,28358.33484,7978.4562,0
6641,43267.96848,17797.37916,30755.02188,7479.45924,0
6642,45527.27916,19135.28892,32395.8426,7418.27196,0
6643,46876.39836,20458.48728,35397.39456,10111.35048,0
6644,45868.07544,21410.53596,36050.23884,10221.4926,0
6645,45697.24236,20694.95604,35528.38212,7940.99196,0
6646,43984.58064,20098.19064,35725.81716,7083.59916,0
6647,40816.79184,19897.03716,35682.67428,6977.65068,0
6648,37449.86256,18953.6292,35691.32424,6861.59364,0
6649,34084.17672,18043.81128,34991.79024,6885.08568,0
6650,32385.95184,16584.15264,34584.14784,6787.54032,0
6651,30991.57644,15148.47048,34150.2282,6758.63496,0
6652,30320.81448,14754.08088,33064.53348,6596.36076,0
6653,30301.07388,14207.1006,32507.98716,6570.44784,0
6654,30018.1134,12872.86044,32536.90968,6613.59204,0
6655,31121.35884,12381.65544,30123.12204,6696.6834,0
6656,34724.11404,12989.2818,24420.3498,6700.21308,0
6657,38400.06984,13931.71824,20048.65896,7068.76368,0
6658,41395.28712,14555.8314,16827.49992,7655.35848,0
6659,43521.27648,15898.52616,15133.47924,8152.67112,0
6660,44443.90236,16587.8856,15815.01108,8512.55856,0
6661,44256.13236,16527.44412,16051.101,8497.36668,0
6662,43169.313,16080.50928,16639.5438,8296.83096,0
6663,41685.6594,15085.7058,19148.70144,7991.18496,0
6664,40142.58072,15236.16072,22937.4618,7724.35092,0
6665,40834.45608,15294.19452,28472.00532,7396.02732,0
6666,39798.31152,19301.47692,33446.43588,7666.97052,0
6667,43445.07948,21704.28348,33911.67516,10460.09184,0
6668,44813.4852,22565.05548,33978.32592,10527.0924,0
6669,45077.68716,22843.87248,34439.84412,8138.295,0
6670,44993.26788,22722.61596,34491.6396,7196.10804,0
6671,42914.41572,22091.43156,34690.9002,7170.09744,0
6672,39559.33608,20410.91976,35521.0086,7126.74468,0
6673,36367.47708,18931.9482,34616.35848,7070.66184,0
6674,35669.88612,16732.57608,34082.00268,7004.44668,0
6675,33937.06536,16017.62712,33990.11352,7023.85464,0
6676,32802.32604,15838.74864,33754.59516,7054.52616,0
6677,32619.73968,16161.4794,33585.5322,7018.89804,0
6678,34465.464,16366.9836,33545.06232,7043.44872,0
6679,39389.50884,15801.36096,32318.74536,7594.6596,0
6680,45953.37384,14484.78504,31098.96108,8464.68216,0
6681,49770.06276,16405.5804,30995.70408,9284.53284,0
6682,53037.17496,16911.66444,31073.47584,9658.60368,0
6683,55423.35348,19047.99732,29953.9284,10010.69388,0
6684,56783.27028,20128.10052,28956.66972,10300.2834,0
6685,57056.01,19129.83468,27800.0316,10114.1832,0
6686,58232.27784,19704.80688,28383.70128,10343.58864,0
6687,58845.48648,19186.80192,29873.39652,10332.27228,0
6688,58528.8396,20020.39908,30628.07088,10073.67504,0
6689,58224.10572,21570.87108,29851.68648,10030.2246,0
6690,53619.46392,22517.55,29935.04448,11822.7714,0
6691,51344.19972,22077.43032,32867.98284,13940.67444,0
6692,52955.93424,21886.35636,34822.95168,11467.3548,0
6693,54171.51564,22091.6058,35203.09584,9230.05644,0
6694,54526.9296,22695.83316,34924.05576,8204.96424,0
6695,52251.42648,22289.3088,33907.4406,8457.02616,0
6696,49315.07064,20585.6244,32866.90704,8475.21576,0
6697,44861.28504,20204.085,31183.04904,7944.47676,0
6698,38582.28264,19933.353,32784.88752,7646.47488,0
6699,35805.99924,17248.99704,34901.50752,7457.94192,0
6700,35491.11192,15990.6186,34930.52772,7350.0438,0
6701,35593.92804,16092.70344,34291.00224,7262.34828,0
6702,37453.62456,17578.30536,32714.04312,7210.66896,0
6703,43797.56832,17334.91716,30615.49656,7414.44264,0
6704,51444.1356,17048.82432,27212.42172,8141.13036,0
6705,54454.72956,17594.0886,28467.27048,8922.99012,0
6706,55778.4876,17381.65968,28840.31964,9524.02572,0
6707,56851.64364,16818.06588,29626.68852,9954.38532,0
6708,56886.06132,17675.20788,28466.80056,10113.36876,0
6709,55099.56276,17162.32056,27702.0546,10113.66444,0
6710,56802.02484,17785.24968,27452.78184,9981.7146,0
6711,58272.9906,17616.10356,27724.94208,10095.31776,0
6712,57189.6534,18428.58996,28631.8824,9777.63336,0
6713,55154.45232,22456.20828,27305.63616,9908.76348,0
6714,50435.2398,22607.35224,29183.70048,10653.0996,0
6715,49000.70208,20928.96564,33144.09252,13126.4364,0
6716,49155.79548,20986.83444,35199.98328,12309.92004,0
6717,49250.6124,21048.08508,35239.89216,10739.62956,0
6718,48166.66008,21026.89116,36155.43228,9667.99812,0
6719,47260.66224,20109.11496,36479.40912,7998.24432,0
6720,42834.20196,18012.70416,36431.45484,7708.3314,0
6721,39337.87968,16057.44228,35977.86984,7640.82528,0
6722,36952.89444,14322.858,35646.20004,7614.24708,0
6723,34823.31336,13883.15808,35300.08284,7629.7122,0
6724,34075.45548,13381.46304,35168.0934,7623.40656,0
6725,34013.55672,13846.16508,34710.56688,7620.34944,0
6726,35402.57556,15256.0914,33870.5334,7652.69736,0
6727,40309.8762,16453.02912,31085.09844,8103.96708,0
6728,44736.96216,16826.71716,29666.26212,8677.79748,0
6729,47826.65712,16626.03756,30590.18424,9181.7088,0
6730,50306.60976,15757.37064,30409.863,9624.64668,0
6731,51746.69148,16065.08904,30282.3048,9976.7778,0
6732,52248.83928,16549.45116,30280.1928,10144.74516,0
6733,51343.84596,16201.35924,29222.34084,9926.21256,0
6734,52420.26108,16791.18672,29552.1996,9709.56756,0
6735,54767.8626,16861.4358,29124.5394,9155.88168,0
6736,56014.35576,16978.93428,29872.14648,8739.6474,0
6737,54265.85868,18057.6198,30985.65228,9565.03284,0
6738,49677.64956,18646.50744,31211.24688,10996.60188,0
6739,49720.06644,18527.47116,34516.3896,12364.71324,0
6740,50747.58084,19105.97304,35609.06448,10968.6852,0
6741,49689.2022,19899.462,36403.39428,8542.03416,0
6742,47491.97244,20589.53292,36992.98944,8114.70264,0
6743,44809.27044,19553.06496,36747.04572,8086.71468,0
6744,40828.7946,18512.68848,36404.17572,8011.07604,0
6745,38540.31984,15648.9498,35383.19268,7881.77412,0
6746,35701.28496,13981.11,35387.36256,7800.2166,0
6747,33982.72152,13316.2986,35045.2872,7696.2006,0
6748,33031.41996,13190.52504,34656.1908,7728.49704,0
6749,32921.26332,13582.09248,34134.88584,7743.81036,0
6750,33706.4376,15224.682,34284.23196,7788.44616,0
6751,38798.75868,17255.56932,32261.48772,8053.518,0
6752,46407.66504,15989.39232,30751.44996,8759.3022,0
6753,50468.83644,16362.26064,30277.17264,9492.34308,0
6754,53869.09176,14157.22044,30634.49532,9930.88404,0
6755,55387.9854,14054.95344,30550.9644,10123.65552,0
6756,55709.75388,14203.24092,30076.70424,10327.99416,0
6757,53460.26004,13930.21872,28595.19036,10317.15696,0
6758,52954.02816,13323.38172,30479.50884,10606.20924,0
6759,54935.2716,13697.61888,30687.43524,10147.6254,0
6760,55870.51008,14568.83076,31281.84444,9484.89564,0
6761,53866.24584,17372.97408,33078.87924,9020.61072,0
6762,49496.64588,19407.32508,34496.3322,9753.86676,0
6763,49419.51168,20959.24248,35526.59748,11457.35448,0
6764,50772.15792,22007.45448,34638.90012,10978.28424,0
6765,50082.09228,22158.85584,35018.42784,9087.93336,0
6766,49318.005,20865.19248,35521.6422,9268.42488,0
6767,46364.66736,19638.56136,35391.873,9295.11924,0
6768,42379.22832,18630.86412,34320.31812,8593.15512,0
6769,39784.22844,16491.6312,33124.32024,7990.42728,0
6770,36928.64736,14464.5138,33323.03832,7872.81792,0
6771,35162.45568,13540.93092,33126.71472,7795.25208,0
6772,34470.0972,13119.06684,32918.87676,7803.26844,0
6773,34552.71204,12974.15196,32994.6474,7765.77516,0
6774,35399.19768,14445.76716,32935.85196,7784.0928,0
6775,40491.78804,14863.3914,31926.16284,8059.3986,0
6776,45680.7186,14632.23168,31526.87208,9020.9196,0
6777,48775.36884,15808.55364,31937.99532,9229.3146,0
6778,48998.499,16935.89568,32455.11192,9709.35636,0
6779,50250.5586,18202.11888,32378.36184,10086.18732,0
6780,49939.89528,18429.0942,32397.0834,10083.97896,0
6781,50544.53448,17447.53824,29100.34776,9981.57732,0
6782,50709.70476,18786.9528,29841.02088,9949.9818,0
6783,52018.52172,19533.15408,29887.74624,9633.67944,0
6784,52365.14052,18910.07844,30245.8068,9190.9224,0
6785,55040.21952,19459.64856,27481.014,9011.88156,0
6786,52362.15336,20747.57784,28250.61492,10364.13444,0
6787,51284.40636,20928.24888,30618.2316,13266.05148,0
6788,48945.49836,22479.68184,33104.80008,12461.85204,0
6789,48172.75188,22142.241,34447.6308,9464.34456,0
6790,47447.1492,21551.75748,35235.01872,8248.581,0
6791,44382.94872,21072.54996,35334.96516,8298.1074,0
6792,42713.94864,18758.27844,34156.45464,8193.9132,0
6793,39825.14448,16946.9124,33163.60608,7914.17616,0
6794,35894.35872,16531.70904,33024.59556,7745.80224,0
6795,34422.71316,14929.60656,32774.44632,7707.6318,0
6796,34087.19688,13070.48424,33136.1316,7704.46776,0
6797,33787.75356,12573.59796,33247.23468,7658.10672,0
6798,33705.80268,13526.8056,31888.19436,7662.87192,0
6799,34583.65284,13808.5332,31157.22588,7726.58832,0
6800,37894.45308,13933.21116,31052.96832,7979.42508,0
6801,41413.39752,14865.45456,28414.93512,8334.82584,0
6802,44298.04896,15955.43268,25629.52392,8912.77332,0
6803,46120.62972,16896.99792,23488.84164,9333.49956,0
6804,46936.14552,17286.59196,22831.74696,9696.92856,0
6805,46342.3488,16831.452,22688.40552,9537.71676,0
6806,45159.4638,16273.9368,23943.36252,9157.566,0
6807,43318.77792,15864.26424,26692.79184,8712.46464,0
6808,42231.47808,16150.49436,28523.86812,8547.58608,0
6809,42872.67996,18608.997,26520.04476,8811.37224,0
6810,43910.64612,21219.11748,26768.709,9503.97756,0
6811,44268.8202,23395.2906,29890.69116,12018.1908,0
6812,44278.4892,23568.54192,31463.11476,11643.32136,0
6813,42526.14432,23053.40928,32077.78728,10222.49448,0
6814,40950.62268,22312.1646,32559.00384,8996.68968,0
6815,38242.24536,21388.63584,32481.11988,9088.41648,0
6816,37050.98232,19269.93288,32597.25744,8616.85308,0
6817,34749.17424,18717.35184,31685.14008,8200.69932,0
6818,31130.56452,18495.23808,31487.03976,7842.54636,0
6819,28900.65948,18196.21848,31563.32256,7289.50332,0
6820,27536.11608,17384.93328,31636.59444,7224.4722,0
6821,27202.74744,16827.80616,31312.7694,7152.70644,0
6822,27236.05896,15926.46528,30793.32828,7197.83988,0
6823,30905.02272,12146.51592,29417.18208,7072.7976,0
6824,35551.09404,9937.1184,27609.05664,7662.72012,0
6825,39877.34652,9915.15756,24877.31928,8062.05972,0
6826,43250.63424,9901.87308,23040.369,8471.71644,0
6827,45041.073,10415.0046,22422.65916,8597.96256,0
6828,45895.4232,11321.06052,23033.31624,8719.37088,0
6829,45104.0106,11676.3636,23010.51588,8733.02496,0
6830,43768.82928,11807.62704,22407.68112,8500.47132,0
6831,41574.6012,11962.59372,23832.50232,8154.83724,0
6832,39162.6708,12704.02188,26550.13812,7920.68112,0
6833,39096.33816,15597.11868,27422.73732,7780.17504,0
6834,39009.94548,20054.15676,27502.66068,8265.55752,0
6835,40295.61888,21670.46508,29440.20024,11101.94844,0
6836,39517.62408,22499.15712,31013.05416,11404.1202,0
6837,39472.2174,22560.08964,31778.43768,9498.78996,0
6838,38765.42208,21520.46292,33481.3842,8300.34876,0
6839,37185.44676,20768.86944,33881.30988,8047.98984,0
6840,35073.18408,19508.03052,32999.10372,7853.4258,0
6841,34308.5556,17641.29444,31610.80956,7198.37184,0
6842,33240.24132,15120.7188,31796.6814,7115.13,0
6843,32149.0488,13875.6816,31986.89472,7111.66764,0
6844,31694.95692,13062.94704,32196.3576,7105.09536,0
6845,31600.3644,13677.741,32246.13348,7089.30024,0
6846,32018.93772,15817.55868,32449.94676,7146.94332,0
6847,34093.39692,18588.4116,33385.48884,7427.09748,0
6848,39454.35516,20684.57292,32076.53856,8117.99736,0
6849,43730.11368,22008.14616,33277.16436,8772.37284,0
6850,47669.39628,21822.68088,33009.73236,9428.33892,0
6851,51350.1912,21714.00792,32513.8902,9841.92396,0
6852,52796.98908,21961.81548,31021.28568,10466.55192,0
6853,52266.30024,20539.00464,30069.2106,10965.88812,0
6854,53821.73808,20092.36416,30593.82216,10604.6886,0
6855,55304.5218,20344.6254,31205.50224,9966.07128,0
6856,55298.53296,20635.22736,30473.07648,9906.39804,0
6857,53484.38172,23554.92744,28328.39988,9750.69612,0
6858,51977.53704,23384.44548,27101.43876,10220.62272,0
6859,51817.81704,21894.21564,29706.35448,12866.20368,0
6860,50234.99448,23240.3226,32660.96988,12926.95272,0
6861,49675.91772,23311.65936,34192.9632,10964.66052,0
6862,49682.00028,23218.96104,34207.52544,9429.90708,0
6863,46361.54952,23242.45836,33669.0156,8537.79564,0
6864,42811.44516,21780.37488,32711.77272,7454.39112,0
6865,39239.77464,16252.49868,31933.935,7172.88396,0
6866,42985.03572,10062.67944,29786.87052,7755.41712,0
6867,40837.12908,11395.76064,29562.43224,7749.94176,0
6868,38731.38984,12962.11488,29438.8182,7092.65964,0
6869,38678.13576,13251.38628,28904.36736,7409.88864,0
6870,39286.62936,13622.75112,30148.75512,8038.2984,0
6871,42401.51784,14298.37068,31722.40368,8356.86324,0
6872,46517.4666,15894.08832,31958.27316,9163.61292,0
6873,49643.30184,17764.1244,32041.79088,8995.59144,0
6874,50816.4162,17816.32512,32047.3494,9454.83528,0
6875,51522.92508,18751.12932,32634.84048,9727.99608,0
6876,52208.14104,19408.74276,32026.74552,9775.18212,0
6877,50750.49804,18993.17376,29728.15164,9702.24948,0
6878,50798.13156,20906.07024,29356.37364,9433.67964,0
6879,51970.64136,22354.37292,28948.59132,9058.30992,0
6880,52508.41332,22908.70296,28381.65792,9042.24816,0
6881,53543.71836,22900.29588,26227.09188,10882.43376,0
6882,52777.51776,22129.59408,24967.08852,12771.16896,0
6883,50913.80052,21448.74072,28286.29584,15743.3826,0
6884,50210.92692,21457.15836,31408.12224,15532.41228,0
6885,50627.81064,21115.00644,32206.46352,12716.40744,0
6886,51017.60136,20385.39624,32589.46548,10860.11256,0
6887,47552.02056,19766.54856,32854.78416,10807.46832,0
6888,42779.8536,19426.59972,32914.90092,9575.7882,0
6889,38895.9252,19503.81972,31591.54284,7983.16728,0
6890,35771.83764,18753.99504,31795.401,7316.70984,0
6891,34360.62432,16938.11856,31868.43,7268.2962,0
6892,32111.66772,17583.6606,31961.78172,7258.99152,0
6893,32245.95792,17225.0034,32165.77452,7256.41092,0
6894,33619.79808,16524.1494,32816.50416,7295.14764,0
6895,36202.48236,17507.21412,32614.12572,7632.174,0
6896,42428.8458,18824.32728,29756.40096,8270.74908,0
6897,46002.60588,18294.15192,29749.9158,8982.0654,0
6898,47822.2206,18462.38988,29155.90524,9291.2556,0
6899,50206.55904,20041.29864,28074.70644,9543.204,0
6900,51035.31312,20814.46092,27798.71952,9651.63276,0
6901,49906.14552,20754.16332,26703.08916,9443.98092,0
6902,49398.5844,20160.492,29851.44888,9485.63088,0
6903,51339.84768,19832.01924,30706.72704,9219.89376,0
6904,51744.2046,21594.44496,29793.32928,8977.22628,0
6905,52237.36452,23093.92536,28337.99232,9252.8238,0
6906,51009.5388,23801.47704,27627.7386,10349.65404,0
6907,49966.72428,23109.71256,30136.36164,13759.51104,0
6908,48696.15564,23127.41508,33454.5684,14231.5866,0
6909,48163.95936,23293.94364,34263.9462,11902.37928,0
6910,47551.2972,23018.89392,35310.47256,10234.24512,0
6911,44171.00556,22695.9546,35478.48348,9814.99464,0
6912,41007.34704,21367.28352,34059.33828,9134.78412,0
6913,37888.43124,19824.64836,32788.73664,8311.58064,0
6914,35419.82532,18264.16944,32891.4696,7302.2796,0
6915,34358.28924,16691.87784,32774.86872,7215.32988,0
6916,33467.84496,15948.97392,32909.77932,7204.78572,0
6917,32853.99216,16252.01556,33154.84524,7215.58332,0
6918,33264.04092,17298.11556,33419.2056,7257.6636,0
6919,36778.98972,17523.01056,33428.27664,7604.89092,0
6920,43854.57384,17615.3406,30795.44688,8290.77744,0
6921,49084.32804,17010.11136,30016.9188,8918.92584,0
6922,51903.44148,16498.5546,29368.50444,9553.52508,0
6923,53383.54692,17511.27312,29654.75172,9943.73028,0
6924,53307.2166,18468.09096,30709.92672,9904.89984,0
6925,52369.04376,18336.79056,30311.63784,9719.03328,0
6926,52583.4342,20597.70636,30971.99556,9869.83932,0
6927,55392.75984,20168.2866,31613.15256,9353.38008,0
6928,56206.03956,20047.1106,31650.11124,9632.2842,0
6929,54759.80664,22622.93352,30031.3794,10707.90864,0
6930,50637.5298,22032.31404,30687.61872,12792.84996,0
6931,50427.99564,21532.26108,32203.80108,15502.01796,0
6932,51923.1306,21384.41844,32599.84068,14974.57632,0
6933,51107.63988,21491.11932,34079.4102,12184.52532,0
6934,49807.6986,21497.223,35144.39544,11420.48556,0
6935,46031.23932,21616.89684,35857.45284,10733.60772,0
6936,42554.27352,21394.4544,34739.52768,9632.91252,0
6937,38089.80912,20557.89384,33959.11728,9333.0798,0
6938,35369.91084,20407.58412,33415.3644,8166.16284,0
6939,33799.89096,20004.75312,32837.89872,7347.1266,0
6940,32356.53564,19859.97816,32607.67884,7322.09148,0
6941,32437.49256,19765.07148,32035.49316,7230.81084,0
6942,33075.50796,19617.35952,33061.02624,7274.67048,0
6943,37329.91944,18742.60344,33268.23324,7712.44848,0
6944,45436.49484,18477.43788,30257.37528,8213.38848,0
6945,50603.5134,18801.41076,29881.12512,8947.88268,0
6946,54203.95332,18631.96896,29296.87464,9364.97892,0
6947,56767.79592,19082.80176,29344.26396,9720.44172,0
6948,56291.03436,18984.44724,30794.40144,9841.25076,0
6949,56642.86584,18512.45616,29366.85312,9904.97112,0
6950,57653.54892,20990.77992,29647.98276,9957.01476,0
6951,57472.62444,21385.06524,30613.20504,10193.96664,0
6952,56693.84292,22836.41184,30274.77024,10097.40732,0
6953,56596.25268,23309.5764,28667.18052,11586.4914,0
6954,52935.38448,23211.95844,28007.46432,13888.69416,0
6955,50964.2628,22827.26424,31234.38252,16208.90436,0
6956,49848.62256,22601.03472,33576.19716,15260.37744,0
6957,49125.3708,22476.16008,34712.63928,12671.10504,0
6958,47901.74928,22718.19528,35414.3592,10990.21044,0
6959,45595.4928,22195.34724,35427.4074,10418.44848,0
6960,43783.94328,21183.624,34709.26272,10397.01168,0
6961,40395.1152,19544.21568,35013.78144,9857.16732,0
6962,36525.22896,19503.10032,34853.92152,9084.29148,0
6963,34456.51968,19385.56884,34593.67164,8363.16228,0
6964,33537.79176,19144.45368,34363.51512,7686.46692,0
6965,32205.52764,20065.86384,34269.34104,7459.26852,0
6966,32058.411,19677.03144,33587.56236,7285.6608,0
6967,35862.89256,15880.38936,33117.07608,7359.20856,0
6968,40085.166,15423.96372,31239.94368,8321.68656,0
6969,44360.81496,15502.1196,31663.20036,9220.10496,0
6970,46217.74212,17239.3452,31210.39944,9606.50724,0
6971,47065.44216,19153.8006,29762.39244,9946.5564,0
6972,46330.00944,20516.5356,29196.28536,10055.08944,0
6973,44799.40212,20963.59188,27892.28508,9992.05152,0
6974,43575.14964,20519.27724,28202.4666,9519.69876,0
6975,43774.03536,19946.41836,27479.9052,9165.71436,0
6976,43038.97884,20341.44684,26840.88,9423.47736,0
6977,43500.33072,21937.22256,24377.70192,10936.66464,0
6978,44936.01288,23172.55248,22985.36196,12634.84596,0
6979,45634.31532,23357.13864,26498.06412,14740.96404,0
6980,45233.95008,23169.6168,29320.30464,13598.24532,0
6981,43109.24772,23090.63988,30477.018,11842.27308,0
6982,41550.61152,23092.17636,31516.41372,10111.6554,0
6983,40636.80192,22444.37052,31083.40356,8470.77396,0
6984,40540.8762,18671.1822,30850.46976,8089.83516,0
6985,35901.62136,19534.64568,29087.2956,7478.68044,0
6986,31927.66236,19474.71504,28830.72852,7659.26172,0
6987,30780.11772,17849.0796,28808.31228,7573.09476,0
6988,30492.63756,17549.98344,28034.11776,7117.00044,0
6989,30357.43656,17327.21892,27072.58884,7165.37844,0
6990,29892.68568,17303.80608,26017.42968,6910.73196,0
6991,31801.69212,15011.78712,25318.72992,6933.31056,0
6992,35544.85044,14248.27272,22330.77132,7023.82164,0
6993,38314.34772,13545.5628,19635.30492,7624.59456,0
6994,39260.90652,14071.35708,18108.81468,8151.12672,0
6995,41288.874,15009.28704,17030.38788,8576.16672,0
6996,42888.28896,15681.86136,16884.57936,8829.78228,0
6997,42927.1986,15882.98052,16637.0622,8749.19364,0
6998,41920.88076,15102.11472,17164.96584,8490.90132,0
6999,40532.63544,15348.62604,18344.55612,8148.1026,0
7000,38451.84156,16026.67836,19928.073,7700.09724,0
7001,40259.84028,15618.81684,21231.8634,7846.63968,0
7002,41694.62088,17148.82092,23435.346,9281.1444,0
7003,42952.49112,17589.2244,26042.48196,13755.64872,0
7004,43745.10492,19969.38504,25338.43752,13903.58112,0
7005,42658.40436,22408.59192,23959.06656,12237.90612,0
7006,40909.56144,22795.58292,24310.54956,11057.90928,0
7007,39114.15948,22849.91148,23590.40244,10304.49156,0
7008,37375.24032,21113.11224,23237.23776,9112.356,0
7009,35796.60084,21369.9288,20548.06644,8460.36576,0
7010,34823.29488,21269.84112,19625.79564,7392.02772,0
7011,34644.93516,21274.35024,18546.19404,7193.52216,0
7012,34908.72,21384.28644,17291.84292,7168.10028,0
7013,36167.4324,20601.89736,17128.71732,7175.81304,0
7014,36584.1102,20381.74116,19014.8178,7247.56692,0
7015,37180.37532,19789.16676,24181.96572,7259.59344,0
7016,38733.5256,18489.32052,27907.6248,7528.74408,0
7017,42282.08688,16997.84856,29641.94112,7938.64104,0
7018,45933.8154,18178.13844,25915.35804,8789.98692,0
7019,48098.2062,18856.0152,25823.36592,9157.3878,0
7020,48937.18896,19371.73524,26250.6354,9366.96816,0
7021,48261.44928,18391.01484,24836.1234,9344.04636,0
7022,49371.42408,18242.25216,24625.55304,9309.24456,0
7023,48715.82232,18266.23128,25905.83556,8962.569,0
7024,48851.52624,18586.65864,27114.69288,8626.86132,0
7025,48776.90796,20281.99272,27946.79184,8031.44628,0
7026,47251.22292,19795.47108,29058.00612,8396.8962,0
7027,46687.19484,20789.46144,30985.64172,11284.38432,0
7028,47770.43172,21111.45564,33212.55696,11728.71348,0
7029,47211.10944,20764.43028,33692.50368,9664.1292,0
7030,46239.06144,19738.11708,34775.0964,8551.87608,0
7031,43564.3758,17587.1322,34676.40264,8334.72816,0
7032,40266.468,15018.5178,33121.7964,7628.6958,0
7033,34104.34896,16226.93424,33076.08348,6698.15784,0
7034,31060.61376,16643.89188,32146.8576,6026.0046,0
7035,30320.04228,15278.64228,31787.1906,5909.47236,0
7036,29908.05048,16101.9276,30250.33704,5890.58448,0
7037,30247.3512,17019.38568,29208.15084,5935.10808,0
7038,30474.17736,18770.83296,29804.86344,5905.57968,0
7039,34069.92996,17303.37576,32572.41504,6147.21492,0
7040,39546.03444,16099.57536,32184.95676,6405.59436,0
7041,44596.3782,16639.45272,28182.01056,7074.9624,0
7042,47870.63424,17265.12348,25218.72672,7519.54764,0
7043,49649.0808,18269.43888,25257.91752,7900.39932,0
7044,50043.4968,18558.64428,25302.41208,7999.1802,0
7045,48810.91908,18439.5354,23477.74176,7921.92984,0
7046,48040.86408,19742.0586,24332.8008,7886.99868,0
7047,45641.31528,19758.72492,28581.8148,7354.4658,0
7048,45703.96908,17958.50628,32105.25384,7164.05184,0
7049,47812.88424,18834.585,30903.2988,7183.91916,0
7050,45839.40108,19395.75924,32573.29812,7403.10516,0
7051,45465.99288,20698.55304,35391.94428,9569.2542,0
7052,46160.81712,21859.01916,35626.40268,10358.13504,0
7053,45275.60268,22224.477,36076.53456,8175.41076,0
7054,43808.57448,22205.21952,35691.14736,7154.4396,0
7055,41463.73044,20381.5524,35051.17704,6575.46516,0
7056,39187.54356,16591.68192,33880.25388,6148.33164,0
7057,35494.95972,14844.52992,33168.02544,6008.24664,0
7058,31862.53224,14491.55664,32771.16612,5990.6088,0
7059,29887.73304,13442.61864,33365.88024,5973.24816,0
7060,29252.66784,12852.28164,33846.64932,5876.80236,0
7061,29522.62368,13225.85352,33632.94528,5774.49708,0
7062,30655.1388,14141.26164,33896.27472,6022.2228,0
7063,35811.00996,16883.72136,30128.02716,6365.27628,0
7064,41863.2126,16038.25344,27575.78208,6757.36116,0
7065,44423.45688,16865.1648,25975.31244,7093.51896,0
7066,47197.87776,17873.98272,23751.22068,7567.36992,0
7067,49539.90624,18611.46144,23368.0722,8220.65112,0
7068,49938.40236,19143.03864,24198.89472,8471.5554,0
7069,49094.40492,19022.59524,22173.25968,8025.89172,0
7070,48830.01684,18920.2464,23156.89068,8310.53256,0
7071,48797.18844,18981.38616,25064.98104,8377.9344,0
7072,48900.27516,20125.68492,26313.95316,7729.58736,0
7073,51714.40032,19570.77804,26863.51008,7452.55236,0
7074,47819.26644,19386.2856,31718.21664,7632.33768,0
7075,46869.1542,19601.3334,35509.29492,10389.7002,0
7076,46520.0076,21780.82236,35594.15772,10780.58256,0
7077,46182.18,21939.25404,36087.95784,8459.74932,0
7078,44738.96592,22175.51952,35619.82116,7738.41816,0
7079,42434.37924,20770.62504,34854.84156,6863.2146,0
7080,40483.212,17281.4862,33992.60832,6428.10828,0
7081,37742.05644,13324.89708,33873.22488,6239.62812,0
7082,34565.49624,12068.55804,34095.47988,6123.52356,0
7083,32036.0304,11941.14372,34006.86168,6141.72108,0
7084,30124.57404,12833.7264,33702.37728,6141.9336,0
7085,30061.28004,13704.79572,33389.37228,5985.48324,0
7086,31557.10272,14507.49168,33485.17524,5920.45476,0
7087,36705.8472,15093.12684,32331.18372,6330.6936,0
7088,41665.52808,15014.91024,29501.63964,6784.52808,0
7089,45145.61172,16300.086,26163.84804,7202.42292,0
7090,47991.03672,17392.4058,23506.5006,7747.06152,0
7091,50266.61772,18386.01204,23255.1,8100.477,0
7092,51187.60944,18920.98296,23551.50336,8196.7776,0
7093,50331.26604,18549.24324,22165.49016,8177.68512,0
7094,49893.3468,19215.99504,23687.58084,8256.4482,0
7095,48369.83184,18588.82872,28033.95672,8010.6972,0
7096,48972.42108,17122.7694,31680.99396,7405.05084,0
7097,49700.45388,18742.85028,32266.38624,7115.97744,0
7098,48478.66188,19054.73856,33408.48588,7471.36896,0
7099,47632.59732,19959.73452,35588.67444,10128.86952,0
7100,47866.58448,21836.41548,35721.53904,10212.45588,0
7101,47569.35084,21792.16248,36037.99716,7895.9958,0
7102,46758.0168,22539.4158,35577.43068,6783.83376,0
7103,44323.59492,20290.38,35584.39632,6721.88484,0
7104,42325.48716,16079.72124,35307.16728,6559.00608,0
7105,40014.80868,13215.0876,34444.5816,6215.40084,0
7106,36034.46352,12649.69068,34534.08816,6231.22236,0
7107,32536.05432,13081.55772,34668.74796,6258.33516,0
7108,31526.12496,13343.31372,34574.16864,6095.75868,0
7109,31008.32724,14341.305,34443.60876,6130.71624,0
7110,32899.04904,15505.84464,33532.11576,6112.6494,0
7111,37646.367,16145.61036,32868.39336,6456.75492,0
7112,41912.01432,16602.68148,30658.24476,7085.65044,0
7113,45939.46764,17025.04716,28553.2236,7512.10548,0
7114,49204.41768,17960.45988,25566.91368,7902.22224,0
7115,51539.0898,19289.5428,24510.7896,8261.8008,0
7116,52383.49908,20372.1342,24167.1474,8476.6902,0
7117,51664.57164,19343.24304,23211.23772,8378.12844,0
7118,51093.42348,21248.1258,24214.95516,8188.0788,0
7119,50920.74504,20336.25,27363.89964,7788.59268,0
7120,50110.55016,19153.3716,30203.24736,7584.47712,0
7121,50957.55324,19081.64016,30711.66384,7423.04112,0
7122,49140.3198,21544.1358,29978.45532,7857.16272,0
7123,47198.5206,21881.5212,32819.08872,11827.2858,0
7124,47776.55124,22717.6158,35070.13224,11409.58104,0
7125,47116.58556,22752.88356,35784.81324,8408.68512,0
7126,46226.83428,22737.43428,36410.51964,7042.15644,0
7127,42999.59268,22108.96776,36518.27916,6943.53396,0
7128,41550.168,19252.37556,35442.14256,6699.05412,0
7129,38428.0974,17236.263,34807.1526,6376.00392,0
7130,34014.39624,16540.71936,35098.93068,6315.69312,0
7131,31677.27552,16096.08132,34752.64584,6322.40532,0
7132,30786.7296,15592.16604,34288.73844,6348.49512,0
7133,30449.9778,15854.49492,33638.53944,6355.92804,0
7134,30357.39432,15687.9228,32965.02132,6304.05468,0
7135,34502.15076,14073.02424,30433.27452,6927.03792,0
7136,38703.44148,14349.68964,27853.29228,7231.50516,0
7137,43129.63644,14511.37248,25567.6806,7780.66872,0
7138,46267.26984,15253.98996,23518.56936,8332.48944,0
7139,48431.85336,15863.60028,23486.3178,8287.5012,0
7140,48501.89388,16744.20264,23980.9614,8603.69268,0
7141,47394.74916,16620.37212,23839.83492,8975.0298,0
7142,45904.5444,16134.39168,24827.56188,8884.4646,0
7143,43929.13008,16051.99332,27196.48008,8562.51396,0
7144,42924.48336,16530.99624,29544.62544,8235.72024,0
7145,43989.45936,17898.45288,30052.65384,7777.82148,0
7146,44890.4214,19243.16724,31026.08652,8733.252,0
7147,44643.88632,21471.98328,33215.3976,12812.55096,0
7148,45193.0908,21978.64548,34534.60692,12233.38512,0
7149,44246.2284,21736.37796,35859.32988,8779.28832,0
7150,42478.59,21486.09672,36177.9924,7250.3574,0
7151,40271.87208,20535.85248,35728.71588,7018.176,0
7152,38180.5842,19341.267,34485.04356,7001.61396,0
7153,34715.01132,18323.9562,33899.08896,6985.10472,0
7154,31005.34272,17564.57208,34120.9242,7031.9832,0
7155,29697.94212,16192.39248,33633.54456,7081.92408,0
7156,28869.61176,15190.43856,33553.20672,7073.99484,0
7157,28471.35588,14619.6534,33304.95696,7023.22764,0
7158,28656.60072,13296.31644,32535.45108,6865.28568,0
7159,31075.73172,11491.29168,31826.94768,6645.36708,0
7160,36553.96668,11915.48556,24461.3226,7369.78836,0
7161,40848.42036,12495.56352,19986.516,7902.3978,0
7162,43669.25376,12928.20012,18234.27408,8523.52248,0
7163,45222.49776,12910.01316,18225.30864,8982.12612,0
7164,45529.99704,13602.32676,19269.95136,9083.59452,0
7165,45154.95204,13045.3092,20706.70932,8980.03524,0
7166,44334.13776,12576.89928,21129.49476,8735.06304,0
7167,42505.66452,11976.855,23523.32664,8411.09676,0
7168,40252.81128,13152.98688,26760.69924,8016.5382,0
7169,39554.47584,15253.97808,30039.72444,7400.89812,0
7170,39613.46928,18472.41,32969.57004,7687.42128,0
7171,40941.63348,20533.74972,34583.75712,10901.84568,0
7172,42126.45624,21419.55288,35103.8688,11005.46964,0
7173,41975.96304,21567.43776,35184.82704,8664.02328,0
7174,41457.83664,21729.51924,35087.03088,7206.012,0
7175,39759.65136,21562.91016,34900.17432,6985.00176,0
7176,37497.74424,20496.50724,34183.26252,7065.7422,0
7177,35168.70456,18166.80096,34318.68132,6910.08648,0
7178,32929.43676,17311.49244,33976.35252,6753.4632,0
7179,31940.42808,16158.2982,33790.66812,6779.68896,0
7180,30945.16524,15850.62732,33401.84232,7020.06492,0
7181,31937.5056,15454.0518,32742.84948,7068.84684,0
7182,34082.42244,15165.85356,32355.16548,7072.35012,0
7183,39931.5114,14730.88188,31488.5604,7395.41484,0
7184,44826.30768,16731.61248,30227.50104,8040.76284,0
7185,47411.20824,19237.47804,30270.50004,8685.21852,0
7186,49241.56644,19475.63508,30166.33356,9305.02056,0
7187,51550.91568,19746.87528,29792.05812,9887.75304,0
7188,53407.5498,20387.5782,27495.501,10283.36496,0
7189,52270.91364,19460.69664,26042.0688,10324.29552,0
7190,52297.47336,20675.9652,26386.67592,10935.10968,0
7191,52062.1662,21769.57068,27962.5764,10847.8062,0
7192,50881.89216,22067.70588,29880.23676,10470.98844,0
7193,52296.486,22135.29648,28888.266,10727.0328,0
7194,49124.89296,21654.27,29406.82272,12244.87572,0
7195,47854.96452,20439.71292,32182.42764,14317.04472,0
7196,48551.27244,21492.60168,34655.01072,12429.6018,0
7197,48832.14072,22390.55412,35367.85824,8568.8196,0
7198,47750.8812,22791.01308,35651.19096,7705.8894,0
7199,44525.6658,22678.72728,35431.58652,7463.04108,0
7200,40573.47756,21129.19248,35227.18188,7463.17704,0
7201,37332.31392,18804.49956,34840.90236,7452.98532,0
7202,34182.65928,18105.95952,34622.13876,7287.62892,0
7203,33419.06568,16160.92236,34498.1472,7216.8756,0
7204,33056.81676,15450.96168,34129.63224,7315.09284,0
7205,33631.88532,15372.8982,33940.71252,7116.11208,0
7206,34275.70212,16751.67516,33880.66704,6989.6508,0
7207,39787.48752,17485.97928,31772.64948,7238.4312,0
7208,43335.50496,19993.85256,31187.04732,8278.34172,0
7209,47546.77356,20167.19892,32293.61916,9362.3706,0
7210,49462.34568,19992.1194,32966.0364,9856.65912,0
7211,52112.50704,20061.38112,32965.28268,10558.75524,0
7212,52559.65176,20457.76788,32637.73524,10822.25628,0
7213,51391.02936,18925.78248,31262.26752,10493.8284,0
7214,52732.35,20442.17208,30506.88168,10984.61496,0
7215,53413.11228,22068.20616,30141.56508,10989.47652,0
7216,53234.06484,22870.78728,29928.33492,10774.09872,0
7217,51397.51584,23378.50284,30286.28196,11403.86016,0
7218,47314.58556,22828.11168,30206.90904,11644.13976,0
7219,48458.72064,21781.07844,31240.7634,13669.62432,0
7220,49766.33508,23122.30272,32842.00656,11513.17992,0
7221,49501.03488,23050.63992,32118.96336,10673.00124,0
7222,47413.28988,22918.75344,33372.49608,10689.86952,0
7223,43675.41156,22614.39576,34820.42652,10188.64836,0
7224,40386.58404,20438.03256,34641.2154,9577.85136,0
7225,38545.9536,16583.67612,34472.26068,8999.69928,0
7226,36837.95412,14705.55768,34471.46208,7955.607,0
7227,35739.31944,13623.76752,34279.80468,7413.03684,0
7228,34723.81836,13333.70016,33883.30572,7392.26532,0
7229,34456.56588,14299.43856,33434.03976,7269.97656,0
7230,35272.76808,15500.66628,33383.7306,7286.50956,0
7231,39224.51676,16437.48348,32441.49744,7452.93912,0
7232,43225.5582,17806.52676,32969.4816,8013.9576,0
7233,48263.99424,18833.97384,33072.0786,8420.09388,0
7234,52994.66832,18363.89148,32127.39024,9270.15408,0
7235,54742.87764,18614.30208,32709.4218,9921.03552,0
7236,55863.10884,19142.25588,30554.04396,10138.61244,0
7237,54839.96496,17603.5596,30393.89496,9867.45144,0
7238,53010.7116,20434.9398,29838.47724,10562.7456,0
7239,53959.37052,21176.07492,30021.85956,10564.46424,0
7240,53949.62496,20648.63724,31674.1194,10025.2812,0
7241,54636.17676,20884.36152,29551.94088,11161.17684,0
7242,51510.30984,21144.03852,28971.78636,11489.52156,0
7243,51235.68384,19198.82844,32488.64256,13229.54292,0
7244,50490.86196,22108.41204,34296.51852,11119.41732,0
7245,50841.83676,21662.87376,33413.46096,10172.70672,0
7246,49808.18568,20145.26184,34558.293,10353.981,0
7247,45124.99728,20365.10916,35075.06904,10499.31696,0
7248,42565.7826,17635.1736,35233.60632,9579.18852,0
7249,40236.5502,15379.7094,35025.56772,8515.02828,0
7250,37867.1964,14052.86652,34901.14452,7603.14456,0
7251,37246.82808,12816.99672,34265.61468,7176.3846,0
7252,36738.73632,12534.05736,33706.28844,7081.83036,0
7253,36167.835,13486.66308,33649.08492,7060.46352,0
7254,37182.25104,14768.09136,33487.2582,7063.78464,0
7255,41443.875,15843.96,32808.57624,7244.69196,0
7256,45783.31428,18023.20608,32149.75236,7898.23452,0
7257,48827.9682,19544.89812,32411.26416,8629.44852,0
7258,50294.4156,20274.0054,32002.84956,9253.51152,0
7259,52523.32668,21198.51228,30532.1412,9710.46516,0
7260,53131.49688,22378.99752,29564.10204,9813.85548,0
7261,51684.37824,21094.30092,29458.84524,9620.3316,0
7262,50904.74004,21308.53428,30535.27356,9996.52104,0
7263,49756.54992,21637.36608,31732.7076,10297.26456,0
7264,49410.73104,21933.4038,31015.2084,10847.11716,0
7265,49672.03164,23729.937,28205.69268,11396.59092,0
7266,50531.79516,20666.24208,27255.2478,11678.19708,0
7267,49608.93432,19384.87188,31886.96016,12682.07292,0
7268,48698.98704,19935.83196,34976.8056,13032.23856,0
7269,46957.8714,19461.21012,35727.021,12081.94944,0
7270,46000.944,19442.72616,36656.49372,10494.57816,0
7271,42976.21548,19963.76316,36226.36908,9645.59112,0
7272,41494.37952,16634.23608,35152.14912,9008.30832,0
7273,37852.00848,15820.9326,34590.16308,7848.2184,0
7274,34785.72108,14565.3288,34764.25392,7705.64388,0
7275,32466.29628,14158.47708,34642.07736,7660.47744,0
7276,31693.51944,13123.27764,35003.0208,7579.04928,0
7277,31646.28852,13647.83508,34826.8998,7492.76616,0
7278,32661.23652,15025.5732,34611.32532,7512.24276,0
7279,36217.05252,16821.03984,34440.9714,7423.00812,0
7280,42170.35284,17805.86544,33496.10484,7870.52904,0
7281,45765.62364,18561.90996,33905.79324,8445.23064,0
7282,48410.72412,18255.95508,32784.57336,9073.12428,0
7283,51627.77796,19215.22152,29777.75988,9589.31292,0
7284,52107.70488,19869.91776,28848.16176,9802.31208,0
7285,51288.64224,19562.6046,27701.81964,9633.33492,0
7286,50649.90216,20567.20116,27764.61996,9402.5778,0
7287,49474.5306,19913.48304,30164.48556,9306.24684,0
7288,49431.68208,19546.00692,30481.35024,9599.26704,0
7289,49986.33948,20852.82408,28458.3948,9893.10828,0
7290,48921.15492,20149.5294,28903.44072,10683.8358,0
7291,47810.57556,19169.502,32911.27356,12816.59676,0
7292,47424.16404,19014.4284,36062.92404,12531.45168,0
7293,46437.01128,19144.74144,36693.96324,9947.55696,0
7294,45125.6586,19428.00948,37050.51636,8703.61536,0
7295,43327.5678,18430.48284,37110.70176,8252.68224,0
7296,41247.49464,16820.67684,36032.20896,7892.83968,0
7297,38182.41372,16493.94516,33977.06532,7475.24844,0
7298,35385.68352,15416.86476,33211.39536,7470.63768,0
7299,34529.99088,13910.6682,32093.787,7442.85564,0
7300,33908.33424,13857.32304,30765.69012,7416.33288,0
7301,33952.17012,13672.494,30326.85216,7345.22184,0
7302,33009.17268,13822.90536,29999.442,7325.28588,0
7303,35122.23924,13125.20088,29599.75788,7260.52536,0
7304,40694.65752,13978.93332,27427.51308,7429.29792,0
7305,44284.6602,15278.75316,24307.6548,8229.27996,0
7306,47104.37424,16001.18124,21772.94196,8735.595,0
7307,48353.78856,16789.84032,20803.40064,8952.60432,0
7308,48523.79136,17544.12924,20869.74252,9028.88316,0
7309,48274.48692,17088.90744,20785.97532,8904.00192,0
7310,47565.07008,16711.15908,21299.94372,8774.77128,0
7311,45129.27012,15394.78908,25574.68452,8609.3172,0
7312,43777.9056,16052.36952,28289.0124,8433.11964,0
7313,44833.10304,17756.01564,28512.26004,8339.09076,0
7314,46943.00556,17451.7002,29179.2798,9164.98308,0
7315,47518.36848,18828.0444,32528.73624,11379.86652,0
7316,46886.38284,19617.01632,34128.31356,10782.40152,0
7317,45437.4558,18417.75804,35100.83808,9364.72416,0
7318,44037.015,17954.1978,35349.58812,7978.71888,0
7319,42365.13996,16887.80676,34963.632,7241.07252,0
7320,41170.25616,15926.04156,33298.49292,6873.06708,0
7321,37960.18512,15633.54936,32613.57264,6847.2228,0
7322,35408.56836,13948.84788,32473.42164,7183.5126,0
7323,33851.65608,13036.99056,32005.86048,7015.93728,0
7324,33208.86096,12423.34632,30866.48268,6909.13608,0
7325,32566.54104,13214.89884,29359.65252,6895.8846,0
7326,31145.82108,12763.9512,29195.85372,6830.92476,0
7327,33577.76268,11427.27564,28048.79616,6806.52456,0
7328,36999.11688,11402.7804,25232.60784,6962.35584,0
7329,40738.20036,12419.682,21768.48564,7416.02532,0
7330,42495.19824,13753.35456,19905.80988,7877.8854,0
7331,43580.15376,14596.78836,19676.09292,8330.34048,0
7332,45115.71504,15501.39888,19624.66308,8443.1622,0
7333,45234.71964,15537.5748,20062.94664,8384.44332,0
7334,44086.6008,15321.15288,20309.0514,8349.80916,0
7335,42002.93724,14714.99172,22215.38616,8283.24024,0
7336,40142.15304,15097.401,25433.29668,7879.67796,0
7337,41907.50388,17433.74688,24097.58208,7827.48648,0
7338,41444.94156,19579.43196,25469.16372,8529.78852,0
7339,42809.88888,19720.18356,29642.415,10497.82272,0
7340,43057.59744,19144.15272,33248.75532,9902.4156,0
7341,42712.50324,18939.26232,34078.66176,8445.97776,0
7342,41334.07476,19125.54996,33790.70508,8019.16236,0
7343,39785.14584,19133.62308,32790.3246,7364.58756,0
7344,38851.7844,17130.696,30965.1012,7371.11232,0
7345,37767.0216,15406.61892,29337.11088,7286.20596,0
7346,36452.30028,14304.71856,28760.61936,7226.90232,0
7347,36036.63888,13572.79704,28030.9986,7180.52544,0
7348,35905.07052,13596.51216,27086.24688,7261.54704,0
7349,36044.56284,14203.92732,26733.4782,7344.31896,0
7350,37631.6226,14623.58568,26834.15196,7543.65876,0
7351,39077.07672,16044.50628,29674.37484,7898.9724,0
7352,41632.49904,17746.32024,31912.485,8528.76156,0
7353,44961.64464,21271.008,30477.64896,9110.29416,0
7354,47976.68304,21651.33828,30454.0566,9272.07204,0
7355,52095.55428,20677.04628,29727.6078,9724.869,0
7356,53522.67228,20536.11516,29301.44052,9845.35464,0
7357,52311.6264,18896.0838,29039.83632,9862.09752,0
7358,53226.9276,19860.26856,27768.46512,10022.00232,0
7359,53467.67844,21495.71556,26046.51324,10808.2128,0
7360,53406.276,23523.13392,24216.70548,10595.4948,0
7361,54954.85116,23895.22212,22724.44152,11373.9252,0
7362,55933.45824,22123.82304,21711.27948,12310.32,0
7363,55200.024,21169.76796,24242.70288,14622.65376,0
7364,56766.47856,22046.59908,25429.25484,15107.78808,0
7365,56849.3376,21492.17004,25275.51312,14400.7974,0
7366,56052.19752,21884.86872,25668.84804,12546.80856,0
7367,52081.43292,20784.76752,25705.88592,12473.16312,0
7368,47179.04532,19610.1114,25907.42748,11632.1502,0
7369,44935.7238,16011.52476,24697.02312,11577.64608,0
7370,43954.78956,13602.23304,24730.71612,10517.16864,0
7371,43819.75356,11543.55048,25039.20144,9251.84832,0
7372,43092.83748,11251.30908,25052.59284,8783.04108,0
7373,42381.38916,12270.17616,24702.10116,9063.53316,0
7374,41936.3802,14436.30936,24347.45808,9096.91332,0
7375,41993.11116,15729.83148,27954.46632,9426.3312,0
7376,44639.3178,17300.77008,28584.40992,10076.94732,0
7377,47834.58636,17036.1378,28928.15376,10619.73,0
7378,50652.24648,17477.64612,27097.73088,11209.18788,0
7379,52757.04984,19309.36128,26465.53932,11681.934,0
7380,53618.59932,19776.95544,26481.63276,11809.55952,0
7381,51697.06608,19724.02212,25835.96664,11704.02156,0
7382,52431.56424,20297.08956,27547.82844,11747.91684,0
7383,53809.85412,22681.08216,28327.06932,11230.11648,0
7384,54155.82348,24115.79148,28156.83816,10956.561,0
7385,54989.29524,25281.4254,26412.22188,12542.31,0
7386,53156.87124,23494.66548,26467.28832,12757.19412,0
7387,52990.63836,22070.50824,28585.3722,14366.8866,0
7388,53770.66068,22432.28856,30452.42904,14796.81588,0
7389,53548.94028,22139.7792,31539.85296,13035.0792,0
7390,53246.16792,21706.90632,32763.92592,11082.98004,0
7391,50052.13488,20596.12896,33484.14696,9806.25756,0
7392,46188.86316,18994.9122,32122.7874,9384.83436,0
7393,44564.61504,15476.89572,32177.05524,9185.3322,0
7394,42791.51184,13328.84124,31318.92984,9142.47972,0
7395,41804.6442,11296.263,30921.67584,9205.3896,0
7396,41226.4248,11092.58304,29560.0734,9393.34176,0
7397,41166.99708,11572.7502,28777.94304,9363.4926,0
7398,40546.86372,13480.58976,29343.66732,9044.0592,0
7399,42147.71484,14420.52216,31521.9564,9503.22384,0
7400,45576.44124,16405.28868,31684.62528,10040.22228,0
7401,49215.80532,19416.87,30202.31016,10766.8308,0
7402,53029.39752,20158.36548,28736.41056,11369.60748,0
7403,55169.67852,22445.40144,27241.30068,11783.34828,0
7404,55877.66976,22827.82788,27267.32976,11857.67088,0
7405,55002.07152,21961.9554,26916.58992,11722.458,0
7406,56792.54724,21959.38932,28116.2112,11716.34244,0
7407,56959.32792,22651.32012,30725.60436,11640.16392,0
7408,56081.388,23604.65712,30934.28316,11572.10208,0
7409,54967.4268,24082.28328,30513.97932,11662.97616,0
7410,51985.00692,22799.07564,30395.98188,11025.4518,0
7411,52478.2302,21448.67604,31255.13424,13576.23432,0
7412,53681.70984,21605.1726,32140.46616,14297.26584,0
7413,53839.0578,21872.03964,31711.65492,13371.02184,0
7414,54086.89704,22294.54788,30962.1444,11988.25848,0
7415,53147.95068,21342.09132,29047.9926,11577.12996,0
7416,50882.6868,21126.98676,26141.15592,10500.05352,0
7417,48349.83252,21202.36008,22265.17128,9740.90172,0
7418,47965.70856,19481.5104,19779.99408,10061.82276,0
7419,47140.44324,18333.5394,17947.17276,10527.85404,0
7420,45662.6478,18130.99068,17180.12472,11243.89728,0
7421,45621.89676,19271.82708,15242.42016,12083.37768,0
7422,47144.42964,19658.04852,13985.01588,12769.98492,0
7423,47669.92428,19447.0914,18218.41692,12118.08708,0
7424,51188.94924,18271.3014,22689.07476,10110.51888,0
7425,54486.83328,17501.36652,23947.91652,10418.38644,0
7426,55570.87536,17994.636,23109.74292,10948.70832,0
7427,55897.52256,19374.32772,23953.47108,11400.86112,0
7428,56371.1412,19969.32828,23986.35888,11340.43944,0
7429,54483.8316,19677.77724,22865.7726,11204.3844,0
7430,56264.20536,19536.297,23425.34436,10989.495,0
7431,58012.14276,19862.17068,23561.01924,10454.46336,0
7432,57682.6998,21483.2376,21877.581,10472.14608,0
7433,57805.69476,23774.90148,18037.63368,12533.63892,0
7434,58034.14188,22403.2512,17872.79736,13313.80776,0
7435,58523.34576,20797.92,19898.24232,15036.1134,0
7436,59705.4084,20280.21204,20486.32344,17334.1938,0
7437,59966.21004,21495.49644,19693.33344,15573.71112,0
7438,61063.3518,21815.10804,18754.34748,13965.16704,0
7439,58731.67608,20932.90188,18105.72852,13655.23368,0
7440,55098.09492,21046.04568,17000.44104,13475.79684,0
7441,51541.03548,21172.08852,13978.72872,13090.71456,0
7442,47828.96712,20573.54376,13698.24852,12225.65388,0
7443,45836.81784,20230.36224,12829.73604,12260.22072,0
7444,45286.29072,19558.78584,12023.5434,12662.49204,0
7445,45321.93996,20364.32772,11358.10896,12680.3358,0
7446,45808.01808,20027.91912,12638.77296,12709.94868,0
7447,47125.0956,18876.94248,18347.22252,10950.3702,0
7448,50391.20328,17054.67984,23040.12744,9844.72368,0
7449,53343.83604,16387.34592,25937.41392,10428.23892,0
7450,55780.56132,15800.16768,26606.9826,11169.8004,0
7451,57575.397,16642.3752,26812.39836,11548.8186,0
7452,58875.4254,16937.25,26807.781,11618.39052,0
7453,57768.15396,15218.67864,26599.26456,11579.68548,0
7454,59082.60996,15946.23624,26445.22716,11477.81184,0
7455,60476.33196,17034.90756,25688.2956,11040.4008,0
7456,58460.10852,20044.79664,24760.4478,11136.86376,0
7457,57664.21056,21510.2382,22922.45604,10913.69136,0
7458,55952.8002,23118.78756,21688.94904,11376.0768,0
7459,55592.30556,23271.66996,22363.68024,14086.24932,0
7460,56628.5148,22969.28172,23013.8964,14777.77224,0
7461,54525.75744,22947.4806,23170.56192,14161.98432,0
7462,53174.13948,22802.48784,23145.7116,14184.67248,0
7463,51091.87644,22050.09972,22526.25276,13923.69924,0
7464,48912.17496,20311.2888,22076.80596,12874.97376,0
7465,46879.49772,18396.3978,20653.44468,12762.20616,0
7466,44326.8012,17483.0964,20032.11408,12234.16656,0
7467,41121.9336,17191.94532,20205.44196,12075.73884,0
7468,40281.9582,16930.00584,19701.19932,11013.95724,0
7469,39711.92808,17114.15376,19820.36232,10290.53916,0
7470,39204.26532,16544.09724,21323.09256,9570.49896,0
7471,37869.85488,15031.62936,26247.03444,8908.04772,0
7472,38019.92964,16338.69468,28685.57076,8801.9712,0
7473,40934.6454,16495.46184,29371.73184,9501.51708,0
7474,43923.58872,15987.22356,29068.20708,10043.54208,0
7475,46224.9942,15537.08772,28506.5682,10464.85836,0
7476,47655.63264,14604.32556,27739.60728,10617.91104,0
7477,48227.66652,13943.26296,26393.51616,10601.81232,0
7478,47491.67148,14029.72824,25547.13348,10364.8512,0
7479,45347.62848,14414.31948,26396.04,10138.91868,0
7480,45952.55412,15513.55212,24775.38492,9784.80492,0
7481,47594.9364,16598.85216,22102.69512,10985.84256,0
7482,48645.8676,18225.73632,20876.62896,12244.04412,0
7483,50584.63212,19151.74668,21911.81916,14683.90044,0
7484,51584.20212,19765.04376,22518.47004,14710.94724,0
7485,50314.71456,19235.48748,22348.51344,13710.30936,0
7486,49291.50732,19069.49088,21171.04044,13176.8208,0
7487,46964.54004,18769.74132,20903.76156,12490.71912,0
7488,44737.86504,18184.41504,19533.75732,12390.46116,0
7489,42014.53608,17484.7068,18907.33548,11747.85612,0
7490,39998.0394,16827.8946,18084.3102,11168.93712,0
7491,38113.647,16899.97056,17383.68192,10923.81576,0
7492,36608.54868,16031.79204,18515.3298,9951.99348,0
7493,35186.06784,16120.92768,19295.7996,9387.70404,0
7494,33431.24004,15220.3788,20033.20836,8876.93268,0
7495,33803.80872,13959.25476,22107.53028,7849.18464,0
7496,38001.06948,13375.61412,19776.00768,8116.31964,0
7497,40557.78012,14094.5706,16857.3438,8733.714,0
7498,42515.21604,15398.9352,15054.25944,9149.99844,0
7499,44339.71872,16458.48864,14519.73204,9504.64944,0
7500,45507.92004,16614.37932,14670.73872,9642.35052,0
7501,45831.75036,15977.86608,14704.59804,9456.73476,0
7502,44553.0228,15332.38212,14975.62968,9298.55124,0
7503,42349.20096,14676.18636,16903.94244,8950.45536,0
7504,40117.4598,13830.59832,21106.03044,8827.4802,0
7505,42792.1428,14610.98364,20881.02852,8939.81748,0
7506,45758.17224,15435.41208,20385.12432,10355.67984,0
7507,44885.5638,17566.31316,23406.48948,13835.50476,0
7508,45476.475,18527.487,24977.7462,14697.08196,0
7509,45864.10092,19055.17812,25340.79636,12907.91172,0
7510,46356.2814,17688.69696,25320.24396,12410.541,0
7511,44757.59244,16960.02132,24941.23896,11996.99292,0
7512,42837.92568,16373.82912,22841.21796,11406.90408,0
7513,40430.9004,16135.91364,22230.41832,10168.2042,0
7514,37953.4188,15544.59192,22401.58008,9356.77776,0
7515,36307.70088,15032.07156,22486.43628,9245.08068,0
7516,36477.95712,13027.96836,23398.03224,9026.34612,0
7517,36650.15904,12310.4784,24209.77548,9084.82212,0
7518,37563.74292,11706.41076,25365.61104,9276.08352,0
7519,38454.8802,14067.90132,28848.56172,9213.55776,0
7520,41788.78308,15064.94748,29683.58184,9372.297,0
7521,44527.69464,16772.1576,28766.83524,9765.27156,0
7522,47110.32348,17830.79628,26777.91336,10241.54868,0
7523,49607.86116,19176.861,25895.496,10613.3742,0
7524,50428.35204,19916.83452,26357.88672,10734.40236,0
7525,50130.72636,19008.13728,25250.74464,10589.28684,0
7526,49122.30312,19490.74512,26649.97764,10487.30892,0
7527,49776.29844,18018.24816,28115.69904,10234.24512,0
7528,49902.90096,16882.41324,30186.5454,9749.157,0
7529,53036.973,15926.73456,30031.41504,9554.3118,0
7530,52020.7842,14778.92856,31214.4558,9653.84508,0
7531,50956.7784,14737.89372,34431.75912,11427.55416,0
7532,52269.13824,16031.62704,36905.58036,11249.77524,0
7533,52269.98964,16374.91284,36609.99408,9736.34904,0
7534,51328.2,15913.88964,37259.07504,8946.86232,0
7535,48445.96284,14596.95468,36874.31748,8714.2836,0
7536,43365.3,12675.08088,36039.22872,8751.2964,0
7537,37962.98484,12461.79528,35029.90788,8613.84084,0
7538,35109.17124,12339.90384,34008.41532,8144.48976,0
7539,32894.99268,12682.24848,33308.80212,7998.19548,0
7540,32208.33,12466.01004,32973.0126,7944.36456,0
7541,32512.5042,12836.34264,32484.66144,7927.01184,0
7542,33406.55472,13365.0792,32446.40124,8029.93092,0
7543,38801.1756,14256.73656,31515.2112,8333.424,0
7544,43425.80088,16269.04224,29690.02344,8726.94768,0
7545,46498.80312,16677.58884,30247.84488,9082.94112,0
7546,49581.47304,16920.19956,28739.98248,9633.42204,0
7547,52518.93636,18423.97392,26880.12756,10018.1598,0
7548,53244.22488,19530.64476,26118.56016,10220.9976,0
7549,52473.41352,18911.38656,24960.43044,10126.72584,0
7550,53391.06168,18885.2334,25872.49236,10141.73292,0
7551,52798.25232,18390.30732,28761.39552,10256.71152,0
7552,52313.39256,18484.48008,30388.84332,9807.35448,0
7553,53002.02204,18373.22916,31649.94492,9267.5946,0
7554,49820.97252,18274.86408,33224.52408,9059.34876,0
7555,47750.33868,18631.34724,35234.78904,11221.41372,0
7556,49144.722,21301.83924,36154.57032,10699.57548,0
7557,48519.636,21360.49344,36329.39772,10059.31608,0
7558,48457.96296,21363.86868,36292.73868,9306.57024,0
7559,46356.01476,19403.4192,36020.19828,8487.67128,0
7560,44806.43376,14977.78128,34564.95636,8485.4484,0
7561,39223.15584,13589.89104,35381.03976,8519.1084,0
7562,35520.42252,13113.08328,35434.1592,8469.26124,0
7563,33389.03568,12920.26824,34676.34192,8386.3098,0
7564,32598.01776,12658.33536,33644.31576,8495.14776,0
7565,32545.5768,12817.28448,33708.6024,8637.41736,0
7566,33977.01516,14275.83036,32820.5988,8465.28936,0
7567,40943.48676,14357.70204,31311.21708,8699.76888,0
7568,46184.46228,15548.5044,29892.62496,9176.73636,0
7569,50157.40224,15864.85956,30034.78632,9365.99532,0
7570,53430.70128,16512.59016,28529.8662,9763.19124,0
7571,55823.49564,18101.05308,28004.61444,10168.49856,0
7572,56689.91988,18807.78768,27894.63864,10516.77,0
7573,55929.07716,17687.73732,26484.98952,10633.97016,0
7574,55459.15188,19087.46664,28585.81968,10552.66212,0
7575,53891.68752,20786.97852,31236.07608,10235.13612,0
7576,53888.70432,21295.263,32403.04716,9986.2686,0
7577,54999.11472,21716.805,31868.56464,9915.62088,0
7578,50886.26004,21429.08328,32406.34848,10029.0498,0
7579,49540.69164,20144.69424,35034.90012,12531.18108,0
7580,51902.44488,21665.54016,35129.95992,11945.65548,0
7581,51459.2232,21176.97384,35969.85348,10732.18344,0
7582,51264.49812,21608.0502,35885.13324,9446.7054,0
7583,48372.654,20329.45068,35268.83976,9307.7226,0
7584,45718.67388,16416.8466,34944.74808,9116.76612,0
7585,42794.58084,13053.30708,35036.08284,9074.43504,0
7586,38892.8364,12242.67,35241.48276,8986.45308,0
7587,36814.92276,12242.77956,34755.65544,8958.35424,0
7588,35132.92332,12139.73772,34782.23496,8927.34216,0
7589,34575.53088,12576.68808,34668.94464,8816.61132,0
7590,36790.44468,13109.35692,32960.6772,8809.38564,0
7591,44185.0266,14248.40736,29210.02392,9156.23412,0
7592,49847.45436,16751.98008,26028.82656,9990.06228,0
7593,52216.15476,18437.25444,26932.22532,10744.86468,0
7594,53849.69436,19410.96564,26669.93208,11187.5544,0
7595,54974.2512,20069.6232,27646.9314,11562.00012,0
7596,56520.20484,20993.68128,27022.85124,11734.7472,0
7597,56115.42552,20087.31516,25725.63708,11565.1008,0
7598,56847.35496,19798.62192,27412.00044,11526.18324,0
7599,56937.42516,20065.7688,28167.25032,12153.58584,0
7600,55786.06968,19558.67892,31341.585,10456.9938,0
7601,57062.34996,19123.42608,30980.0238,9795.48108,0
7602,52978.0218,19950.69384,31269.9222,9811.43988,0
7603,51666.38664,19908.27696,32737.3002,12198.45132,0
7604,52522.84884,20071.9794,34349.25384,12908.81196,0
7605,52008.81048,19647.47136,35890.80132,11247.21576,0
7606,51452.04636,20649.83052,36822.75432,9657.05664,0
7607,49370.57532,19190.51376,36001.37112,9318.56508,0
7608,46206.07068,16128.11508,35334.07944,9131.50392,0
7609,43380.6714,13408.3092,34596.44628,9077.3826,0
7610,38635.02852,13750.4598,34280.1558,9092.76192,0
7611,36005.45256,14060.2044,33656.69076,9091.42212,0
7612,34918.43124,13959.36564,33153.22956,8964.74304,0
7613,34524.54852,14686.55364,32752.47624,8887.49136,0
7614,36081.95316,15459.35688,31653.1908,8887.2828,0
7615,43007.79648,15062.50548,29406.48744,9078.85308,0
7616,48409.96512,16254.80736,27365.41632,9754.2984,0
7617,52432.95156,17148.53448,27592.026,10455.38076,0
7618,54712.24308,17509.29708,27879.30816,11003.95824,0
7619,56361.6306,18757.1076,28449.93888,11334.46644,0
7620,57670.07268,19270.36188,27584.36736,11607.21276,0
7621,56359.85652,18141.16392,26632.78596,11456.52288,0
7622,57116.71284,18029.56452,26792.11392,11369.04384,0
7623,57684.85536,18573.78864,27347.86824,10929.54324,0
7624,57765.3582,19203.195,28432.24692,10304.93244,0
7625,57614.12316,19691.86032,28571.85276,9643.3986,0
7626,55065.70608,20865.174,28587.32976,9672.54156,0
7627,52959.5088,20715.13224,31004.37912,12190.23432,0
7628,52873.85796,20087.60028,33650.32704,12889.74192,0
7629,51743.71224,19333.77072,35549.34636,10684.08264,0
7630,51585.56832,19633.98492,35635.78524,9160.88844,0
7631,48609.0594,19648.55904,35817.07272,9140.59476,0
7632,43828.91436,18957.17604,36015.70764,9099.26952,0
7633,40620.71904,17597.844,35099.23032,8965.37928,0
7634,38227.8006,15282.13236,34981.33452,8861.69064,0
7635,34999.01724,15404.9214,34445.3406,8804.96628,0
7636,33490.41696,15174.38208,34020.2214,8796.17904,0
7637,33106.88964,14703.66216,33453.6906,8795.75004,0
7638,33142.7712,12629.66628,33183.38628,8785.32996,0
7639,36544.07724,12161.26956,29343.11688,9405.93456,0
7640,40707.018,13606.74216,24347.13072,9882.90996,0
7641,45716.68464,13905.441,20156.85012,10313.73684,0
7642,48721.497,14282.98476,18370.76472,10926.24984,0
7643,50651.37396,15422.5038,17865.4278,10800.96336,0
7644,51253.87212,16147.33956,18034.5132,10894.6596,0
7645,51145.96344,16121.2062,18485.46744,10850.82372,0
7646,51332.63784,15480.68412,19397.59404,10722.54348,0
7647,50546.20428,15951.22716,20363.22288,10346.03328,0
7648,48815.17344,17549.04492,21069.87828,9934.72392,0
7649,48945.11292,17030.44992,23851.45356,9390.70176,0
7650,47858.79648,17981.799,27864.837,9563.631,0
7651,48996.29064,18106.85316,30363.30792,11915.10408,0
7652,49591.839,17519.9706,32957.60556,12159.23412,0
7653,47133.39312,17813.02776,34054.22988,10876.13868,0
7654,46150.5528,17949.31512,34350.86952,9414.966,0
7655,43797.23172,17934.9786,34241.95368,8967.98892,0
7656,42585.8664,15602.79864,33905.69028,8965.77264,0
7657,38460.54828,15597.7404,33671.23452,8849.89512,0
7658,34451.89308,15663.57408,33515.01384,8744.42976,0
7659,31621.66524,15476.83236,33297.70092,8616.72108,0
7660,30119.93292,14838.83412,32889.16224,8960.41212,0
7661,29628.98928,14820.01488,32289.61824,8744.42052,0
7662,29670.23664,14662.80156,31394.913,8358.2004,0
7663,34026.21024,14360.40408,27902.51904,8368.29312,0
7664,37156.59684,14541.18204,24453.78672,8805.72,0
7665,40955.74428,15659.9454,20550.01608,9486.03084,0
7666,43360.19556,16145.43876,19049.98392,10025.29836,0
7667,45239.6274,16261.73604,18919.7646,10331.35752,0
7668,46291.6278,16752.2256,19676.45328,10500.54324,0
7669,46268.7654,16516.89468,19608.0258,10511.2194,0
7670,45240.61872,16321.25748,19977.72216,10537.99428,0
7671,44980.8942,17272.42968,20710.88184,9975.2796,0
7672,45760.5456,16687.43604,22878.57264,9521.35668,0
7673,43278.04404,17901.57468,25406.28552,9372.1386,0
7674,43210.01916,20270.99976,27285.73848,9619.8894,0
7675,41912.00376,22173.9408,30020.15808,12542.046,0
7676,42975.57924,21135.01104,33590.11524,12610.3098,0
7677,42939.78876,21635.44548,34296.38124,11107.93068,0
7678,42597.91008,22259.25372,34244.31516,9678.91584,0
7679,40624.1154,22694.11056,34199.82192,9086.37576,0
7680,39523.02288,19316.07876,34153.53876,9033.96252,0
7681,36807.24432,16954.90104,34587.54816,8892.99444,0
7682,34512.21576,16737.13404,33602.94828,8820.84324,0
7683,33080.71536,16037.33604,33288.72888,8741.53368,0
7684,32784.63804,15244.55328,33167.42616,8721.2268,0
7685,32931.19236,15422.60148,33141.8802,8709.29004,0
7686,34286.44296,16235.81388,32866.74072,8725.22112,0
7687,39618.19488,17048.77944,31896.051,8887.35936,0
7688,46957.02528,17951.35452,30182.62236,9603.30756,0
7689,52673.17176,19923.6774,28435.92576,10343.93448,0
7690,56837.4642,20358.18048,27409.7406,10973.358,0
7691,59081.07612,21609.39528,27403.81776,11345.96496,0
7692,59781.17508,22351.80684,27233.0388,11441.1198,0
7693,58750.44516,21016.43412,25790.73552,11374.46508,0
7694,58878.13272,20985.4854,26803.47384,11237.655,0
7695,58821.92316,20040.14892,28431.46812,11116.97136,0
7696,58822.25448,20684.97552,28302.61236,10429.98396,0
7697,55644.63564,22629.06228,29443.73256,10869.47136,0
7698,53021.72964,20900.05104,27741.06852,12825.01704,0
7699,52522.2126,19434.81804,30805.77192,13925.637,0
7700,53465.42388,20058.57348,33196.2906,13954.19916,0
7701,52595.76696,21354.15744,33412.76268,12134.92236,0
7702,51646.62228,21594.50436,33844.51752,11209.66704,0
7703,50332.17948,20837.09364,33298.77012,9413.47044,0
7704,48618.51852,17175.70536,32225.24976,9091.98444,0
7705,44991.47268,15121.74576,32225.00028,8868.78828,0
7706,42542.2668,13540.95732,32229.53712,8730.56052,0
7707,41248.10184,11489.00148,32202.28572,8721.44064,0
7708,41153.94888,11478.24876,30581.24256,8767.275,0
7709,41756.89848,11643.12864,29712.09252,8823.2166,0
7710,42082.4316,12634.4724,29874.44328,8940.91704,0
7711,42675.50628,15464.9352,31337.4204,9121.43628,0
7712,46801.06992,17429.8014,30606.39516,9745.13892,0
7713,52022.37612,18447.06732,29772.86796,10423.87764,0
7714,54763.10268,20013.8466,27876.93612,11034.05952,0
7715,57145.1892,21206.59728,27415.542,11443.03248,0
7716,58088.71332,21924.837,26418.4272,11588.49252,0
7717,56666.8872,21123.12444,25495.01724,11140.80396,0
7718,57203.3616,21517.023,27457.09824,11000.81004,0
7719,56969.19228,21344.43696,29161.21824,11278.02852,0
7720,57500.87904,21446.27496,27690.43596,10753.1952,0
7721,58296.1368,23404.83816,24459.07596,11036.22432,0
7722,56255.496,22719.17076,22865.37792,11955.97392,0
7723,55161.40344,19812.045,25609.75032,14970.25596,0
7724,56196.15276,21579.72036,27331.84344,15366.7008,0
7725,54846.05676,23500.9962,27194.73636,13877.06364,0
7726,56040.81516,23634.74652,26051.90808,12370.85256,0
7727,53870.55168,23562.50424,23783.56068,12439.77768,0
7728,51624.7578,21281.8386,21514.5216,12503.436,0
7729,49926.67944,18788.98296,19285.07592,12235.14864,0
7730,47749.52556,17888.7522,18862.15188,10796.0688,0
7731,46726.89384,17696.93904,18055.41012,9839.92416,0
7732,46342.00956,17403.38292,17027.14464,9860.92536,0
7733,47076.91692,17377.86072,16168.02264,10014.03612,0
7734,48305.52144,17920.65396,15931.39548,10127.75808,0
7735,49705.40388,18567.2256,19302.02208,9772.73088,0
7736,50786.076,18343.34172,23408.1936,9721.6086,0
7737,54662.14248,16487.17488,25119.336,10144.89036,0
7738,56863.31112,17328.07032,24325.4286,10539.0252,0
7739,58922.2722,18311.15352,23743.39044,10947.13224,0
7740,59404.8774,18889.13004,23540.99748,11151.22668,0
7741,57869.07192,18688.6458,22089.27996,11124.69204,0
7742,57817.07052,19341.4584,22963.5384,10835.58696,0
7743,58733.09508,18955.1802,25019.80536,10212.3252,0
7744,61224.12516,18611.84952,23811.84828,9791.628,0
7745,63191.21292,20003.77236,21221.541,9681.62184,0
7746,61298.65764,19181.54832,20568.80496,10423.479,0
7747,60561.52476,18694.02612,21553.63056,11888.15232,0
7748,60640.2522,20626.33848,21222.77652,14267.22132,0
7749,60752.67528,21208.71192,19376.72484,14357.98584,0
7750,61013.69208,21047.8422,17983.78296,14480.93064,0
7751,60266.70804,21301.92372,17361.44916,12805.9602,0
7752,55603.55064,21998.69628,16402.21308,12556.8036,0
7753,53572.8138,21575.88444,13905.54132,12392.84508,0
7754,51838.71396,21451.9074,10938.6486,12357.42816,0
7755,48732.92028,21242.03268,10380.23976,12417.44592,0
7756,47097.38088,21020.15784,9768.957,12691.82772,0
7757,46446.10872,20723.23968,9749.33124,12754.08024,0
7758,44559.55284,20620.16352,10971.75156,12144.6204,0
7759,45553.86,17677.374,14009.9652,11692.47684,0
7760,47776.87596,16832.25984,16901.47272,10318.0836,0
7761,49637.19552,16581.7344,17913.63024,10035.39504,0
7762,51198.29088,16940.97636,17195.79972,10338.18984,0
7763,53067.87684,17662.57944,16401.24288,10866.37068,0
7764,53923.53648,18458.04048,16300.07676,11022.86064,0
7765,52982.69724,18025.27848,16479.6918,10882.9512,0
7766,52114.42896,18364.2294,16993.26156,10922.00604,0
7767,50596.71012,17556.1188,19301.9838,10969.73064,0
7768,50372.93184,17437.45344,19987.25784,11187.95568,0
7769,50850.59496,18175.26084,19545.3258,11414.11128,0
7770,48442.90968,21506.8854,19773.77556,12923.89692,0
7771,49022.17188,23577.33972,21430.27788,14584.57572,0
7772,53848.37172,23612.64444,20905.9884,15415.91832,0
7773,54235.14624,23777.23392,19656.24144,14565.70632,0
7774,54273.6942,23695.75956,19606.34148,12840.66432,0
7775,52586.5164,23684.67156,18337.19976,12746.63544,0
7776,49397.8914,23252.37684,17096.5806,12572.56836,0
7777,46050.78456,22860.86748,15774.53724,12609.00036,0
7778,42265.22652,21808.84728,16168.16256,12663.63912,0
7779,38609.7294,20769.54924,17316.9282,12737.36508,0
7780,37153.62684,20346.70044,18160.20096,11870.7468,0
7781,36681.79416,20192.24328,18556.88736,11632.57392,0
7782,35956.83432,19662.654,19538.72844,11488.21212,0
7783,37958.87436,20029.42128,22728.39888,10309.15644,0
7784,42231.79092,17534.66352,27468.12156,9577.43292,0
7785,47401.78212,18072.83016,26370.83856,9675.3558,0
7786,52320.6288,18480.9702,23494.58364,10079.82096,0
7787,55634.47296,19543.43028,22078.50348,10215.5856,0
7788,57111.65592,20254.52748,21719.06616,10533.18288,0
7789,56193.83352,20554.60968,21133.97484,10683.63516,0
7790,54303.97632,22906.27944,22431.2418,10688.87424,0
7791,53266.50384,23156.37192,25308.27288,10262.51952,0
7792,53428.08768,22897.90932,25896.85428,10150.8264,0
7793,53495.70732,23410.87584,23456.46864,11652.1746,0
7794,52871.61,22673.98056,23439.8868,12850.96296,0
7795,50263.04976,22514.41896,26191.56408,14640.57672,0
7796,52015.21776,22723.63764,28528.33104,14893.08084,0
7797,50285.11884,22796.49372,29541.62112,13798.59888,0
7798,49672.65336,22743.48384,30034.93416,12707.8248,0
7799,48209.8584,22739.6928,28424.88528,12262.08984,0
7800,45773.15556,22523.69064,26046.52644,12258.89148,0
7801,42900.59664,22035.36852,25260.70272,10998.35484,0
7802,41781.89532,20901.23904,24545.96892,9392.77284,0
7803,39941.44308,20752.57932,23219.988,9503.06676,0
7804,39111.42312,20360.12352,22349.415,9489.6648,0
7805,38374.6506,19248.05388,23046.04104,9301.17276,0
7806,37667.65332,18353.39616,23053.29312,9205.79616,0
7807,38592.873,17182.96668,26050.31748,8720.6988,0
7808,42876.37068,14859.50004,28672.4064,8485.11576,0
7809,47573.38872,14327.214,27191.89176,8940.58836,0
7810,50964.16512,14709.74472,25059.1968,9441.54816,0
7811,52783.91052,15922.23072,23943.33084,9800.51556,0
7812,53443.42608,16432.5678,23775.36348,9915.30804,0
7813,53452.37172,16087.50528,23827.78596,9899.26344,0
7814,52188.61296,16055.31972,24205.78512,9737.13708,0
7815,49073.34432,17507.42664,25182.399,9657.4038,0
7816,47278.77264,18034.56468,26561.22348,9606.13104,0
7817,49788.83844,18719.02692,24488.05788,9420.76212,0
7818,47889.96168,21681.1914,24224.62284,11282.16936,0
7819,48280.02828,20708.90976,27963.13476,13760.04432,0
7820,49888.13412,20194.47672,29307.85836,14469.03612,0
7821,48673.7592,19490.89032,30176.86716,13290.22068,0
7822,47249.9148,19376.2734,31333.1436,10989.27984,0
7823,45375.90552,18630.579,31235.9388,10051.78416,0
7824,43446.4932,18225.91452,31058.22852,8910.72732,0
7825,40099.43256,18248.4126,30120.12036,8631.2028,0
7826,38074.71888,17274.81624,29490.08304,8536.20372,0
7827,35916.46872,16114.91508,29410.26396,8534.4732,0
7828,34130.5602,16617.49584,28492.52076,8527.23564,0
7829,33787.73112,16465.40676,27928.36728,8525.76252,0
7830,33462.40656,14510.892,27980.6076,8419.23984,0
7831,34371.1764,13566.87684,28784.52588,8138.7306,0
7832,37478.90388,13901.7516,26645.18472,8496.54564,0
7833,41399.193,14543.51844,22034.39964,8993.78964,0
7834,45039.9708,14354.09316,19495.02984,9332.6772,0
7835,47005.25676,14518.84764,19307.91456,9563.79072,0
7836,48341.81484,15193.992,19947.00048,9661.65552,0
7837,47721.43068,14954.13744,20009.73216,9644.69616,0
7838,46501.21872,14600.21508,20050.73532,9503.88912,0
7839,43257.84012,15245.50104,22260.68592,9446.45328,0
7840,41280.60816,15314.16744,25630.72644,9326.11812,0
7841,41473.76904,16884.89352,27012.80208,8801.9976,0
7842,41677.49784,19381.32108,28235.53392,8778.693,0
7843,43232.21364,18780.6366,31285.2276,11946.9174,0
7844,45013.87572,19182.85116,32382.69936,12161.21412,0
7845,45547.40652,19222.47228,32398.86936,11020.42128,0
7846,46147.15908,18872.62476,32003.55444,9410.37108,0
7847,44919.89964,17186.14392,31491.13176,9363.4134,0
7848,42954.64008,15046.10976,30945.82788,9400.8552,0
7849,40758.22212,12392.25768,31103.65104,9322.51716,0
7850,38542.99944,11302.24392,31275.915,9154.66596,0
7851,37316.04756,11258.94528,30730.00788,9063.32988,0
7852,36745.54356,11289.58644,30346.88316,9047.3922,0
7853,37428.8706,11321.96472,30061.59024,9102.28176,0
7854,39601.11276,11294.1444,29224.10172,9242.13048,0
7855,41419.82064,14569.31916,30505.8336,9519.98256,0
7856,45057.27996,17006.52492,29888.2584,9980.16888,0
7857,49625.4924,17679.23256,29142.77124,10345.7442,0
7858,52442.30904,17222.98644,28566.252,10745.592,0
7859,54801.59256,17667.14928,28712.97,10935.07404,0
7860,55995.77676,18841.31832,28557.33012,11190.2604,0
7861,55563.46488,17458.01904,28086.88872,11110.42416,0
7862,56414.48736,17692.6464,28165.06704,11136.4902,0
7863,56513.96916,19146.66072,28270.47168,10956.06468,0
7864,56925.84612,20855.769,26850.12132,10527.56628,0
7865,58113.24684,21933.3774,24226.89984,11107.01592,0
7866,55291.6386,21786.91152,24376.24068,11336.73552,0
7867,53493.34452,19002.4692,29412.36012,12894.15732,0
7868,54044.92764,19948.84188,30369.36936,14137.58412,0
7869,52674.37428,21569.1168,30335.2104,13504.425,0
7870,51213.03264,21270.44568,31051.6866,13047.1506,0
7871,47816.5314,22603.03452,30145.137,11861.89224,0
7872,45318.85248,21395.3388,27453.8748,11547.53292,0
7873,44698.75344,19230.0702,24707.55672,10560.25344,0
7874,44367.96804,16019.22432,24588.19836,9890.78772,0
7875,42585.2922,14961.22188,24555.87552,9608.86608,0
7876,41516.56476,14078.95632,25380.59304,9150.17268,0
7877,41635.20504,14652.89628,24914.09844,9163.43076,0
7878,43222.37568,13037.75352,25894.1562,9626.22144,0
7879,45242.9934,13846.4106,29222.93748,9402.78504,0
7880,47030.3856,15015.066,30636.76572,10064.87856,0
7881,48920.58204,16781.5362,30938.60616,10384.68552,0
7882,51910.0626,17002.04088,28832.54088,10724.74524,0
7883,53910.05136,18576.61872,27488.0628,11286.65604,0
7884,55084.55436,19281.84588,27012.86412,11423.24832,0
7885,54284.33208,18752.50872,25867.32852,11241.63348,0
7886,55981.10364,19036.59516,26627.40036,11216.87688,0
7887,58396.10172,18812.871,27442.2654,10994.63508,0
7888,58623.24468,20495.18988,26141.75256,11036.74968,0
7889,59573.04804,22192.47492,23591.16144,11610.26988,0
7890,57988.08972,20139.93432,22843.6692,13045.3224,0
7891,55544.78028,19225.30368,25443.32472,14737.69704,0
7892,55671.63492,21092.70504,26966.61132,15734.80656,0
7893,54855.37596,21886.91076,27544.21692,14811.9312,0
7894,53090.08056,21664.82868,28558.37424,14380.68192,0
7895,50777.21484,21577.67832,28515.77256,12437.2314,0
7896,48588.61524,20120.07096,26705.68296,12003.21408,0
7897,47320.45956,17199.73464,25013.30304,11020.19028,0
7898,45786.57336,14083.51296,25701.2778,9921.29688,0
7899,43953.5448,12346.88004,26747.3646,9380.943,0
7900,42736.67244,11689.12668,26945.42664,9263.75868,0
7901,42988.0374,11965.40532,26319.29916,9242.96868,0
7902,44638.341,11616.10164,26851.64064,9075.7392,0
7903,45000.89484,12984.87168,30264.13632,9261.90936,0
7904,47840.26764,15216.7026,29495.80524,9880.47852,0
7905,51694.12116,16822.54464,28781.98752,10223.13996,0
7906,55780.68012,17004.5238,26740.25244,10342.96296,0
7907,58001.80056,18438.33552,26125.90596,10652.03172,0
7908,59712.88488,17928.18192,26982.38664,10685.99796,0
7909,57961.0482,18315.7326,24982.48764,10843.01064,0
7910,59122.13076,18387.22644,25451.3226,11188.8612,0
7911,58810.02204,19029.44472,27560.10048,10970.6256,0
7912,57810.76488,20495.72976,28082.67528,10760.45124,0
7913,59228.04096,21483.60192,25958.9814,11113.55652,0
7914,56331.1254,21739.15656,24656.07804,12037.13016,0
7915,54307.91256,20056.28064,26186.60484,14916.02772,0
7916,55584.56112,20325.97116,28356.61884,15808.87836,0
7917,54860.33916,20173.04256,29564.15484,14728.5996,0
7918,53806.5132,20426.65284,30724.54572,13735.13724,0
7919,50761.4448,20698.53192,30599.7384,12407.68848,0
7920,46509.54792,19441.29132,29782.26504,11758.87944,0
7921,44200.01256,16643.1078,28835.7102,11013.27084,0
7922,43326.98568,14115.10056,29592.1956,9632.59704,0
7923,40889.30868,13214.7378,30386.42772,8650.65036,0
7924,40143.90204,12657.48924,29849.68932,8586.07332,0
7925,40064.5476,13250.03328,29319.57204,8591.84832,0
7926,40905.54468,13125.8622,29818.75908,8625.74328,0
7927,42168.35832,15319.34184,31985.91924,8928.4338,0
7928,46212.91884,16417.6188,31977.98736,9448.70388,0
7929,49941.15588,15927.98856,33303.20532,9958.64892,0
7930,53404.55736,15777.30528,31903.69644,10343.17416,0
7931,56413.12908,16546.72404,30348.087,10600.17948,0
7932,58638.855,16079.31204,30575.28936,10752.42168,0
7933,58061.74572,15651.95544,29089.47624,10710.09852,0
7934,55490.20488,17290.03452,32948.73648,11030.86644,0
7935,54837.47412,19776.40896,33702.1146,10865.35824,0
7936,57332.89188,19939.52928,32322.09288,10424.8254,0
7937,57133.26168,21294.61092,32495.71116,9951.47736,0
7938,53813.06832,20219.60952,33730.06692,10228.60476,0
7939,52018.27224,19537.24608,34804.25784,11833.6614,0
7940,53325.44448,20418.25896,36035.36904,11939.40528,0
7941,53184.75096,21340.40436,35600.54124,10670.30712,0
7942,51124.0026,23095.43016,36144.1674,9806.5176,0
7943,48953.87904,22205.33436,35718.3882,9753.20808,0
7944,46750.22484,18643.48596,36117.60768,9239.2014,0
7945,45743.20872,13495.24176,35927.991,9193.31424,0
7946,43616.7864,11756.03484,34830.77268,9187.73724,0
7947,41455.84344,11551.81236,34358.32092,9137.40432,0
7948,39904.3524,11088.98604,34673.53824,9065.86296,0
7949,39732.95568,11975.81748,33176.09856,8943.83952,0
7950,40558.86516,12739.58268,33129.72828,8970.80712,0
7951,44555.39352,15300.23088,31731.61596,9028.52544,0
7952,47230.93188,18253.16328,31593.59676,9562.1328,0
7953,51565.18488,19101.22632,31395.96768,10137.00732,0
7954,54828.32388,19839.52344,29262.68268,10595.71788,0
7955,57384.68868,22389.15624,27502.83756,10962.32016,0
7956,58468.30968,23159.87916,27291.21516,11090.31792,0
7957,58298.41908,21568.1664,26856.07452,10977.27576,0
7958,57778.47504,22220.9856,29843.74272,10948.68984,0
7959,59393.08716,21172.30236,32217.43536,10606.97748,0
7960,61687.89,20219.925,31779.05808,10302.3624,0
7961,61050.63492,21675.73716,29472.89928,9891.07548,0
7962,57742.32156,21897.117,28859.6748,10239.81156,0
7963,54770.32968,19764.63192,31301.061,14304.55356,0
7964,54672.64308,20960.4186,33362.85084,14760.19776,0
7965,53674.08684,21354.8808,34363.33164,12559.91748,0
7966,51797.81508,22360.9914,35008.80636,11562.3354,0
7967,50461.20948,22166.62668,34759.3488,10436.76876,0
7968,48940.10616,19278.02712,35599.55916,9442.67016,0
7969,44683.13388,17474.25768,35059.1934,9395.0604,0
7970,42834.42636,16167.77052,32984.721,9183.57132,0
7971,41201.6814,14077.40136,33150.63576,8884.94376,0
7972,39696.41412,13872.37368,32550.47136,8827.43928,0
7973,38374.9212,14218.875,32004.38604,8837.78676,0
7974,37252.83408,12948.0714,32441.74032,8913.83856,0
7975,40495.14348,13445.87376,30644.75172,9159.51036,0
7976,46933.03428,14706.26124,25307.337,9441.93624,0
7977,49345.23924,14661.89868,26503.5606,9691.4664,0
7978,51364.65444,15361.698,25786.96296,10046.86584,0
7979,53114.77776,16580.73516,24263.54172,10476.23412,0
7980,54172.75644,17553.26496,23088.81036,10782.29196,0
7981,54044.0604,17693.23644,22042.82256,10755.9936,0
7982,53304.20964,16882.92012,22502.26044,10593.75108,0
7983,51632.77284,16931.86968,24371.38308,10475.8104,0
7984,53141.10516,16870.46196,23750.74944,10259.6142,0
7985,54420.15084,17900.90808,23361.01284,9883.87488,0
7986,53214.0444,18388.83288,24365.89056,12783.74856,0
7987,51098.48832,19612.26036,27590.6532,14530.83588,0
7988,52192.99272,19552.18056,29311.5174,15319.1478,0
7989,51032.53452,18597.56184,29968.26492,14976.30684,0
7990,49879.62804,18308.23104,29963.68584,15020.28528,0
7991,48431.22372,18576.3204,28353.6264,14891.57076,0
7992,47046.71004,19360.077,26467.69884,13598.94624,0
7993,44692.35804,19443.8904,24639.20976,12953.77908,0
7994,41507.09772,19131.10452,23748.1662,12834.68208,0
7995,40086.882,19106.769,21735.80904,12943.623,0
7996,39326.2254,18417.66036,20654.535,12902.97228,0
7997,38600.6148,17930.7942,20499.24096,12516.19776,0
7998,37981.99812,15802.8552,21065.94996,11640.79092,0
7999,40325.55516,13530.69828,22109.77428,10444.2822,0
8000,42572.9832,14961.79608,19316.94864,9717.0348,0
8001,44350.57176,15602.51088,17526.00564,9505.20384,0
8002,46459.25592,16108.53024,16171.88628,9786.08532,0
8003,48708.45804,16767.6102,15913.29828,10115.23128,0
8004,49962.957,18001.04328,16550.38176,10269.42972,0
8005,49467.429,17611.3674,18076.36116,10151.75172,0
8006,48333.63348,16837.40652,19063.84524,9871.92624,0
8007,47419.99548,16277.83212,20267.8476,9538.26324,0
8008,47727.64392,15863.53428,22196.55108,9677.93376,0
8009,50534.21604,16503.42012,20219.62932,10783.6872,0
8010,49258.53636,19604.24136,21003.1602,12147.5046,0
8011,48612.12312,21574.87728,23636.63412,13940.87376,0
8012,49328.46864,22380.83364,24861.9624,15856.13964,0
8013,48992.58012,22636.80936,25143.89064,15892.6416,0
8014,48934.70868,22663.92876,24386.39808,15994.46772,0
8015,48604.81032,22499.47128,25184.18892,13750.9812,0
8016,47067.92112,21769.99704,24204.13512,13155.39852,0
8017,43167.00168,21302.09796,24012.73248,12928.13544,0
8018,40292.5314,20667.1344,23993.5938,12568.58328,0
8019,38065.12248,20298.15216,24449.4426,12021.18192,0
8020,37387.08204,19112.19684,24564.66144,11953.67448,0
8021,37033.47252,18906.54876,24625.30224,11959.92468,0
8022,38497.2786,18204.6678,25348.83384,11573.7732,0
8023,42766.11768,17701.94976,27977.96232,10228.20348,0
8024,47563.48212,19472.48292,29153.47644,9748.53132,0
8025,53349.7536,19956.94272,29669.13444,10440.7908,0
8026,57518.46276,19499.93232,29068.01964,10995.8508,0
8027,60990.39804,19586.19168,28838.08224,11367.77136,0
8028,62576.8902,19110.5706,29452.6518,11584.25796,0
8029,62017.6194,17598.12912,29536.09428,11456.86476,0
8030,63234.24624,18954.22584,28418.44896,12650.73216,0
8031,61140.22332,21676.25856,27905.08248,14069.65824,0
8032,61097.59656,24028.82328,27213.0672,13963.98432,0
8033,61663.32612,23523.42168,26860.8648,13633.5276,0
8034,56824.7658,22925.45244,26585.87712,13689.35304,0
8035,55149.6924,22285.77912,27546.7632,13716.8064,0
8036,57028.2438,22189.20396,28435.3476,15041.9544,0
8037,55389.21564,22299.16524,29222.01612,15767.62044,0
8038,55330.71456,21892.4904,29081.38728,15957.7836,0
8039,54487.37844,21051.31248,28211.65116,14975.42376,0
8040,50859.39936,21644.21292,27146.8164,13485.39456,0
8041,47772.23616,21063.47628,25057.84776,13120.21524,0
8042,45832.43808,19223.96652,24004.58412,12951.16284,0
8043,43491.62004,19424.19204,23285.36892,12579.41652,0
8044,42945.21924,19727.22576,21946.60644,12413.66148,0
8045,42786.05628,19748.21376,21873.19464,12397.54296,0
8046,42226.08588,20314.84224,23010.37728,12347.42652,0
8047,44283.97776,20049.63576,26316.50076,11326.8936,0
8048,49974.92412,17530.07256,30967.09836,10455.76092,0
8049,54073.6416,19760.02908,31006.85148,10567.3656,0
8050,58669.71792,18847.90248,28998.54408,11039.8728,0
8051,62357.26596,19570.58004,27066.22908,11395.3884,0
8052,63507.23544,19906.6626,25629.58332,11447.01624,0
8053,61706.06508,19939.24812,24681.5712,11351.80464,0
8054,59791.0896,21773.77356,27380.8128,11635.38948,0
8055,60130.19364,21989.67804,28596.6252,11988.76404,0
8056,59541.93036,23727.59928,28595.13228,12698.928,0
8057,60094.18008,24164.05068,27301.49532,13333.37676,0
8058,56979.34836,23318.21448,27578.7336,12627.73248,0
8059,56702.9694,21666.21072,28472.69832,12736.383,0
8060,59316.0876,19408.48932,30050.77812,14206.74156,0
8061,59442.68352,19047.90624,30616.89048,13884.58632,0
8062,59586.2916,19724.5422,29554.75908,13638.54492,0
8063,58683.59772,20190.36888,26802.92868,12872.52912,0
8064,56599.71768,20794.71768,22970.61888,11795.84868,0
8065,53331.31188,21087.47652,20713.6974,11931.48396,0
8066,49689.78432,21269.86488,19861.75884,11732.60748,0
8067,47495.76084,21384.7788,18577.40016,11364.3288,0
8068,45706.67508,21459.49608,18528.3912,10960.79028,0
8069,44635.77492,21474.89652,18864.21504,11071.18452,0
8070,44071.12776,20781.78432,20429.72184,11090.64924,0
8071,45731.36304,20525.01132,23934.75612,10878.39984,0
8072,49994.70036,18735.75396,28700.14488,10351.3014,0
8073,54386.25324,18581.57532,30261.82368,10695.28944,0
8074,58535.31684,17173.95636,29866.24344,11127.00204,0
8075,60182.03532,18725.92128,29696.07036,11468.00952,0
8076,59897.91456,19031.24256,29264.92536,11448.0828,0
8077,57674.21088,17853.50952,28326.00936,11308.68948,0
8078,58577.9238,18286.422,28966.61196,11952.09576,0
8079,62184.99936,19050.44196,28370.18052,12164.79264,0
8080,62295.43188,21121.00188,26970.87096,12127.91976,0
8081,63035.45688,21841.44732,26278.8042,12271.50276,0
8082,59956.59384,21906.06792,25593.1368,11829.64332,0
8083,58915.36992,21674.89368,26442.44196,12091.95504,0
8084,58886.82492,21685.818,27227.37468,13546.22016,0
8085,58869.40092,21792.92148,27047.05608,13343.51964,0
8086,59128.01796,21919.98468,26327.499,12839.75088,0
8087,58491.939,21894.8664,24992.95128,11339.31348,0
8088,55771.50876,21849.76332,23521.27668,10223.796,0
8089,51741.1026,21458.33184,22046.48424,10168.37844,0
8090,49179.13044,19682.33916,21240.46452,10046.48964,0
8091,46740.24168,19560.6312,21376.39812,9229.98516,0
8092,45122.31372,18761.25768,22154.98428,8992.06968,0
8093,44849.19516,17670.80832,23226.42036,8968.51164,0
8094,44663.04348,17443.99668,24284.68284,8952.42612,0
8095,44058.83988,18962.68968,27860.6328,9187.14588,0
8096,45299.5356,19414.95864,31228.45572,9677.98656,0
8097,49154.68932,19385.89224,32019.9264,10338.61356,0
8098,51580.9074,19109.37468,31070.53224,10909.8462,0
8099,53732.86116,20213.6088,29792.00004,11230.00692,0
8100,54140.79396,21393.26904,29008.89948,11412.6276,0
8101,54681.5346,20163.5874,27337.80588,11253.19272,0
8102,56932.13988,20936.79192,28335.07116,10989.12408,0
8103,58149.42012,21690.141,29305.65396,10580.59464,0
8104,58601.466,22303.95684,28610.88516,10026.24216,0
8105,59455.4334,24493.8276,26466.65208,9887.72532,0
8106,58625.69064,22400.45544,25546.06824,10698.95772,0
8107,58651.49796,21263.814,26542.23132,11200.2132,0
8108,59921.46864,21142.41624,26708.98824,12540.54384,0
8109,59241.69768,22623.39948,25531.59312,12255.90168,0
8110,58809.18252,23138.30112,24849.594,12053.4876,0
8111,58220.49024,23464.87836,23081.72988,10337.10348,0
8112,56095.24536,23317.88184,20253.54276,10298.66244,0
8113,53124.43092,22997.58384,16779.63408,11143.98912,0
8114,51424.4544,21157.87212,15118.63716,11530.1208,0
8115,49376.24076,19704.66828,15532.00572,10994.9796,0
8116,47527.42368,19861.97532,15525.7608,10895.91096,0
8117,46844.3778,19904.89512,15367.70928,11314.62288,0
8118,46783.51524,19905.36504,15251.35788,12307.32888,0
8119,48431.80452,20292.0762,18866.45508,12237.64872,0
8120,50388.1884,18628.9026,23741.8632,11711.5218,0
8121,51406.85748,20981.20992,25544.72316,11592.801,0
8122,53948.45808,19769.7192,27202.91376,11664.12192,0
8123,54582.35904,21106.27992,28615.66488,11682.6072,0
8124,55345.49988,20790.55044,28949.76876,11693.55264,0
8125,55278.98904,19055.9886,28491.80796,11333.53716,0
8126,55045.28304,23824.03188,27181.37136,11419.16292,0
8127,58736.46372,23556.04152,25744.59492,12463.8096,0
8128,59255.68044,23217.12624,26009.75916,12810.67788,0
8129,59870.57472,23345.09892,25148.91984,12664.35588,0
8130,59200.34472,22399.70832,24568.13172,12417.39708,0
8131,60029.16612,20543.2656,24705.285,12789.81792,0
8132,60899.23092,19649.07516,25506.98832,14615.8782,0
8133,58803.0828,19417.21452,25694.78208,15208.09488,0
8134,56902.37256,20591.67,24938.42604,15263.18112,0
8135,57079.45452,20808.56976,23898.96432,13356.24576,0
8136,54804.36984,20800.68804,23012.33088,12677.11764,0
8137,52316.75988,19923.42132,21093.666,12601.941,0
8138,50199.95112,18146.94288,20161.52556,12480.79668,0
8139,46471.01184,17420.0268,20924.71392,12300.0306,0
8140,42855.41964,16694.8518,23463.35772,11970.95064,0
8141,42040.3302,16639.04616,23712.68328,11199.43968,0
8142,41830.72608,15986.47644,23117.09004,10497.4056,0
8143,42572.046,16412.56848,24472.51884,9655.86468,0
8144,44565.26844,16312.32636,27392.34036,8636.50392,0
8145,45615.0486,17000.55852,28653.32052,8917.27716,0
8146,46667.511,17570.25864,28468.58124,9450.969,0
8147,48676.353,18405.14544,27782.83464,9733.69188,0
8148,49938.03144,18878.91984,27608.625,9911.49588,0
8149,50266.3656,18567.93576,26684.25804,9829.36284,0
8150,48961.36212,19152.012,27220.91988,9708.88248,0
8151,48769.24272,19356.14208,27499.0188,9595.79016,0
8152,50915.63268,18535.40832,27170.91432,9659.34288,0
8153,50803.5858,18919.35936,26648.69196,10558.41732,0
8154,50052.36588,19591.2882,28162.34916,11584.57872,0
8155,50347.45188,21604.82544,30112.5396,12041.55612,0
8156,52258.74192,21680.38092,30011.29164,13976.18244,0
8157,51427.92468,21236.1006,29324.78076,14264.50476,0
8158,49892.89008,21275.20164,28125.94092,14235.01464,0
8159,48721.33464,21337.03704,28022.20872,12117.50892,0
8160,45966.32568,21380.98512,27181.64856,11840.13732,0
8161,44019.75072,20938.9554,25118.83704,11823.55152,0
8162,42396.02664,19133.93064,24596.36388,11830.55148,0
8163,41381.1222,17693.7288,24165.30468,11467.38648,0
8164,41145.49428,18325.78704,21653.36052,11204.82132,0
8165,41275.311,18470.89728,20202.12612,10684.28988,0
8166,40162.57608,16894.44108,20549.21616,10059.7992,0
8167,39236.40072,17313.58992,21734.76096,9138.07752,0
8168,38624.4078,17861.23416,22702.67868,8565.51828,0
8169,39667.61832,16437.58116,24729.01728,8617.22664,0
8170,42782.37348,16581.96672,22733.89668,9172.21668,0
8171,44841.76752,17707.00404,20471.96052,9522.00744,0
8172,45090.50172,18537.56388,20384.0736,9645.61092,0
8173,45412.6398,18409.36416,20685.1524,9806.93604,0
8174,44996.32764,17934.40968,21960.8664,9875.19192,0
8175,44852.51496,18810.46596,23269.87212,9706.6728,0
8176,46618.47696,18830.6844,23184.73212,9925.62516,0
8177,47855.07276,19709.33976,23489.4198,10019.76888,0
8178,48000.7704,21849.79104,23476.2066,10723.07016,0
8179,48781.70352,22955.43624,25587.25884,11087.64228,0
8180,50066.06352,22691.29236,26799.003,12471.12636,0
8181,50509.64952,21062.18004,27060.33792,13336.422,0
8182,49584.13152,21575.52408,27090.29136,13586.9382,0
8183,48706.48332,21486.96396,26998.6002,12714.4842,0
8184,46862.1582,20168.9004,27022.33248,11566.34424,0
8185,44264.35068,18290.6394,28297.22808,10159.72716,0
8186,43528.63548,16805.92452,28151.44992,8741.22876,0
8187,41987.19756,14862.55452,29386.78512,8528.39328,0
8188,40273.9656,15028.26864,29321.24712,8422.26792,0
8189,40362.96132,15060.1572,29010.1812,8391.69672,0
8190,40743.31272,14884.93908,29617.24788,8290.42236,0
8191,43302.29376,17313.945,28946.93076,8231.68236,0
8192,48139.7004,18837.23688,28305.9348,8851.24284,0
8193,52194.28764,20066.24136,30252.70116,9463.17108,0
8194,55306.09788,20006.33712,30170.16156,9909.42084,0
8195,57757.38408,20733.05652,28795.13472,10386.76848,0
8196,59030.49636,20361.52932,28330.62936,10921.64304,0
8197,58800.18276,18833.87088,27133.89888,11210.14224,0
8198,59705.19324,19308.06636,27393.8742,11405.89956,0
8199,58572.65964,20019.13056,30281.95104,11283.54348,0
8200,58284.63564,19965.91344,30919.88064,11213.92272,0
8201,57931.8762,20387.1954,30468.86832,10873.71384,0
8202,53811.32196,22045.1616,29103.70584,10366.22928,0
8203,52834.56816,22394.92596,31009.17204,10236.7716,0
8204,53576.55336,21692.39556,33088.2222,11490.01392,0
8205,52219.15512,21727.5432,33202.21344,12626.33724,0
8206,51340.1526,22047.76728,33028.56348,12570.44712,0
8207,49697.57628,21206.72268,32587.43928,11364.31428,0
8208,47283.83748,18660.88752,32681.82324,10297.353,0
8209,44186.91156,17953.6632,30981.1656,9747.17568,0
8210,42644.217,16165.03284,29938.47252,9499.62552,0
8211,42118.52964,14607.12924,29105.18952,9427.17864,0
8212,41800.21824,14443.26444,28136.60124,9260.3478,0
8213,42370.71168,14729.4312,27239.63616,9134.85804,0
8214,43032.93852,14525.92548,27727.20192,9118.02408,0
8215,44466.84264,14486.73072,29309.19288,9016.65864,0
8216,48761.05212,16501.25796,29338.69752,9601.47276,0
8217,51007.20504,17657.32188,31252.80444,10280.10324,0
8218,52644.43536,17951.2872,31500.01008,10761.8214,0
8219,55593.945,17977.37832,30337.1772,11084.69472,0
8220,57030.46008,17966.47908,29513.63316,11443.00608,0
8221,55598.25348,17157.03396,27726.77952,11602.40532,0
8222,56437.86192,18835.54068,27219.32532,11361.44724,0
8223,56551.79376,19534.29984,29079.20136,10940.59956,0
8224,58096.53828,18971.70924,28115.87196,10729.77312,0
8225,58688.96484,20440.01652,26413.65012,10779.318,0
8226,55540.23684,22553.10024,25317.78876,10306.05444,0
8227,55980.60864,21701.19204,27245.83884,10494.8184,0
8228,56678.57448,21694.14456,28239.74604,12340.33416,0
8229,56281.38648,21231.91356,27718.746,12905.61096,0
8230,55098.46056,20626.14708,27893.75028,12952.91316,0
8231,53077.91676,19382.385,27356.15916,11673.1164,0
8232,50633.94336,18153.25248,25680.30036,10253.80356,0
8233,46672.03068,17139.21132,25315.45896,10104.51816,0
8234,43847.99892,16673.35692,24455.94492,9772.86948,0
8235,42129.3048,14868.19356,24802.34856,9565.78656,0
8236,41124.76104,14775.41076,24596.64372,9477.96036,0
8237,40670.02764,15710.30604,24485.0628,9120.38292,0
8238,40578.10812,16784.12208,24394.83948,9110.07504,0
8239,42075.82896,15462.84432,27983.03904,9202.5912,0
8240,45934.48992,15984.45024,30907.85148,9556.02648,0
8241,52576.00656,16277.73048,29573.61528,10204.392,0
8242,55747.83456,17291.27268,27751.41336,10745.82036,0
8243,57832.93428,18314.10108,26923.76148,11192.313,0
8244,58616.57208,18213.81144,25890.71232,11413.48164,0
8245,57019.99644,16888.21596,24731.01048,11246.8158,0
8246,57861.14004,17152.01268,24551.56572,10813.39116,0
8247,58265.93916,17374.92504,25460.70384,10759.70148,0
8248,57977.07828,18128.18832,26445.42516,10594.0626,0
8249,57494.31864,21697.25052,24426.80064,10132.89816,0
8250,56155.39248,22703.79408,22981.25412,9887.14188,0
8251,55719.345,22139.26968,24648.723,11009.98536,0
8252,56290.8126,21260.4084,25605.20952,14493.61584,0
8253,55858.91784,20424.40488,26213.01936,15728.61048,0
8254,54870.2682,20250.89484,26013.09084,15703.97532,0
8255,52894.37604,21157.11972,26362.0038,12733.8882,0
8256,50738.49528,21945.47388,24723.95772,10736.65428,0
8257,48869.00568,21080.51088,21720.20664,10208.41404,0
8258,46247.84208,20508.4176,19859.26008,10697.313,0
8259,45359.14812,18508.90536,19481.65296,10805.78796,0
8260,44491.2732,18687.70992,18529.29276,10642.22808,0
8261,45505.81332,18729.7176,17433.24,10474.71084,0
8262,46136.25192,18142.0668,17434.6524,10716.24708,0
8263,47204.20848,16969.33656,22696.2978,9885.85356,0
8264,47773.09812,17176.566,28115.56176,9647.2266,0
8265,50637.89412,17380.27632,29436.1188,10267.96848,0
8266,53888.12616,17986.1022,28716.04428,10866.90264,0
8267,56741.12004,18779.16084,27602.69292,11306.56296,0
8268,58288.09272,19101.65268,27325.73184,11214.86388,0
8269,57869.89824,18635.88012,24991.5006,11033.63184,0
8270,60293.29812,18709.44372,25315.91568,10247.73684,0
8271,61863.43812,19140.65604,26632.023,9559.3344,0
8272,62459.5158,19823.41812,26924.55348,9384.41592,0
8273,61339.04436,23939.20848,25111.11372,9278.3394,0
8274,59186.74872,23896.422,24083.99004,10108.55076,0
8275,57737.17356,22838.442,25584.7614,11370.30048,0
8276,59612.38536,21391.27452,27184.38096,13648.03308,0
8277,59867.115,21009.84336,26470.5936,14633.1372,0
8278,59566.02168,20919.48672,26013.87756,14597.4312,0
8279,59141.5374,21594.45552,23513.4042,13585.75152,0
8280,57370.46304,21209.74944,21209.39964,12153.84852,0
8281,53461.60908,20648.87616,20220.86352,12068.18448,0
8282,52741.15176,19509.63168,16769.01864,12288.87528,0
8283,50477.78736,19158.50112,15731.991,12192.05724,0
8284,47316.87972,19737.01752,16220.82,12003.3342,0
8285,47115.95592,20496.8742,15446.45388,11573.5092,0
8286,46873.28712,20597.36184,15459.41232,11630.2098,0
8287,49834.50912,17159.22648,20402.13384,10847.54088,0
8288,51994.2588,16797.21912,26743.77552,9791.51844,0
8289,56911.38024,16263.55632,29695.07376,9993.7728,0
8290,60133.32864,17665.40028,29280.2334,10484.34816,0
8291,62097.77904,18789.12156,29978.10288,10773.57204,0
8292,62337.6006,19682.99652,29634.2574,10895.346,0
8293,60497.4018,19034.46468,29208.10464,10773.05328,0
8294,63175.74912,19683.0876,28319.40936,11010.81168,0
8295,62562.58668,21458.45196,27432.38124,12311.4552,0
8296,61157.32524,22699.08036,25678.7058,13715.47584,0
8297,59518.64424,22908.14724,24075.18828,14170.20792,0
8298,58380.04524,21339.83676,22835.1552,14678.91216,0
8299,58276.47408,20688.32436,24929.82492,14311.56144,0
8300,58688.45268,21730.68216,25404.51408,15197.19696,0
8301,58093.7742,21168.64464,24603.30972,15499.22748,0
8302,57820.76652,21620.87004,23127.22632,15540.45768,0
8303,57112.95216,22127.49924,20774.23656,15569.98212,0
8304,55613.70672,21564.65256,18735.48996,15299.09172,0
8305,53310.8334,19721.9748,17604.32916,14627.62356,0
8306,51635.38116,17566.92036,16774.57584,14360.09652,0
8307,49581.01368,16224.978,16771.53984,14268.83964,0
8308,48710.74956,16036.76844,17007.3156,12973.5936,0
8309,47986.92756,17238.23508,17517.8124,11885.48196,0
8310,47631.9294,17010.6024,17870.09796,11185.54404,0
8311,46789.69416,14221.3104,22186.0122,11194.91076,0
8312,46999.55304,13505.41104,28236.49752,9434.96004,0
8313,49256.54844,14491.8774,28709.20536,9541.80876,0
8314,51990.33972,14443.96668,27036.46836,10195.05432,0
8315,54149.62608,14147.12772,26492.20464,10533.2634,0
8316,54772.48128,14980.6008,26167.45956,10618.57236,0
8317,54129.9396,15693.17508,25657.91184,10309.27788,0
8318,51661.90524,15511.94964,27101.0322,9969.68808,0
8319,51242.38152,15584.41764,26905.51776,9803.35224,0
8320,50308.98444,17213.85204,24479.5584,10694.97396,0
8321,50342.61804,20015.51376,22341.47916,11373.34308,0
8322,51959.34744,21863.35404,21896.59164,11074.52676,0
8323,54240.76812,21186.7788,24982.3926,12121.098,0
8324,53927.7156,20819.13504,25951.80456,14580.37416,0
8325,51541.76676,20156.2152,26214.88848,16202.26476,0
8326,48944.89644,19052.61336,26184.31464,17047.82508,0
8327,46941.279,18902.20068,23706.95316,18068.34216,0
8328,45208.83444,18826.78512,22004.01588,17423.35056,0
8329,43016.97048,18126.44724,21430.71348,16578.78948,0
8330,41067.1998,17939.40324,21630.30408,14520.57948,0
8331,40196.2968,17500.49268,22123.50096,12022.11516,0
8332,39407.49912,17071.57716,22032.38664,11080.476,0
8333,38841.60984,17153.3802,22078.78596,10301.8542,0
8334,36918.849,16559.41452,23391.5418,8993.4042,0
8335,37447.46544,13682.82168,25086.39144,9016.09764,0
8336,38429.08872,14025.33264,24901.2984,9194.38872,0
8337,41193.12516,14125.91136,22220.253,9411.7914,0
8338,43587.35832,14576.57388,20374.82832,9780.23112,0
8339,46102.57476,15735.62496,19136.86368,10114.95804,0
8340,47870.87976,16526.30232,19807.49628,10289.40264,0
8341,47235.9426,16246.72104,20265.02544,10242.04104,0
8342,46043.50212,16190.58672,20308.30164,9909.6492,0
8343,43880.61348,16805.62884,21285.01452,9907.7418,0
8344,40771.73892,18025.77876,23873.37216,9853.00536,0
8345,42366.02964,19220.74572,24811.20972,9307.17876,0
8346,46408.41612,20394.69696,24326.5704,9505.28436,0
8347,47052.18804,20451.77508,27558.13632,10965.05124,0
8348,48163.91316,19334.64984,29597.6472,13257.90048,0
8349,48317.61132,19057.8498,29188.74288,14770.27464,0
8350,48526.02876,18927.64632,28613.51196,14758.13196,0
8351,47428.46064,18748.45764,26770.30884,15403.7004,0
8352,45443.02488,18222.50892,26124.65724,14630.11836,0
8353,44314.42224,17373.98388,25700.3604,12339.94344,0
8354,44482.93608,14744.1954,25287.75216,11316.02604,0
8355,45008.00568,10885.64532,25152.41124,12094.69932,0
8356,44357.92416,9070.24932,25577.38788,12715.11912,0
8357,44147.82768,9931.3566,24762.95976,12810.63168,0
8358,44244.2088,10598.06352,24613.3932,12693.4038,0
8359,45624.77304,11437.86072,28676.30568,11317.93476,0
8360,50571.74496,13135.41768,31472.89596,9804.48744,0
8361,53995.75236,14932.56468,32275.8414,10092.92196,0
8362,57275.0904,16038.83424,31258.38276,10458.4062,0
8363,60230.1414,16508.976,31145.25612,10777.34988,0
8364,63706.434,16205.53968,29545.41084,11011.4928,0
8365,62620.25484,15530.95896,28457.91036,11597.90808,0
8366,64364.47776,16570.17912,28171.04796,12597.61404,0
8367,64201.19772,19786.52544,27176.19168,13237.70976,0
8368,63404.77308,20631.01524,25777.91304,14966.49396,0
8369,60960.65844,22716.26808,23520.74604,15964.02588,0
8370,57915.59136,22651.6026,23442.49248,15249.01488,0
8371,55841.82384,20388.48108,27363.67392,15557.47116,0
8372,57596.84436,19969.48008,29140.54836,16242.47592,0
8373,56441.682,19518.95484,29723.15412,17565.56472,0
8374,54930.5394,19630.56216,29765.8416,17993.71728,0
8375,52349.68728,20079.71196,27713.67456,18190.71408,0
8376,50007.56112,19567.16388,25947.51324,16989.17352,0
8377,50207.57676,16893.3138,24703.43964,14808.20088,0
8378,48374.38848,16110.81516,25305.16164,12243.33792,0
8379,47404.47492,14028.29076,26098.33248,11060.24964,0
8380,47009.73816,12519.5202,26012.12328,11052.10656,0
8381,47075.53752,12686.38932,25188.98712,11099.98824,0
8382,46494.29796,13239.2898,25234.87032,11086.78164,0
8383,48236.60688,13112.77176,28546.47312,10159.58856,0
8384,51974.64888,15266.97876,30567.51588,10330.05072,0
8385,54830.03724,18916.27452,31311.85728,10198.2144,0
8386,56962.29924,19204.5348,31736.44188,10251.13848,0
8387,59533.01244,19801.51404,29132.16108,10649.98176,0
8388,60853.67112,19512.933,27736.70592,10798.57284,0
8389,57996.66048,18351.99036,27601.96032,10683.72756,0
8390,59578.36104,19026.26088,26672.70276,10766.7054,0
8391,61416.67224,20545.70628,25987.91448,10739.17284,0
8392,59894.29116,23993.2902,24859.164,10922.1354,0
8393,60546.5982,24374.76492,22801.8516,12389.93052,0
8394,58880.09292,22813.08084,22091.19924,12665.54916,0
8395,58466.80752,21651.90324,23807.43288,13183.8696,0
8396,58261.54092,20327.49708,25849.38972,16331.45448,0
8397,57920.7288,20038.13328,25961.2584,16628.98116,0
8398,56792.0826,20258.04528,25208.33436,17314.39248,0
8399,55209.4356,20329.58136,23166.74184,17212.99404,0
8400,53174.89188,18176.24292,22311.58512,16446.4278,0
8401,50142.31332,17692.74804,22043.63436,13951.02456,0
8402,50249.29932,14830.68048,21853.52532,12132.82884,0
8403,50712.40812,13142.83212,20679.3444,11126.973,0
8404,50534.418,12549.15024,20834.00088,9838.58304,0
8405,50844.02268,13064.61156,19872.97488,9513.88812,0
8406,50718.08148,13277.16984,19522.4964,9790.14564,0
8407,48749.57076,14043.0642,23152.5426,9865.73412,0
8408,47584.21404,15837.81936,27324.0066,9558.56484,0
8409,49312.61412,16726.55952,27631.43196,10053.49092,0
8410,51660.35952,15325.04028,27422.88384,10573.9854,0
8411,54752.74068,15255.39576,25766.24952,10776.27936,0
8412,55865.1918,15310.71036,24079.63008,10832.26056,0
8413,53735.91168,14732.7972,23574.84096,10783.56972,0
8414,55644.77424,15311.18952,24707.03532,10656.47616,0
8415,57727.52832,15395.391,24794.93148,10329.54516,0
8416,57622.4814,16923.58536,24282.0006,10634.1246,0
8417,56673.28128,19712.47344,22576.45632,11219.31624,0
8418,55077.15312,18746.41692,22757.22504,12518.87472,0
8419,54312.5088,16727.28816,26340.07728,13710.2394,0
8420,54663.79248,16306.92624,27757.37316,15536.03304,0
8421,52702.75164,17499.9726,27617.95212,16316.3418,0
8422,50391.49368,19540.1184,26088.78756,16368.56496,0
8423,48341.073,19527.90048,24566.82756,15896.5026,0
8424,46590.43356,18408.41904,23640.73932,13607.97504,0
8425,45217.18608,15976.88532,23931.34128,11500.9026,0
8426,43184.21712,15387.93696,23251.29048,10400.68656,0
8427,42998.06544,13911.77172,22978.08084,9365.76168,0
8428,43158.47184,11960.5992,23329.5282,9324.1896,0
8429,43810.43436,11457.48912,22984.31916,9322.13832,0
8430,43471.75932,10899.62412,24070.9062,9306.21912,0
8431,42249.30336,13219.0674,27330.138,9187.23828,0
8432,44894.63352,14044.65876,30265.6794,9219.1638,0
8433,47592.76632,15447.36204,29752.20864,9776.71992,0
8434,50195.94756,16638.18024,26596.68132,10286.69136,0
8435,51711.32604,17300.6394,25590.91524,10601.14704,0
8436,53484.06228,18508.14504,22870.92984,10602.89208,0
8437,53405.62392,19550.77476,20643.27408,10462.82556,0
8438,54228.60168,20359.5678,20800.73028,11048.46864,0
8439,55807.84176,21257.77632,20274.74328,11375.74812,0
8440,57097.59792,21412.89348,20549.1396,11055.24156,0
8441,55955.60124,22944.21228,21459.47232,10868.35596,0
8442,54115.46184,22501.78788,22193.523,11365.45608,0
8443,54550.15764,20440.20924,24655.90512,11935.82148,0
8444,55333.8324,18019.45596,27583.85124,14094.1812,0
8445,53166.62868,17211.42456,28401.45,16319.391,0
8446,51853.93884,17953.7094,27788.59776,16335.89364,0
8447,50355.32304,17243.5098,26367.02904,16193.97648,0
8448,45672.62832,16154.51376,26821.96968,15419.58,0
8449,41628.47964,15621.25488,26314.87056,14169.012,0
8450,40059.72036,15385.36692,26574.43404,10679.54976,0
8451,38108.0898,14275.0938,27377.39004,9767.82444,0
8452,37457.97132,13816.79772,26944.46568,9524.42304,0
8453,37900.54488,13299.85404,26721.8358,9600.19632,0
8454,39528.72264,12262.82508,26688.25368,9586.9422,0
8455,42142.87572,12454.13664,29686.21128,8933.87484,0
8456,45566.97816,13624.776,31004.67084,9327.02628,0
8457,47668.72176,15252.9894,31862.63388,9987.55956,0
8458,50642.13264,15760.50828,30445.01988,10541.03292,0
8459,53072.1312,16623.45036,28388.64204,10872.92844,0
8460,54466.51452,16779.66312,26871.74952,10937.34708,0
8461,55291.79304,16678.46928,24964.0116,11027.19948,0
8462,56849.19636,16703.4516,24543.31968,11655.5472,0
8463,55539.56628,15957.23316,24930.11136,13789.36812,0
8464,55288.83228,16278.53568,23773.86132,14776.98552,0
8465,52991.19672,18657.11232,21758.65824,16082.57508,0
8466,51740.18652,18936.70944,22389.0216,16746.03744,0
8467,49501.02828,18660.50472,25546.52496,18654.36804,0
8468,49919.6742,18211.48692,27637.61352,19692.91764,0
8469,47804.98404,18712.06788,28321.6164,19463.92668,0
8470,45794.25444,19226.10888,28554.36012,19273.5642,0
8471,45269.00928,18523.065,27634.8204,18562.31652,0
8472,42984.71364,16762.97568,28207.0932,17679.8424,0
8473,40900.34652,15800.1888,28794.95256,14572.30104,0
8474,39293.26368,14068.90716,29297.27724,12960.74208,0
8475,38862.19788,12028.5,30442.59108,10855.10184,0
8476,38712.234,10889.901,30577.5294,9737.96736,0
8477,38747.33016,10363.2672,30454.51728,9243.61152,0
8478,38636.466,9901.41372,30496.34544,8193.537,0
8479,40695.25548,10065.74844,30828.86532,7174.1934,0
8480,42549.078,11627.2068,30177.213,7271.6952,0
8481,44416.32624,13034.79276,28823.58204,7781.58876,0
8482,47087.22348,14831.32596,26955.80976,8175.44112,0
8483,50327.6532,15695.25276,24000.47628,8527.5432,0
8484,50944.84956,15969.11316,22262.58408,8662.62672,0
8485,50509.59144,16007.79708,20938.30992,8651.03316,0
8486,50217.54276,16250.62956,20050.0344,9194.85468,0
8487,50397.53136,16960.72224,19395.189,9048.8508,0
8488,51892.10664,16647.01632,17672.0082,9350.3586,0
8489,50308.38384,16705.31148,19875.09744,11358.11292,0
8490,46828.45464,18206.62932,24444.37512,13534.07088,0
8491,44698.27032,19937.0754,26375.52324,17428.43124,0
8492,45472.77636,20883.96024,28698.53976,17996.94996,0
8493,44829.90204,20479.0476,29244.9828,17638.90128,0
8494,43433.92416,20115.92352,29447.15136,16498.22856,0
8495,41922.15324,18424.59828,30362.09748,15752.10252,0
8496,40266.11688,17334.03672,30518.10036,14687.64132,0
8497,39749.54148,14009.19168,30346.81188,13891.9968,0
8498,38638.87104,10863.40728,31583.60568,12726.18732,0
8499,36367.155,11882.83008,30843.56748,11169.90336,0
8500,36006.77256,12160.18452,28963.15884,10704.04896,0
8501,35919.03216,12009.84576,27814.40904,10637.14476,0
8502,35672.93136,11216.77392,27445.14168,8987.7084,0
8503,38981.74368,10289.5782,26505.50364,7312.1928,0
8504,41294.0946,10286.26104,24172.4802,7024.9542,0
8505,43726.7622,11760.47664,20595.3264,7362.36336,0
8506,46190.86824,12113.97,19377.27,7766.55528,0
8507,48910.67808,12847.7844,18846.00432,7994.66976,0
8508,50330.13612,13333.1022,19413.54888,8204.74512,0
8509,50541.06288,13331.7954,19467.09996,8329.6092,0
8510,49642.22472,13394.22348,19289.08212,8097.44232,0
8511,48880.42764,13082.3418,20269.1082,7888.08504,0
8512,49625.2482,12617.24376,21772.86936,7918.72488,0
8513,50598.48552,12570.32304,23539.59168,9009.71412,0
8514,48889.9092,13506.28752,26607.01296,11353.66188,0
8515,45745.722,15515.36052,29256.31764,14048.1396,0
8516,46990.3368,16919.2386,30369.76272,15462.9222,0
8517,47451.822,17681.5386,29248.78572,15662.48904,0
8518,47126.92248,18523.86888,28653.16872,15146.8878,0
8519,46691.25252,18260.53812,27875.37588,14823.97224,0
8520,45242.3202,17959.51212,26842.86132,14034.97128,0
8521,45071.9346,15354.2994,26322.26124,12444.71184,0
8522,45471.07224,14187.95004,25046.63304,10090.29252,0
8523,45159.14304,13282.863,24222.40788,8891.66256,0
8524,44087.3202,12024.0648,24725.38464,8810.34792,0
8525,43029.40092,10879.56936,26491.75716,8783.16648,0
8526,41816.72352,11209.8624,27454.48332,8407.19484,0
8527,44077.65912,12579.24888,27493.60416,7820.13408,0
8528,47571.04572,14821.56456,27361.52364,8169.67404,0
8529,52343.36844,15816.75084,27469.827,8305.6974,0
8530,55340.19084,16312.098,26460.63156,8953.79496,0
8531,60457.82028,17699.59092,21933.55956,9368.29608,0
8532,62872.63356,17820.72072,21772.4694,9600.83784,0
8533,62815.64256,17222.1324,21353.39844,9622.03704,0
8534,62920.737,17513.5488,22784.46324,10157.23368,0
8535,63051.72852,17541.48264,22757.61576,10548.25068,0
8536,63119.89992,16498.06356,22647.25584,11299.7346,0
8537,64170.08136,15331.96896,22089.9426,11951.48064,0
8538,60068.45196,17070.13572,22391.48076,12345.60228,0
8539,55339.45428,19282.97976,23794.69488,14043.0906,0
8540,56152.8792,20763.72276,23975.8002,16656.2286,0
8541,56798.478,20415.7536,23296.2246,17116.76736,0
8542,57025.84536,21407.22408,22220.23452,17150.20428,0
8543,56574.08592,21254.44332,22238.4294,15937.86744,0
8544,54387.86232,21032.99352,21309.81864,13947.45,0
8545,50780.17164,20778.1266,19955.9382,13517.40984,0
8546,48631.98384,17822.15688,19729.57272,13465.51536,0
8547,48758.48868,15109.85124,18865.98648,13694.91288,0
8548,47769.54072,14355.8976,18875.91288,13305.66336,0
8549,47006.31276,14328.4218,19802.70864,11903.91048,0
8550,47025.74976,14907.20484,19847.4342,10479.5658,0
8551,49064.25612,15157.57848,21237.08664,9143.61624,0
8552,51695.9718,14099.67372,24939.56388,8995.13472,0
8553,54299.9886,14541.20976,27675.57408,9231.43716,0
8554,56774.04876,15020.14536,27138.70896,9572.23872,0
8555,59321.08248,15635.68644,26091.9384,10198.64604,0
8556,61027.09272,16279.08744,25503.68436,10452.70776,0
8557,61832.7666,15419.72388,24856.67844,10584.4596,0
8558,62730.8484,15770.19312,24577.41264,10676.58636,0
8559,62591.20956,16182.50436,25288.55472,10622.12184,0
8560,60499.68936,15585.603,27033.37956,11964.38496,0
8561,58794.52128,14586.06864,28647.5508,13322.32572,0
8562,54321.44652,15450.8706,29361.17844,14583.81672,0
8563,51066.84,17035.97544,30551.7102,16087.84452,0
8564,54665.85564,18978.11388,28887.43704,16247.05764,0
8565,54419.07768,19157.5296,29594.29968,15990.42588,0
8566,53756.64888,19415.583,30072.93828,15996.13356,0
8567,52868.48028,19479.33504,28970.76468,16255.55052,0
8568,48682.53588,19207.8282,29702.62812,15825.71496,0
8569,46450.0806,18402.03948,29144.40672,13801.52268,0
8570,45754.44984,17463.72804,29465.89008,10013.08176,0
8571,44952.54456,15678.24456,29081.6856,9148.3524,0
8572,44280.26328,13223.54484,29412.41424,9279.20268,0
8573,43379.9586,12401.9214,29589.5424,9084.05784,0
8574,41468.03232,12441.65472,29344.4448,8854.87812,0
8575,43120.31064,11201.289,29958.01908,8545.25628,0
8576,46172.63772,11381.40168,29963.28588,9034.608,0
8577,48818.46816,11644.49484,30364.7982,8659.63164,0
8578,52035.49956,12310.24476,27021.06924,8895.79944,0
8579,52883.77908,13392.76224,26039.29416,9228.93312,0
8580,53805.34764,13741.47588,26628.52632,9433.28892,0
8581,53841.33348,13603.74576,26024.60784,9387.13776,0
8582,52892.49768,13624.91724,26458.02588,9351.26016,0
8583,52419.48624,13675.0152,27251.33136,9002.36304,0
8584,54260.96808,12127.09344,27007.93128,9898.58232,0
8585,55653.15888,12405.30456,24537.35724,11959.83096,0
8586,52559.28744,13859.44032,26302.23552,14536.58316,0
8587,51257.43876,15818.59752,28756.50888,16033.05792,0
8588,52539.50064,18585.72936,29997.85404,15769.64796,0
8589,50163.01356,17882.46768,30033.8016,14384.2512,0
8590,45794.562,16868.7156,29884.8924,13025.14884,0
8591,42961.9344,15229.96728,29606.84496,12208.66284,0
8592,41525.33484,14469.05064,30377.4438,10610.25636,0
8593,41050.6734,15690.60504,29813.11476,8888.73876,0
8594,40048.66536,17572.64652,29862.05508,8244.4164,0
8595,39634.29756,18164.7312,29334.57384,8084.45748,0
8596,38953.89564,17298.62112,29171.90892,7959.68976,0
8597,38221.36296,16097.27064,28845.78312,8159.1642,0
8598,36852.2286,14186.0796,28802.43432,7863.90528,0
8599,40655.13804,13103.4882,24777.26988,7298.99808,0
8600,43123.94592,10848.68928,24183.63816,6918.99912,0
8601,46029.14976,9752.2062,21072.21204,7280.80848,0
8602,47928.6984,10798.755,17243.34876,8038.09776,0
8603,49885.30272,11725.30128,15794.394,8325.5502,0
8604,50772.0444,11967.8724,15816.21624,8517.9204,0
8605,50468.74536,10933.00296,15894.52788,8643.77184,0
8606,49289.47056,10404.03408,15598.68288,8551.71504,0
8607,47191.10748,10091.499,17123.80956,8362.06008,0
8608,44735.3676,9885.4206,19979.52396,7902.74892,0
8609,45429.45924,10495.47444,21781.59852,8498.19036,0
8610,46161.57612,13785.13092,21541.57236,10028.27628,0
8611,45986.47812,15875.22948,24189.96888,12067.14036,0
8612,48783.27036,16515.20772,26258.06436,14208.48,0
8613,49250.20716,16448.09232,27740.85204,15141.92328,0
8614,49270.53648,16533.23628,28674.73356,15393.47568,0
8615,48569.01192,17073.24432,28509.41544,15246.17424,0
8616,45587.76816,17394.01488,27881.4558,15332.63292,0
8617,43852.8618,16788.83844,27244.87524,13439.217,0
8618,41969.33136,16641.5832,27757.05768,11210.62932,0
8619,41599.00668,15966.97344,28822.79268,8436.11736,0
8620,41051.67924,15818.96712,28172.32968,7783.70736,0
8621,40803.90204,15367.83336,27704.40816,7761.89172,0
8622,41091.44556,14575.5192,27062.83536,7774.54524,0
8623,44159.13744,12911.86644,26710.33464,7636.57884,0
8624,48652.81212,12537.92496,25361.31972,8559.86868,0
8625,52193.41248,13840.97616,24178.57068,8859.7608,0
8626,54446.50992,14946.37452,23626.72752,9150.8076,0
8627,56180.42364,16187.79888,23035.49424,9570.73788,0
8628,57568.22148,16745.19,23758.01472,9797.91252,0
8629,57897.24732,16629.9936,25234.82544,9814.22904,0
8630,57215.04888,16669.85628,26877.21564,10066.82556,0
8631,57954.74916,17374.36008,25617.08556,9968.69412,0
8632,59377.58244,16450.93164,24715.36716,11151.063,0
8633,61256.09424,15282.96792,24277.26312,12232.57068,0
8634,59147.81268,16166.09544,23490.99192,13827.72204,0
8635,56451.72984,17243.77512,24186.15804,15584.95356,0
8636,56430.83292,19015.77348,26598.88836,16456.54692,0
8637,55819.33236,18883.85532,27673.79076,16815.37572,0
8638,55572.02772,18673.0368,27978.45864,17346.38928,0
8639,54787.32732,18640.36812,26422.56672,18031.54188,0
8640,52607.4912,18868.3902,25711.79292,17427.11256,0
8641,50183.37192,18788.75196,25913.91528,14930.916,0
8642,48167.96292,18685.80516,26021.04252,12659.7042,0
8643,46330.29192,18194.08404,26583.62388,11061.4878,0
8644,44392.76556,18175.2648,26450.8002,10543.87488,0
8645,44571.06192,17887.22232,25051.43124,10444.29012,0
8646,44690.18532,16448.84208,24249.8124,10252.05456,0
8647,45297.98988,13206.6792,26930.63868,9984.92352,0
8648,48200.68308,12552.17832,27641.64876,9669.90684,0
8649,49871.27244,13750.81224,26851.98648,9370.45428,0
8650,51390.03276,15087.26604,25078.34208,9871.28472,0
8651,53685.82296,16504.90776,23233.6302,10340.07876,0
8652,55277.21364,17799.63768,22563.00948,10551.83316,0
8653,56000.04036,17879.09244,21977.04564,10424.27364,0
8654,56657.01096,17186.3802,22194.31632,10032.8184,0
8655,56409.18624,15737.15352,23505.70464,9745.31316,0
8656,53821.02132,16240.06824,24733.39572,11190.59172,0
8657,52595.6706,16713.84924,22972.9962,13829.49216,0
8658,52276.58436,17765.05368,22347.78084,16337.15292,0
8659,52118.55924,18824.46456,24197.40708,17831.92488,0
8660,53408.1174,18586.91076,27238.57092,19042.69752,0
8661,52420.731,18238.02156,28665.84468,19440.50064,0
8662,51139.65252,18492.14664,28575.35472,19713.49116,0
8663,50918.42976,18421.54116,26666.72316,19747.8468,0
8664,49656.6444,18246.03792,25447.33884,18878.60436,0
8665,47593.71276,17894.92584,24968.93652,17580.47412,0
8666,45644.049,17274.93636,26027.05908,15116.12784,0
8667,44511.57612,17069.48892,26118.67896,13098.492,0
8668,43956.56496,17189.42412,25388.42196,11605.81884,0
8669,44018.16804,17311.8,23607.67992,11113.08528,0
8670,43772.4144,16677.72612,22656.23184,10071.98808,0
8671,43913.08284,13747.2456,24847.06752,9258.53148,0
8672,45839.58588,11987.3028,25082.65848,8824.72932,0
8673,47837.526,12377.44596,23227.98456,8685.82704,0
8674,49794.34152,13704.24396,20503.14552,9234.6078,0
8675,51958.36008,14532.55188,19012.03392,9725.96592,0
8676,53541.57204,14709.89784,19986.57144,9892.839,0
8677,53901.95976,14162.64696,21073.90164,9709.80912,0
8678,53207.09988,13170.4518,21494.37312,9513.999,0
8679,53485.80336,12656.24052,21757.39236,9640.07352,0
8680,53427.97548,12185.62092,23226.68436,10106.63148,0
8681,52922.93292,11393.36748,23321.37324,12369.5682,0
8682,52263.73416,13478.91072,22069.938,15763.14828,0
8683,51105.24804,17126.62248,22405.67736,17599.02936,0
8684,51459.92676,17876.05512,24740.49864,19166.9148,0
8685,50888.44992,17531.30676,25963.19484,20061.294,0
8686,50566.92036,17770.24392,25646.86476,20662.8246,0
8687,51908.4192,18804.7794,22963.07904,20539.45344,0
8688,51222.9696,18732.15432,21556.81836,19423.37496,0
8689,49430.88084,17830.11516,21620.43312,17967.96936,0
8690,48169.94424,18436.64328,20820.4326,15601.22652,0
8691,48167.361,18358.90716,19850.61012,13636.6164,0
8692,48043.1688,18616.15668,18843.66396,12398.51052,0
8693,48292.20924,18648.6432,17817.60816,12026.65464,0
8694,47758.50156,18090.86664,18133.86036,11675.54124,0
8695,47420.802,16871.66712,21442.28724,10917.27912,0
8696,50158.54932,16476.37464,23341.13496,10348.30632,0
8697,54630.89544,15513.696,24637.40268,10474.35312,0
8698,57920.62584,15208.03416,24387.25212,10785.43092,0
8699,60512.88804,16183.66332,22855.12812,10885.00776,0
8700,61256.21832,16617.53148,23247.0216,10977.81168,0
8701,61443.0102,15794.30688,23837.13156,11142.29424,0
8702,62814.07836,15033.9354,25142.00832,11176.3278,0
8703,63569.19096,15030.26052,26232.4524,11082.68436,0
8704,62377.70748,15644.77596,27284.58876,11858.97372,0
8705,61428.79644,16590.08076,27009.29352,13566.89004,0
8706,60532.34352,16220.42532,23786.13996,17157.35868,0
8707,57048.78564,15465.44472,24584.17764,19315.7118,0
8708,57981.0198,15137.9778,26743.79136,20029.5084,0
8709,57609.52692,15223.00032,27807.75492,20880.60612,0
8710,57542.16336,15691.2096,27778.64364,20937.98652,0
8711,56023.64988,16192.74756,26673.03144,20996.92584,0
8712,52632.5778,17246.2026,25031.81604,20093.6406,0
8713,49109.94,20152.0704,21695.91468,17520.94608,0
8714,48072.11112,21479.57592,19082.70408,16302.98076,0
8715,49410.5238,21489.48648,17066.02656,13770.48684,0
8716,50778.57312,21408.10188,15194.8698,12130.90692,0
8717,49729.75524,21428.61072,15621.00804,11459.02032,0
8718,48505.7232,21179.7498,15627.34272,11379.10224,0
8719,48899.59536,17040.00804,19765.32228,11024.112,0
8720,49399.21932,17547.00156,22832.997,10630.7058,0
8721,52612.7844,17759.21004,24024.35112,10460.49444,0
8722,55621.30464,16776.81588,23352.09756,10806.1338,0
8723,58816.76064,15970.94532,23057.50392,11072.20092,0
8724,60548.84352,16079.58396,24473.23296,11197.37784,0
8725,60581.38812,16124.64612,25049.74428,11123.26512,0
8726,58664.54748,16127.14884,27877.36776,11197.0254,0
8727,56680.9848,17039.04312,29941.41216,11019.44976,0
8728,55084.52004,17906.74248,29989.40868,11607.41076,0
8729,52201.07376,19388.35668,28636.52484,14628.108,0
8730,50748.093,20322.77544,25496.99592,17055.49164,0
8731,51464.96784,18565.70232,26178.87888,18488.87172,0
8732,52866.30096,18063.69048,27572.9718,21421.66488,0
8733,53154.25764,18256.3788,27478.22616,22096.63896,0
8734,53152.65516,18578.36904,27233.82816,22102.08396,0
8735,52194.6348,18801.66684,26504.04636,22102.29648,0
8736,49597.87272,18684.0324,25929.0372,21657.52776,0
8737,46497.28512,20598.402,23547.7968,19988.14356,0
8738,46786.0008,19254.22356,21316.89912,18337.4664,0
8739,46545.65784,18962.75172,20807.75928,15511.31076,0
8740,45831.70944,19345.66392,20493.0462,13123.3278,0
8741,45130.54788,19994.99436,19558.07304,12711.4548,0
8742,44655.10764,19815.71856,19053.2958,11723.1972,0
8743,43695.597,17616.91008,22376.17272,10852.54764,0
8744,47329.71936,13977.81,26638.5108,10127.25384,0
8745,50407.72044,14427.8838,27766.06668,9955.91652,0
8746,53914.19352,14771.46528,25744.60416,10179.2196,0
8747,55375.30812,15425.10288,23736.23076,10554.27252,0
8748,55202.829,16223.10492,23262.93024,10646.49432,0
8749,54979.66848,16857.9774,22203.12864,10085.0772,0
8750,54813.81312,17016.1794,21174.40776,9593.97516,0
8751,54964.0146,16419.37836,19628.25744,9408.12312,0
8752,53006.316,16159.50468,19500.96456,10758.12408,0
8753,50477.79792,15226.8732,22657.2918,14066.49684,0
8754,49942.36104,16252.64916,22961.9544,17120.78676,0
8755,49382.86452,17247.26652,24182.62176,19788.01044,0
8756,51502.25388,19264.4298,24146.51316,21481.67868,0
8757,50558.23476,19266.85332,22861.44432,21507.45168,0
8758,47969.724,17745.66552,22112.80368,20582.21484,0
8759,43979.88804,17379.66912,22115.7816,18473.08716,0
8760,42587.64576,16671.24096,19850.12304,17915.55876,0
