Time_Index,elec_demand_SE,elec_demand_S,elec_demand_NE,elec_demand_N,Demand_Zero
1,26323.454,9453.589,18700.691,8931.042,0
2,25982.383,9982.251,18963.333,8912.802,0
3,25732.853,9495.311,19584.403,8904.321,0
4,25039.31,9348.909,19429.359,8921.163,0
5,24136.431,8868.081,19890.302,8870.022,0
6,23049.631,8761.817,19975.317,8012.196,0
7,23735.478,9048.635,19359.239,6615.419,0
8,26200.617,8220.323,18128.964,6019.046,0
9,28376.586,8700.85,15377.516,5858.46,0
10,30546.923,8892.295,13405.983,6199.42,0
11,32070.343,9573.867,12378.885,6469.247,0
12,32177.293,10491.446,12409.417,6544.904,0
13,31601.02,10542.713,12405.463,6515.063,0
14,30929.776,10286.216,12560.866,6388.669,0
15,29920.58,10338.6,13801.76,6236.008,0
16,29518.017,10692.714,15480.648,6015.693,0
17,29666.25,11800.416,16267.465,6104.681,0
18,30565.471,12415.455,15532.993,7378.392,0
19,31197.399,12207.755,17324.268,9249.456,0
20,32792.722,12200.639,18920.307,11149.27,0
21,33029.905,12067.564,18997.954,11976.212,0
22,33230.84,11415.076,18826.692,12485.505,0
23,32624.863,10724.002,18834.987,12540.088,0
24,31592.685,8949.974,19226.969,12359.047,0
25,31673.156,7576.025,18881.698,10968.46,0
26,30928.683,7706.396,18844.726,8835.026,0
27,30413.52,7277.93,19350.842,7490.259,0
28,29799.276,6959.216,19407.571,7161.024,0
29,29608.461,7163.177,18874.493,7154.731,0
30,29717.578,7129.423,19137.792,6740.257,0
31,30356.061,7730.267,20681.372,5920.805,0
32,32165.498,8341.032,22938.395,5908.922,0
33,34994.338,8975.281,22957.123,6075.51,0
34,37343.283,10281.681,20952.551,6487.957,0
35,39646.61,11093.351,20526.791,6677.378,0
36,41442.117,11935.379,19515.075,6683.684,0
37,42103.482,12174.346,18429.583,6588.686,0
38,42483.329,12921.93,18467.316,6812.042,0
39,43391.687,11956.645,19099.051,7936.864,0
40,43270.338,11379.194,19083.976,8881.03,0
41,42681.132,11249.604,18515.623,10224.427,0
42,38940.357,11980.909,17750.182,12348.204,0
43,37664.041,11755.012,18234.329,13526.352,0
44,37942.494,11523.999,20620.647,15322.167,0
45,37503.666,11343.942,21461.309,15813.303,0
46,37144.951,11313.532,21750.145,15609.695,0
47,36004.183,11350.882,21108.541,15154.749,0
48,34236.497,10328.17,20499.178,15049.512,0
49,31246.013,9490.773,20465.626,14955.072,0
50,29813.586,8474.227,20884.836,13794.227,0
51,29513.441,7932.575,21245.268,11866.562,0
52,29405.679,7718.236,21107.316,10922.351,0
53,29338.782,7730.061,20670.737,10760.36,0
54,29626.446,8315.508,20330.803,9619.472,0
55,31814.62,8828.579,20879.991,7489.261,0
56,33964.495,9736.863,22891.042,6174.975,0
57,36177.757,10984.272,23471.731,6009.854,0
58,38535.248,11616.599,22238.878,6298.77,0
59,40377.085,12569.237,20974.046,6532.908,0
60,42032.374,12963.405,19807.308,6579.128,0
61,42938.543,12828.849,18834.222,6522.1,0
62,43804.051,12555.626,18958.396,7541.538,0
63,43482.331,14101.623,18511.015,8491.221,0
64,42891.226,14445.41,17489.237,9466.621,0
65,41510.5,14982.093,16495.417,10729.493,0
66,40020.96,14434.412,16401.494,11537.554,0
67,38684.093,13174.307,17474.836,12941.734,0
68,39363.524,12032.746,19467.003,14680.639,0
69,40006.336,11669.95,19704.579,15301.884,0
70,39822.542,11355.434,19816.702,15129.176,0
71,39076.187,11046.712,19647.615,14872.227,0
72,37149.987,10279.067,19437.624,14683.077,0
73,34163.539,9857.167,18829.074,14942.29,0
74,32942.979,9730.758,17653.714,13974.455,0
75,31974.129,9675.85,17045.75,13052.046,0
76,31415.024,9541.305,16773.921,12384.513,0
77,31313.208,9602.36,16186.57,12031.227,0
78,31306.835,9722.058,15034.521,11607.96,0
79,31671.122,9363.236,15975.828,10558.022,0
80,33833.661,8910.304,19055.399,7708.86,0
81,35734.172,9815.648,19728.583,5874.835,0
82,36949.464,11274.931,18977.272,6083.547,0
83,37649.643,11883.916,18961.821,6446.005,0
84,37910.232,12440,19024.364,6304.024,0
85,37609.524,12661.86,18631.455,6305.829,0
86,38373.783,12922.352,18268.604,6256.794,0
87,38729.983,12557.553,18379.344,6400.079,0
88,38878.557,12045.034,17454.947,7040.069,0
89,38366.963,11622.685,17074.377,8524.455,0
90,37731.98,11322.887,17673.318,10538.176,0
91,37493.146,12959.973,17769.456,12454.918,0
92,37691.014,13287.327,19376.394,13978.449,0
93,38712.667,12877.321,18897.495,14192.063,0
94,38414.121,12489.822,17921.384,14027.475,0
95,37074.31,12455.536,17451.079,13100.568,0
96,35889.725,11892.922,16624.604,13016.211,0
97,34451.586,11385.833,15580.48,12712.101,0
98,33738.743,10801.041,14427.247,12010.172,0
99,32992.019,9689.402,14410.538,11633.496,0
100,32684.079,8617.848,14580.431,11346.212,0
101,32780.521,8654.019,13975.297,10684.927,0
102,32517.433,8555.447,14119.846,8860.912,0
103,31012.944,8875.94,16179.533,6864.483,0
104,30719.976,9081.497,17348.442,5624.487,0
105,32396.441,8984.582,16241.109,5723.378,0
106,34320.656,9185.953,14619.205,5954.246,0
107,35683.776,10233.1,13703.451,6165.213,0
108,36602.103,10892.058,13873.017,6209.608,0
109,36654.493,10965.506,13995.386,6109.347,0
110,35855.305,10506.621,14571.591,6156.661,0
111,35298.362,9960.808,15300.485,6159.753,0
112,35474.839,9068.148,16622.952,6317.295,0
113,36701.498,9856.928,15788.082,6879.27,0
114,36692.639,11779.761,15381.765,8524.758,0
115,36284.444,12509.497,15966.102,11878.586,0
116,37339.291,12096.915,17232.809,13723.753,0
117,38168.03,11988.9,16923.353,14770.71,0
118,38121.41,12098.568,16276.913,14738.031,0
119,37943.168,12220.602,15546.098,14337.144,0
120,37456.993,12141.139,14917.99,12732.263,0
121,35819.859,12116.971,13978.181,11888.261,0
122,34949.953,12249.686,12893.651,10947.292,0
123,34220.254,12036.365,12637.767,10114.004,0
124,33735.571,12529.021,12479.729,8941.303,0
125,33634.951,12577.33,12332.457,8851.771,0
126,33779.038,12361.709,12322.838,8999.766,0
127,35277.465,12833.648,13379.606,8321.369,0
128,38957.592,12068.809,17065.977,6951.624,0
129,41287.568,12858.209,19597.138,6250.213,0
130,43292.57,13236.386,20171.068,6128.65,0
131,45528.009,13643.984,20419.194,6317.73,0
132,46060.126,14286.504,20424.696,6357.512,0
133,45260.663,14364.549,19813.62,6427.511,0
134,45571.069,15895.169,19016.789,7276.039,0
135,45275.503,16420.499,18543.299,9031.001,0
136,43834.723,17741.484,17260.818,10457.927,0
137,44664.444,16500.433,15874.108,11903.827,0
138,43942.108,14839.061,14778.84,12016.425,0
139,41723.256,15006.092,14906.603,13368.259,0
140,43076.979,15013.978,14956.139,15721.953,0
141,44062.357,15106.688,14687.826,16424.25,0
142,44439.374,15173.164,13369.547,17035.488,0
143,43396.971,14953.508,12374.707,16781.318,0
144,42167.458,14798.092,11263.869,15081.782,0
145,39781.753,14608.877,10330.927,14098.707,0
146,38208.397,13899.536,9856.12,13367.862,0
147,37375.435,12481.127,9020.534,13508.775,0
148,37346.05,11742.604,8592.401,13405.492,0
149,37033.544,11560.082,9018.318,13002.793,0
150,36827.756,11632.019,9690.094,12282.796,0
151,38018.17,11790.683,10900.859,11644.051,0
152,39899.092,12704.722,13679.438,11585.741,0
153,42708.037,13167.958,16125.021,10908.407,0
154,44799.847,12769.631,17360.9,10760.726,0
155,46010.797,13314.119,17652.265,10533.363,0
156,46383.386,13842.732,17706.136,10233.06,0
157,45152.783,13805.549,17809.064,10198.955,0
158,45651.727,14360.931,17836.381,11329.855,0
159,45304.435,16226.153,17441.711,11452.16,0
160,44738.647,16815.701,17444.763,11114.494,0
161,45075.287,16503.64,16318.546,11881.11,0
162,43153.881,14407.004,16081.851,12636.673,0
163,41177.294,13477.163,16479.228,13597.728,0
164,41811.737,13410.566,16544.11,16359.702,0
165,43727.658,13867.601,15310.952,16725.171,0
166,44092.61,14518.022,14443.605,16622.66,0
167,43148.906,15117.123,13177.374,16033.117,0
168,41606.084,15056.616,11267.69,15585.601,0
169,40333.028,14290.261,10137.65,14469.32,0
170,39715.79,13114.585,9266.127,13777.428,0
171,38732.356,11695.657,9418.861,13138.544,0
172,37533.301,11639.452,9445.36,12981.095,0
173,37289.733,12037.614,9109.842,12686.583,0
174,37506.223,12523.56,8963.396,12338.429,0
175,38968.272,13502.274,9590.324,11561.336,0
176,40375.111,14304.983,12249.247,11714.206,0
177,41972.833,15268.491,13855.918,12264.987,0
178,43981.908,14967.926,15021.843,11805.62,0
179,45008.779,15428.398,15552.964,12301.133,0
180,45642.411,15396.542,16304.529,12250.75,0
181,45725.379,14895.756,16286.309,11764.962,0
182,46703.364,15898.696,15820.037,12787.55,0
183,48203.866,15801.117,15532.47,13296.519,0
184,48444.199,15342.768,15006.517,13632.916,0
185,48195.018,15562.213,13688.536,13631.973,0
186,45624.81,14477.629,13225.83,13933.6,0
187,44229.907,13297.386,13838.944,15682.305,0
188,44405.196,13692.37,14660.204,17352.458,0
189,44625.074,14353.641,14264.215,17469.849,0
190,45368.323,14391.667,13271.977,17544.178,0
191,45025.818,14388.437,11393.658,17321.7,0
192,42464.691,14412.424,10202.97,16951.323,0
193,39826.746,14307.223,9276.546,15269.394,0
194,38266.977,13934.532,8954.313,13957.896,0
195,36908.494,13277.688,9142.89,12978.415,0
196,35879.866,12720.637,9690.572,12555.867,0
197,35189.898,12255.941,10474.659,12646.662,0
198,35119.515,11873.183,10753.765,13152.093,0
199,36512.546,12221.934,11214.469,13317.961,0
200,38437.487,12278.19,14257.082,13623.603,0
201,40525.928,13326.335,15979.416,13573.866,0
202,42404.07,13643.672,16663.562,13313.542,0
203,44900.595,13906.809,17432.609,11781.559,0
204,45372.877,13439.862,18892.699,11028.262,0
205,45546.879,12366.026,19088.412,10274.121,0
206,45781.729,14508.578,18076.679,11308.142,0
207,45554.679,15537.342,17826.473,13122.969,0
208,44706.146,15023.033,17900.264,13934.914,0
209,45055.06,14595.242,16677.342,13767.349,0
210,43947.795,12975.92,15846.036,13797.248,0
211,43002.391,12583.94,14788.556,15603.588,0
212,44506.041,13819.505,14223.101,16786.709,0
213,45125.574,13745.628,13621.398,17780.443,0
214,45174.45,14275.422,12724.925,17746.855,0
215,43692.067,14424.194,11741.02,17481.161,0
216,42674.324,14019.635,10465.012,16209.932,0
217,40305.54,14071.391,9156.797,14965.045,0
218,38738.637,12754.813,8378.52,14162.712,0
219,37459.684,11855.197,7785.824,14141.325,0
220,36674.093,12000.307,7330.338,14068.718,0
221,36527.749,12169.693,7115.037,14010.527,0
222,36529.193,12264.7,7205.349,13891.754,0
223,37896.791,12111.802,8771.86,13482.531,0
224,40393.191,12699.632,11406.614,13454.458,0
225,42750.97,13251.919,14068.432,12924.93,0
226,43321.075,13875.329,16377.23,11384.59,0
227,43593.434,15173.614,18317.441,11103.768,0
228,44292.231,15617.613,18703.419,10863.874,0
229,43547.674,15145.387,18846.711,10589.762,0
230,44477.614,15560.12,18926.913,10869.572,0
231,45026.996,15932.894,18424.129,11304.158,0
232,44453.722,15376.307,18079.495,12711.266,0
233,44637.127,13400.036,16874.139,13759.347,0
234,42809.275,12356.522,15484.318,14954.298,0
235,40804.993,12493.269,15019.78,16918.1,0
236,42898.389,13433.655,13905.599,18544.1,0
237,42967.292,14004.39,12766.305,19474.782,0
238,43143.345,13963.157,11878.212,19431.672,0
239,42667.822,13718.442,11224.561,18238.724,0
240,41599.963,13175.5,10271.305,17285.742,0
241,39856.903,12644.803,9874.842,15747.577,0
242,38532.537,10394.936,9832.194,15533.958,0
243,37250.371,9205.338,9276.687,15509.564,0
244,36283.856,9616.186,8974.807,14770.054,0
245,35998.969,9922.726,8473.089,14418.978,0
246,36085.251,9577.097,8508.73,13771.364,0
247,37209.435,9114.794,9806.453,12613.953,0
248,39516.804,9493.591,11795.369,10323.572,0
249,40483.328,10066.329,14579.565,8654.263,0
250,42694.409,8996.007,16916.581,7880.577,0
251,42585.397,9259.781,18559.197,7758.358,0
252,42528.616,10542.946,18619.972,7859.109,0
253,42230.15,11106.3,18300.69,7945.295,0
254,42843.512,10678.927,17803.167,8118.084,0
255,43674.331,9846.244,16784.187,8254.591,0
256,43614.489,9524.801,16283.535,8358.025,0
257,43162.406,10459.832,15019.917,9378.535,0
258,42168.697,11094.477,13092.63,11689.769,0
259,42918.868,11549.099,12665.259,13696.647,0
260,45060.208,12085.201,12003.197,15533.138,0
261,45183.246,11846.35,11446.264,16042.23,0
262,44055.064,11391.986,11426.85,15397.351,0
263,42732.171,11542.386,11174.762,14245.054,0
264,41418.349,11082.695,10351.996,14124.393,0
265,39114.386,10861.185,9137.004,13762.57,0
266,37568.869,10373.53,8114.329,13748.993,0
267,35968.198,10204.582,7759.121,13741.572,0
268,34834.036,8910.24,8681.191,13651.049,0
269,34199.952,8576.429,8627.969,13714.967,0
270,34167.051,8172.755,8703.629,12525.948,0
271,34489.481,7908.443,9585.676,10645.519,0
272,35999.233,6670.595,11559.715,9245.592,0
273,35994.765,6633.177,14254.427,7884.363,0
274,35138.893,8300.747,14265.433,7279.621,0
275,35688.537,9034.077,14046.089,7328.909,0
276,36637.071,9451.854,14375.374,7351.936,0
277,36792.525,9429.971,14645.571,7322.8,0
278,36946.187,9189.801,14596.695,7447.15,0
279,37797.606,8160.729,13895.714,8398.701,0
280,38642.555,8049.607,12731.886,8322.471,0
281,40254.836,7847.109,10707.541,9358.752,0
282,39907.249,8604.044,10489.799,11747.87,0
283,39460.845,10333.001,11547.487,13017.274,0
284,41274.575,11470.911,11931.158,13573.35,0
285,42041.439,12224.193,10962.104,14292.498,0
286,42016.44,12465.455,9900.917,14378.4,0
287,41309.594,12110.017,9423.159,14316.781,0
288,38976.448,12038.475,9394.333,13783.228,0
289,37507.758,9795.298,8952.867,14620.132,0
290,35946.19,6354.907,9204.293,16682.172,0
291,35467.657,4171.792,9591.45,17456.271,0
292,34217.082,5128.725,9315.377,16880.991,0
293,34327.214,5199.673,9015.522,16849.78,0
294,34202.94,5769.353,9328.434,16999.856,0
295,35218.212,6849.93,10465.772,16501.97,0
296,38126.257,8432.09,12134.63,16374.764,0
297,41261.02,9846.588,14647.431,14381.574,0
298,43534.645,11455.991,14754.852,12607.205,0
299,44815.258,13341.968,14533.358,12755.644,0
300,45354.985,13129.474,15373.111,12461.235,0
301,44473.349,13616.851,14826.282,12701.929,0
302,45725.153,14547.153,15071.782,13585.634,0
303,46325.892,14470.878,14613.949,14927.105,0
304,46219.132,13902.383,12503.695,17496.218,0
305,44675.634,15367.369,10345.38,18907.412,0
306,42194.393,14671.255,9260.607,19599.066,0
307,42009.152,13977.221,9405.188,19527.255,0
308,44948.533,14815.507,9436.182,19511.667,0
309,46231.901,14922.249,9447.226,19418.569,0
310,45700.772,15045.807,9376.442,19417.174,0
311,43717.817,14827.682,8575.625,19393.217,0
312,41040.726,13382.014,8205.889,19414.23,0
313,39717.095,11198.477,7677.02,18438.332,0
314,38714.84,9843.234,7163.892,17746.123,0
315,38286.066,7976.029,6965.542,17712.618,0
316,37390.863,7270.102,7024.279,17236.476,0
317,37786.439,7195.242,6402.426,17396.274,0
318,37824.649,8447.837,6158.713,16849.906,0
319,39475.505,9558.947,7458.402,15433.396,0
320,43025.361,10859.667,9471.637,14797.112,0
321,44682.866,12042.858,12152.77,14183.541,0
322,45509.26,12193.751,14343.007,13012.496,0
323,44857.89,13759.062,15497.861,12146.135,0
324,44445.194,14748.872,15876.177,11614.4,0
325,43812.807,14138.198,16520.655,11911.785,0
326,46575.064,14621.741,15603.681,12548.015,0
327,46603.78,15352.818,15449.449,13699.133,0
328,46166.191,15244.973,14105.228,15611.035,0
329,44929.112,15147.687,12193.208,18169.189,0
330,42805.644,14721.109,10665.062,18404.521,0
331,42301.819,13546.596,11463.209,18194.034,0
332,44485.041,14694.44,10852.991,19144.851,0
333,44096.243,15850.014,10707.745,19249.605,0
334,43580.13,15437.506,10737.068,19263.222,0
335,42323.158,13900.004,10689.969,19094.907,0
336,40088.846,12417.873,9491.233,18787.474,0
337,38173.113,11026.053,9231.461,17599.451,0
338,37481.013,8246.837,10036.958,17029.552,0
339,37296.902,6836.141,9608.98,16828.924,0
340,36973.046,6575.407,8772.543,16310.986,0
341,36907.329,6672.255,8710.962,16291.569,0
342,36538.777,8398.12,8577.329,15866.532,0
343,37763.36,9052.9,9311.812,15704.537,0
344,40406.115,11206.635,10748.263,15551.828,0
345,41912.093,13116.522,12605.651,14535.44,0
346,42753.839,13716.797,14103.89,12677.562,0
347,44274.369,14092.221,14924.555,11966.262,0
348,44179.767,14561.247,15826.959,11837.034,0
349,44455.892,14442.578,15125.331,11746.744,0
350,45910.284,15497.346,14061.487,12608.033,0
351,45621.774,15969.306,13315.606,15289.803,0
352,45953.677,15318.417,12212.414,17522.99,0
353,47312.742,15620.19,9515.506,17975.368,0
354,44926.869,15142.583,8052.8,18124.297,0
355,43745.49,15433.88,8225.168,19090.569,0
356,45239.599,15933.41,8748.684,19718.75,0
357,45759.661,15964.879,8474.489,19968.397,0
358,45819.593,16059.695,7791.747,19971.116,0
359,44848.306,15994.885,6643.219,19944.259,0
360,41869.628,14931.897,6177.596,19838.916,0
361,40468.31,12292.623,5716.691,19474.284,0
362,40119.271,9478.4,5643.899,19259.689,0
363,39877.879,7716.735,5658.481,18782.065,0
364,39377.898,7194.92,5741.598,17583.17,0
365,38694.738,7355.955,5850.268,17935.198,0
366,38873.061,7258.914,6375.639,18053.007,0
367,39415.918,8580.583,7602.379,17220.837,0
368,41127.003,10893.98,9939.276,16720.73,0
369,42693.869,13207.878,12379.845,15680.93,0
370,43298.651,14866.671,13681.595,15144.705,0
371,44542.685,15579.185,15036.478,14068.786,0
372,46393.878,16149.372,15357.642,12799.527,0
373,46062.539,15623.483,15671.293,11300.506,0
374,46636.004,15905.355,16380.817,11851.909,0
375,47103.488,16264.593,16437.06,12897.246,0
376,46763.704,15962.209,16647.044,13909.409,0
377,44401.771,15726.184,16776.137,15544.547,0
378,41399.532,15149.709,15104.648,16527.309,0
379,41198.349,13850.705,15415.623,17583.018,0
380,42607.349,15032.492,15287.362,18829.339,0
381,43116.794,15356.03,14893.54,18832.845,0
382,43272.132,15536.628,14559.9,17928.564,0
383,40914.479,15334.677,13946.717,18516.887,0
384,38447.302,14857.351,13104.637,17671.461,0
385,37663.31,12333.13,11722.127,17954.956,0
386,37866.551,9552.899,11140.416,18030.386,0
387,37158.876,8050.022,10697.325,18117.175,0
388,36985.847,7475.351,10335.498,17463.499,0
389,36480.308,7427.54,10407.068,17547.601,0
390,36688.23,7400.042,11050.191,17707.142,0
391,38324.578,8462.324,12982.738,15589.362,0
392,41449.002,10524.073,16645.476,12029.034,0
393,43682.248,12863.504,18981.392,9824.026,0
394,43827.249,15017.521,19172.811,9804.718,0
395,45500.701,15695.661,18700.788,9994.114,0
396,46260.466,16338.576,17767.438,9157.602,0
397,45732.805,16339.336,17448.041,8473.587,0
398,46053.755,16207.313,17069.478,10627.573,0
399,46691.665,15134.192,17143.769,13284.209,0
400,45364.268,15311.381,17420.978,14491.175,0
401,43437.089,15265.625,17321.06,15283.441,0
402,41521.781,14837.319,16566.516,15916.241,0
403,40089.038,14549.298,16589.752,17032.991,0
404,41843.86,14842.226,18261.124,16993.278,0
405,41706.381,14883.791,19382.201,16087.845,0
406,40227.286,15031.207,20007.04,15913.457,0
407,38785.422,14309.306,20050.602,15674.378,0
408,38222.843,12391.504,18737.107,15813.814,0
409,36860.889,10634.061,16960.85,16564.538,0
410,34478.287,9535.004,16069.431,16877.877,0
411,33250.59,8454.252,15880.63,16948.727,0
412,31999.459,8298.535,16554.191,15936.883,0
413,31649.912,8745.844,16272.67,15112.234,0
414,31775.555,8660.879,15688.036,14746.234,0
415,33739.121,7980.323,16339.186,13373.328,0
416,36717.244,8316.879,18177.16,10933.213,0
417,39820.055,9137.23,19591.385,8765.761,0
418,41004.128,9965.819,20229.922,7784.341,0
419,41922.642,11137.959,19954.758,7582.315,0
420,42342.661,12645.003,18511.015,8135.622,0
421,43575.215,12404.58,16976.123,7727.487,0
422,43263.299,12461.261,17378.429,7472.428,0
423,42588.85,13267.033,17153.559,7306.721,0
424,42399.966,12862.964,15969.139,8360.038,0
425,41497.13,11051.93,16125.444,10790.493,0
426,40778.765,10549.351,15696.907,13670.866,0
427,40211.457,11375.049,15541.456,16931.743,0
428,41419.106,12619.134,16316.144,17760.885,0
429,42009.72,12514.48,16518.971,17266.991,0
430,41413.13,12160.671,16213.308,16934.687,0
431,39889.037,12149.316,15336.721,17196.647,0
432,38428.251,12086.654,14079.888,16964.632,0
433,38353.123,11893.499,12125.783,15789.298,0
434,37414.749,11610.516,11343.417,13917.404,0
435,37094.224,11165.582,11258.008,12109.981,0
436,37225.62,11195.08,10651.593,10662.94,0
437,37433.36,11008.602,9813.942,10304.263,0
438,36732.845,10813.534,8985.877,10293.886,0
439,37028.029,10278.952,8849.509,9585.62,0
440,38638.671,8589.035,10416.42,9099.007,0
441,40363.63,7896.486,11831.592,8513.224,0
442,41687.103,7475.818,12800.725,7827.099,0
443,42642.174,7366.551,13570.359,8175.514,0
444,43024.318,8016.71,14533.102,8346.22,0
445,42909.641,7996.191,15011.945,8313.162,0
446,42480.224,7815.487,14558.507,8552.968,0
447,42574.669,7774.986,13459.216,8917.246,0
448,41279.309,9142.268,10703.911,11829.23,0
449,42134.829,9641.461,9495.57,13268.637,0
450,41664.005,11927.821,8002.99,14781.606,0
451,42041.06,12356.81,8826.67,16629.193,0
452,43502.729,12826.979,9173.058,18678.84,0
453,44526.267,12913.028,9293.215,18959.278,0
454,44854.863,12722.006,9248.133,18940.296,0
455,45296.152,12268.277,8269.695,18912.228,0
456,43511.946,12424.36,6966.521,18861.617,0
457,41239.903,12078.547,6200.286,18932.32,0
458,38913.066,11723.015,5703.582,18935.586,0
459,37488.417,11375.951,5456.066,18894.999,0
460,36349.986,11212.292,5437.489,18901.999,0
461,36127.629,11380.034,5314.858,18829.304,0
462,36596.747,11250.023,5474.567,18687.849,0
463,38098.492,10698.925,7157.669,18284.21,0
464,41562.506,11058.144,9630.743,17298.563,0
465,43789.002,13793.258,11326.65,15689.24,0
466,45282.09,14712.926,12776.474,14335.156,0
467,46560.203,15517.501,13461.925,13964.886,0
468,47926.317,14679.015,13965.785,13796.175,0
469,48102.915,13555.136,14137.096,13509.092,0
470,49592.052,14151.999,14746.43,13706.054,0
471,50767.687,14728.12,14026.156,14513.833,0
472,50435.109,14157.264,13752.544,16136.967,0
473,49785.634,14068.78,11774.97,18403.282,0
474,47316.917,13237.013,10633.245,19212.042,0
475,45661.489,12435.321,10977.086,19076.802,0
476,48046.166,13804.676,11335.131,19095.268,0
477,48406.333,14923.777,11598.049,19076.275,0
478,48542.762,15096.288,11734.756,19077.904,0
479,47682.875,14849.147,11102.177,19066.432,0
480,45662.836,14575.146,9652.188,19104.323,0
481,43409.08,14191.51,7550.448,19073.98,0
482,41554.872,13505.225,6475.279,19027.179,0
483,40839.52,12157.047,5993.501,19025.331,0
484,39966.686,11577.674,5838.553,18991.433,0
485,40005.835,11078.852,5711.783,19008.148,0
486,40039.699,11139.959,5710.382,18951.153,0
487,41691.15,10246.403,7998.905,17713.057,0
488,44612.575,11234.565,11278.892,15828.687,0
489,47812.168,14048.104,12746.128,13295.18,0
490,49149.36,14555.39,14599.843,12184.253,0
491,50592.507,15359.808,15729.072,11799.195,0
492,51254.467,15568.526,16041.978,11753.161,0
493,50934.653,14717.969,16221.523,11216.733,0
494,51668.093,15684.066,16191.097,12379.082,0
495,51724.042,15910.649,16107.631,13457.843,0
496,50472.62,15692.498,16508.67,14601.754,0
497,48621.255,15148.178,16293.802,16607.855,0
498,46144.838,13654.183,14990.019,17967.854,0
499,44895.135,13383.57,14215.764,18253.677,0
500,47128.143,14211.453,14441.863,18818.149,0
501,48256.586,14323.368,14805.921,19073.971,0
502,48653.723,14559.735,14777.796,19074.744,0
503,47193.062,14279.833,14494.748,19125.083,0
504,43776.845,13626.609,13842.391,19194.912,0
505,41916.843,12791.151,12355.777,19188.126,0
506,40218.752,11124.607,12006.589,19055.233,0
507,39010.173,9921.53,11875.223,19051.633,0
508,38040.209,9778.171,11307.243,18975.83,0
509,37732.562,9870.998,10807.854,19032.082,0
510,38264.823,10078.387,10085.917,19056.429,0
511,39206.105,10498.82,11262.81,18331.512,0
512,42919.076,12604.065,14368.614,14885.096,0
513,45927.206,14537.648,15899.521,13795.398,0
514,48246.076,15294.876,17171.381,12044.58,0
515,50968.139,15147.905,17536.502,11709.989,0
516,52103.709,15096.36,17892.91,11720.321,0
517,51338.286,15089.041,17618.058,11693.495,0
518,52815.054,15555.368,16942.096,13286.609,0
519,53437.964,15613.551,16802.606,14297.965,0
520,52866.833,15050.939,17700.984,14189.402,0
521,51046.542,15943.525,16963.081,14883.004,0
522,47203.151,15055.935,15491.467,16738.645,0
523,43636.975,14495.166,15456.483,18104.558,0
524,44878.363,15270.346,16393.143,18417.227,0
525,45325.798,15444.977,16638.844,18514.896,0
526,45535.97,15513.408,17280.977,18497.254,0
527,45402.056,15286.429,17112.741,17187.919,0
528,46460.599,14647.442,14616.059,14540.83,0
529,42209.978,14083.427,14010.036,14914.309,0
530,39762.562,12706.272,13943.836,14901.842,0
531,39103.607,11333.396,13845.007,14095.243,0
532,38200.784,10660.805,13983.337,13746.913,0
533,37928.217,10447.755,14402.112,12972.154,0
534,38287.871,10555.838,14428.853,12580.274,0
535,41170.766,10992.157,13344.265,12292.973,0
536,44747.248,13472.512,13104.805,12306.025,0
537,47347.757,15222.474,14122.651,12359.395,0
538,48851.16,16026.611,14035.876,12488.198,0
539,50103.022,16597.695,13920.968,12866.371,0
540,50680.105,15870.128,14885.097,13010.828,0
541,50965.519,15113.417,14671.903,12871.617,0
542,53120.584,15811.35,14871.881,12892.792,0
543,53768.729,15691.819,15122.017,13545.477,0
544,52966.729,16038.037,14872.506,13927.662,0
545,51775.511,16407.671,14302.595,15028.782,0
546,49647.392,14887.726,13504.728,14688.538,0
547,46165.504,14173.271,13622.241,15206.159,0
548,47756.49,14127.574,14725.612,15677.339,0
549,49218.937,14048.165,14167.294,15746.114,0
550,49121.503,13982.17,14407.632,15767.942,0
551,47295.319,14580.869,14948.582,15687.43,0
552,43883.357,14803.936,14802.959,15648.756,0
553,42013.893,14019.837,14088.413,14754.071,0
554,40858.207,11930.868,14183.724,14249.078,0
555,39116.663,11685.563,13596.739,14078.186,0
556,36568.935,11601.132,14225.208,13889.927,0
557,36527.493,11285.93,13951.512,13919.39,0
558,37634.266,11140.028,13555.658,13661.003,0
559,40449.652,10855.713,13783.408,12709.064,0
560,45447.084,12197.025,13688.104,11986.652,0
561,47815.12,14413,14169.071,12411.536,0
562,50251.105,14764.982,14045.941,12730.032,0
563,51453.447,14759.526,13920.349,13387.823,0
564,52223.262,15135.147,13902.224,13716.765,0
565,51813.996,14271.052,13670.57,13822.971,0
566,53158.15,15374.86,13166.467,14733.305,0
567,51888.177,17864.166,12603.978,15131.143,0
568,51892.5,15924.588,13057.932,15375.843,0
569,52079.664,13386.985,12708.328,15365.545,0
570,50561.896,11748.692,11435.838,15686.663,0
571,47124.174,11783.868,12035.019,17274.208,0
572,47421.194,14626.223,12104.133,17323.815,0
573,47603.23,14382.809,12635.832,17207.406,0
574,46819.563,14318.84,13224.717,17282.311,0
575,46060.918,13865.178,13503.931,17475.518,0
576,43997.998,13522.804,13189.456,17145.713,0
577,41771.771,13696.035,11603.159,16617.995,0
578,39955.183,12900.875,11451.481,15717.086,0
579,37747.283,11936.319,11856.417,15489.822,0
580,35931.544,11543.414,12481.405,14809.709,0
581,35883.182,11008.89,12583.08,14232.848,0
582,35873.998,11013.402,12214.36,13496.681,0
583,37887.003,10041.759,12834.525,11448.461,0
584,39681.71,10178.272,14063.578,10349.451,0
585,40214.152,11447.154,14669.432,10635.707,0
586,42010.376,12295.424,14316.127,10899.467,0
587,42838.857,12973.725,13933.165,11228.76,0
588,43675.718,13301.718,13369.82,11332.801,0
589,43640.009,12881.635,12993.753,11196.116,0
590,43161.009,12386.704,13508.667,11258.937,0
591,42683.751,12522.713,13738.694,11292.072,0
592,42759.446,12425.056,13792.433,11292.634,0
593,44063.053,11624.626,13279.777,11818.294,0
594,42352.4,12358.825,13084.842,13859.399,0
595,42038.825,13951.515,13911.437,14294.532,0
596,43148.518,15208.532,14512.592,14976.367,0
597,42596.66,15336.674,15138.764,14751.981,0
598,41470.148,15161.925,15523.606,14139.33,0
599,40820.952,13622.7,15415.971,14094.658,0
600,39281.733,13253.285,14607.634,14025.318,0
601,36084.554,12813.506,15294.118,13366.905,0
602,34606.86,11560.111,15097.833,13309.917,0
603,33527.454,10317.978,15200.497,13160.763,0
604,32770.903,9378.913,15011.375,13181.675,0
605,32343.061,9412.824,14620.398,12754.662,0
606,32108.394,9224.257,13896.728,12148.177,0
607,32285.173,8574.391,14761.655,10051.647,0
608,33639.544,7387.314,16025.732,9041.706,0
609,35517.849,7695.945,15445.854,8304.387,0
610,37746.388,7652.826,14516.251,8326.409,0
611,39509.695,8311.587,13142.095,8668.662,0
612,40876.745,9271.556,12516.506,8888.298,0
613,41264.13,9816.973,12473.169,8741.941,0
614,40615.745,9474.621,13297.093,8509.954,0
615,39473.957,9713.082,13675.3,8482.482,0
616,40687.921,9183.387,12951.814,9194.39,0
617,42572.374,7837.95,11475.77,11020.181,0
618,42062.945,10810.608,9543.3,12838.688,0
619,41248.255,12539.776,10607.646,14133.503,0
620,42270.022,13318.863,12528.099,14382.877,0
621,41336.801,14251.926,13850.009,14357.021,0
622,40559.36,14265.113,14392.422,14391.207,0
623,39638.073,14354.2,14729.491,14075.225,0
624,37695.481,14098.687,14190.218,13696.532,0
625,36052.326,12611.637,13826.609,13909.77,0
626,34024.961,11056.225,14104.71,14290.373,0
627,32940.372,10538.187,14151.055,13849.246,0
628,32671.586,9824.221,13832.899,13856.381,0
629,33148.583,9327.532,13511.162,13945.136,0
630,33619.506,10085.778,13258.442,13900.41,0
631,35696.707,10826.039,13649.902,13092.759,0
632,40753.996,12570.918,13576.603,12413.156,0
633,45345.959,14687.67,13286.387,12116.281,0
634,48037.032,14964.703,13523.994,12216.161,0
635,49120.365,14809.869,13584.522,12344.284,0
636,49065.549,14338.037,13963.272,12315.018,0
637,48840.567,13400.265,13647.082,12420.051,0
638,48992.544,16237.231,13597.155,12341.578,0
639,49791.771,17219.466,14879.746,12382.853,0
640,50783.235,17689.222,14280.789,13362.39,0
641,48364.743,17747.844,12773.782,15353.868,0
642,45558.668,17213.389,10890.761,16211.914,0
643,43618.002,16521.685,10995.267,16633.268,0
644,46212.596,15915.716,11554.979,17474.449,0
645,46028.62,15648.544,12285.576,18157,0
646,46658.005,15748.726,12021.15,18187.404,0
647,44847.211,15820.542,11177.827,18349.999,0
648,41865.69,15687.705,10105.172,18159.835,0
649,40402.237,14166.04,9392.528,17642.237,0
650,39982.052,11176.324,8855.77,17737.027,0
651,38448.661,9731.556,8806.258,17723.741,0
652,37356.358,9169.818,8883.706,17743.221,0
653,36932.952,9827.53,8399.145,17695.799,0
654,37113.765,10449.119,8675.091,17385.065,0
655,38030.323,10974.865,10859.722,15892.192,0
656,41924.035,12311.864,14357.219,12963.014,0
657,45464.653,14264.101,15166.549,11864.909,0
658,47839.904,14389.368,14784.984,12095.271,0
659,49650.388,14135.702,14963.006,12387.263,0
660,50601.136,13626.409,15005.191,12608.982,0
661,50164.686,12265.065,14553.323,12585.442,0
662,50504.037,13425.891,14939.433,12276.502,0
663,50242.881,15365.233,15547.674,12147.373,0
664,50124.3,15923.667,15543.534,13079.927,0
665,50463.42,15771.557,12456.041,16109.506,0
666,47178.171,15055.68,10131.305,18165.149,0
667,44218.548,15760.284,10818.838,18202.735,0
668,46521.996,15801.608,11922.703,18473.377,0
669,47066.805,15788.545,12798.2,18150.701,0
670,47404.709,15724.81,12608.62,18150.745,0
671,45992.908,15773.232,12072.743,17523.432,0
672,42779.23,15166.463,11440.845,17464.106,0
673,40927.686,13094.78,10764.834,17739.963,0
674,39955.89,10189.193,11286.15,17519.652,0
675,38518.127,8829.948,11658.647,17094.987,0
676,37475.603,8247.204,12513.282,16276.869,0
677,37134.469,8204.61,13655.699,14638.835,0
678,37517.937,9074.104,13221.063,14703.762,0
679,38552.448,10489.068,13258.492,14181.255,0
680,42218.388,12944.503,14801.113,12161.236,0
681,44266.512,15157.568,15930.171,11746.103,0
682,46410.486,15378.77,16260.146,11753.048,0
683,47638.254,15554.187,15974.731,11982.682,0
684,48911.044,14546.55,16246.972,12068.98,0
685,48565.004,13267.555,16271.636,12056.887,0
686,48867.157,15471.956,16531.345,12026.244,0
687,48996.71,17271.476,16603.986,12821.773,0
688,49348.761,16887.628,15707.339,14141.131,0
689,48237.123,16105.34,13405.283,16644.122,0
690,45702.079,14921.606,11869.051,17528.843,0
691,44639.06,14048.009,11935.511,17443.102,0
692,47298.185,13722.124,13009.722,17384.339,0
693,47489.53,13879.593,14231.158,16386.05,0
694,46740.426,13932,14442.081,16697.739,0
695,44346.461,13844.364,13997.489,17128.556,0
696,40936.537,12666.321,14284.146,16844.028,0
697,38756.946,10845.695,13850.493,16396.659,0
698,37239.546,9748.642,12818.949,16722.103,0
699,35755.194,8962.903,12291.057,16795.809,0
700,34607.728,8832.445,12440.238,16431.531,0
701,34381.579,8635.12,13044.216,15906.182,0
702,35137.583,9255.632,13790.42,14674.911,0
703,36704.361,10223.072,14028.245,13971.553,0
704,40847.128,11341.432,14454.121,13657.802,0
705,44405.675,12330.362,15475.827,12869.392,0
706,46214.182,13217.064,16354.995,12016.989,0
707,47918.808,14004.69,15984.187,12034.783,0
708,49346.108,13100.763,15679.841,12019.021,0
709,49436.191,11413.737,14967.118,11978.475,0
710,50875.947,11788.698,15361.506,11996.565,0
711,51118.614,13566.802,14983.493,12477.712,0
712,50521.395,14973.79,13756.816,13751.222,0
713,49272.638,14697.401,12688.081,15783.722,0
714,46145.468,14569.136,10997.237,16991.556,0
715,44659.463,14892.719,11298.735,16715.111,0
716,46792.644,14550.124,13261.722,16251.765,0
717,46191.101,14649.539,14612.982,15889.971,0
718,45324.797,14442.074,15229.385,15856.048,0
719,42808.682,13858.561,15475.105,16043.331,0
720,40171.904,13094.307,13986.839,16546.048,0
721,38447.287,10445.896,13385.122,17018.952,0
722,36513.688,8907.827,13273.476,16935.133,0
723,35284.906,8359.409,14241.69,15414.324,0
724,35382.999,7724.206,14111.784,15010.639,0
725,35688.066,7348.195,14671.599,14617.076,0
726,36232.281,8269.218,14524.932,14480.479,0
727,37798.219,9015.55,13750.09,14293.426,0
728,41219.998,10213.094,13365.655,13783.021,0
729,44138.632,10744.44,13535.793,13041.184,0
730,45113.972,10816.251,13469.372,12444.535,0
731,45972.189,11246.647,13365.093,12244.952,0
732,45765.181,11203.909,13524.018,12083.473,0
733,45552.901,10151.275,13236.555,11849.52,0
734,45912.226,11987.812,13689.697,11885.49,0
735,45917.372,12321.636,15496.587,12180.463,0
736,45369.512,13296.378,15325.154,13059.712,0
737,44755.276,13679.182,14067.201,14644.093,0
738,43660.047,13607.15,13305.313,15600.192,0
739,43779.712,13544.227,14398.302,15588.159,0
740,45779.206,13891.257,16087.478,15072.49,0
741,45785.021,14155.874,16367.552,14423.113,0
742,45907.047,13616.492,16105.152,14410.772,0
743,44057.577,12867.572,16167.439,14557.624,0
744,42294.751,11206.381,15987.228,14701.019,0
745,40722.931,9510.428,15622.939,14434.475,0
746,39330.444,7963.776,15157.307,14440.918,0
747,38487.614,6624.647,14956.846,14243.4,0
748,37348.988,6535.436,15468.492,12990.263,0
749,36918.107,6502.006,15474.728,12664.937,0
750,36854.812,6545.765,14845.586,12652.7,0
751,36808.693,6374.677,14405.564,12685.172,0
752,38051.564,7222.98,15292.926,11728.884,0
753,39445.671,8102.025,16542.332,10637.288,0
754,40810.721,8685.112,16028.759,10315.544,0
755,41580.154,9304.091,16192.219,9603.05,0
756,41615.192,9171.184,17004.925,9316.866,0
757,41161.226,9093.284,16565.103,9146.825,0
758,41898.627,9426.075,15638.713,9229.747,0
759,43148.397,9385.504,15655.884,9101.859,0
760,42910.61,9252.623,15990.49,9628.34,0
761,41504.467,10231.581,16642.487,9756.782,0
762,40969.021,10924.696,15781.484,11729.819,0
763,41781.98,12146.705,15812.262,13050.608,0
764,43289.046,13390.549,16582.324,13415.703,0
765,43324.269,13854.788,17077.237,11962.004,0
766,42083.114,13542.133,17156.585,11351.259,0
767,40141.82,12977.928,17023.542,11201.977,0
768,38047.119,11966.001,16385.747,11987.029,0
769,36455.626,10344.529,16323.071,11820.067,0
770,36171.245,8154.875,15885.521,11846.902,0
771,35733.324,6600.454,15584.364,11880.682,0
772,35193.213,5981.981,15178.856,11833.271,0
773,34417.788,5524.9,15034.585,12121.666,0
774,33780.883,5512.004,14531.363,11968.587,0
775,33136.11,5358.98,14786.031,10673.274,0
776,33201.36,6224.678,16285.176,8474.378,0
777,33560.335,7378.76,16266.66,7261.172,0
778,34076.552,8412.258,15757.629,7188.427,0
779,36047.37,8878.101,15303.336,7311.905,0
780,37374.103,8906.056,15334.103,7679.139,0
781,37736.189,8760.026,16014.932,7729.48,0
782,37649.389,9056.516,16294.428,7558.398,0
783,37546.312,9150.141,16695.266,7805.265,0
784,37207.285,9447.806,16275.595,8662.753,0
785,37521.944,10775.8,15384.693,9818.108,0
786,38188.687,10843.237,14065.51,12560.16,0
787,38491.229,11852.144,14908.048,14690.889,0
788,39624.949,13940.36,15863.727,14438.486,0
789,40523.886,14522.559,16110.601,13923.014,0
790,40770.175,14126.182,16757.732,12801.51,0
791,40532.258,12831.606,16637.141,12723.983,0
792,39444.817,11206.893,16350.778,12535.571,0
793,38651.971,8893.366,16306.167,12302.279,0
794,37978.883,7487.727,15977.267,12344.187,0
795,36765.846,6529.63,14798.087,13974,0
796,36028.751,6196.615,14643.778,14037.913,0
797,36378.675,6150.795,14574.52,13728.235,0
798,37027.697,7388.523,14532.207,13440.978,0
799,39036.594,9075.625,13895.615,12802.214,0
800,41510.939,10607.165,15811.972,11848.01,0
801,44278.54,12901.324,15428.525,12254.131,0
802,47504.662,12858.253,14785.286,12504.472,0
803,49374.962,13341.307,14716.142,12843.665,0
804,50120.947,13176.837,14528.619,13002.448,0
805,48746.822,12604.734,14117.883,12486.031,0
806,50590.178,14076.975,13593.913,13366.574,0
807,50754.924,15432.058,13554.782,14290.603,0
808,49964.355,15480.211,13537.571,14669.43,0
809,49032.635,15413.604,14257.116,14499.125,0
810,46254.635,15003.757,13829.094,14992.798,0
811,44473.556,14349.095,14811.775,15623.396,0
812,47830.37,14951.012,15384.996,15488.029,0
813,48781.473,15359.348,15246.969,15585.476,0
814,48646.995,15763.343,15137.63,15522.053,0
815,45522.863,14954.666,16162.507,15349.102,0
816,43001.039,13637.29,15536.518,14840.291,0
817,41217.897,11267.375,15858.443,14192.231,0
818,41275.64,7915.612,15509.115,14362.308,0
819,39964.531,7092.049,15073.195,14473.266,0
820,39769.213,6324.169,14548.276,14420.556,0
821,40295.069,6153.265,14057.639,14452.514,0
822,40576.523,6907.769,14080.808,14545.807,0
823,41744.776,8358.539,14573.869,12992.865,0
824,45521.231,10430.57,14341.466,11810.765,0
825,47603.041,12824.38,14070.337,11879.534,0
826,48610.595,13841.101,13994.409,12292.161,0
827,49942.396,14723.821,14157.315,12638.334,0
828,50504.041,15413.148,14048.865,12747.153,0
829,50251.477,14697.088,14504.276,11667.622,0
830,52426.519,15134.813,14318.938,11926.46,0
831,52654.827,15834.072,14402.009,12692.122,0
832,52292.039,15538.486,14775.088,12983.493,0
833,52844.798,15257.801,13827.074,13641.438,0
834,49955.977,14504.119,13857.611,13786.872,0
835,47301.884,13624.459,15006.151,14623.176,0
836,49906.382,14449.531,15572.085,14688.349,0
837,50324.897,14524.864,16076.272,14709.031,0
838,50057.076,14737.519,16149.36,14804.452,0
839,48811.932,13723.947,16247.813,14868.448,0
840,45177.994,12923.654,15791.835,14779.287,0
841,42929.812,11328.973,15247.136,14605.08,0
842,41845.605,8929.365,15200.831,14283.623,0
843,40523.931,8090.487,14883.82,14102.142,0
844,39877.886,7746.503,14950.703,13544.515,0
845,40011.252,7525.467,14609.521,13778.014,0
846,41501.542,7759.887,13999.763,14235.714,0
847,42940.869,8876.763,13349.417,14244.265,0
848,45382.13,10928.514,12927.667,13855.416,0
849,49198.736,12586.33,13238.002,13438.185,0
850,50843.596,13600.128,13702.392,13091.388,0
851,51830.586,14315.892,14212.894,13012.291,0
852,51592.17,14567.327,15084.424,12637.519,0
853,50086.359,14845.002,15217.09,12415.149,0
854,51000.786,16175.655,15153.357,13119.578,0
855,51899.88,16571.402,15408.931,13223.363,0
856,52096.192,16397.568,15579.101,13414.451,0
857,51792.637,15897.992,14880.093,14076.107,0
858,48841.174,15552.155,14284.533,14140.405,0
859,45909.49,15227.57,14850.672,15217.521,0
860,49193.451,15000.434,15014.716,15725.48,0
861,49373.649,15021.607,15970.751,15243.982,0
862,49209.888,15035.962,16334.946,14966.438,0
863,48515.162,14293.681,16292.207,14996.755,0
864,45354.846,13526.132,15805.92,15053.953,0
865,43112.702,11792.192,15704.845,14273.574,0
866,42061.12,9394.976,15809.254,13687.81,0
867,40966.859,8079.156,15248.165,13932.828,0
868,39894.276,7747.115,15251.449,13713.822,0
869,39931.044,7645.185,15043.931,13450.541,0
870,40682.758,8643.801,14554.715,13289.564,0
871,42788.578,9159.213,14323.719,13285.836,0
872,45971.004,11187.48,13186.245,13569.344,0
873,48958.58,13240.951,14022.617,13310.454,0
874,49854.248,13935.68,14983.049,12913.172,0
875,49800.266,16124.017,14657.848,12909.473,0
876,49711.196,17253.344,14046.558,12654.342,0
877,49385.615,15920.952,14444.617,11566.626,0
878,50945.656,16524.705,15268.203,11465.142,0
879,51686.535,17269.719,16246.177,11689.742,0
880,52788.082,17071.772,14934.028,11972.099,0
881,51804.043,16104.409,15265.971,12878.854,0
882,49222.356,15601.09,15052.82,12946.252,0
883,47260.835,15270.193,15656.339,13532.17,0
884,49744.062,15618.377,15498.844,14688.614,0
885,50600.381,15573.015,15224.438,15159.119,0
886,50625.636,15619.512,14888.655,15380.024,0
887,48974.498,15120.67,14604.598,15329.244,0
888,46864.727,13082.233,14578.742,15272.82,0
889,44285.185,12164.601,14002.445,15025.87,0
890,41985.67,10024.751,14488.179,14727.217,0
891,41477.169,8222.329,14460.893,14661.094,0
892,40554.006,7804.482,14344.213,14189.85,0
893,40070.433,7499.977,14259.364,14274.777,0
894,40016.379,9375.646,14096.713,14213.796,0
895,40745.277,11051.549,14055.281,13967.476,0
896,44530.481,11908.539,13718.121,13738.074,0
897,48440.198,13736.212,14035.492,13011.194,0
898,50621.074,14176.048,14545.182,12571.799,0
899,51898.578,15122.391,15013.012,12552.772,0
900,52426.119,15558.523,16041.429,11690.56,0
901,51345.761,14736.024,16572.76,10747.533,0
902,52452.492,16074.845,16686.518,11155.368,0
903,54155.319,16447.94,16949.112,11891.246,0
904,53071.522,16537.339,16167.66,12742.541,0
905,51777.931,15637.483,14826.158,13950.086,0
906,48567.289,14795.606,14109.292,14598.101,0
907,46465.511,14217.658,15727.437,14833.065,0
908,48232,15337.707,16204.097,14899.892,0
909,48309.095,15666.178,15591.662,14974.729,0
910,47313.361,15737.107,15797.694,15197.033,0
911,45584.195,15128.75,15757.815,15238.992,0
912,44323.096,13325.291,15684.651,15135.216,0
913,42155.796,12585.149,15050.599,15028.768,0
914,41666.192,9859.312,15191.42,14740.188,0
915,41012.096,8530.302,14956.371,14505.546,0
916,40318.891,7925.965,14826.919,13951.907,0
917,39527.095,7605.34,14871.868,13814.067,0
918,39231.741,7136.593,14737.678,13540.209,0
919,39731.137,6515.332,15198.967,12114.432,0
920,41699.927,7070.935,16389.533,10401.94,0
921,44074.271,8018.055,17401.693,8673.046,0
922,44112.957,8869.478,17532.196,8880.385,0
923,44956.679,9155.701,17638.994,9141.043,0
924,44989.809,10396.039,17269.924,9278.229,0
925,45013.044,10771.563,16867.141,9265.708,0
926,44796.998,10813.978,16966.246,9461.577,0
927,44539.844,10736.268,17505.033,9316.6,0
928,43969.716,11095.918,17192.362,10036.105,0
929,42522.616,12135.407,16070.203,12390.582,0
930,43103.689,12576.369,15560.929,13080.516,0
931,44489.913,12993.75,16871.514,13465.928,0
932,46921.771,14163.815,17186.91,13542.084,0
933,46535.846,14344.262,17152.159,13498.451,0
934,45935.816,13601.393,16886.127,13499.103,0
935,43936.097,13253.506,16799.886,13502.881,0
936,41830.599,13042.766,16478.385,13473.784,0
937,39352.003,12082.167,16730.94,13156.319,0
938,38773.14,9827.547,16106.449,13684.145,0
939,38530.248,7903.103,15737.77,13810.16,0
940,38025.153,6412.23,15622.492,13690.913,0
941,37559.109,6210.259,15690.836,12988.076,0
942,37587.49,5894.489,15750.371,11609.316,0
943,37222.283,5073.042,16078.137,10337.641,0
944,37267.101,6139.259,16147.182,9662.565,0
945,37666.364,7311.49,14648.539,9492.251,0
946,38409.13,8275.265,13107.048,9772.782,0
947,39338.873,8942.423,12076.677,10003.198,0
948,40284.543,9599.747,12086.11,10107.409,0
949,40355.716,10099.818,12192.764,10094.564,0
950,39746.605,9832.622,12752.982,10137.163,0
951,39566.853,9735.372,13296.157,10002.472,0
952,39649.418,9321.266,14731.406,9803.993,0
953,39910.146,10052.024,15171.142,10179.507,0
954,40426.484,11454.492,15408.528,11801.15,0
955,40367.088,13444.915,16620.304,13039.16,0
956,43743.705,14378.422,17082.417,13683.802,0
957,45654.572,14274.926,16830.255,13900.387,0
958,45669.927,14248.123,16406.299,14486.256,0
959,44611.798,13966.169,16177.786,14809.967,0
960,41925.257,13494.818,15916.412,14850.059,0
961,40722.9,11520.349,15473.777,14621.934,0
962,40510.501,8928.465,14907.77,14564.992,0
963,39622.379,8214.146,14429.92,14388.156,0
964,39201.419,7137.572,14567.537,14422.319,0
965,39603.324,7202.045,13790.445,14378.374,0
966,40137.523,8316.161,13608.356,14647.517,0
967,41640.47,9427.57,13265.208,14757.845,0
968,45589.065,10789.966,13248.763,14189.568,0
969,48707.559,12943.988,14001.573,13809.025,0
970,50163.059,13800.865,14672.822,13671.007,0
971,51939.325,14677.818,14214.138,13900.503,0
972,52781.399,14706.476,14492.958,13924.399,0
973,52162.192,14235.24,13965.57,13987.161,0
974,54131.249,15152.571,14019.13,14377.561,0
975,54669.56,16118.25,15179.883,14619.484,0
976,54746.069,16254.562,15990.485,14252.313,0
977,53076.534,17325.105,15328.737,14657.764,0
978,49652.899,16234.204,14278.47,15974.758,0
979,46329.053,14828.5,14477.776,16019.276,0
980,48803.614,15200.327,15616.433,15361.838,0
981,50212.803,15346.318,15722.776,15047.789,0
982,50175.917,15398.503,16880.024,14382.549,0
983,47920.991,15329.505,16773.047,14270.595,0
984,45400.865,14672.876,16866.506,14200.074,0
985,44039.26,12488.704,15909.105,14068.196,0
986,43744.31,10128.134,15468.702,13552.899,0
987,43168.874,8463.496,15721.433,12712.421,0
988,42431.282,8086.162,15741.938,12187.511,0
989,42023.783,8161.917,15961.338,11963.94,0
990,42771.481,8382.129,15745.346,12132.79,0
991,44031.878,9762.569,15170.379,12250.246,0
992,46181.145,12296.156,15455.344,11710.984,0
993,49293.561,13477.791,15776.183,11857.075,0
994,51505.601,14173.51,16208.885,11121.034,0
995,52673.314,14884.234,16492.825,11355.816,0
996,53206.718,15673.326,16310.11,11669.462,0
997,53315.433,15301.625,15611.578,12760.818,0
998,55044.609,16291.619,14214.642,14133.512,0
999,55532.791,16578.316,14631.759,14343.808,0
1000,55039.773,16474.517,13573.479,15570.509,0
1001,54740.387,15722.685,12486.299,16673.398,0
1002,51701.657,15286.181,12786.369,16688.851,0
1003,48941.195,14592.443,14107.153,16631.621,0
1004,50365.188,15098.692,14966.616,16504.087,0
1005,51736.657,14538.205,15044.656,16511.424,0
1006,51937.113,14374.019,15072.86,16877.227,0
1007,49584.419,14286.221,14845.42,17074.43,0
1008,46030.873,14477.551,14430.121,16971.71,0
1009,43864.122,13628.706,14383.929,16094.251,0
1010,43735.341,10283.719,14644.949,15844.646,0
1011,42951.437,9113.237,14111.168,15685.59,0
1012,42401.573,8474.656,13705.571,15823.074,0
1013,42727.874,8171.23,13416.054,15580.649,0
1014,43853.162,8781.107,13736.344,14663.351,0
1015,44969.242,10103.477,14724.956,13185.27,0
1016,47991.527,11713.621,15851.183,11632.81,0
1017,51531.836,13391.557,15945.952,11771.051,0
1018,51893.493,14421.48,16578.998,11781.246,0
1019,52744.352,15376.91,16699.696,11953.278,0
1020,53312.026,15692.112,16802.826,12121.988,0
1021,52690.051,15100.448,16439.61,12469.495,0
1022,54864.608,15607.595,15883.335,13165.719,0
1023,56024.823,16051.358,15283.045,13796.368,0
1024,56235.132,16422.424,14235.722,14430.166,0
1025,55390.4,15709.825,14566.077,14665.429,0
1026,51149.107,14768.996,14644.82,14798.801,0
1027,47875.552,13944.53,16284.855,15070.595,0
1028,49091.002,14442.951,16711.548,15696.261,0
1029,49738.095,14535.452,16291.657,15932.472,0
1030,50126.476,14235.386,16216.904,15999.565,0
1031,48170.775,13865.342,16267.088,15990.665,0
1032,45354.313,13451.206,16403.566,16022.381,0
1033,42455.45,12753.995,15842.303,16014.038,0
1034,42252.045,9689.507,15682.41,15818.305,0
1035,41640.509,7954.021,15261.201,15757.411,0
1036,41079.511,7376.926,14706.316,16017.946,0
1037,41487.262,7204.454,13860.92,16322.51,0
1038,42594.381,8127.153,13029.706,16400.039,0
1039,43041.92,10459.719,13208.237,15271.285,0
1040,46694.001,12184.757,13689.959,13659.121,0
1041,50767.526,13209.478,14885.13,12757.628,0
1042,52799.573,13588.823,14981.661,12394.322,0
1043,53943.696,14106.67,15361.2,12551.389,0
1044,54138.115,15155.602,15281.342,12705.498,0
1045,53503.746,14492.653,14570.817,12922.737,0
1046,53903.28,15040.635,14544.691,15139.867,0
1047,51062.048,14697.316,17337.975,17906.277,0
1048,49876.103,15087.042,16547.456,18717.361,0
1049,48333.374,14689.613,16268.59,18922.816,0
1050,44591.194,14067.82,16296.889,18693.277,0
1051,42537.962,13580.104,18148.837,18013.603,0
1052,44713.007,13799.476,20109.73,17203.081,0
1053,44798.03,14016.618,20721.082,16708.985,0
1054,44308.865,13938.345,21306.098,16700.867,0
1055,42817.371,13103.168,21694.314,16544.88,0
1056,39670.61,12703.812,21119.212,16334.575,0
1057,38315.228,10584.753,20252.911,16444.008,0
1058,37609.445,8096.111,20552.779,15814.793,0
1059,36284.225,7543.496,20229.263,15592.787,0
1060,36187.304,6711.275,19541.84,15655.659,0
1061,37169.3,6099.715,18724.458,15994.48,0
1062,38084.777,6649.18,18505.357,16065.215,0
1063,39554.414,8202.888,18548.279,15310.835,0
1064,43593.049,9897.95,18336.606,14047.128,0
1065,46304.618,12398.733,18375.505,13025.306,0
1066,47503.076,12378.53,19322.649,13085.959,0
1067,49339.444,12344.434,19816.293,13172.62,0
1068,49598.311,12810.981,20524.006,13372.485,0
1069,49492.859,11452.232,19774.059,13845.164,0
1070,50153.405,12438.074,19226.794,15285.443,0
1071,50252.4,13657.075,18520.765,16468.267,0
1072,49523.001,13657.701,17864.621,16857.169,0
1073,47549.439,13081.115,17246.101,17307.559,0
1074,44709.131,12452.898,17556.755,17509.947,0
1075,43479.853,12767.542,18302.281,17526.378,0
1076,44842.284,13840.024,19236.088,17874.686,0
1077,44067.114,15094.928,18854.767,17651.377,0
1078,43182.892,14767.119,19562.717,17654.985,0
1079,42799.131,12999.749,19792.977,17646.17,0
1080,41373.665,12195.694,18856.164,17633.461,0
1081,39188.853,10931.391,18322.378,17485.538,0
1082,38779.21,9053.448,18094.268,16518.846,0
1083,38122.051,7306.289,18142.451,16368.934,0
1084,37036.743,6788.311,18092.401,16078.525,0
1085,36565.642,6594.445,17896.887,16023.861,0
1086,36551.7,6251.84,17984.247,15784.21,0
1087,36467.121,6426.153,19015.148,14149.219,0
1088,36804.679,8522.136,19859.514,12525.428,0
1089,37789.939,11162.655,18910.294,12259.772,0
1090,39920.281,10967.947,19320.327,11102.824,0
1091,41891.078,11792.262,18673.198,10143.753,0
1092,43312.288,12529.588,18383.6,10298.214,0
1093,43722.625,12195.448,18265.805,10322.384,0
1094,42699.361,11857.67,19453.848,10174.418,0
1095,41784.336,11773.63,20656.096,9795.565,0
1096,41921.497,12215.167,20214.252,9633.849,0
1097,40357.929,12159.496,20844.8,11173.289,0
1098,40383.524,12100.031,19506.002,13514.526,0
1099,39864.828,12543.429,20110.947,16018.116,0
1100,41333.953,14460.286,21405.014,15221.363,0
1101,40804.98,14629.515,21418.713,14903.819,0
1102,40332.748,13699.179,21263.75,15126.414,0
1103,39423.033,12132.654,21630.331,15216.145,0
1104,37624.095,11600.995,21493.468,14914.162,0
1105,35298.865,11357.532,21714.679,13692.116,0
1106,34710.496,9476.115,21663.796,13166.721,0
1107,34377.844,7952.139,21159.926,13153.776,0
1108,33805.295,7175.231,20492.746,13221.491,0
1109,32556.334,6908.776,20092.834,13485.622,0
1110,31999.227,6580.08,19661.176,13339.778,0
1111,32026.737,6275.534,20524.357,11337.739,0
1112,33487.48,6466.8,21128.613,9252.526,0
1113,35492.603,7110.137,20078.727,8091.068,0
1114,36365.103,7223.306,18981.829,8210.401,0
1115,37390.287,7847.344,18538.921,8236.321,0
1116,38247.813,8429.211,18702.085,8465.463,0
1117,38002.061,8564.366,19219.208,8832.405,0
1118,36462.829,8538.251,20598.914,8915.992,0
1119,35475.989,9281.463,20957.971,8933.231,0
1120,34880.681,10636.606,20111.922,9364.932,0
1121,35848.134,11096.671,19328.372,10350.027,0
1122,38166.502,11419.445,18444.36,12824.259,0
1123,37742.578,12738.852,20454.771,14510.253,0
1124,40535.013,14384.762,20697.492,15217.089,0
1125,41666.595,14416.817,20354.986,15653.313,0
1126,41378.912,14517.664,20542.989,15680.389,0
1127,40179.424,14561.481,20506.674,15717.695,0
1128,38207.566,14156.099,19566.245,15725.408,0
1129,36554.669,11842.291,19694.355,15936.641,0
1130,37262.15,8669.452,19046.088,15965.117,0
1131,37207.281,6941.445,18648.624,16078.053,0
1132,36986.563,6037.287,18370.416,16125.797,0
1133,36783,5907.753,18208.796,16096.591,0
1134,37654.998,6735.652,18468.094,15503.07,0
1135,39081.173,8411.826,19476.673,13881.91,0
1136,41140.852,11355.787,20551.843,12536.878,0
1137,43328.257,14206.27,21536.599,13009.013,0
1138,45208.748,14748.384,21414.365,13674.399,0
1139,46620.496,15559.565,21030.755,13978.968,0
1140,47129.101,16341.956,20721.062,13884.799,0
1141,46670.616,14901.826,21252.263,13934.734,0
1142,49148.232,15298.343,20181.582,15121.889,0
1143,50409.749,15061.724,18937.027,16714.428,0
1144,51015.72,15025.659,17065.564,17111.44,0
1145,51056.617,14261.107,16280.665,18363.37,0
1146,48136.674,13464.902,15764.485,18136.606,0
1147,45911.804,12511.506,17522.828,17638.193,0
1148,47032.172,13966.777,18991.876,17495.725,0
1149,47011.905,14622.167,19608.585,17113.457,0
1150,46662.071,14541.688,21059.841,16491.517,0
1151,45701.022,12902.543,21511.499,16140.475,0
1152,42570.197,11958.358,20906.436,15997.575,0
1153,39492.961,10818.288,19425.006,17173.834,0
1154,38478.962,9326.883,18028.301,17564.225,0
1155,37756.526,8251.762,17026.374,17766.033,0
1156,37432.164,7362.62,16585.636,17771.203,0
1157,36896.968,7841.026,16306.645,17545.839,0
1158,36710.686,9252.672,15905.666,17617.502,0
1159,38049.39,10230.182,16440.23,16758.103,0
1160,41853.721,11346.299,17616.978,15200.007,0
1161,43035.92,14702.628,18725.198,14557.9,0
1162,44494.097,15614.5,18688.171,14543.768,0
1163,46105.835,16099.327,17979.326,15314.347,0
1164,48111.019,15570.887,17214.747,15967.96,0
1165,47967.121,14728.008,16397.617,16176.119,0
1166,49927.965,14883.585,15775.336,17494.956,0
1167,50644.39,14768.522,15554.914,18823.861,0
1168,49898.405,14380.003,16032.719,19295.056,0
1169,47853.722,14466.76,16523.4,19059.906,0
1170,43816.618,13688.522,15989.404,19299.738,0
1171,44087.846,11335.439,17770.936,18990.708,0
1172,46123.8,11808.115,19260.445,17937.757,0
1173,45403.571,12066.833,19738.019,17499.634,0
1174,44695.47,12024.946,20215.146,17600.234,0
1175,42799.796,11657.111,20467.326,17556.82,0
1176,39832.979,10682.365,20726.126,17268.037,0
1177,38055.19,8821.757,20615.114,16676.423,0
1178,36496.892,7721.187,19419.246,17100.078,0
1179,35933.344,6844.244,18275.945,17174.186,0
1180,34760.993,6641.462,18789.629,16539.633,0
1181,34157.254,6647.867,19070.064,16199.568,0
1182,35666.602,7296.044,17621.929,16709.143,0
1183,38372.155,8281.333,16853.749,16260.655,0
1184,41438.129,9849.573,18216.349,14889.328,0
1185,43770.556,11619.039,18799.964,14946.054,0
1186,46021.41,12041.349,18537.815,15322.228,0
1187,48424.659,12424.835,18175.394,15667.963,0
1188,48875.746,12705.911,18369.953,15571.918,0
1189,48628.982,12256.199,17602.75,15614.735,0
1190,49293.309,13668.531,17230.869,15924.995,0
1191,49587.343,13812.494,17117.633,16863.671,0
1192,49385.071,14313.878,17022.058,17012.534,0
1193,48905.294,13969.304,15989.876,18003.422,0
1194,46414.925,13217.28,15090.689,18336.17,0
1195,44474.989,12553.806,17534.646,18135.787,0
1196,47347.759,12510.968,19261.653,17260.192,0
1197,47567.598,12327.294,19857.829,16824.602,0
1198,47183.989,12471.584,20744.152,16471.247,0
1199,44887.762,12208.856,21105.641,16126.854,0
1200,41419.432,11252.273,20538.668,16451.288,0
1201,38684.271,9953.703,20255.594,16528.088,0
1202,37127.406,8282.395,20577.469,15980.25,0
1203,35822.773,7606.772,19904.163,16122.939,0
1204,35117.557,7311.877,19237.33,16076.356,0
1205,35220.229,7344.689,18342.26,16320.609,0
1206,36873.371,8053.398,17104.109,16473.864,0
1207,38315.89,9815.689,16518.098,16016.325,0
1208,41284.613,11051.678,17127.353,15910.558,0
1209,44197.973,12345.607,18249.012,15843.941,0
1210,46437.636,12970.665,18947.95,15164.015,0
1211,47997.511,13667.792,19185.474,15338.605,0
1212,48420.963,14195.407,19421.915,15254.078,0
1213,48019.864,14106.21,18906.472,14784.505,0
1214,48531.519,14435.46,18401.905,16893.142,0
1215,48832.378,14584.601,17559.565,18427.856,0
1216,48756.832,14373.59,17483.372,18344.273,0
1217,48646.145,13865.119,17635.706,18146.656,0
1218,46300.855,13360.574,16970.781,17580.247,0
1219,44203.908,12878.076,18647.489,17948.324,0
1220,46818.528,13437.079,19522.025,17514.693,0
1221,46940.745,13547.401,20834.868,16515.119,0
1222,46577.54,13763.07,21589.827,16282.204,0
1223,44678.056,13438.811,21649.417,16262.254,0
1224,41403.621,12635.687,20643.014,16793.953,0
1225,38287.166,11218.044,20950.205,16202.553,0
1226,36507.804,9679.347,20796.047,15873.095,0
1227,35499.5,8636.871,20917.258,14931.257,0
1228,34311.434,8415.6,21322.435,14641.709,0
1229,33965.543,8570.119,21463.483,14376.487,0
1230,35125.861,8983.915,20872.759,14329.724,0
1231,36653.427,10207.004,20325.016,13773.666,0
1232,38562.073,12471.717,21235.368,13408.771,0
1233,41636.76,14182.553,21107.225,14036.046,0
1234,44818.156,13683.343,21351.795,14553.154,0
1235,46619.485,14099.288,21156.329,14972.72,0
1236,47323.236,14360.39,21300.542,14933.5,0
1237,47816.459,13768.353,21164.242,14187.559,0
1238,49669.32,14440.826,20791.96,15576.958,0
1239,50043.343,15490.885,19657.215,17120.252,0
1240,49874.708,15275.829,18414.757,17884.393,0
1241,47443.559,14782.755,18668.595,17784.964,0
1242,45239.846,13810.247,17387.521,17949.969,0
1243,44468.626,13010.747,19215.343,17543.419,0
1244,46345.9,14004.377,19913.321,16838.739,0
1245,46457.486,14168.029,20209.412,15976.823,0
1246,46347.101,13701.988,21428.475,15710.422,0
1247,44906.296,13517.602,21234.958,15999.892,0
1248,43348.562,12180.699,20142.773,16590.226,0
1249,41052.017,11100.107,19510.163,17025.025,0
1250,38249.253,10267.13,19471.514,17239.63,0
1251,36834.618,9436.297,19102.949,17028.118,0
1252,35546.129,9073.157,19000.986,16788.556,0
1253,34381.98,9226.542,18951.444,16640.98,0
1254,34156.321,9552.891,18484.944,16212.898,0
1255,34660.549,9347.271,20135.673,13229.926,0
1256,35796.552,10272.827,21597.202,12022.465,0
1257,37460.941,11113.125,22011.141,11510.891,0
1258,38025.039,12088.591,23013.92,9990.57,0
1259,38767.878,12425.783,22732.72,9962.93,0
1260,40507.792,12679.844,21156.1,10250.05,0
1261,41307.391,12661.276,19960.478,10237.051,0
1262,41811.254,12323.816,19513.444,10114.389,0
1263,40734.558,12320.713,19803.192,10512.35,0
1264,39451.259,12483.968,19856.068,11691.98,0
1265,38867.985,13504.719,18306.056,13355.191,0
1266,39832.769,13234.034,17018.137,15943.297,0
1267,41566.228,12920.603,18570.162,16841.647,0
1268,42950.333,13371.253,19648.978,17659.772,0
1269,42099.48,13187.096,21539.975,16016.192,0
1270,41309.665,12933.971,21847.814,15621.494,0
1271,40222.224,12237.105,21606.73,15274.056,0
1272,39217.281,11180.332,21045.772,15435.042,0
1273,36063.381,11587.429,20038.448,15933.765,0
1274,33937.586,10344.372,20341.247,16038.125,0
1275,33204.613,9377.329,19675.91,15907.356,0
1276,31874.667,9261.039,19123.292,16032.776,0
1277,31682.767,8616.532,18880.65,15759.671,0
1278,31844.599,8830.226,17834.85,14956.817,0
1279,33026.823,8381.157,17915.747,12181.432,0
1280,35764.889,7339.162,18976.992,9931.752,0
1281,36964.537,7855.983,19105.452,9083.67,0
1282,38399.804,8594.538,17389.549,9453.484,0
1283,40126.999,8798.115,16615.558,9752.632,0
1284,41511.843,9242.514,16745.075,9964.835,0
1285,41945.452,9530.644,16920.932,9931.7,0
1286,41274.067,9756.733,17352.814,9962.749,0
1287,40249.949,10180.158,17824.016,10021.547,0
1288,39379.13,10822.764,17748.287,10320.403,0
1289,40704.537,10437.843,16893.125,11087.276,0
1290,39725.646,12820.119,15594.049,12658.729,0
1291,38690.51,14101.938,16962.251,15134.463,0
1292,39657.061,13837.987,19055.036,16953.217,0
1293,39659.218,13958.906,19920.938,16934.098,0
1294,39580.3,14115.751,20088.615,16868.313,0
1295,38742.93,14114.674,19579.619,16826.379,0
1296,37387.965,13986.058,18320.636,16705.709,0
1297,36505.307,11306.709,17529.455,17468.203,0
1298,35612.368,9343.206,17407.074,17640.853,0
1299,34209.973,8690.065,17787.724,17287.722,0
1300,33814.092,8166.103,17800.039,16796.047,0
1301,34112.242,7876.454,17565.505,16583.371,0
1302,34559.84,8816.931,17959.961,16149.852,0
1303,36588.788,10060.794,18420.339,15170.657,0
1304,40577.359,11707.372,19640.949,14343.826,0
1305,43613.073,13390.864,20764.94,14764.954,0
1306,46161.92,13732.764,20681.533,15679.736,0
1307,48228.071,14729.682,19608.783,16937.91,0
1308,48848.312,15305.075,18865.73,17990.907,0
1309,48191.903,15153.089,18722.169,17286.083,0
1310,49418.438,16254.944,18622.251,18240.725,0
1311,49728.762,17079.948,18458.717,18728.718,0
1312,49950.248,16638.323,18165.252,18852.701,0
1313,49386.448,16002.261,17782.06,18876.479,0
1314,46530.384,15132.874,16259.832,19310.095,0
1315,44193.447,14255.136,17506.319,19367.382,0
1316,46180.287,14851.297,19194.797,18601.761,0
1317,46995.427,15105.33,20075.88,17640.937,0
1318,46852.1,15148.883,20341.046,18089.742,0
1319,44418.219,14655.844,20533.852,18059.28,0
1320,41385.906,13887.921,19691.97,17923.39,0
1321,38610.86,12337.95,19270.398,17725.119,0
1322,36547.466,11884.161,18772.401,17406.947,0
1323,34978.999,11438.533,18180.484,17258.436,0
1324,34262.857,10539.843,17851.461,17351.315,0
1325,34046.695,10323.968,18117.329,16903.573,0
1326,35856.713,10650.121,17396.481,16582.775,0
1327,37185.337,11779.83,18482.556,15121.14,0
1328,41551.862,13516.338,19416.029,13872.417,0
1329,43280.134,15789.186,21187.032,14234.956,0
1330,45082.744,16775.797,21020.975,14432.261,0
1331,46858.887,17026.717,21617.631,14513.356,0
1332,48069.214,17453.013,21745.515,14645.913,0
1333,47290.18,17011.848,22197.309,14285.255,0
1334,48193.882,17786.654,21251.139,15908.832,0
1335,47948.308,18174.843,20436.735,16720.129,0
1336,48034.789,18041.882,20378.675,16697.463,0
1337,48221.748,17253.333,19278.985,17032.57,0
1338,44878.115,16117.679,16927.213,18581.758,0
1339,43108.217,14088.736,17829.084,19081.733,0
1340,45238.409,14813.004,18960.335,18592.006,0
1341,45596.012,15003.228,19183.105,18593.258,0
1342,45913.641,15163.124,19473.011,18717.036,0
1343,44742.823,14747.41,19622.782,18618.123,0
1344,41953.331,14120.842,18815.314,18276.245,0
1345,39097.717,12319.666,19092.073,17933.782,0
1346,36829.403,11529.784,18435.16,17944.332,0
1347,35066.273,11121.466,18309.914,17673.046,0
1348,34273.774,10677.876,17695.502,17731.464,0
1349,34507.56,10414.5,17285.345,17545.727,0
1350,35969.704,10636.241,17205.722,17202.137,0
1351,37675.729,11624.66,17785.19,15967.55,0
1352,40980.404,13551.2,19894.31,14082.462,0
1353,44116.477,15657.568,22009.344,13168.845,0
1354,44933.024,17129.825,22544.268,13310.703,0
1355,46740.97,17718.99,22631.738,13566.134,0
1356,48341.356,17896.073,22403.431,13441.686,0
1357,47749.418,17733.994,21553.196,13687.356,0
1358,48935.94,18738.474,20664.919,15071.908,0
1359,51107.916,18160.591,18700.616,16461.072,0
1360,50234.896,17472.2,17958.541,17163.795,0
1361,49314.175,17069.206,17491.827,17513.778,0
1362,45782.485,16013.51,16541.109,17524.363,0
1363,43710.768,15237.48,17992.347,17707.108,0
1364,45465.808,15507.924,19779.849,17627.272,0
1365,44995.191,15588.056,21318.6,16726.243,0
1366,44612.754,15567.931,22311.636,16300.915,0
1367,42804.808,14942.548,21889.23,16861.64,0
1368,40434.605,13428.311,20898.523,17822.598,0
1369,37889.087,12488.24,20041.349,17819.634,0
1370,36409.782,11451.528,18902.358,17989.339,0
1371,35468.255,10434.497,18328.388,17945.585,0
1372,34833.413,10024.167,17494.767,17972.553,0
1373,34540.904,9777.012,17628.309,17868.921,0
1374,35481.649,10261.513,17733.625,17683.813,0
1375,37505.143,11597.788,17890.267,16086.625,0
1376,40217.051,13405.623,20526.472,13992.878,0
1377,43144.815,15320.563,22237.633,13437.033,0
1378,45194.443,16029.432,22588.299,13493.618,0
1379,46575.72,17320.895,21668.945,13878.919,0
1380,48398.307,17375.811,20820.053,13932.163,0
1381,48586.504,16535.164,19993.475,14263.584,0
1382,48873.238,17311.174,19775.684,16038.864,0
1383,49547.843,16944.576,19362.447,17344.464,0
1384,49035.784,16784.683,18638.53,17851.001,0
1385,48555.845,16651.437,16919.936,18785.917,0
1386,45138.708,15392.924,17387.467,18064.94,0
1387,42459.711,14917.954,19426.959,17464.247,0
1388,44896.989,15011.36,19872.382,17484.052,0
1389,45186.889,15143.627,19964.989,17353.487,0
1390,44891.997,15221.647,20774.594,16965.952,0
1391,43027.489,14670.748,20984.78,16928.02,0
1392,41168.478,13666.64,20039.497,17123.073,0
1393,40430.898,12310.251,17781.085,17385.014,0
1394,39979.394,11372.062,15464.882,17264.991,0
1395,37626.935,10990.139,15717.423,16907.02,0
1396,36499.107,10678.334,15551.747,16948.106,0
1397,36239.142,10610.252,15199.11,16902.833,0
1398,36931.976,11175.48,15120.039,16892.403,0
1399,36922.324,12252.97,16088.825,16730.202,0
1400,40755.255,13312.652,19065.708,14043.028,0
1401,42705.347,14857.762,22631.49,13277.093,0
1402,44428.086,15870.908,22663.766,13653.186,0
1403,46527.766,16310.386,22718.53,13969.37,0
1404,47688.532,16505.983,22282.207,14042.612,0
1405,47635.686,15615.687,22097.446,14130.157,0
1406,48384.564,16589.407,21544.999,14828.579,0
1407,49152.791,17534.97,18241.3,17206.217,0
1408,49422.838,16716.132,15888.255,18716.748,0
1409,47397.352,16326.418,15618.441,19146.496,0
1410,43358.555,15667.546,16862.313,18461.487,0
1411,41817.255,15010.122,19697.703,17054.982,0
1412,44416.914,15059.355,22028.153,15007.644,0
1413,43944.458,15030.06,22511.744,14565.826,0
1414,43235.731,15193.423,22623.15,14782.6,0
1415,41944.089,14204.056,22219.017,15499.653,0
1416,40167.075,13024.515,21546.117,15738.509,0
1417,39593.541,10347.797,20591.569,16576.742,0
1418,38470.47,9142.939,19251.424,16731.592,0
1419,37210.527,8229.715,18711.959,16722.228,0
1420,36550.271,8189.989,18079.637,16116.107,0
1421,35091.293,7990.693,19175.464,15511.824,0
1422,34667.4,7709.199,19026.508,15331.857,0
1423,34383.49,7908.528,19545.315,13849.224,0
1424,35478.504,9276.017,22028.636,11547.421,0
1425,37273.406,11130.353,22154.926,9795.565,0
1426,39415.225,12235.149,21005.017,9159.237,0
1427,41328.455,13355.104,19379.237,9300.874,0
1428,42370.834,14216.694,18503.869,9337.444,0
1429,42708.706,14333.948,17923.498,9534.268,0
1430,42209.738,14242.557,18494.36,9792.119,0
1431,41272.843,13917.878,19487.267,9926.074,0
1432,42711.956,11890.056,18730.867,10494.625,0
1433,42860.186,11065.921,17899.882,12079.899,0
1434,41902.569,10734.75,17702.028,14469.32,0
1435,40169.762,11824.763,19514.882,16928.902,0
1436,41797.022,13206.852,20662.988,16599.904,0
1437,41119.482,13026.394,21383.713,15756.175,0
1438,40131.367,12981.639,21039.353,15800.59,0
1439,38369.748,12498.259,21043.393,15911.121,0
1440,36973.353,11668.812,20291.433,16263.994,0
1441,36953.305,9059.691,19922.075,16239.36,0
1442,35208.601,8276.61,19724.531,16042.319,0
1443,34315.042,7698.523,19707.18,15086.651,0
1444,33285.056,7057.087,19720.367,15047.502,0
1445,33163.032,6674.412,19430.224,14388.78,0
1446,33010.794,6549.957,18084.718,14755.854,0
1447,32677.708,6195.645,17642.465,14344.421,0
1448,35318.666,7472.846,17986.548,10928.184,0
1449,36314.994,7862.779,19484.654,8776.734,0
1450,37206.144,8626.386,20119.164,7656.949,0
1451,38775.324,9396.146,18622.125,7969.85,0
1452,40166.485,9922.222,17616.977,8114.201,0
1453,41237.509,9738.541,17347.77,8174.223,0
1454,40856.258,9344.991,17871.033,8285.545,0
1455,40136.655,8758.423,18613.739,8773.285,0
1456,39991.155,8694.161,17996.232,9930.518,0
1457,39325.855,8701.334,18355.674,11518.027,0
1458,38289.52,8936.437,18077.152,14702.539,0
1459,37986.866,10522.019,19504.341,15856.014,0
1460,39709.177,11999.133,21229.161,15349.531,0
1461,39886.529,12078.915,21964.448,14876.544,0
1462,39692.506,12142.084,22061.87,14835.651,0
1463,38431.479,12739.348,22127.2,14800.294,0
1464,35482.612,13630.35,21898.093,14627.243,0
1465,34510.645,12344.015,21492.995,14448.468,0
1466,34203.995,9771.48,21273.924,14432.979,0
1467,33945.665,8308.092,20710.298,14518.831,0
1468,33534.609,7459.722,19941.389,14630.098,0
1469,33775.992,7052.154,19620.299,14627.02,0
1470,33953.309,7412.625,19422.907,14445.483,0
1471,34270.215,9274.808,20428.9,11208.365,0
1472,36392.661,10505.053,22504.018,9552.669,0
1473,38236.053,12686.393,21240.463,9698.515,0
1474,39141.038,13910.657,20386.088,10054.766,0
1475,40740.86,14826.803,19296.483,10471.36,0
1476,41770.927,15356.388,19163.281,10664.943,0
1477,41829.72,15420.676,19136.544,10685.602,0
1478,41089.835,15338.529,20755.599,11192.363,0
1479,40259.121,15236.73,20900.776,12799.794,0
1480,39987.157,14788.121,20370.85,13697.021,0
1481,39630.094,14407.137,20050.759,13744.385,0
1482,38903.117,12850.637,20123.244,14219.479,0
1483,39398.18,12150.118,20953.348,14954.713,0
1484,41636.796,13325.375,21128.246,15204.964,0
1485,41707.393,13536.039,21134.754,15245.678,0
1486,41412.168,13676.341,21508.745,15258.034,0
1487,40066.025,13270.689,22379.717,14785.695,0
1488,38413.743,13101.709,22230.465,14258.129,0
1489,36282.335,12479.643,21911.902,13965.535,0
1490,34844.445,11424.24,21310.853,14173.35,0
1491,34905.704,9326.458,20690.337,14456.86,0
1492,34387.393,8272.854,20408.611,14602.98,0
1493,34114.776,7824.164,20551.121,14224.486,0
1494,34287.421,8194.128,20178.841,13587.83,0
1495,34637.652,9103.629,21221.107,10691.038,0
1496,36481.031,10633.616,22410.3,9229.224,0
1497,37308.933,11731.838,22461.507,8946.85,0
1498,38433.077,13162.06,20536.195,9231.198,0
1499,39948.914,14269.381,18864.67,9444.264,0
1500,40461.582,14515.936,19161.973,9397.577,0
1501,40691.641,14155.972,19356.522,9451.107,0
1502,40450.258,14586.604,20472.049,9803.996,0
1503,39052.821,14568.573,20452.977,10772.966,0
1504,38566.122,13879.684,20034,11602.145,0
1505,40455.134,13166.217,18849.819,12087.584,0
1506,39949.262,12972.575,18113.653,13263.634,0
1507,40239.369,12522.282,19308.313,15320.773,0
1508,42276.542,12893.374,20694.233,16198.968,0
1509,42240.894,13307.856,20822.419,15757.831,0
1510,42108.16,13403.5,21042.506,15418.266,0
1511,40865.257,13118.537,21196.343,15524.892,0
1512,38475.675,12915.519,20779.5,15495.483,0
1513,35200.517,12618.048,21127.743,15118.143,0
1514,33959.511,10982.145,21061.927,15020.299,0
1515,33327.366,9825.087,20707.335,14930.031,0
1516,33544.339,8663.402,20331.132,14906.132,0
1517,33366.14,8294.77,20374.552,14659.57,0
1518,33212.928,9730.493,20886.153,13175.739,0
1519,34217.196,11136.377,21719.783,11088.143,0
1520,36601.611,13376.388,22613.23,10629.269,0
1521,39433.62,15027.943,22271.519,10617.751,0
1522,40821.502,15260.619,22949.116,10739.798,0
1523,42173.759,15690.984,23214.254,11229.087,0
1524,43265.711,16044.229,23106.527,11399.357,0
1525,44232.182,15599.065,22387.243,11429.092,0
1526,46741.402,16462.279,22965.569,11870.145,0
1527,47840.81,17667.478,21929.4,12829.138,0
1528,47879.033,17225.195,20577.367,14634.046,0
1529,48489.343,16459.978,18560.988,15479.465,0
1530,45116.391,15733.391,18081.98,15275.127,0
1531,42524.756,15060.621,19534.743,15857.374,0
1532,43328.125,14925.594,21220.052,16540.702,0
1533,44293.307,15021.748,21515.793,15927.857,0
1534,44442.23,15076.726,21708.383,15990.169,0
1535,43117.181,14216.963,22098.119,16245.055,0
1536,40553.398,12732.841,21508.135,16353.819,0
1537,37774.838,10501.452,21817.171,15896.451,0
1538,36728.667,8589.736,21491.313,15673.888,0
1539,35521.144,7695.264,21040.597,15700.354,0
1540,34906.355,6973.293,20782.234,15704.575,0
1541,34837.152,6955.062,20300.274,15631.68,0
1542,35995.017,7272.711,20164.522,15392.498,0
1543,36096.551,9858.48,21531.728,13475.119,0
1544,38729.816,12849.852,22242.432,12460.148,0
1545,42808.213,14141.402,23254.32,11498.74,0
1546,44535.902,14331.059,24225.562,11356.605,0
1547,45677.448,15279.204,24268.833,11437.56,0
1548,46558.419,15239.565,24402.71,11519.751,0
1549,46138.957,14311.491,24017.6,11550.439,0
1550,47903.704,15193.542,23981.26,11843.568,0
1551,47775.783,16219.598,24045.816,13431.567,0
1552,47575.982,16492.408,23241.516,14371.495,0
1553,46763.858,16358.538,21346.057,15794.33,0
1554,44966.992,13802.646,20588.889,16412.676,0
1555,44045.74,12959.967,21383.217,16672.386,0
1556,46281.328,13966.804,21513.323,16798.598,0
1557,46433.675,13919.491,21466.092,16844.573,0
1558,46422.577,14233.419,21162.305,17112.138,0
1559,43688.459,14066.376,21179.39,17311.476,0
1560,41178.68,12848.187,21092.369,16925.132,0
1561,38539.691,11235.356,20963.133,16161.458,0
1562,36979.257,9340.355,21197.257,15874.053,0
1563,35430.551,8738.481,21155.404,15541.111,0
1564,35636.694,7285.019,20800.173,15550.534,0
1565,35841.463,6951.283,20362.138,15519.318,0
1566,35849.172,8696.88,20090.22,15449.091,0
1567,36506.176,10467.12,20470.47,14485.012,0
1568,40239.353,12404.699,21996.073,12248.527,0
1569,43536.967,14139.879,22863.729,11192.838,0
1570,45350.747,14607.47,23431.963,10888.664,0
1571,46705.121,15082.232,24100.619,10993.031,0
1572,47119.937,15371.365,24149.17,11824.807,0
1573,47124.28,14484.402,23965.35,11863.787,0
1574,47362.749,16496.23,23741.182,12736.028,0
1575,47847.999,17099.795,21877.371,15547.994,0
1576,48629.209,16749.368,19584.787,16906.146,0
1577,47154.3,16246.859,19181.949,16642.739,0
1578,45402.389,15045.417,18611.288,16435.379,0
1579,44665.229,13617.226,19928.082,16733.269,0
1580,47149.401,13767.292,21520.604,16226.192,0
1581,47327.265,13839.498,22005.531,15326.971,0
1582,47359.479,13942.99,22474.257,15572.5,0
1583,45847.093,13880.323,22139.903,15769.737,0
1584,42930.008,13191.31,22267.292,15695.248,0
1585,40085.961,11748.245,21023.045,14861.336,0
1586,37934.036,9593.606,20728.267,14516.423,0
1587,36045.373,8677.714,20583.6,14982.803,0
1588,35707.844,7895.947,20045.437,15686.535,0
1589,35065.023,7877.036,20210.883,15280.114,0
1590,34136.509,8666.747,20443.956,14345.68,0
1591,32157.222,9912.151,21322.111,13407.822,0
1592,33419.678,11130.512,22846.984,11224.945,0
1593,35358.147,12298.384,23245.809,10376.709,0
1594,37062.16,13161.248,23326.292,10226.174,0
1595,38791.188,13387.929,23086.328,10455.901,0
1596,40514.65,13500.348,22228.323,10696.328,0
1597,41646.774,13506.182,21200.754,10346.3,0
1598,41602.38,13613.53,20428.143,11233.185,0
1599,41106.22,13804.891,18936.176,12059.851,0
1600,40742.129,13637.206,17307.468,13211.543,0
1601,41527.201,12364.701,16236.541,15384.631,0
1602,41619.381,11404.774,17726.936,16242.553,0
1603,41220.154,12911.385,20107.264,16196.269,0
1604,42999.668,13539.191,20811.402,16257.859,0
1605,42705.694,12619.794,21322.088,15716.777,0
1606,41125.059,12677.296,21427.058,15711.095,0
1607,39550.156,12382.295,21308.476,15795.801,0
1608,37945.033,12357.553,20606.542,15867.142,0
1609,36424.073,10383.5,20974.534,15202.382,0
1610,35098.811,8752.626,21498.27,14548.254,0
1611,34139.892,7657.707,21111.463,14065.382,0
1612,33374.827,6844.191,20802.738,13790.375,0
1613,32895.488,6163.779,20908.406,13656.411,0
1614,32976.97,5840.328,21138.039,12489.202,0
1615,33045.135,5557.952,21391.05,10330.997,0
1616,33579.951,6541.392,21239.636,9157.82,0
1617,34377.065,7017.305,21534.134,7814.936,0
1618,36565.613,7140.428,20031.179,7794.346,0
1619,38344.822,7790.131,18512.396,8121.276,0
1620,39927.794,8123.208,18204.082,8296.101,0
1621,41401.585,8155.285,17997.15,8410.561,0
1622,41935.849,8572.729,16966.327,8347.367,0
1623,42252.433,9401.043,15521.209,8755.356,0
1624,41464.331,9827.716,14822.581,10241.813,0
1625,40010.195,9492.627,13159.242,14869.695,0
1626,38972.389,9040.444,12986.995,18935.131,0
1627,39863.026,10673.654,14550.103,19485.645,0
1628,40894.285,11686.967,15920.541,19387.55,0
1629,39772.764,11718.671,17218.882,19103.96,0
1630,39548.406,11691.316,17936.599,18775.577,0
1631,38466.371,11501.762,18178.555,18569.94,0
1632,36381.554,11070.42,17903.677,18185.025,0
1633,36131.595,8336.198,17643.274,17854.554,0
1634,35558.986,6520.327,16681.379,18434.674,0
1635,35145.324,5039.16,16613.327,18423.683,0
1636,34904.966,4536.529,16054.125,18407.805,0
1637,35637.524,4382.904,15278.565,18417.785,0
1638,36256.584,5168.634,15415.464,18526.347,0
1639,37573.57,7347.698,16438.204,16440.76,0
1640,40990.711,10069.131,18374.79,13666.585,0
1641,44512.457,11547.535,20304.868,12378.207,0
1642,46085.835,12119.152,20148.127,12940.45,0
1643,48124.326,12418.261,19290.378,13737.747,0
1644,48111.981,13234.827,18288.742,15087.697,0
1645,47854.274,12205.613,16902.848,16442.189,0
1646,48815.058,13477.565,15596.116,18607.289,0
1647,49515.809,14524.892,14111.598,19426.499,0
1648,49810.756,14446.95,12358.861,20601.955,0
1649,49857.691,13854.412,11704.608,20610.427,0
1650,45785.989,12807.365,12676.577,20085.663,0
1651,43965.295,12322.869,15311.682,19938.052,0
1652,44835.888,12451.536,17597.725,19534.802,0
1653,44967.612,12090.496,19455.443,17877.103,0
1654,43994.96,12516.641,20703.03,17274.885,0
1655,41267.794,12595.505,21075.604,16978.144,0
1656,38480.329,11778.885,20998.605,16589.333,0
1657,38368.444,8522.395,20150.323,16816.268,0
1658,37588.76,6087.472,20040.512,16434.486,0
1659,37530.673,4245.577,20088.381,16054.867,0
1660,37110.52,3701.328,19758.155,15986.325,0
1661,37056.17,3737.938,19665.638,15990.42,0
1662,38110,4439.597,19792.342,15779.352,0
1663,39152.883,6814.197,20173.27,14595.103,0
1664,42424.945,8898.682,21632.88,12748.98,0
1665,45928.107,10477.35,22510.112,13034.478,0
1666,47092.124,11588.869,22680.6,13365.64,0
1667,48430.439,12403.406,22972.179,13797.466,0
1668,48855.596,12541.645,23174.909,14065.734,0
1669,47628.208,12105.763,22618.275,13999.007,0
1670,48822.607,12610.702,21101.395,15891.261,0
1671,49188.065,13104.63,19946.584,17710.853,0
1672,48978.324,13842.947,17963.166,18771.856,0
1673,48119.129,13771.166,16427.834,18722.563,0
1674,44590.606,11895.289,17162.227,18378.786,0
1675,43126.301,11500.871,17966.506,19269.522,0
1676,43709.732,11968.452,19793.38,18385.552,0
1677,43767.217,11454.036,21184.351,17241.206,0
1678,44234.968,10612.89,21647.725,16621.263,0
1679,42039.605,10138.385,21379.148,16769.891,0
1680,39672.589,9104.18,20608.96,16615.91,0
1681,36667.646,7882.674,20830.164,16143.347,0
1682,34672.343,6816.555,20669.883,15973.21,0
1683,34227.928,5584.461,20082.676,15897.661,0
1684,34034.494,5170.94,19553.631,15907.148,0
1685,33877.195,5064.47,19810.116,15810.234,0
1686,35400.078,5155.449,20474.098,15255.991,0
1687,37356.763,6713.7,21499.744,13379.929,0
1688,40651.883,8551.808,22296.892,12495.916,0
1689,43579.482,10137.364,22908.759,12745.167,0
1690,44970.914,10508.47,23529.606,13224.424,0
1691,46405.896,11448.21,23527.176,13567.764,0
1692,47499.406,11609.904,23936.994,13498.202,0
1693,47266.588,11034.926,23272.385,13307.462,0
1694,49298.288,10650.061,22947.266,14422.957,0
1695,49940.334,11385.313,21776.03,16273.016,0
1696,49880.118,11600.98,20054.439,17340.042,0
1697,47973.064,12107.41,19666.757,17575.684,0
1698,45174.551,10619.734,18824.906,17481.05,0
1699,44553.993,10465.483,20255.563,17183.75,0
1700,45295.076,10877.872,21998.473,16261.505,0
1701,45085.038,10652.226,22955.168,15709.287,0
1702,44422.214,10938.419,22572.694,16573.96,0
1703,41514.407,11107.191,22907.801,16684.83,0
1704,38413.78,10597.537,21932.768,16915.498,0
1705,35631.581,9545.459,21443.477,16730.527,0
1706,34969.41,7663.776,21548.324,15909.805,0
1707,34609.017,6418.274,21163.575,15697.271,0
1708,34758.507,5347.365,20881.346,15533.241,0
1709,35516.796,5105.428,20030.255,15712.026,0
1710,36302.546,5588.077,19843.669,16262.512,0
1711,36912.651,8205.327,21721.17,13450.57,0
1712,39663.917,10100.341,23396.904,11816.503,0
1713,42873.855,11720.661,23723.235,12201.02,0
1714,45102.906,12232.94,23095.65,12731.332,0
1715,47388.667,13187.528,21534.01,13253.074,0
1716,48949.322,13743.886,20218.909,14349.501,0
1717,49105.803,12929.739,19446.864,13988.414,0
1718,50800.125,12652.065,18734.664,15422.966,0
1719,50588.057,12665.271,18298.41,17403.055,0
1720,49481.848,13385.426,16199.775,18711.375,0
1721,49680.855,12941.248,14242.599,19412.046,0
1722,47453.167,12347.287,13469.88,19372.833,0
1723,45330.858,12411.142,16250.891,19036.78,0
1724,45636.986,12598.288,18435.874,18518.311,0
1725,45212.619,11749.594,20939.481,16607.584,0
1726,44937.259,11332.8,22056.475,16065.79,0
1727,43140.691,11027.453,21231.432,16484.161,0
1728,40875.863,10233.709,19344.474,17127.549,0
1729,38719.432,8031.859,18235.946,18097.03,0
1730,36679.875,6391.286,18334.757,18184.315,0
1731,36377.234,4742.025,18225.488,17836.057,0
1732,36486.782,3977.277,17408.602,17862.316,0
1733,36806.895,4046.67,16420.632,17977.212,0
1734,37981.88,4780.761,15764.624,18659.386,0
1735,39047.074,6901.924,15994.459,17643.704,0
1736,42603.481,8837.996,17447.403,14578.572,0
1737,45510.225,10622.235,17942.827,13928.712,0
1738,46454.26,11406.008,18010.713,14399.475,0
1739,48997.199,12161.511,17104.141,14755.758,0
1740,50782.053,12355.371,17134.01,14982.03,0
1741,50674.649,11729.451,16173.502,14973.363,0
1742,52219.602,11429.193,15039.377,16227.807,0
1743,52075.391,10784.475,13880.561,18387.665,0
1744,52469.938,10235.361,12670.334,19383.409,0
1745,51427.222,11215.652,11040.394,19799.635,0
1746,47382.752,12100.428,11233.842,19708.534,0
1747,46239.701,12007.038,13324.446,19529.393,0
1748,46453.484,12602.513,14873.831,19320.278,0
1749,45254.725,12155.888,15313.039,19418.118,0
1750,45308.977,11661.865,15788.519,19537.439,0
1751,44511.696,11505.833,15047.129,19180.533,0
1752,42662.217,11329.039,14131.294,18852.936,0
1753,42154.415,8264.666,13695.932,18813.398,0
1754,40827.643,6090.152,13940.493,18851.796,0
1755,38874.967,4784.176,14612.848,18849,0
1756,37472.769,3870.634,15460.463,18766.31,0
1757,36563.899,3795.43,16027.356,18702.7,0
1758,36455.417,3779.105,16124.222,18372.38,0
1759,36814.585,4753.969,17689.328,15349.974,0
1760,38974.597,6062.671,18727.694,13377.917,0
1761,40531.589,8312.991,19796.201,11088.57,0
1762,40612.829,10219.114,20978.601,9870.204,0
1763,42496.326,11125.164,19916.621,9939.637,0
1764,44475.383,11030.565,18760.371,10512.313,0
1765,44993.584,10630.21,17580.822,11076.976,0
1766,45164.44,9358.97,16366.86,12248.819,0
1767,43656.027,8363.376,15918.579,13409.15,0
1768,43230.182,7681.029,15039.053,14649.242,0
1769,43602.918,7148.115,13861.203,16655.817,0
1770,42955.418,7712.107,13601.324,18565.853,0
1771,42161.547,10266.155,16303.675,18570.931,0
1772,41245.811,11236.595,18687.02,18359.24,0
1773,39934.061,10396.584,20327.92,17167.619,0
1774,39142.471,9719.558,20615.672,16498.888,0
1775,37257.064,9145.994,20537.865,16712.254,0
1776,35641.083,8852.122,19311.338,16930.991,0
1777,33365.907,8353.871,19104.862,16882.54,0
1778,31671.11,7337.182,18415.243,17329.104,0
1779,30992.329,6571.828,17769.266,17040.194,0
1780,30417.069,6023.349,17041.329,17240.013,0
1781,30115.802,5341.201,16921.248,17205.223,0
1782,30205.689,4979.016,16479.488,17007.888,0
1783,30793.714,4434.369,17268.866,15153.753,0
1784,32336.904,5054.677,20364.332,10350.077,0
1785,33133.989,5603.92,22147,7757.301,0
1786,35122.958,6057.611,20120.095,7897.103,0
1787,37586.682,6615.87,17884.348,8682.784,0
1788,40057.136,6918.584,16679.312,8908.635,0
1789,40895.803,7081.905,16688.248,8683.008,0
1790,41557.396,7039.271,15982.873,8764.077,0
1791,41756.695,6625.918,14855.9,9760.535,0
1792,40316.18,5949.936,13089.039,13368.52,0
1793,39872.704,5427.236,11984.328,16430.735,0
1794,40081.692,7319.705,11142.492,18476.596,0
1795,39832.337,9497.234,14079.077,18729.544,0
1796,39393.077,10992.95,15858.735,18537.721,0
1797,38567.953,11281.976,16173.067,18193.509,0
1798,37570.319,11206.481,16939.446,18343.222,0
1799,36871.266,10297.884,17174.585,18234.683,0
1800,35729.344,9836.767,15732.862,18282.442,0
1801,35014.396,7041.098,15096.29,19251.711,0
1802,35507.439,4415.672,14954.844,19166.996,0
1803,34508.045,3468.98,15289.412,19008.033,0
1804,33300.593,3220.03,15987.974,18720.507,0
1805,33424.709,3322.198,15778.936,18751.76,0
1806,35669.336,4124.758,15215.748,18598.679,0
1807,37507.66,5895.214,15580.96,17873.804,0
1808,40849.879,8454.831,18229.364,14289.954,0
1809,43192.861,10426.268,20212.59,13688.739,0
1810,44855.606,11142.776,19878.149,14378.072,0
1811,47134.646,11527.816,18605.295,14793.148,0
1812,48125.418,11532.911,17005.317,15817.191,0
1813,47611.16,10840.642,17006.112,15156.386,0
1814,49343.231,11131.912,16163.359,16433.412,0
1815,49314.608,11541.034,14918.604,18805.253,0
1816,49024.161,11641.395,14236.128,19311.557,0
1817,48733.478,11495.283,13986.409,19055.873,0
1818,45929.432,10993.185,13221.406,19050.608,0
1819,44329.517,10643.813,15313.033,19588.896,0
1820,44083.743,10997.463,18817.666,18676.418,0
1821,42660.402,11450.157,20307.681,17714.943,0
1822,42367.14,11491.736,20738.179,17318.005,0
1823,40678.974,10875.029,20395.039,17622.246,0
1824,38686.209,9173.396,19345.75,17909.025,0
1825,36950.022,6589.913,19036.05,17941.271,0
1826,36457.379,4634.096,18766.573,17526.177,0
1827,36365.588,3739.25,17174.16,17670.929,0
1828,36270.33,3102.433,15754.616,18291.47,0
1829,36516.005,3184.362,15133.323,18340.241,0
1830,38384.789,4431.344,13809.054,18401.738,0
1831,39747.96,6567.529,13643.388,17838.766,0
1832,43844.825,8446.531,16052.778,14301.658,0
1833,44721.335,10337.913,18865.646,13580.816,0
1834,45310.051,10876.434,19903.195,13558.204,0
1835,47376.43,11278.798,19751.564,14031.473,0
1836,49068.747,11503.49,19151.1,14696.805,0
1837,48694.629,10391.067,18792.911,14585.549,0
1838,49738.675,10836.464,17736.058,15519.087,0
1839,51864.435,11036.892,15649.45,17110.502,0
1840,51988.806,10759.721,14041.82,18915.275,0
1841,51058.299,11098.2,11792.077,20601.808,0
1842,47702.448,11254.999,10890.323,20005.874,0
1843,47539.646,10464.049,12281.498,20187.847,0
1844,46660.814,11218.923,13703.462,20198.843,0
1845,45440.683,11721.817,14233.917,20267.995,0
1846,44605.713,11745.174,14844.283,20119.005,0
1847,40884.532,11246.124,16252.253,20007.949,0
1848,39326.682,9175.457,15758.772,20079.744,0
1849,37769.185,6947.926,15293.518,19997.121,0
1850,36599.515,4532.763,15453.494,19961.894,0
1851,35815.067,3394.751,15572.795,19522.972,0
1852,35142.87,3227.541,15079.946,19460.667,0
1853,36383.342,3212.048,13526.87,19456.717,0
1854,39178.842,3959.851,11843.562,19457.43,0
1855,39818.935,5257.875,13158.311,19292.671,0
1856,40572.627,8815.003,16212.982,15883.879,0
1857,42790.836,10621.918,17961.09,14329.815,0
1858,45883.892,10029.649,17908.152,14118.546,0
1859,47968.862,9923.146,17461.533,14617.8,0
1860,48283.108,10328.836,17365.533,14641.674,0
1861,47189.146,9510.965,17149.878,14072.465,0
1862,48496.98,10069.572,16179.311,15194.172,0
1863,48846.423,10207.524,14925.934,17682.155,0
1864,49277.422,9662.141,13951.243,19077.705,0
1865,48238.709,10025.496,12612.01,20082.059,0
1866,45919.649,9721.212,12069.056,20108.037,0
1867,45568.407,9156.406,14765.085,19939.132,0
1868,45421.776,9715.423,16464.371,19780.028,0
1869,43915.657,9790.096,17134.113,19612.287,0
1870,43094.233,9542.273,17502.555,19811.319,0
1871,40375.71,8706.38,18142.542,19759.518,0
1872,38349.94,8168.178,16321.482,19746.186,0
1873,36048.874,6781.239,15205.791,19801.454,0
1874,36242.539,4901.373,13712.453,19688.033,0
1875,37441.66,3472.692,11804.423,19682.545,0
1876,37403.205,3418.83,10653.296,19656.365,0
1877,38429.409,3325.479,10008.092,19684.482,0
1878,39768.511,4087.906,9789.489,19667.596,0
1879,40329.355,5890.28,10927.455,19110.586,0
1880,43071.145,8349.857,13906.213,14888.311,0
1881,44821.744,10359.453,16548.839,12239.885,0
1882,45941.545,10117.219,17704.884,11909.855,0
1883,46572.521,10752.493,18513.767,12351.217,0
1884,47130.286,11193.979,18164.708,12995.179,0
1885,46989.286,10095.567,17467.348,13153.635,0
1886,48027.476,10181.033,17556.087,14267.797,0
1887,47767.116,11248.514,17276.963,15408.939,0
1888,46485.981,10746.941,16298.04,16916.054,0
1889,44955.015,10429.445,15350.758,19043.21,0
1890,42740.447,9976.22,14427.19,19983.095,0
1891,42478.974,9447.251,16914.509,19796.573,0
1892,43747.077,9950.726,17847.182,19602.494,0
1893,43166.036,9973.794,17527.33,19633.81,0
1894,43322.373,9608.122,16860.526,19780.276,0
1895,41252.789,9097.032,16741.344,19770.735,0
1896,38755.96,8671.826,15113.528,19948.192,0
1897,37909.43,6685.866,13790.236,20019.219,0
1898,37283.772,4117.391,13393.042,20004.404,0
1899,36250.672,3582.007,12539.354,19861.906,0
1900,35245.527,3409.641,12303.211,19720.872,0
1901,35943.988,3526.638,11742.332,19768.004,0
1902,36659.22,4044.893,12065.494,19845.9,0
1903,37459.281,5643.627,13653.2,19073.534,0
1904,39134.824,8570.447,16717.235,15347.292,0
1905,40693.644,10601.813,19364.774,13020.286,0
1906,42687.719,10796.537,19721.755,12899.597,0
1907,44833.977,11006.65,19405.171,13531.097,0
1908,44894.578,11470.662,19728.111,13930.419,0
1909,44105.638,10223.584,20118.863,13145.387,0
1910,44080.76,11361.35,20159.796,13814.973,0
1911,44264.294,11706.213,18832.779,16358.372,0
1912,44176.114,11503.703,17341.897,18107.131,0
1913,43616.54,11386.466,15236.132,19488.527,0
1914,43145.257,10848.505,13655.047,20016.455,0
1915,43634.044,9897.251,16348.622,19785.746,0
1916,44449.067,10387.525,17845.577,18806.202,0
1917,42950.577,10164.095,18250.611,18418.722,0
1918,42638.348,9611.201,18165.496,18690.085,0
1919,41384.644,9637.228,16913.231,19182.649,0
1920,39524.034,9659.824,14777.63,19463.85,0
1921,36725.753,9169.164,12819.922,20162.598,0
1922,34903.223,7872.652,11935.825,20187.885,0
1923,34757.543,6133.629,11515.722,20081.07,0
1924,34402.704,4677.916,11705.893,20001.209,0
1925,33902.531,4259.213,12049.726,19989.152,0
1926,33069.978,4461.58,12732.005,19835.131,0
1927,32271.692,5329.561,14875.822,17771.163,0
1928,33559.374,6552.644,18530.961,14377.254,0
1929,35347.963,7794.569,21196.703,11646.433,0
1930,38448.585,8649.604,20660.976,10237.943,0
1931,40525.571,9311.843,19915.994,9990.172,0
1932,41489.099,10239.916,18613.532,10063.537,0
1933,40702.207,9872.304,17885.924,9968.401,0
1934,41019.198,9056.732,17525.622,10113.391,0
1935,41409.298,8320.062,17314.548,11068.581,0
1936,40859.329,8373.259,17292.009,12477.216,0
1937,40012.193,8871.477,16206.105,14505.797,0
1938,39247.174,10078.915,14208.238,17366.741,0
1939,40038.065,10844.765,15980.899,19311.423,0
1940,40931.835,10655.48,17807.3,18305.395,0
1941,38752.485,10599.375,19225.432,16607.239,0
1942,36577.528,10939.241,19486.774,16632.908,0
1943,34106.649,10637.327,18477.609,17978.412,0
1944,33078.257,9240.39,17371.379,19041.179,0
1945,31683.711,8256.05,16507.287,19139.841,0
1946,30682.861,6755.399,16212.242,19150.391,0
1947,30518.555,5219.161,15867.333,18904.174,0
1948,30556.292,4410.731,15958.672,17915.92,0
1949,30764.856,3930.436,15649.885,17430.666,0
1950,31270.107,3582.615,15211.548,16781.39,0
1951,31384.519,3661.629,15965.152,14536.673,0
1952,32310.763,4760.358,17218.294,12153.494,0
1953,34482.346,5611.325,17270.142,10542.679,0
1954,36185.421,5817.399,17241.499,9559.511,0
1955,37969.12,6309.933,17446.011,8920.669,0
1956,38747.767,6616.923,18258.744,8182.904,0
1957,38289.643,6628.054,18678.608,8098.901,0
1958,37898.016,6176.139,18113.427,8488.956,0
1959,37729.582,5855.143,17269.04,10202.763,0
1960,37396.15,6181.056,16865.769,12300.047,0
1961,37430.771,6162.509,15551.715,15462.81,0
1962,37281.725,7123.011,14241.331,18249.493,0
1963,39678.174,7544.178,16143.269,19095.245,0
1964,39861.388,8738.894,17114.26,18679.069,0
1965,39144.495,8298.807,18339.683,18078.809,0
1966,37888.054,8790.821,18455.272,17962.087,0
1967,36559.874,8558.845,17489.803,19051.615,0
1968,34874.393,8121.112,16208.814,19449.736,0
1969,32963.067,7348.229,14989.03,19899.217,0
1970,33192.381,4746.908,14720.092,19971.804,0
1971,32823.871,3905.74,14405.56,19657.847,0
1972,33641.248,3180.22,13449.677,19599.688,0
1973,34010.613,3429.177,12975.367,19535.696,0
1974,35080.426,4791.005,12996.14,19528.218,0
1975,37207.283,6487.528,14249.439,17628.973,0
1976,39734.282,8693.694,17238.845,15217.355,0
1977,41252.619,11386.304,19853.203,14325.698,0
1978,43483.728,12266.933,19251.376,14417.332,0
1979,45723.415,12208.405,18579.34,15392.394,0
1980,46763.769,12348.725,18618.175,15282.743,0
1981,44856.763,11213.585,18904.895,14840.31,0
1982,44454.38,12045.863,18811.703,16016.468,0
1983,44214.539,12366.288,18145.703,18999.629,0
1984,44816.11,12028.682,17478.447,19987.801,0
1985,43770.285,12564.89,17163.448,20099.638,0
1986,41744.708,12080.873,15789.729,19820.552,0
1987,42112.124,11330.275,18259.302,18750.988,0
1988,43745.933,11394.81,20032.327,17425.245,0
1989,43061.702,11220.665,20191.566,17474.442,0
1990,42936.213,10287.403,19293.178,18890.756,0
1991,41358.967,9351.829,18556.783,19714.532,0
1992,38499.171,8512.09,17236.738,20239.783,0
1993,36485.349,7053.318,16366.236,20053.27,0
1994,35645.141,5155.628,15893.524,19940.996,0
1995,34764.227,4224.835,15409.594,19612.022,0
1996,34685.913,4251.591,14787.066,18725.025,0
1997,34798.247,4372.583,14449.328,18690.056,0
1998,35340.766,5634.318,14125.573,19210.195,0
1999,35629.566,7961.333,16440.31,16710.776,0
2000,37135.074,9904.013,19362.049,14904.785,0
2001,39715.371,11210.759,20487.57,14554.13,0
2002,41742.298,11612.487,20919.312,13998.824,0
2003,44280.02,11991.9,20493.729,14472.456,0
2004,45575.761,12125.992,20010.642,15628.789,0
2005,44861.715,11324.234,18917.403,15713.411,0
2006,45403.913,11505.018,18357.066,17360.758,0
2007,46362.713,12289.697,17657.209,18271.243,0
2008,46076.15,12557.848,17123.386,19582.644,0
2009,45956.13,13049.23,15709.154,19956.852,0
2010,45200.745,11299.307,13704.19,20170.48,0
2011,44635.256,11837.648,15060.379,19815.643,0
2012,44131.943,11953.228,16965.948,19771.917,0
2013,43315.924,11517.821,17660.875,19854.912,0
2014,43048.034,11119.448,18038.956,19816.343,0
2015,41152.291,10326.37,17619.181,19849.836,0
2016,38862.702,9916.584,16216.522,19846.719,0
2017,36429.719,8322.722,15331.984,19683.146,0
2018,36133.283,5700.684,14906.615,19574.882,0
2019,34946.174,4419.601,15341.087,19414.827,0
2020,33775.901,4258.778,15624.211,19139.448,0
2021,34074.775,4075.998,15425.397,19250.933,0
2022,35533.266,4930.461,15202.969,19154.803,0
2023,36851.527,7008.879,16423.15,17462.061,0
2024,39126.192,9169.268,19108.541,15571.777,0
2025,43556.666,10704.11,19035.552,15159.757,0
2026,45349.282,11588.382,18398.771,15172.386,0
2027,47242.848,11704.755,18531.657,15407.977,0
2028,48271.696,11764.84,17966.615,15592.13,0
2029,47440.207,10355.249,17792.438,15584.918,0
2030,48074.304,11127.105,17419.343,16260.824,0
2031,49163.411,11446.268,16328.852,17114.462,0
2032,47026.688,12087.139,15435.448,19195.201,0
2033,45723.684,12271.722,14075.672,20247.155,0
2034,43287.688,12128.605,13162.098,20107.702,0
2035,43093.845,12095.566,15580.016,19944.748,0
2036,42557.843,12237.481,18011.79,19594.951,0
2037,41736.77,11666.476,19050.643,18869.644,0
2038,41645.2,10841.307,19230.927,18979.11,0
2039,40500.043,9563.58,18308.153,19410.931,0
2040,37678.878,9204.026,17124.792,19349.979,0
2041,35397.798,8722.164,15305.71,18962.563,0
2042,35265.435,6206.502,14831.881,18750.59,0
2043,34972.373,4517.115,14671.697,18650.592,0
2044,33592.139,4385.758,15293.035,18049.727,0
2045,34662.949,4330.883,14570.075,17726.345,0
2046,35689.466,5045.562,14647.119,17984.701,0
2047,35587.442,7120.827,16350.852,17436.568,0
2048,38256.706,8786.27,18639.29,15354.512,0
2049,39091.558,10777.616,20259.356,14910.043,0
2050,40812.689,10838.435,20074.96,15420.625,0
2051,42270.908,11133.897,20605.809,15721.224,0
2052,44101.461,11711.339,19813.972,15558.301,0
2053,43352.541,11362.055,18398.584,15713.121,0
2054,44315.295,11793.54,17762.896,17453.624,0
2055,45324.624,12165.401,17656.883,18772.793,0
2056,45467.921,12201.198,16512.011,20145.408,0
2057,46119.041,11890.555,14789.919,20652.128,0
2058,43371.331,11277.728,14387.819,20615.533,0
2059,43804.503,11137.533,15946.555,20239.845,0
2060,44134.633,11145.957,16785.4,20026.133,0
2061,43882.118,9723.904,17824.951,19616.439,0
2062,43898.732,8981.654,17930.102,19527.962,0
2063,41817.093,8488.465,17813.349,19739.268,0
2064,39126.838,8219.926,16184.339,20042.35,0
2065,37874.614,7015.354,15139.52,19720.804,0
2066,37714.316,5057.13,14075.494,19033.586,0
2067,36657.095,4041.864,14158.903,18245.402,0
2068,35679.344,3580.066,13978.869,18208.937,0
2069,36021.21,3839.78,13331.891,18014.219,0
2070,36620.232,4451.412,13202.645,18355.102,0
2071,37866.529,5901.439,14016.235,17815.147,0
2072,40159.173,8934.642,15804.449,15842.21,0
2073,40721.455,10895.336,16966.109,16771.406,0
2074,42606.185,11215.54,18089.385,16136.167,0
2075,45334.304,11592.766,17996.173,15830.289,0
2076,46079.004,11840.654,18385.734,15249.557,0
2077,46296.776,10797.956,18513.542,13651.284,0
2078,46898.496,11677.541,17994.705,15561.676,0
2079,47760.095,11879.752,17733.859,17023.284,0
2080,47438.025,11399.599,17334.039,17736.551,0
2081,46586.621,11171.205,15450.297,19210.149,0
2082,45874.876,10365.411,13973.647,19252.772,0
2083,46586.237,10385.731,15150.546,19313.949,0
2084,46449.052,10321.958,16438.643,19222.97,0
2085,45176.488,9702.346,17030.811,19256.499,0
2086,44125.212,9518.255,17366.244,19252.601,0
2087,43068.082,8935.16,16927.054,19190.323,0
2088,40428.084,8201.498,16827.773,19563.97,0
2089,37446.312,7009.207,16697.918,19629.993,0
2090,36047.616,5305.9,15871.938,19620.911,0
2091,35236.842,4304.763,14966.311,19490.245,0
2092,34977.521,4383.217,14802.616,17983.051,0
2093,35214.135,4615.274,14283.17,16365.946,0
2094,35118.722,4450.803,14413.725,16211.413,0
2095,34390.938,4499.162,15844.247,15441.748,0
2096,37083.499,5451.147,18001.075,12778.976,0
2097,39858.147,8061.944,18117.751,10880.283,0
2098,42278.479,9071.544,17973.675,9961.811,0
2099,43883.719,10009.021,17305.507,9624.152,0
2100,45254.608,9808.868,17537.955,9678.456,0
2101,45257.51,9657.119,17597.749,9584.377,0
2102,45058.361,9319.484,17638.442,10307.203,0
2103,43916.749,9520.477,17462.114,11223.928,0
2104,41638.706,8967.736,16914.436,13618.32,0
2105,40622.849,8443.695,15621.047,16963.178,0
2106,39844.783,8538.751,15320.205,18809.325,0
2107,42891.612,8334.138,17686.426,19189.266,0
2108,42397.059,8527.247,19702.021,17668.664,0
2109,40361.296,8275.67,20670.905,16649.506,0
2110,39688.647,7877.953,20994.919,16650.516,0
2111,38522.007,7642.304,20557.019,16943.78,0
2112,35460.785,6783.302,19253.77,17881.738,0
2113,33980.896,6169.754,17951.976,17877.414,0
2114,33008.895,5068.292,17029.978,17840.247,0
2115,32385.064,4170.328,16211.8,17819.469,0
2116,31423.656,3723.693,16064.844,17720.776,0
2117,31437.211,3196.473,16008.199,17117.458,0
2118,31291.83,2971.257,15772.902,16920.47,0
2119,30547.828,2790.579,17163.038,15571.742,0
2120,31711.292,4498.58,18191.684,12017.297,0
2121,34151.949,5297.167,18032.696,9684.538,0
2122,36435.78,6183.668,15975.252,9198.725,0
2123,38245.395,6999.913,14569.062,9592.412,0
2124,40002.665,7496.303,14099.854,9630.463,0
2125,40274.443,7875.544,13786.435,9426.478,0
2126,39341.879,7747.691,14171.268,9390.52,0
2127,38662.952,7101.862,15189.685,9635.192,0
2128,38648.847,6381.434,16474.499,9989.459,0
2129,37612.219,6073.748,16459.725,13730.65,0
2130,38369.742,6040.229,15574.923,17399.911,0
2131,39815.3,7894.427,18309.72,17545.587,0
2132,40057.775,8759.333,20492.657,16075.821,0
2133,39989.871,8036.341,21244.953,15598.427,0
2134,39579.502,7919.991,21305.997,15441.123,0
2135,38130.267,7628.652,21012.831,16167.518,0
2136,35641.532,6973.632,20206.413,16882.32,0
2137,33533.544,5982.513,20229.083,16788.265,0
2138,31939.244,5586.669,20014.059,16384.234,0
2139,31556.762,4546.335,20000.324,15730.584,0
2140,31084.038,4148.862,20517.498,15101.89,0
2141,31403.067,4134.68,20755.167,14551.405,0
2142,32812.045,5067.019,20968.72,14060.047,0
2143,34679.625,7031.434,21483.272,13023.845,0
2144,36952.241,9824.912,22785.873,12213.585,0
2145,40476.41,11955.471,23516.964,12213.084,0
2146,43310.201,11966.596,23527.869,12699.459,0
2147,45372.761,12142.044,23311.833,13350.742,0
2148,46945.148,12248.214,22725.154,13836.845,0
2149,46762.285,11176.689,21901.051,13675.932,0
2150,48600.219,11914.138,20541.043,14324.98,0
2151,49091.1,12483.308,18951.667,15705.728,0
2152,48986.858,12200.135,17020.451,17729.683,0
2153,46760.833,12278.486,16339.21,18837.91,0
2154,43116.13,11439.67,16205.936,18573.719,0
2155,42760.648,11426.504,18022.194,18492.013,0
2156,42991.391,11506.752,20252.135,16799.704,0
2157,43206.306,10377.73,20935.823,16439.552,0
2158,42783.11,9655.554,22049.955,16232.882,0
2159,40796.266,8917.043,22853.542,15430.353,0
2160,37622.142,8080.635,22497.221,15251.133,0
2161,35093.882,7031.405,22127.675,15852.341,0
2162,33917.842,5696.945,22166.825,15245.053,0
2163,33349.712,4552.125,21813.254,15191.056,0
2164,32972.841,3946.647,21872.189,14830.362,0
2165,33418.345,3887.305,21403.687,14690.468,0
2166,34246.164,5065.831,21309.152,14823.18,0
2167,35256.794,7447.915,22534.611,13119.713,0
2168,38787.98,8362.101,23595.068,12184.292,0
2169,40860.088,10904.784,23428.78,12264.228,0
2170,41307.597,11746.718,24288.412,12236.146,0
2171,43509.194,11410.401,24599.164,12651.524,0
2172,44257.897,11761.982,24184.539,12946.53,0
2173,43019.421,10911.665,24456.238,12049.999,0
2174,44387.522,10804.049,24253.225,12891.448,0
2175,45720.2,10735.32,23274.587,15056.228,0
2176,45827.844,10976.355,22274.198,15917.632,0
2177,45634.303,11203.637,20663.739,16575.733,0
2178,42876.189,10343.433,20258.333,16976.544,0
2179,44308.762,9818.398,21681.762,16073.807,0
2180,44976.193,9994.579,22925.127,15145.182,0
2181,44628.943,9949.265,22902.258,14947.71,0
2182,44280.793,9593.437,23113.788,15105.037,0
2183,41895.5,8879.585,23253.776,15274.77,0
2184,39599.849,7980.819,21576.241,15601.36,0
2185,37780.812,6695.653,19912.587,15871.458,0
2186,36637.842,4603.31,19075.767,16454.901,0
2187,35628.888,3856.843,18046.684,16881.181,0
2188,35258.836,3527.097,17315.091,17127.198,0
2189,35605.687,3441.177,16681.636,17282.899,0
2190,36349.425,4854.338,16255.865,17369.128,0
2191,37345.824,6822.269,17672.964,15593.979,0
2192,40223.445,8614.727,20658.19,12540.984,0
2193,40910.95,10098.283,22861.812,12614.437,0
2194,41918.963,10406.666,23649.138,12517.294,0
2195,44059.239,10545.515,23727.532,13207.962,0
2196,45501.175,10763.995,22764.939,13471.219,0
2197,46154.247,10393.692,20470.34,13573.069,0
2198,47957.227,10688.596,19416.284,15265.643,0
2199,48427.142,11038.943,17947.994,17342.62,0
2200,48746.454,11601.237,16038.983,18990.396,0
2201,49229.775,11249.426,14784.149,19637.04,0
2202,47969.863,10769.454,13268.96,19923.005,0
2203,47962.288,10965.87,15042.21,19565.246,0
2204,46934.6,10713.018,16810.413,19536.528,0
2205,46652.864,9560.026,17973.355,19416.799,0
2206,46953.966,9081.922,18537.637,18939.82,0
2207,44895.999,8065.059,18773.976,18851.565,0
2208,40918.026,7280.673,18823.073,17891.817,0
2209,37805.971,5579.221,19096.045,17400.19,0
2210,36389.413,3809.838,19866.623,16751.028,0
2211,34836.404,3366.426,19639.424,16555.833,0
2212,33979.273,3210.885,19274.807,16485.921,0
2213,34074.565,3218.834,19092.227,16494.458,0
2214,35482.72,3608.284,19287.235,16282.269,0
2215,37750.49,5140.7,19632.3,14881.008,0
2216,40252.079,8105.429,19798.829,13881.062,0
2217,44146.128,9665.214,21851.086,12606.13,0
2218,45335.423,10280.667,22694.327,12652.617,0
2219,47162.798,10338.798,22122.325,13247.1,0
2220,47850.633,9970.205,22521.564,13470.564,0
2221,47752.552,8740.368,21089.697,13844.125,0
2222,48386.371,9666.288,19316.607,16256.579,0
2223,48733.538,10373.841,18604.707,18273.711,0
2224,48972.93,10210.847,18033.703,18414.328,0
2225,48160.747,9692.1,17512.413,18835.072,0
2226,46262.483,9081.314,17024.512,18715.785,0
2227,46140.354,8803.87,19976.001,18135.313,0
2228,46523.302,8557.081,22369.201,16099.948,0
2229,46011.663,8016.543,23685.018,14938.694,0
2230,45812.853,7650.152,24194.965,14850.168,0
2231,43926.938,7255.457,24076.555,14896.024,0
2232,41555.661,6054.069,23325.516,14959.524,0
2233,38623.557,4894.523,23255.4,14732.363,0
2234,36985.195,3958.497,22615.474,15043.106,0
2235,35177.042,3868.942,21753.637,15172.538,0
2236,34136.575,4070.086,21112.085,15227.098,0
2237,34095.262,4346.429,20429.962,15325.798,0
2238,35108.609,5066.989,20068.57,15701.558,0
2239,37172.957,6960.838,20086.517,14549.748,0
2240,40304.878,8216.369,21659.386,12971.842,0
2241,43203.361,9512.322,23060.263,12203.52,0
2242,44300.802,9859.868,23588.532,11982.595,0
2243,45207.981,9798.095,23875.172,12665.575,0
2244,45825.182,9628.523,22598.316,13703.429,0
2245,44331.621,9464.723,21209.839,13429.344,0
2246,45745.316,9145.455,20347.067,14763.303,0
2247,45677.75,8383.986,19459.797,17515.021,0
2248,46677.467,7327.936,18404.659,18599.874,0
2249,45958.453,7255.72,17418.184,18733.899,0
2250,43541.201,7168.995,17619.806,19085.317,0
2251,44819.039,6873.81,19489.245,18354.964,0
2252,44790.127,6697,20479.299,17299.502,0
2253,44162.828,5820.296,21633.089,16082.257,0
2254,43464.407,5281.176,22202.992,15972.925,0
2255,41571.642,5113.027,22175.927,15876.462,0
2256,39085.383,4872.297,20300.303,16520.389,0
2257,37753.674,4186.815,18783.387,16746.431,0
2258,35603.998,3299.637,18419.745,16854.225,0
2259,32382.06,3306.053,19262.986,16604.789,0
2260,30941.629,3410.355,19860.875,15657.813,0
2261,31021.312,3495.962,19388.729,15036.388,0
2262,31179.25,3501.6,19178.722,15024.381,0
2263,31464.895,4188.407,20358.596,12945.256,0
2264,34322.273,4506.474,21543.968,10990.958,0
2265,35428.678,6338.121,20722.732,10991.483,0
2266,36450.732,7018.362,20272.666,9978.13,0
2267,37511.851,6782.697,19273.665,10047.663,0
2268,38497.432,6698.216,18120.063,10363.228,0
2269,38971.581,6556.226,16740.563,10476.001,0
2270,38606.023,6351.686,16136.538,10514.87,0
2271,38614.254,5796.375,15845.055,10996.667,0
2272,38595.546,5125.043,15831.172,12338.013,0
2273,36996.478,4773.419,16347.255,15382.528,0
2274,38813.147,4626.332,16557.707,17063.36,0
2275,40611.585,5408.399,18660.543,18656.815,0
2276,39165.691,5741.666,21673.02,16591.214,0
2277,37285.887,5130.516,23135.32,15032.196,0
2278,35610.232,4594.408,23552.326,14689.876,0
2279,33031.373,3899.274,23800.259,14612.294,0
2280,30985.041,3210.336,23807.483,14195.707,0
2281,29584.885,2828.986,23124.561,13708.788,0
2282,28092.918,2850.794,22752.809,12793.553,0
2283,26474.869,2772.761,22351.311,12712.185,0
2284,26202.12,2640.845,21963.872,12139.203,0
2285,26400.529,2544.069,21956.854,11159.997,0
2286,26485.441,2506.025,22240.38,10603.249,0
2287,26134.327,2681.216,21611.593,10345.021,0
2288,26641.215,3759.968,20479.312,10099.556,0
2289,29241.094,4860.243,18140.874,8974.263,0
2290,32221.138,5749.55,15204.27,8451.587,0
2291,33622.846,6168.984,14520.915,8764.918,0
2292,34809.936,6572.32,14284.664,8773.422,0
2293,34705.693,6653.711,14358.813,8708.115,0
2294,33845.714,6309.688,14207.337,8665.596,0
2295,32968.722,6196.621,14256.024,8877.495,0
2296,33064.461,5770.006,14504.394,10208.225,0
2297,33701.129,4879.12,15676.874,12088.51,0
2298,33612.856,4346.094,19175.361,14789.335,0
2299,38100.929,4299.268,21577.206,15264.601,0
2300,38029.162,4625.805,22995.677,14475.202,0
2301,36802.776,4298.426,23731.966,14071.666,0
2302,35525.33,3892.02,24211.816,14045.002,0
2303,33678.095,3579.37,23890.107,13830.585,0
2304,31511.223,3385.035,22874.96,13486.825,0
2305,28614.272,3326.811,23367.58,12765.925,0
2306,26758.658,3269.101,23398.086,12483.548,0
2307,25916.705,3291.929,23119.993,12185.768,0
2308,25191.024,3394.447,23112.972,11921.139,0
2309,25733.776,3441.771,22965.299,11970.193,0
2310,28474.647,4018.261,22502.598,11994.81,0
2311,31633.356,5397.131,22431.78,11807.843,0
2312,35089.648,6477.261,23084.398,11105.726,0
2313,36921.132,7968.562,23784.033,10227.483,0
2314,38180.188,9045.763,22268.137,10253.165,0
2315,40154.564,9736.979,20970.384,10638.345,0
2316,41791.833,9868.006,20172.73,10851.092,0
2317,41393.962,8928.518,18932.893,10768.146,0
2318,42017.405,9018.319,18965.527,11881.712,0
2319,41204.909,9177.952,18601.274,15182.801,0
2320,40939.27,8995.263,16989.247,18065.186,0
2321,41786.173,8909.851,15065.596,19647.917,0
2322,40280.518,8704.814,14536.702,20147.083,0
2323,42258.063,8512.276,17430.46,18910.276,0
2324,43039.638,8135.785,18979.581,17983.747,0
2325,42271.91,7373.344,20323.532,17256.449,0
2326,41484.516,6770.918,21433.492,16398.201,0
2327,38035.225,6091.668,22353.654,15896.814,0
2328,34805.394,5059.819,22413.93,15047.898,0
2329,32991.272,4017.69,20945.219,15136.927,0
2330,29475.34,3669.391,21997.189,14837.958,0
2331,27640.841,3567.942,22415.821,14433.238,0
2332,27008.284,3500.568,22324.671,14116.221,0
2333,27365.32,3634.327,22017.235,14094.289,0
2334,29774.674,4047.254,21560.568,14255.803,0
2335,33032.346,5187.576,21989.095,13011.809,0
2336,35201.191,7119.709,23095.845,11533.66,0
2337,37993.591,8413.767,22474.993,11078.792,0
2338,39327.963,9856.408,21018.843,10883.848,0
2339,41362.579,10250.794,20636.717,10802.657,0
2340,42271.177,10339.834,20763.915,10885.552,0
2341,42624.137,9051.663,19531.789,11171.278,0
2342,43595.145,9842.473,18675.478,12935.566,0
2343,43165.682,9867.731,17709.805,16371.62,0
2344,42540.775,9580.164,17176.503,18174.121,0
2345,43024.631,9427.712,16482.288,18551.854,0
2346,41622.81,9173.435,15421.396,19000.111,0
2347,42754.517,8511.514,19422.855,17971.669,0
2348,43552.879,7760.073,22284.143,15471.185,0
2349,42802.175,6863.464,23563.146,14773.854,0
2350,42010.263,6600.234,24029.51,14691.938,0
2351,39412.277,5600.788,24317.238,14585.078,0
2352,36679.07,4353.518,23773.49,14421.413,0
2353,33018.624,3532.072,24020.305,14106.677,0
2354,30746.133,3314.13,23800.451,13557.093,0
2355,29137.617,3219.1,23107.406,13501.872,0
2356,27966.013,3214.677,22877.337,13753.018,0
2357,28105.265,3213.257,22560.407,14101.649,0
2358,30802.888,3258.077,22027.209,14179.223,0
2359,34034.538,4392.083,22217.234,13117.985,0
2360,37301.341,5986.459,23951.72,10593.155,0
2361,38500.927,8036.697,24946.663,10460.469,0
2362,39714.002,9206.76,24350.428,10474.768,0
2363,41666.25,9707.71,23152.427,11409.491,0
2364,44030.039,9773.318,21110.492,12408.682,0
2365,43914.123,9072.185,19921.604,12351.353,0
2366,44183.802,9156.088,18901.495,14780.985,0
2367,44419.282,9319.139,17896.876,17388.936,0
2368,44231.59,9454.482,16342.497,19329.417,0
2369,44779.188,9319.78,15001.663,20184.361,0
2370,43700.527,8356.225,14608.219,20870.267,0
2371,44828.169,8429.44,17629.241,19892.635,0
2372,43712.819,8203.708,20505.268,18000.931,0
2373,43237.224,7280.067,21141.821,17263.127,0
2374,43009.217,6211.884,21219.632,17860.44,0
2375,39947.218,5619.715,21095.888,18222.634,0
2376,36917.17,4721.374,20074.238,18306.335,0
2377,33798.041,4074.304,18946.197,18273.498,0
2378,31291.84,4157.986,17807.484,18284.223,0
2379,29904.325,4079.329,16925.321,18447.545,0
2380,29246.02,4083.882,16515.101,18467.281,0
2381,29981.928,3817.51,15813.627,18784.534,0
2382,32854.081,3997.753,14849.295,18952.462,0
2383,34973.449,5790.409,14806.637,18707.777,0
2384,36758.746,7611.33,16859.908,17524.169,0
2385,38668.564,10122.046,16855.049,16721.938,0
2386,40629.696,11093.881,16579.736,17050.467,0
2387,42540.791,11052.205,16279.452,17727.298,0
2388,43779.173,10887.534,15790.281,17621.721,0
2389,43611.824,9489.306,15886.887,15867.517,0
2390,43627.612,9875.542,15590.306,16642.215,0
2391,43501.241,10241.308,13884.94,19601.889,0
2392,43448.018,9680.842,12521.013,21696.633,0
2393,45179.276,9214.238,10988.362,21666.925,0
2394,45102.507,9072.135,9858.951,21284.934,0
2395,45813.734,9556.166,11884.523,20974.339,0
2396,44811.204,8523.05,13905.488,20865.659,0
2397,44549.635,6510.477,14892.086,21053.617,0
2398,44092.814,5984.726,14956.416,21051.925,0
2399,42484.859,5080.854,14050.95,21141.628,0
2400,38563.501,4670.799,13937.417,20978.043,0
2401,35915.957,4090.559,12811.087,20911.624,0
2402,34658.629,3944.636,11241.415,20911.234,0
2403,34071.536,3704.122,9838.246,20999.607,0
2404,33648.286,3635.776,9382.322,20901.146,0
2405,34262.476,3506.311,8699.523,20923.746,0
2406,36128.738,4177.254,8418.49,20879.839,0
2407,36216.776,5656.323,10279.972,20834.515,0
2408,38177.608,7203.552,11808.498,19683.969,0
2409,41004.552,9299.021,13103.602,17384.827,0
2410,43692.827,9616.999,13779.684,14298.729,0
2411,43986.249,10431.018,14496.305,14071.626,0
2412,44263.58,10907.034,15331.553,13748.774,0
2413,43784.828,9948.854,15836.921,12870.609,0
2414,43172.664,10340.188,15826.584,15111.719,0
2415,43743.248,10205.388,15541.606,16370.041,0
2416,43790.805,10428.854,13747.829,17022.119,0
2417,43340.648,9395.541,11390.989,19245.389,0
2418,43475.838,9024.304,10807.164,20674.888,0
2419,46430.874,10041.702,10931.041,20666.075,0
2420,45358.829,9414.52,12430.741,21024.893,0
2421,45628.15,7496.373,12509.591,21074.072,0
2422,45198.597,6724.277,12476.863,21074.075,0
2423,44615.702,5141.41,11534.019,21253.238,0
2424,43506.336,4868.312,9888.859,20620.711,0
2425,39806.606,4733.497,9702.474,20434.893,0
2426,36786.055,4530.202,9866.13,20231.032,0
2427,34690.933,4421.935,9705.384,20377.37,0
2428,33534.042,4366.671,9423.321,20375.101,0
2429,34058.35,4395.468,8804.867,19871.705,0
2430,34428.207,4312.279,8736.008,19746.7,0
2431,34886.118,4269.013,9362.935,19411.204,0
2432,37441.529,5369.292,12041.399,15562.048,0
2433,39294.422,6385.991,14589.927,12723.239,0
2434,40731.228,6908.96,15948.046,10463.779,0
2435,42210.37,7115.537,16926.387,9339.839,0
2436,43358.399,7366.482,15985.347,9680.268,0
2437,43199.923,7166.269,15179.697,10148.317,0
2438,42318.163,6884.52,14654.672,11688.879,0
2439,41811.442,6879.933,13102.815,13288.223,0
2440,41047.264,6338.416,12274.331,15788.973,0
2441,40157.058,6087.104,11649.499,18399.182,0
2442,40400.586,7601.709,10200.569,20963.084,0
2443,44167.531,9510.532,10887.842,20681.066,0
2444,43232.118,9034.136,11301.722,20683.598,0
2445,42195.181,7548.764,12370.327,20707.746,0
2446,40016.45,5769.164,13200.417,20454.959,0
2447,38683.417,4586.652,13067.501,20315.404,0
2448,36828.989,4094.214,12044.024,20857.87,0
2449,35262.487,3832.172,11298.894,21314.957,0
2450,32553.694,3659.349,11202.401,21334.844,0
2451,29614.961,3891.977,11785.727,21288.386,0
2452,28340.507,3783.851,12642.789,20294.558,0
2453,28166.434,3668.597,13826.361,18500.051,0
2454,28466.797,3536.44,13176.9,18301.151,0
2455,28570.58,3847.549,14319.324,15806.065,0
2456,31907.575,4360.179,17346.421,9586.752,0
2457,34027.417,4831.54,17418.586,8686.98,0
2458,35731.443,5351.559,16165.874,8781.031,0
2459,36970.956,6027.376,15243.541,8996.204,0
2460,37697.826,6740.296,15425.846,9151.476,0
2461,38020.722,6105.237,15807.066,9092.166,0
2462,36566.562,5616.371,16449.522,9318.808,0
2463,34888.198,5385.6,17228.816,10007.199,0
2464,32908.518,5276.172,18226.495,11291.211,0
2465,32704.981,5267.762,17703.94,13914.089,0
2466,35146.249,5741.371,16642.041,16812.154,0
2467,37466.792,7267.8,18642.65,17944.095,0
2468,37837.932,6716.416,19566.277,17334.949,0
2469,37796.873,6009.799,19458.606,17284.202,0
2470,37573.796,5386.439,19038.717,17651.346,0
2471,36283.021,4978.895,18466.705,18031.287,0
2472,33576.958,4750.841,17060.024,18670.331,0
2473,30529.866,4672.299,16353.023,19326.822,0
2474,28962.034,4643.727,16566.934,18205.915,0
2475,28118.372,4450.655,16773.424,16979.888,0
2476,27739.799,4444.618,15984.314,17224.522,0
2477,28363.822,4504.074,15025.097,18173.262,0
2478,30649.908,4891.99,13924.332,19500.977,0
2479,32342.901,7120.621,14971.41,18696.723,0
2480,35280.427,7764.707,16869.022,17634.883,0
2481,38452.433,9271.57,17908.511,15920.901,0
2482,40533.263,9575.519,18255.062,14574.411,0
2483,43180.571,9774.552,17926.568,13897.37,0
2484,44572.774,9883.104,17179.753,14165.618,0
2485,42652.132,9947.471,17068.226,13346.294,0
2486,42663.295,9705.103,16764.97,15017.314,0
2487,42193.401,9817.289,16458.484,17552.043,0
2488,41149.466,9484.019,15370.522,20725.486,0
2489,41876.622,9612.99,13540.812,21625.296,0
2490,42276.153,9575.638,12327.569,21415.953,0
2491,43521.12,9177.03,14858.159,21043.394,0
2492,43747.445,8120.26,16221.207,20958.449,0
2493,43571.562,7197.614,16085.593,21053.343,0
2494,43291.485,7095.158,15377.674,21038.683,0
2495,41944.804,6010.263,14180.703,21205.177,0
2496,40436.163,4986.662,11941.33,21226.515,0
2497,37628.469,4227.576,10864.424,21324.711,0
2498,34643.709,4169.883,10731.761,21253.204,0
2499,32846.716,4133.156,10432.724,21198.349,0
2500,32033.599,4152.689,10229.208,21040.083,0
2501,31884.342,4184.465,10772.464,20683.391,0
2502,33381.627,4907.644,10901.458,20394.778,0
2503,34868.662,5972.18,12177.528,20148.376,0
2504,36691.631,7679.891,14302.712,19265.281,0
2505,36893.787,9975.52,16351.688,18380.477,0
2506,39533.336,10855.447,16757.825,15806.174,0
2507,41608.834,10869.934,16792.445,15338.138,0
2508,42331.543,10889.62,17153.143,14763.309,0
2509,41367.722,10176.12,17688.925,13614.191,0
2510,41656.115,10167.509,17678.813,15813.441,0
2511,41313.514,10856.47,17197.362,17618.94,0
2512,41378.722,10917.473,15529.254,20475.915,0
2513,42888.048,10495.769,13450.721,21590.455,0
2514,43174.326,9818.206,12460.789,21317.153,0
2515,44042.243,9465.42,14784.4,21018.62,0
2516,43802.772,8912.472,15805.765,20702.976,0
2517,43906.614,7636.677,15882.508,20546.784,0
2518,43818.84,6904.328,15577.03,20696.277,0
2519,41184.731,6032.559,15248.877,20988.477,0
2520,38511.557,5214.948,13650.195,21164.787,0
2521,34799.98,4008.545,13940.014,21191.851,0
2522,32026.711,3759.958,13706.618,21202.352,0
2523,30956.453,3664.109,13179.064,20897.541,0
2524,30399.98,3622.977,13063.488,20528.717,0
2525,30009.273,3975.302,13192.517,20492.89,0
2526,31889.764,4460.15,13638.929,19879.367,0
2527,33486.92,6260.106,15824.148,17970.035,0
2528,34787.175,8096.876,19565.75,15687.235,0
2529,37400.043,10234.066,22197.272,13333.692,0
2530,38234.507,10847.508,22087.139,13288.849,0
2531,40262.08,10834.457,21308.115,13640.018,0
2532,41289.445,10487.685,20301.652,13832.052,0
2533,39912.022,9842.303,19296.899,13645.757,0
2534,40526.157,10203.828,18757.839,15099.702,0
2535,41503.771,10540.531,17958.049,16406.265,0
2536,41956.014,10010.216,16337.307,18717.382,0
2537,42401.032,9591.098,14804.634,20757.303,0
2538,43772.464,9112.813,13037.608,20597.973,0
2539,45247.153,8408.38,16396.564,20302.508,0
2540,44561.777,7798.832,18086.806,19768.291,0
2541,43368.407,7003.501,18855.936,19298.74,0
2542,42217.55,6645.687,19167.51,19591.507,0
2543,39811.266,6093.649,18617.355,19904.797,0
2544,37277.648,5000.404,17249.69,20120.472,0
2545,34437.395,4251.902,16270.3,20019.328,0
2546,32156.847,3956.97,16613.371,18549.668,0
2547,30499.433,3782.257,17180.899,17438.215,0
2548,29447.586,3732.269,17253.882,17304.982,0
2549,29387.69,3967.001,17547.451,16766.018,0
2550,31077.893,4644.479,17515.721,16289.704,0
2551,32341.183,5478.93,19891.651,15156.141,0
2552,34004.683,7878.59,22681.395,12264.165,0
2553,34951.043,10216.806,23360.509,11592.454,0
2554,36230.18,10612.5,22437.487,11719.559,0
2555,38933.312,10584.161,20492.02,12138.473,0
2556,40987.743,10509.462,19246.369,12787.481,0
2557,41687.982,9183.923,18753.233,12434.383,0
2558,41276.867,9399.428,18814.951,13716.646,0
2559,40751.22,10035.714,18911.868,15172.036,0
2560,40785.994,10049.805,17910.304,17657.982,0
2561,42017.674,9837.843,16340.232,19330.443,0
2562,42214.326,9810.521,15449.376,19695.244,0
2563,43215.751,9876.784,18071.675,19564.71,0
2564,41984.114,9246.386,20124.628,18105.396,0
2565,41342.673,7682.086,21508.502,16684.609,0
2566,40798.805,6960.392,21956.337,16402.016,0
2567,39229.608,6191.369,22076.675,16290.974,0
2568,36920.889,5575.452,21353.137,16216.894,0
2569,33539.923,4664.764,21133.702,16616.933,0
2570,30082.055,4430.091,21499.417,16070.39,0
2571,28663.626,4370.925,21641.501,14509.514,0
2572,27964.29,4462.119,21631.424,13234.425,0
2573,27087.219,4508.985,21962.489,12621.927,0
2574,26807.351,4267.3,21704.179,12216.08,0
2575,27206.891,4425.77,21005.442,10717.523,0
2576,29331.409,5027.03,21283.737,8065.259,0
2577,31128.5,5007.898,20157.77,8374.272,0
2578,34073.928,5273.096,17491.749,8547.67,0
2579,36820.668,5660.066,15222.857,8770.515,0
2580,37852.66,6014.89,15670.072,8908.944,0
2581,37814.773,6081.801,16093.802,8905.709,0
2582,35662.74,5701.305,17435.885,9084.543,0
2583,33041.36,5189.677,19887.763,9418.807,0
2584,33926.093,4688.032,18807.471,10343.344,0
2585,35137.108,4892.235,15733.168,13939.108,0
2586,36730.628,5327.978,13700.117,18072.987,0
2587,38788.159,6657.35,15927.717,19162.279,0
2588,36731.49,7033.292,17765.747,18865.4,0
2589,36024.614,6343.76,18337.737,18468.625,0
2590,35460.382,5658.329,18603.761,18538.311,0
2591,34247.025,4689.42,18747.043,18567.208,0
2592,32114.927,4298.119,18596.235,18354.669,0
2593,30156.136,4183.553,18560.769,16842.308,0
2594,28897.853,3845.84,19068.043,14731.586,0
2595,28028.231,3894.435,18407.584,14164.862,0
2596,27067.615,4065.048,18369.829,13628.373,0
2597,27262.162,4110.665,17622.534,13680.642,0
2598,27535.054,4141.487,16691.591,14466.135,0
2599,27623.481,4147.374,17789.002,13846.469,0
2600,30604.197,5154.946,19396.34,10484.853,0
2601,33270.245,6242.949,19968.335,8550.979,0
2602,34380.509,6971.698,19007.488,8757.709,0
2603,36393.021,7317.143,18339.129,8960.973,0
2604,38150.729,7631.59,17649.144,9380.59,0
2605,38233.33,7653.948,17439.418,9187.898,0
2606,38017.815,7067.144,17252.176,8916.673,0
2607,38263.423,6714.915,16977.372,9560.263,0
2608,37382.74,6275.981,16953.006,11526.389,0
2609,36107.648,6490.446,15022.468,16007.106,0
2610,36713.791,7501.313,14208.381,19353.416,0
2611,38060.311,8194.423,18260.236,19269.457,0
2612,37352.38,7603.549,20000.927,17386.887,0
2613,36641.098,6113.127,20793.408,16272.519,0
2614,35652.407,4743.237,20790.442,16413.025,0
2615,33495.218,4341.168,20334.193,17007.086,0
2616,31504.476,4186.141,19788.075,16973.669,0
2617,28885.251,4128.823,19643.174,16107.935,0
2618,27886.43,3824.575,18776.756,15153.644,0
2619,27723.103,3669.333,17541.065,14509.314,0
2620,27955.15,3567.878,16491.176,13848.246,0
2621,28096.237,3575.803,14355.962,15141.795,0
2622,28856.216,3576.692,12771.002,15581.268,0
2623,28568.419,3546.459,13571.432,14012.212,0
2624,30687.521,4175.285,14729.213,10516.034,0
2625,32316.334,5064.551,14461.983,8587.866,0
2626,33311.596,5806.07,13080.135,8102.328,0
2627,34263.141,6214.549,11880.372,8228.608,0
2628,35514.258,6610.982,11453.602,8522.144,0
2629,35854.376,6846.769,11304.689,8821.025,0
2630,35290.51,6695.858,10672.644,9234.563,0
2631,34165.875,6238.915,9670.93,10774.009,0
2632,33923.634,5329.733,9900.595,12478.293,0
2633,34167.01,4446.95,8658.985,17322.549,0
2634,36357.185,5051.27,8899.896,20307.64,0
2635,40089.669,6544.222,11001.491,20261.146,0
2636,39659.161,5906.382,12232.861,19861.88,0
2637,39540.802,4552.558,12462.815,19806.78,0
2638,39138.055,4146.422,12215.778,19815.87,0
2639,38644.225,3862.253,11120.155,19934.613,0
2640,37528.535,3779.942,9621.293,19720.878,0
2641,34887.039,3708.248,9320.641,19522.543,0
2642,32302.847,3721.303,9399.664,19253.319,0
2643,30224.129,3715.263,9651.424,19247.234,0
2644,29091.361,3796.665,9513.469,19216.087,0
2645,29012.939,3847.474,9104.112,19273.739,0
2646,29491.29,3790.338,8670.557,19451.344,0
2647,28829.502,3762.633,10144.849,18508.405,0
2648,32076.95,4411.198,12146.122,13390.113,0
2649,34546.841,5377.386,13702.106,9917.694,0
2650,36939.557,5571.77,14043.999,8356.272,0
2651,38259.136,6270.63,13138.912,8964.992,0
2652,38783.329,6725.126,13569.807,9056.925,0
2653,38764.404,6850.167,14067.229,8623.549,0
2654,37917.959,6487.959,14961.147,8788.999,0
2655,36625.076,5891.273,14064.542,11482.605,0
2656,35699.395,5371.124,12913.682,14490.357,0
2657,37229.38,5202.629,10693.114,16816.395,0
2658,38986.431,5874.519,10109.323,19678.835,0
2659,41672.202,7408.155,12653.593,19823.035,0
2660,40774.807,7480.934,14272.593,19542.121,0
2661,38280.66,7034.252,15801.634,19352.604,0
2662,37656.413,5750.824,16188.702,19364.718,0
2663,36920.414,4009.46,15792.833,19224.212,0
2664,34407.862,3623.48,15402.938,18877.515,0
2665,30849.195,3339.395,15527.493,18909.841,0
2666,29301.476,3231.737,15781.178,17596.764,0
2667,29015.955,3457.348,14864.653,16755.079,0
2668,28743.073,3629.855,14855.503,15994.519,0
2669,29010.602,3706.475,14687.555,15985.073,0
2670,29756.862,4212.477,14742.854,17324.902,0
2671,31242.648,5674.636,15840.124,17167.809,0
2672,34326.98,7030.598,18211.821,14085.352,0
2673,36956.78,8424.388,19255.066,11839.434,0
2674,39636.198,9091.664,21070.767,8707.559,0
2675,40581.422,10831.822,20788.746,7864.392,0
2676,40976.69,11323.569,19667.351,8776.471,0
2677,40951.98,10260.189,18858.538,8573.008,0
2678,42798.985,9744.394,17052.967,10909.69,0
2679,42958.863,10034.413,16256.784,12611.169,0
2680,41488.533,10410.198,15939.825,14474.905,0
2681,41367.137,10485.093,14150.375,17837.165,0
2682,40500.306,10029.788,13600.323,19434.94,0
2683,41552.174,10021.569,16408.77,19408.912,0
2684,40568.796,9614.895,17560.508,19393.148,0
2685,39800.036,8543.09,18289.291,19085.946,0
2686,39085.472,8036.344,18338.024,18951.99,0
2687,37031.167,6737.664,18268.278,18867.429,0
2688,33719.964,5483.36,17389.621,19815.082,0
2689,30900.273,4321.982,16587.127,19660.803,0
2690,28690.387,4137.42,16249.84,19199.667,0
2691,28208.351,3920.26,16264.575,17713.961,0
2692,28157.524,4112.313,17067.393,15715.769,0
2693,28057.468,4300.61,17141.873,15618.381,0
2694,28210.141,5155.201,17889.265,16202.022,0
2695,30196.393,6809.259,19296.848,14585.771,0
2696,33529.78,8105.99,22223.898,11099.921,0
2697,35523.483,9365.434,23827.277,9055.935,0
2698,35423.142,9747.915,24626.216,8934.53,0
2699,35917.618,11296.013,23247.646,9310.822,0
2700,37285.624,11652.472,21386.164,10277.145,0
2701,37881.722,10149.237,19919.523,10684.521,0
2702,38865.963,10197.908,19129.435,12379.534,0
2703,38621.877,11053.957,18622.493,14244.526,0
2704,37983.539,11099.311,17779.072,17361.08,0
2705,37218.847,10849.433,18192.477,18765.363,0
2706,37190.151,10261.727,17795.535,18659.236,0
2707,39383.956,10697.902,20394.275,17606.124,0
2708,39329.019,10161.309,21456.616,16324.513,0
2709,39342.123,9156.198,21295.232,15953.75,0
2710,39281.553,8021.579,20805.941,16249.959,0
2711,35711.604,7582.795,20509.986,17071.041,0
2712,34110.371,5686.108,19177.901,17487.351,0
2713,31982.261,4271.576,18951.883,16886.101,0
2714,30497.841,4131.938,19473.891,14581.92,0
2715,29921.314,3799.954,19213.549,13688.37,0
2716,29585.978,3716.958,19347.583,12872.063,0
2717,29445.643,3879.545,19450.31,12912.651,0
2718,29773.325,4679.445,19475.87,14255.504,0
2719,31580.422,6384.537,20716.956,13448.907,0
2720,33751.718,8064.923,23204.346,9805.778,0
2721,35443.298,10138.965,24792.046,9337.723,0
2722,36540.137,11311.748,24603.919,9387.81,0
2723,37927.191,11663.656,24233.542,9968.479,0
2724,38842.072,11929.372,23905.411,9817.089,0
2725,38974.331,10771.221,22485.362,9850.362,0
2726,39988.935,11797.853,20375.146,12060.456,0
2727,40696.777,12008.914,19001.879,14391.63,0
2728,39357.438,12041.841,17288.119,17551.618,0
2729,40259.78,11844.296,15201.788,19860.517,0
2730,39935.247,11563.628,15072.391,19845.352,0
2731,41046.087,11452.416,17716.482,19383.178,0
2732,40077.126,11094.68,18450.838,18574.036,0
2733,39820.376,9763.801,18933.188,17847.268,0
2734,38717.941,9228.078,19332.035,18109.969,0
2735,36097.867,8483.85,18917.465,18114.298,0
2736,34565.789,6897.638,18379.411,18083.004,0
2737,32588.537,4623.337,18757.492,17936.936,0
2738,30232.388,4452.113,18473.387,16897.389,0
2739,29526.429,4294.877,17724.07,16472.828,0
2740,29062.276,4228.492,16983.854,16683.415,0
2741,29330.092,4351.216,17083.186,16441.763,0
2742,31280.904,4928.264,16931.074,16465.943,0
2743,32797.53,7533.185,17632.19,16304.175,0
2744,35643.929,8840.86,21106.053,13085.911,0
2745,37432.69,11162.89,23252.171,11205.266,0
2746,40253.641,11605.741,22979.328,10415.859,0
2747,42223.728,11594.281,21525.623,11261.139,0
2748,43382.408,11720.659,20481.572,11614.294,0
2749,42961.592,10503.297,19845.303,11518.446,0
2750,43125.748,10831.721,19150.036,12841.442,0
2751,41956.414,10978.648,18354.147,15710.361,0
2752,41000.431,10789.268,17100.951,17929.064,0
2753,40311.273,11057.767,16049.102,19357.095,0
2754,40080.334,10088.089,15698.409,20729.274,0
2755,41331.483,10241.837,18666.064,19075.673,0
2756,40157.255,10237.185,19713.898,17862.154,0
2757,39444.153,8684.216,20542.09,17141.766,0
2758,39209.421,7785.75,20006.774,17624.126,0
2759,37271.941,6875.901,19455.767,18261.416,0
2760,35798.964,5846.959,17786.587,18671.986,0
2761,34062.296,4462.831,16569.921,18928.979,0
2762,31809.185,4263.671,15872.196,18978.125,0
2763,30571.886,4228.636,15431.822,18306.397,0
2764,30509.305,4102.354,15023.957,17517.772,0
2765,31132.778,3948.515,14384.373,17367.018,0
2766,31462.136,4470.598,13040.857,18231.956,0
2767,31711.33,5114.654,14679.277,16496.13,0
2768,34587.579,6168.624,17315.081,11916.816,0
2769,36613.09,7185.615,18920.71,9684.218,0
2770,37822.624,7736.383,18102.484,9998.622,0
2771,39473.977,7787.186,17608.495,10153.732,0
2772,40151.456,8152.091,17445.784,10169.91,0
2773,39561.009,8044.458,17372.875,10153.104,0
2774,39656.992,7214.565,17584.439,10327.31,0
2775,38993.637,6522.33,17410.75,11603.693,0
2776,38075.004,6050.583,16321.487,14725.087,0
2777,38823.44,5941.377,13778.808,19118.288,0
2778,39835.803,7517.451,13623.81,20475.54,0
2779,40915.751,9397.726,17144.463,20038.665,0
2780,39133.453,8868.065,19537.342,17839.17,0
2781,37246.676,8112.629,20862.43,16576.277,0
2782,36174.167,6934.053,21214.356,16183.948,0
2783,34619.803,5009.05,21107.638,16695.713,0
2784,32353.087,4474.491,20712.632,16722.521,0
2785,30858.535,4425.324,19139.287,15126.069,0
2786,30392.952,4318.79,18192.764,13567.073,0
2787,29850.325,4226.299,17544.908,12614.373,0
2788,29017.775,4007.918,17639.974,11970.463,0
2789,28582.451,3964.955,17696.888,11611.637,0
2790,28354.859,3827.128,16974.293,11965.617,0
2791,28218.347,3851.879,16907.477,11825.087,0
2792,30348.245,4383.331,16223.541,10579.203,0
2793,32194.635,4963.059,16429.687,9342.66,0
2794,33427.459,5401.583,15979.971,8844.757,0
2795,35731.415,5613.06,14369.367,9067.069,0
2796,37773.602,6054.522,13696.301,9024.656,0
2797,37763.389,6402.106,13396.084,9165.499,0
2798,36965.319,5978.986,13592.564,9155.179,0
2799,35672.474,5714.791,14671.467,9596.53,0
2800,35059.193,5984.574,15143.021,10932.667,0
2801,36944.985,6033.767,12376.75,14451.654,0
2802,39826.727,6013.169,11152.573,18102.144,0
2803,39426.876,7885.572,14835.352,19336.19,0
2804,36559.572,8143.534,17931.913,17594.396,0
2805,35959.187,7427.455,18832.15,16462.772,0
2806,36072.931,5947.626,18987.693,16535.559,0
2807,34180.293,5268.878,19112.457,16827.244,0
2808,31806.476,5165.211,18678.863,16435.526,0
2809,30873.128,4576.179,17639.951,16981.546,0
2810,30057.146,4128.366,16263.486,17129.737,0
2811,30014.151,4224.332,15302.26,16340.135,0
2812,30229.525,4386.806,14736.491,15607.109,0
2813,30842.761,4472.097,13928.148,16179.771,0
2814,31667.347,5168.193,12562.06,18777.879,0
2815,32713.529,7228.632,13657.466,18717.619,0
2816,34906.858,9130.534,15392.69,17583.973,0
2817,36972.172,10648.202,16848.221,16915.695,0
2818,40070.162,11401.738,17559.808,14087.021,0
2819,42620.556,11348.633,18063.184,13556.044,0
2820,43712.936,10984.222,17267.47,14303.046,0
2821,42549.533,10245.149,16485.38,13403.038,0
2822,43212.062,10089.109,15601.395,15333.092,0
2823,43470.603,10191.916,13812.573,18531.736,0
2824,43287.529,9443.175,12656.777,21251.02,0
2825,43895.141,9929.166,11681.798,21738.481,0
2826,44704.611,9860.55,10798.879,21379.887,0
2827,46078.904,10770.116,11967.821,21196.673,0
2828,45514.304,9296.844,13678.231,21189.948,0
2829,43975.983,8649.57,14435.766,21204.045,0
2830,43749.462,7957.017,14069.127,21248.286,0
2831,41920.7,6890.58,13271.603,21261.534,0
2832,40462.914,5381.505,11566.65,21210.424,0
2833,38021.851,4574.183,10332.721,21197.981,0
2834,36577.879,4418.153,8883.582,21182.354,0
2835,34788.32,4357.239,8526.246,21121.118,0
2836,33781.722,4276.675,8495.023,21159.122,0
2837,33929.859,4516.125,8233.663,21122.781,0
2838,35338.641,5203.946,8390.028,21174.032,0
2839,35874.985,7053.299,10068.193,20947.953,0
2840,36769.734,8702.879,13330.871,19120.187,0
2841,38332.16,10816.06,15466.011,16244.394,0
2842,41242.499,10150.451,15985.702,13583.082,0
2843,43374.9,10601.182,15840.987,12904.064,0
2844,43791.939,11104.074,16298.096,12033.781,0
2845,42225.772,10357.705,16298.262,10978.329,0
2846,42323.458,10345.092,15331.195,13085.3,0
2847,42607.691,10164.291,14766.927,15669.333,0
2848,42253.34,9806.623,14196.231,18158.687,0
2849,42224.878,10245.203,12031.912,21442.588,0
2850,43606.969,11013.084,10385.38,21397.855,0
2851,45624.722,12046.158,11096.45,21239.326,0
2852,45195.495,10665.518,12033.379,21242.554,0
2853,44539.892,9426.841,12438.432,21324.189,0
2854,44362.086,9020.985,11761.958,21310.21,0
2855,41757.804,8078.428,11506.203,21272.305,0
2856,38857.837,6552.124,10701.413,21152.681,0
2857,36556.022,4599.577,10356.33,21045.032,0
2858,33969.627,4235.364,9981.282,21051.055,0
2859,32619.279,4237.043,9253.701,21008.341,0
2860,31680.509,4295.267,9339.663,20692.359,0
2861,31394.996,4271.738,9825.42,20805.256,0
2862,32834.996,4694.167,10159.229,20928.685,0
2863,33823.317,5948.786,11771.701,20802.133,0
2864,36386.303,7570.737,14146.852,17811.75,0
2865,39458.902,8662.657,16179.581,14738.044,0
2866,39840.516,8903.046,17352.546,13207.941,0
2867,40703.868,9407.756,17890.137,12718.794,0
2868,40021.895,10786.332,17829.999,11805.015,0
2869,39495.854,10168.661,16376.998,11991.379,0
2870,39678.361,9914.173,15407.498,14792.281,0
2871,39730.613,9089.363,15260.733,17910.207,0
2872,39212.58,9250.793,15646.68,18558.905,0
2873,39167.272,9260.404,14529.533,21164.647,0
2874,39239.152,8833.5,14886.365,21389.641,0
2875,41237.727,9275.642,17190.206,20296.007,0
2876,40107.824,8987.664,18578.939,18957.812,0
2877,38412.208,8413.465,19624.905,18187.691,0
2878,37085.067,7951.649,20049.718,18207.805,0
2879,34162.506,7242.739,19811.945,18498.824,0
2880,32299.564,5592.047,18953.16,18488.487,0
2881,30448.251,4220.819,18084.178,18111.457,0
2882,30165.746,3980.284,16694.519,16662.919,0
2883,29881.236,3096.87,16320.982,16184.1,0
2884,29780.41,2985.203,16487.016,14901.823,0
2885,29421.05,2968.621,15946.623,15065.789,0
2886,29352.884,2910.685,15800.098,15276.001,0
2887,29731.042,3368.812,16766.369,12834.505,0
2888,30691.867,4361.257,19473.441,9355.619,0
2889,32424.534,5384.413,18909.05,8454.571,0
2890,33789.606,6123.775,17188.941,8574.328,0
2891,35224.925,6509.006,16151.118,8918.138,0
2892,36075.85,7020.721,15892.73,9224.518,0
2893,35870.472,6953.478,15903.218,9236.317,0
2894,35422.06,6583.571,16454.498,9431.743,0
2895,34938.577,5840.375,15903.674,10979.784,0
2896,34831.301,5028.23,15516.725,13041.479,0
2897,35491.813,4528.565,15456.513,14739.238,0
2898,37297.287,4871.404,16060.225,16974.184,0
2899,38409.409,7429.949,18977.883,17554.067,0
2900,38177.416,6619.153,20018.531,16397.24,0
2901,37828.066,4885.543,20082.056,15751.697,0
2902,36082.298,3931.979,20533.425,16007.102,0
2903,33773.551,3422.697,20838.866,15996.081,0
2904,31620.001,3331.804,20664.334,14925.937,0
2905,29305.843,3295.085,19878.638,14299.301,0
2906,27456.581,3210.335,19012.493,14141.888,0
2907,26838.126,3289.718,17601.867,14201.407,0
2908,26833.458,3103.434,16904.691,14348.032,0
2909,26992.737,2715.42,17508.045,13998.508,0
2910,27358.182,3483.798,18365.778,13431.564,0
2911,28113.786,4914.496,20615.161,11439.206,0
2912,31221.44,5998.092,23441.948,8787.776,0
2913,33869.317,6371.768,23761.64,8826.552,0
2914,35953.908,6708.149,21787.43,9169.326,0
2915,37746.826,6907.142,20730.664,9533.139,0
2916,39445.534,7163.018,19579.29,9716.228,0
2917,39548.395,6871.216,18713.023,9837.955,0
2918,39260.51,6578.479,20076.291,10261.804,0
2919,37610.521,6449.956,21537.288,12042.861,0
2920,36905.856,6453.397,21781.935,13392.105,0
2921,37240.61,7259.708,20314.527,14758.346,0
2922,37274.042,7998.878,19480.567,16924.996,0
2923,39111.494,9746.832,21061.934,16413.006,0
2924,38896.988,8051.478,21923.309,15847.275,0
2925,38086.605,6507.84,21797.612,15708.384,0
2926,36861.249,5902.339,21755.659,15900.838,0
2927,34914.016,4981.267,22036.034,15599.126,0
2928,32455.555,4214.972,22146.016,14934.938,0
2929,29660.615,4135.66,21697.696,13877.013,0
2930,27996.872,3860.578,20169.957,13908.623,0
2931,27096.885,3187.006,19467.287,14064.508,0
2932,26851.806,2721.053,19050.217,13790.443,0
2933,26928.951,2732.838,18435.624,13786.132,0
2934,27425.473,2771.22,18121.073,13771.55,0
2935,27987.882,3365.287,18407.328,12658.386,0
2936,30921.961,4338.524,16620.577,12117.28,0
2937,33697.877,5412.267,16056.112,10872.177,0
2938,35335.651,6138.935,14728.759,10700.795,0
2939,36277.974,6527.748,14333.877,11024.563,0
2940,37256.047,6817.365,13884.309,11048.545,0
2941,37406.05,6651.474,13703.061,11235.425,0
2942,36953.288,6184.097,14405.567,11091.467,0
2943,35606.009,5472.116,16085.819,10894.21,0
2944,34723.089,5281.909,16913.148,11470.481,0
2945,35136.95,5657.695,16366.46,13527.721,0
2946,36233.911,5860.962,17578.242,16519.711,0
2947,37797.195,7878.1,21162.024,16477.716,0
2948,36989.169,7411.334,21432.122,15598.439,0
2949,36072.928,5207.515,22107.249,15318.172,0
2950,34864.037,4143.768,22340.58,15016.655,0
2951,32756.041,3213.206,22843.126,14092.518,0
2952,31213.76,2688.825,22109.632,13568.935,0
2953,27515.58,3242.891,21572.068,13890.384,0
2954,25190.063,3362.411,20837.498,13911.633,0
2955,25215.866,2904.548,20954.853,12200.308,0
2956,25209.404,2799.093,20852.663,11072.387,0
2957,25031.123,2964.867,20395.591,10614.814,0
2958,24980.473,3018.802,19407.656,11167.111,0
2959,25806.649,3119.389,19678.355,9397.542,0
2960,27820.56,3779.644,17465.383,9004.383,0
2961,29878.429,4551.88,14168.61,9646.669,0
2962,32651.042,5369.379,9524.864,10994.103,0
2963,33973.343,5993.36,8233.015,11623.169,0
2964,35022.875,6441.682,8479.562,11968.419,0
2965,34716.912,6455.877,9092.478,11889.219,0
2966,33633.225,6076.602,9629.789,11598.235,0
2967,32783.783,5361.157,11197.501,11368.847,0
2968,32215.526,4751.37,12903.048,12696.262,0
2969,32661.24,4427.475,15233.317,13577.355,0
2970,35545.015,4597.38,16923.269,15485.818,0
2971,38144.875,6515.501,18701.843,16728.637,0
2972,37518.626,4966.527,20266.72,16227.259,0
2973,36391.252,4242.655,20926.199,15735.936,0
2974,35108.664,3839.516,20839.139,15756.046,0
2975,33352.315,3835.41,20280.709,15250.393,0
2976,31685.335,3724.941,19408.584,14229.952,0
2977,29939.847,3609.325,18943.564,13200.837,0
2978,28684.94,3545.254,18704.449,12276.454,0
2979,27681.93,3616.965,18959.777,11504.979,0
2980,26907.084,3601.659,19193.627,11123.798,0
2981,26749.078,3790.609,19523.975,11055.096,0
2982,27707.867,4223.715,19296.205,12870.38,0
2983,29456.794,5803.81,20662.482,12953.871,0
2984,32525.311,6892.934,23039.154,10560.111,0
2985,35129.312,8340.209,22748.431,10682.172,0
2986,37272.761,8630.318,21408.829,10923.109,0
2987,39040.706,9503.771,20076.157,11362.473,0
2988,39834.132,10792.03,18275.058,11726.713,0
2989,39806.653,9403.058,17781.082,11728.084,0
2990,40150.211,9098.544,19226.347,12083.234,0
2991,39756.263,9832.145,19275.919,13460.844,0
2992,39925.32,9520.108,19237.842,14628.449,0
2993,39788.763,9576.252,18398.161,17168.309,0
2994,38753.254,9385.06,17590.188,18951.946,0
2995,41423.461,9645.207,19637.548,17227.328,0
2996,41851.293,8726.031,20998.552,15815.737,0
2997,41714.912,7454.367,21737.243,15377.455,0
2998,40798.575,6628.005,22676.51,15173.233,0
2999,38382.377,5757.929,22741.011,14310.871,0
3000,35821.851,4299.512,21908.731,13605.687,0
3001,32593.342,3690.418,20913.933,13835.318,0
3002,30443.979,3133.449,20205.088,13916.662,0
3003,29311.859,3088.33,19032.086,14310.495,0
3004,29006.911,3114.026,18367.613,14334.266,0
3005,29397.868,3211.433,18020.767,14539.768,0
3006,30363.35,4244.088,18157.635,14912.742,0
3007,31568.299,6259.41,19846.358,14133.6,0
3008,33248.737,7962.035,22697.293,11925.432,0
3009,35785.555,9425.88,22743.737,10842.108,0
3010,37518.101,10379.685,22142.391,9627.539,0
3011,38912.982,11008.74,21062.456,9904.514,0
3012,39862.326,11223.816,20078.257,10431.196,0
3013,39494.351,10355.478,18862.666,11422.619,0
3014,40478.105,10170.788,18347.799,13395.395,0
3015,40172.856,11272.917,18214.619,14510.007,0
3016,39908.077,10987.634,17716.316,16284.369,0
3017,38475.314,10327.874,18579.63,18627.516,0
3018,38211.772,10150.452,18914.641,18315.893,0
3019,40922.011,10488.746,20541.21,16886.201,0
3020,41287.626,9424.319,22132.811,15342.622,0
3021,41185.785,8244.999,23199.111,13927.604,0
3022,40196.457,7782.73,23725.721,13757.623,0
3023,37709.588,6968.676,22914.952,14195.109,0
3024,34760.594,5666.855,21882.618,14354.088,0
3025,32480.202,4667.773,21662.653,13795.309,0
3026,30463.784,4496.498,21156.723,13157.77,0
3027,30259.124,4012.256,20317.03,12395.497,0
3028,30899.425,3998.019,19644.449,11437.297,0
3029,30656.067,4378.551,19573.293,11569.672,0
3030,30776.358,5297.596,19839.36,12877.431,0
3031,31871.383,7485.542,21553.22,11751.519,0
3032,34810.116,8820.019,23495.872,9153.034,0
3033,36429.651,10267.547,24841.17,7903.7,0
3034,37104.911,11986.95,23114.178,8225.437,0
3035,39290.528,12081.039,22190.455,8676.587,0
3036,40831.895,12311.2,21238.978,8740.92,0
3037,40887.709,10941.11,20574.78,8809.51,0
3038,40880.185,11340.013,21413.297,10188.939,0
3039,41103.53,11987.396,20800.9,11525.037,0
3040,40649.262,12116.844,19471.085,13829.848,0
3041,40204.972,11839.423,17603.6,17297.116,0
3042,39553.418,11626.154,16657.908,18706.754,0
3043,40739.772,11743.327,19121.472,18540.369,0
3044,40095.536,10801.111,20802.278,16936.505,0
3045,40302.957,9839.515,21805.876,15543.901,0
3046,40498.308,9162.244,22136.274,14624.18,0
3047,37235.1,8325.699,22582.73,14964.097,0
3048,34221.806,7305.603,22039.163,14839.265,0
3049,32102.695,5296.954,21793.151,14693.613,0
3050,30110.182,4937.218,21463.481,13703.118,0
3051,29244.013,4199.682,21284.697,13271.055,0
3052,28827.191,3925.397,21083.196,13021.624,0
3053,29074.003,3996.602,20872.489,13038.242,0
3054,30316.344,5046.021,20875.079,13198.393,0
3055,31701.462,7145.125,22187.416,12120.446,0
3056,34962.647,8976.458,24001.716,9066.571,0
3057,36746.741,11031.521,23932.089,8509.437,0
3058,37015.131,12664.417,22268.017,9169.375,0
3059,38669.912,12890.471,21696.841,9598.546,0
3060,40229.158,12970.555,20932.698,9528.756,0
3061,40101.842,11296.31,20804.764,9399.192,0
3062,41347.852,11163.539,21968.985,9428.114,0
3063,41375.407,11856.297,22202.154,10476.993,0
3064,40547.396,12069.667,21183.299,12728.675,0
3065,39882.418,12101.471,19217.173,16045.634,0
3066,38489.249,11835.502,18768.074,18085.633,0
3067,40940.449,11644.854,21284.414,16474.599,0
3068,41595.588,10608.297,22445.704,14453.262,0
3069,41308.608,9622.629,22658.516,14125.86,0
3070,41125.441,8713.727,22817.175,14346.2,0
3071,37748.408,8360.982,23015.613,14232.799,0
3072,34271.493,7827.366,22879.058,14209.325,0
3073,32418.252,5489.688,22870.144,13328.531,0
3074,31327.081,5025.977,22098.08,11992.208,0
3075,30655.179,4708.734,21216.781,11434.901,0
3076,30722.276,4390.717,20826.797,11043,0
3077,31021.203,4213.906,21303.067,10673.173,0
3078,31351.005,4676.41,22090.308,11243.221,0
3079,31853.314,7263.967,23011.095,11178.356,0
3080,34296.998,9968.356,24366.779,9224.163,0
3081,34797.26,12881.154,25102.399,8523.731,0
3082,37782.776,12228.402,24890.523,8775.352,0
3083,39931.078,12672.881,24615.654,9034.515,0
3084,41425.943,13050.82,24083.218,9151.036,0
3085,41060.705,11906.544,23720.394,9095.205,0
3086,42624.428,12617.645,22260.123,10443.632,0
3087,42974.393,13104.128,20193.729,12964.651,0
3088,41537.633,12756.6,18535.588,16290.531,0
3089,41029.648,12518.733,15979.141,19683.927,0
3090,40242.929,12053.692,16581.53,20199.635,0
3091,41899.501,11388.216,19711.908,17787.587,0
3092,41487.525,10671.682,20769.529,16210.541,0
3093,39713.099,10031.326,21432.927,15676.545,0
3094,38287.333,9752.344,22771.632,15010.614,0
3095,35897.342,9114.341,23392.119,14851.961,0
3096,34213.855,7368.829,23361.488,14731.21,0
3097,32995.069,5605.845,22796.935,14463.325,0
3098,32090.101,4474.893,21596.024,13491.612,0
3099,30644.562,4084.967,21537.235,12700.296,0
3100,29936.876,3985.801,20999.481,12627.633,0
3101,29695.39,3882.4,20992.387,12531.465,0
3102,29293.622,3900.427,21184.608,12751.385,0
3103,29752.957,4431.304,22507.456,10870.252,0
3104,31605.033,6058.215,23224.535,9118.982,0
3105,34208.766,6982.149,23163.77,8607.933,0
3106,35853.034,7046.426,22566.683,8546.941,0
3107,37604.186,7052.789,21169.219,8814.596,0
3108,38506.733,7208.447,19714.965,9032.146,0
3109,38598.368,7034.73,18910.387,9061.009,0
3110,38439.146,6820.248,18314.28,9515.243,0
3111,37851.914,6230.714,18784.542,10304.31,0
3112,37212.161,5374.202,19372.099,12410.02,0
3113,37307.221,5254.884,17647.077,15817.71,0
3114,39283.73,6392.681,19283.77,15902.124,0
3115,40739.745,7790.263,21758.135,15203.939,0
3116,39282.018,7329.489,23275.878,13867.609,0
3117,38151.36,6286.018,24206.109,12565.051,0
3118,36540.106,5502.797,24383.979,12672.71,0
3119,34864.974,4729.192,23980.026,12976.684,0
3120,33154.523,4114.487,23609.332,12817.559,0
3121,31571.922,3592.287,22512.938,12222.237,0
3122,29996.271,3169.477,21467.1,12018.487,0
3123,28836.19,2926.878,20979.507,11435.736,0
3124,28278.047,2924.958,19810.488,11603.848,0
3125,28518.842,2840.707,18899.964,11401.15,0
3126,28887.054,2845.413,18112.907,11172.798,0
3127,28245.845,3165.51,19297.602,9601.069,0
3128,29033.573,3947.938,19173.632,8059.473,0
3129,29885.436,4900.749,18392.629,8043.656,0
3130,32022.846,5759.561,16606.68,7408.488,0
3131,33488.556,5921.882,15716.869,7555.537,0
3132,33744.758,6019.105,15284.75,7674.952,0
3133,33636.36,5946.627,13831.784,7509.272,0
3134,32735.698,5480.42,12819.516,7456.281,0
3135,31815.636,4721.337,12424.023,8073.436,0
3136,30999.138,3914.31,14107.299,9641.36,0
3137,31610.609,3751.616,15559.351,12017.379,0
3138,34740.854,4107.072,15986.414,15424.27,0
3139,36880.353,5433.811,18684.61,16065.194,0
3140,34711.961,5212.884,21332.904,15365.467,0
3141,34142.844,4680.384,22763.888,14167.555,0
3142,33447.521,4154.436,23002.674,14027.371,0
3143,31504.958,3713.965,23258.596,13800.602,0
3144,29738.502,3517.14,23017.526,12431.801,0
3145,27645.822,3023.547,22301.889,12067.964,0
3146,25349.102,2872.908,22023.884,12423.306,0
3147,24938.177,2710.5,21058.94,12400.144,0
3148,25170.017,2552.509,20634.759,11871.924,0
3149,25166.458,2865.654,21118.935,11650.235,0
3150,26066.082,4089.53,21469.801,11968.981,0
3151,28845.288,6292.958,21783.229,11916.082,0
3152,32059.981,7387.119,23010.9,10785.256,0
3153,34988.695,8646.79,23304.746,9315.408,0
3154,36605.89,9553.141,22371.706,8471.067,0
3155,37445.247,10137.26,22065.06,8559.703,0
3156,38355.705,9411.022,21721.112,9028.262,0
3157,38282.586,8778.597,20065.161,8837.355,0
3158,39553.705,8548.204,20440.592,9370.949,0
3159,39869.075,8736.41,20936.469,10420.729,0
3160,39179.658,10117.399,20462.738,10828.456,0
3161,39617.985,10234.948,19219.261,12670.828,0
3162,36679.484,10187.004,20477.381,15739.162,0
3163,37152.731,10704.462,22882.583,15713.513,0
3164,37162.247,10047.522,22986.287,15324.9,0
3165,37058.879,8859.875,23178.724,14938.723,0
3166,36249.362,8188.31,23563.289,14892.054,0
3167,32857.669,7582.121,23631.504,14561.309,0
3168,31623.134,5329.771,22314.635,15110.433,0
3169,28738.046,4472.261,22603.118,14371.079,0
3170,27404.881,4129.411,22372.854,12752.631,0
3171,26799.267,3834.839,21787.779,12265.069,0
3172,26705.887,3676.262,21547.229,11756.743,0
3173,26656.731,3905.247,21755.156,11930.146,0
3174,27523.582,4885.366,21584.024,12786.413,0
3175,29451.649,7017.104,22701.299,11837.92,0
3176,32846.295,8842.515,23524.128,9961.804,0
3177,34310.086,9670.912,24867.081,9400.635,0
3178,35835.476,9469.325,23831.223,9376.467,0
3179,36899.619,10120.546,23023.942,9600.154,0
3180,38037.205,11408.762,19796.716,10559.883,0
3181,37762.817,9542.629,19241.049,10838.747,0
3182,39080.199,9232.997,19551.531,10994.677,0
3183,37938.412,10378.934,21082.971,11721.143,0
3184,37679.296,10514.728,21587.206,12082.038,0
3185,38200.895,11145.904,20066.552,13479.003,0
3186,38069.275,10978.055,19856.528,14680.332,0
3187,38546.013,11544.17,22079.081,15261.226,0
3188,38945.204,10872.784,21375.807,14739.405,0
3189,38708.47,9654.966,21357.962,14563.558,0
3190,37647.938,8969.966,21851.265,14300.522,0
3191,34915.319,7501.427,21591.747,14240.413,0
3192,32422.264,5325.918,21201.411,13828.621,0
3193,30304.013,3743.837,20521.723,13190.839,0
3194,27768.663,3517.202,20822.36,12368.495,0
3195,26645.153,3546.343,20247.642,12061.299,0
3196,26253.923,3597.304,19810.033,11861.521,0
3197,26645.709,4010.282,19188.461,11831.609,0
3198,28356.425,4700.624,18852.828,12604.129,0
3199,30253.083,7019.517,20105.749,12148.277,0
3200,33898.244,8366.179,21673.082,10717.825,0
3201,35355.033,9082.711,23573.752,9406.624,0
3202,36052.701,9552.882,23114.681,9027.364,0
3203,37525.742,10245.186,21946.536,9525.149,0
3204,38072.9,10428.87,21633.98,9606.182,0
3205,37698.262,8954.531,21162.163,9517.347,0
3206,38288.866,8431.594,22217.846,10151.768,0
3207,37261.487,10173.958,21906.556,10782.034,0
3208,35856.856,10156.643,22138.886,12264.46,0
3209,35800.801,10631.345,20708.197,14801.318,0
3210,38547.832,9258.319,19708.079,15763.564,0
3211,41287.031,10176.342,20362.034,15415.187,0
3212,39423.287,10175.437,21299.642,15060.921,0
3213,39052.859,9261.937,21179.538,14428.841,0
3214,38698.755,7980.577,21367.639,14388.149,0
3215,36046.814,6528.249,20990.181,14468.023,0
3216,32809.978,5038.089,20874.814,14197.03,0
3217,30872.731,3841.386,20666.788,12914.239,0
3218,29352.7,3698.655,20642.535,11931.498,0
3219,28609.335,3274.631,20124.204,11871.869,0
3220,28256.728,3002.833,19656.068,11967.331,0
3221,28499.143,3226.273,19592.315,11935.504,0
3222,30060.006,4780.881,19567.811,11989.389,0
3223,31097.584,7868.924,19694.783,12442.094,0
3224,33742.779,9154.195,21153.201,10589.432,0
3225,34794.17,10074.894,21629.324,9967.356,0
3226,35197.82,9658.684,20475.977,10294.153,0
3227,36306.974,9852.783,19744.023,10645.56,0
3228,38092.885,9698.808,18339.484,10731.776,0
3229,38136.128,8520.89,17459.724,10705.872,0
3230,38852.077,8514.829,18303.272,10821.221,0
3231,40535.62,9152.372,18123.481,11508.308,0
3232,39593.297,10450.964,18458.219,12450.502,0
3233,38486.986,11398.936,18046.159,14946.774,0
3234,38457.536,10261.784,17723.443,17685.968,0
3235,40666.013,10289.216,19696.508,16861.01,0
3236,39844.634,10060.021,19659.642,16530.193,0
3237,39112.528,8399.838,20530.589,16382.571,0
3238,38248.912,7867.117,20859.57,16325.67,0
3239,36618.219,8112.006,19996.68,14850.885,0
3240,35978.186,8106.754,16780.284,13524.803,0
3241,33395.571,5794.151,15352.641,15527.163,0
3242,30456.171,4677.479,16720.194,14862.937,0
3243,28525.986,3841.461,19628.868,12999.104,0
3244,27326.16,3581.964,21136.637,12022.527,0
3245,27644.728,3983.488,21116.983,11678.882,0
3246,28381.265,5473.007,21372.829,11724.407,0
3247,30116.903,7876.09,21042.331,12230.894,0
3248,32731.368,8651.923,22739.659,11130.686,0
3249,34496.535,9744.677,24202.197,9540.964,0
3250,36555.049,10388.38,21435.419,9926.504,0
3251,38155.432,10468.369,19762.585,10506.53,0
3252,39306.684,9735.956,19408.127,10955.575,0
3253,38719.553,8697.235,18621.388,11009.186,0
3254,39308.553,8689.906,18646.074,11705.065,0
3255,38284.519,10023.08,18997.565,12310.633,0
3256,36546.878,11468.772,18179.944,13696.339,0
3257,35404.813,11628.747,18356.118,15760.716,0
3258,36380.175,10925.807,18954.939,17130.835,0
3259,39124.35,10966.633,21073.999,15645.508,0
3260,37770.31,10636.185,21712.292,15028.519,0
3261,36036.308,9756.279,21732.466,15067.739,0
3262,34771.812,9474.988,22408.111,14408.508,0
3263,33181.59,8678.339,22095.041,14811.936,0
3264,32321.065,5699.925,22061.05,14730.785,0
3265,31353.857,4051.346,21702.368,13453.267,0
3266,30762.91,3285.039,21236.481,11685.538,0
3267,30527.269,2807.432,20556.894,10870.667,0
3268,30071.113,2570.13,20569.527,10797.415,0
3269,29011.802,2672.828,21125.182,10656.78,0
3270,29564.435,2951.517,21019.705,10277.433,0
3271,28531.578,4441.972,22485.617,9289.26,0
3272,29146.253,6789.786,22863.243,8393.636,0
3273,32718.863,7400.683,21905.213,7061.154,0
3274,33999.333,7410.888,21216.679,7488.328,0
3275,35777.223,7076.513,20413.406,7707.81,0
3276,36423.591,7143.036,20361.803,7676.588,0
3277,36909.681,6626.234,19447.802,7254.428,0
3278,36899.95,6265.553,20098.899,7194.833,0
3279,36012.549,6122.348,21596.31,6972.57,0
3280,35279.414,6195.192,21833.183,8054.074,0
3281,35728.969,5956.783,20212.189,11573.355,0
3282,37782.088,6235.435,19732.746,15162.875,0
3283,39237.22,8235.549,21953.756,15633.327,0
3284,37921.572,7139.501,22562.329,15091.762,0
3285,36055.45,6150.735,22445.347,14949.761,0
3286,34915.422,4849.089,22415.282,15093.983,0
3287,33389.197,3702.524,22390.811,14876.21,0
3288,31338.415,3382.329,21749.647,14695.157,0
3289,29513.249,3361.481,22097.181,12460.606,0
3290,27897.938,3792.532,22621.098,10034.526,0
3291,27401.323,3659.697,22569.811,8393.191,0
3292,27797.806,3374.55,21869.797,7539.55,0
3293,27502.795,3204.689,21895.88,7423.051,0
3294,27467.855,2865.359,21565.579,7312.392,0
3295,27238.361,3005.889,21080.101,7344.3,0
3296,27817.249,4091.297,20574.229,6665.701,0
3297,29589.799,5024.688,18317.015,6710.343,0
3298,31694.603,5314.475,16169.494,6904.382,0
3299,33831.377,5616.397,14808.278,7336.274,0
3300,35094.408,5839.462,14863.645,7512.591,0
3301,35498.894,5768.397,14689.829,7539.061,0
3302,35090.09,5308.585,14762.135,7404.963,0
3303,33718.394,4897.372,16612.198,7002.93,0
3304,32470.641,5103.14,18196.688,7780.538,0
3305,33313.28,5544.945,17493.931,10611.577,0
3306,34826.519,5118.701,19035.584,13875.219,0
3307,36161.606,7338.377,21384.031,14807.234,0
3308,35547.39,7036.221,21879.801,13666.416,0
3309,36178.779,5076.861,22233.382,13203.266,0
3310,36036.745,4538.139,22388.644,12270.81,0
3311,35082.318,4279.748,22218.026,11828.999,0
3312,33568.442,3967.922,21481.07,10967.703,0
3313,32706.204,2881.25,21092.512,9905.233,0
3314,31200.264,2532.15,20895.008,9623.969,0
3315,30710.34,2296.768,20481.254,9468.213,0
3316,30313.338,2327.615,20446.329,9254.493,0
3317,30502.949,2359.789,20269.976,9453.776,0
3318,31902.578,3248.996,20140.981,10139.369,0
3319,33036.393,4932.686,21680.907,10423.524,0
3320,35512.977,6607.95,22066.602,9853.722,0
3321,37886.372,7683.614,22919.256,9150.177,0
3322,38464.724,8093.364,23417.316,9049.337,0
3323,39058.365,9718.693,22910.692,9105.748,0
3324,39933.846,9871.807,22578.331,9193.048,0
3325,39945.694,8397.753,21898.36,9151.703,0
3326,41237.783,8333.661,21138.683,10236.562,0
3327,41790.766,9250.484,19848.38,11640.916,0
3328,41237.516,9200.25,18744.269,14591.931,0
3329,40596.147,9353.701,17517.721,17582.12,0
3330,41384.694,9145.145,17302.292,17802.365,0
3331,41716.355,10141.095,18750.627,18189.933,0
3332,41401.604,9678.235,19507.69,17313.547,0
3333,40582.895,8675.962,20354.054,16748.538,0
3334,39762.391,7553.367,21198.336,16552.604,0
3335,37606.221,6275.758,21282.803,16092.742,0
3336,34411.695,5269.541,20533.155,15757.747,0
3337,32992.11,3396.963,19101.072,16054.606,0
3338,30750.837,3148.001,18486.517,15863.508,0
3339,29400.803,3206.323,18097.325,15423.214,0
3340,28792.189,2997.29,17703.92,15547.722,0
3341,29103.461,2999.933,17303.647,15902.506,0
3342,30556.071,3578.335,17357.812,16387.205,0
3343,33291.063,5223.067,18135.315,15209.375,0
3344,36102.34,7158.459,20319.542,12074.992,0
3345,37843.953,8401.648,22477.455,10421.276,0
3346,39085.204,9285.725,21771.335,9779.11,0
3347,40812.629,10424.792,20751.992,9322.542,0
3348,42251.383,10131.67,20341.671,9509.067,0
3349,42268.177,8454.137,19036.767,10115.631,0
3350,42499.61,9245.978,17740.57,12131.477,0
3351,42266.344,10319.67,16013.965,15172.112,0
3352,41893.186,10689.225,14859.097,17911.972,0
3353,41718.19,10727.232,13540.537,20136.584,0
3354,42832.441,10141.392,12785.12,20056.355,0
3355,43935.615,10033.365,14842.575,19911.06,0
3356,42334.141,9055.689,16655.968,19453.719,0
3357,41066.4,8139.426,17593.317,18853.276,0
3358,40185.071,7123.287,18293.009,18826.564,0
3359,37845.231,5950.801,18139.293,18641.129,0
3360,34791.929,5092.408,17475.577,18120.461,0
3361,33581.059,3599.883,17573.824,16258.844,0
3362,31431.68,3518.236,17539.413,14810.204,0
3363,30095.339,3612.42,16957.832,14426.252,0
3364,29398.233,3731.07,16799.366,14189.725,0
3365,29640.541,3929.525,16173.46,14713.383,0
3366,30889.519,4350.996,16175.377,16014.607,0
3367,32780.241,5408.912,17762.889,15956.644,0
3368,34783.503,7296.503,20419.064,13015.038,0
3369,36841.915,8751.629,22447.569,10662.807,0
3370,37074.887,9941.442,23302.654,9883.367,0
3371,38649.1,10811.555,22179.85,10056.661,0
3372,39778.861,10820.144,21093.34,10244.775,0
3373,39699.229,9850.187,19401.728,10338.576,0
3374,41653.053,9430.662,18808.227,11011.146,0
3375,42849.782,9547.194,18131.684,12527.901,0
3376,43136.928,9225.56,16635.318,15599.391,0
3377,42021.235,9333.972,15540.482,19262.408,0
3378,41489.089,9286.036,15973.626,19881.438,0
3379,42145.545,9828.43,19561.181,17784.336,0
3380,42009.75,8613.831,21237.035,15840.89,0
3381,41611.398,7076.445,21379.52,15774.492,0
3382,40512.443,6638.274,21492.959,15822.263,0
3383,37449.375,5942.203,21389.194,15671.771,0
3384,35000.887,4141.483,20759.942,15612.145,0
3385,32102.406,3098.258,20150.112,15286.231,0
3386,30546.522,2977.962,19798.699,13700.326,0
3387,29718.136,3027.199,19699.909,12415.356,0
3388,29301.499,3018.959,20152.361,11567.894,0
3389,29562.026,2977.505,20452.879,11339.072,0
3390,31286.226,3415.458,20229.417,11961.173,0
3391,33438.655,4852.925,20726.34,12263.232,0
3392,35392.606,6465.649,22752.654,10589.196,0
3393,37726.601,7580.934,23614.232,9424.088,0
3394,38697.958,8712.26,23192.385,8742.876,0
3395,40981.483,9648.81,22336.025,8698.153,0
3396,41697.632,10042.149,22064.816,8807.677,0
3397,41693.656,9041.379,20565.36,8992.198,0
3398,41586.775,9184.661,19558.18,11208.507,0
3399,42041.903,9187.119,18843.386,12928.805,0
3400,41474.233,9189.148,18255.713,14822.496,0
3401,40919.245,9620.252,16325.447,18169.512,0
3402,41056.295,9793.363,15322.108,19407.745,0
3403,42496.807,9037.251,18451.471,18594.027,0
3404,41402.528,8501.029,20132.144,16862.733,0
3405,40709.673,7203.45,20757.191,16221.796,0
3406,39719.647,6415.602,21462.094,15986.991,0
3407,36839.195,5561.218,21807.624,16011.423,0
3408,34527.198,4029.923,21095.226,15531.957,0
3409,31845.437,2950.437,20970.03,15073.352,0
3410,29997.811,2989.208,20619.819,13816.473,0
3411,29616.197,2930.365,20187.773,12458.383,0
3412,29528.753,2916.749,20141.735,11439.164,0
3413,30277.271,2940.455,20075.648,11079.527,0
3414,32771.953,3017.799,19451.766,11820.226,0
3415,34782.373,5304.399,19745.163,11673.025,0
3416,36909.541,6546.145,21241.497,10563.79,0
3417,37603.613,7914.144,23168.368,10117.328,0
3418,37858.342,9276.03,22920.075,10128.273,0
3419,39836.729,10048.193,21457.045,10331.847,0
3420,40965.482,9563.436,20597.1,10504.381,0
3421,41664.242,7648.082,19605.119,10558.001,0
3422,42368.466,7863.386,19430.29,11114.227,0
3423,42299.326,8403.885,18070.535,13224.559,0
3424,40527.351,8492.558,16632.013,16626.385,0
3425,40188.328,8937.901,15092.355,18475.227,0
3426,41729.592,9122.773,14588.965,18704.723,0
3427,40709.264,9961.23,18203.251,18484.192,0
3428,40282.091,7925.557,21108.848,16460.379,0
3429,39960.773,6014.132,21812.496,15582.101,0
3430,38770.92,5540.346,21956.564,15672.988,0
3431,36682.912,4746.17,22388.217,15299.233,0
3432,34368.437,3706.707,21853.049,15117.701,0
3433,31094.904,3659.425,21865.755,13835.814,0
3434,29385.254,3361.358,21312.092,13000.419,0
3435,28500.481,3331.626,21316.738,11627.095,0
3436,28107.956,3356.37,21170.555,10810.09,0
3437,27777.029,3410.255,21177.13,10771.886,0
3438,27950.126,3416.362,21013.579,10936.286,0
3439,29328.708,3524.869,21911.115,9507.221,0
3440,30720.991,4392.093,23750.908,7644.429,0
3441,33194.476,5117.642,23149.053,7694.359,0
3442,35333.862,5401.592,22152.806,8030.626,0
3443,37608.171,6053.862,20007.014,8321.714,0
3444,38605.151,6154.946,19343.417,8422.518,0
3445,38858.266,6028.241,17875.518,8930.13,0
3446,38743.764,5879.035,17349.363,8924.808,0
3447,38799.884,5294.151,17446.718,8874.809,0
3448,37655.136,4711.756,18503.714,9705.617,0
3449,36555.845,4815.806,18148.122,13099.418,0
3450,38511.481,6225.938,17035.785,16108.959,0
3451,40037.869,7247.873,19068.655,16359.236,0
3452,37439.277,5720.717,21163.772,16304.65,0
3453,36109.975,4485.593,22304.742,14964.145,0
3454,34810.658,3253.799,22141.504,14944.574,0
3455,32782.604,3290.376,22229.397,13395.843,0
3456,31107.179,3261.804,21692.579,12294.698,0
3457,30038.422,3193.211,21272.548,10560.732,0
3458,28745.958,3278.133,21300.073,9232.286,0
3459,27449.045,3404.135,20994.732,8726.218,0
3460,26177.49,3430.383,21252.681,8489.379,0
3461,25673.763,3303.439,21024.663,8361.737,0
3462,25670.869,3339.217,20631.5,8064.585,0
3463,25683.971,3235.811,20788.141,7089.319,0
3464,26987.305,3464.189,20901.111,6285.668,0
3465,30045.758,4226.614,18069.867,6589.683,0
3466,32720.484,4989.827,14925.378,7028.048,0
3467,34323.795,5467.944,13583.277,7426.323,0
3468,35106.134,5676.445,13650.393,7544.025,0
3469,35285.844,5665.96,13512.997,7485.396,0
3470,34821.43,5291.845,13749.022,7310.987,0
3471,34305.607,5069.846,13990.493,7343.43,0
3472,33801.818,4815.619,14583.094,8668.769,0
3473,33366.954,4245.46,16898.032,11336.85,0
3474,35362.541,5047.329,18313.896,13685.263,0
3475,36320.048,6205.181,21488.607,14815.441,0
3476,36273.23,4555.82,21811.585,14872.018,0
3477,35518.58,3804.817,21555.083,15070.512,0
3478,34838.467,3348.27,21311.085,14680.323,0
3479,32939.974,3303.703,21821.854,13263.228,0
3480,30555.514,3313.841,21954.685,11473.955,0
3481,28632.517,3090.663,22191.268,9572.835,0
3482,27950.073,2993.682,21995.803,8314.829,0
3483,27644.29,2981.318,21509.127,7791.857,0
3484,27188.645,3052.216,21550.521,7427.311,0
3485,27376.64,3206.884,22036.765,7226.021,0
3486,28609.361,3419.533,22029.905,8798.862,0
3487,30138.83,4868.898,22303.426,10382.011,0
3488,33632.567,5516.571,23424.578,9069.709,0
3489,37244.652,6672.836,23418.645,7912.979,0
3490,38098.426,7265.008,23824.212,8089.811,0
3491,39319.796,8361.058,22569.451,8256.052,0
3492,40071.116,9148.115,21150.122,8578.159,0
3493,39867.141,8117.701,20320.598,8609.268,0
3494,40084.911,8156.57,21314.835,8998.307,0
3495,38424.29,8777.519,22458.58,10696.533,0
3496,37688.305,8844.435,21636.937,13402.998,0
3497,38259.351,8838.666,19096.26,16655.881,0
3498,38771.352,8497.333,18695.527,17210.459,0
3499,39724.765,8592.059,20903.415,16847.243,0
3500,39614.21,8228.095,20737.294,16371.422,0
3501,38364.663,7338.174,21327.585,16154.447,0
3502,37511.617,6735.38,21852.002,15657.269,0
3503,34184.581,5704.102,22101.381,15894.241,0
3504,31644.612,3735.289,21621.524,15751.772,0
3505,29469.007,3105.572,20877.16,14476.052,0
3506,27634.319,3025.901,21046.139,12618.281,0
3507,26612.903,3093.673,21674.026,10895.958,0
3508,25805.625,3318.346,22349.477,10234.393,0
3509,26613.95,3486.677,22011.339,9995.145,0
3510,28946.715,3468.758,21905.409,10518.14,0
3511,31715.342,4146.075,22663.661,11049.992,0
3512,34189.991,5928.688,24664.966,9004.775,0
3513,36729.483,7097.875,25189.574,8280.103,0
3514,37621.679,8259.009,23821.789,8546.249,0
3515,39272.017,8793.152,23578.472,8559.154,0
3516,39974.91,9287.762,23461.062,8543.173,0
3517,39003.645,8780.311,22776.21,8527.763,0
3518,39868.095,9113.684,23320.815,9083.913,0
3519,40006.9,9588.959,23014.672,10520.147,0
3520,39545.371,9542.908,22306.84,11929.506,0
3521,37529.936,9451.024,21484.61,14982.43,0
3522,39157.467,8601.818,18944.871,17405.217,0
3523,41249.564,8282.118,20872.614,16663.69,0
3524,39759.268,8032.378,22908.43,15122.572,0
3525,39425.625,7137.312,22444.751,14873.993,0
3526,38037.907,6647.291,22995.989,14629.306,0
3527,35874.478,5384.476,22716.256,14752.482,0
3528,32403.791,4393.893,22079.409,14581.351,0
3529,29708.23,4228.931,21666.089,13342.64,0
3530,28339.904,4168.159,20980.375,12115.298,0
3531,26797.565,4135.736,20968.009,11511.35,0
3532,25693.279,4073.167,21889.173,10639.891,0
3533,25977.824,4043.726,22161.015,10298.94,0
3534,27486.588,4204.226,21861.068,11597.061,0
3535,30991.982,4698.317,22144.305,11804.845,0
3536,33810.011,6216.988,23261.773,10265.265,0
3537,35592.321,8062.025,24226.666,10022.173,0
3538,36414.546,8502.803,24128.179,10902.36,0
3539,37941.358,8806.372,24283.473,10938.492,0
3540,38438.252,9152.333,24007.148,11000.246,0
3541,37644.395,7767.401,23883.386,10893.644,0
3542,38373.605,7849.361,22744.668,12241.191,0
3543,38034.152,8290.544,21858.705,14103.172,0
3544,37818.041,8694.336,20365.163,15345.109,0
3545,37912.415,8876.891,17914.459,17660.347,0
3546,40456.995,8896.15,15738.55,18332.613,0
3547,40591.46,8596.123,19205.113,18170.992,0
3548,38985.349,7807.133,21564.139,16641.4,0
3549,39273.167,6899.758,22472.67,14377.272,0
3550,37869.476,6190.552,22970.728,14255.46,0
3551,34521.125,5395.819,23001.678,14252.371,0
3552,30613.883,4861.217,21829.831,14520.125,0
3553,28190.412,4371.191,21126.267,14068.628,0
3554,27416.828,4504.293,21021.405,11940.124,0
3555,26630.874,4535.782,20349.852,11247.011,0
3556,26390.754,4426.817,19789.663,11316.521,0
3557,26653.714,4465.439,19241.94,11842.065,0
3558,28683.352,4551.874,18375.748,12692.808,0
3559,30978.61,5133.754,18844.052,13612.66,0
3560,33466.378,5723.896,21252.977,12283.283,0
3561,36104.07,6536.45,23782.889,10956.669,0
3562,36696.29,6858.693,23778.569,11361.584,0
3563,37681.462,8285.597,22509.173,11093.345,0
3564,38120.909,8527.08,21705.468,10930.767,0
3565,37536.672,7435.671,21104.924,10695.215,0
3566,38636.516,7396.385,20570.143,10854.432,0
3567,38894.708,7653.369,19570.413,12711.301,0
3568,39288.015,8201.543,18127.296,13659.708,0
3569,39397.278,9087.635,15391.049,16389.81,0
3570,40446.526,8669.621,14292.986,18817.508,0
3571,41707.406,8402.544,17599.084,18935.86,0
3572,40409.061,7969.646,18893.606,17861.647,0
3573,39003.843,7337.41,19909.09,16716.24,0
3574,36885.803,6653.776,21087.489,16461.837,0
3575,33718.632,5229.91,21974.309,16095.239,0
3576,30911.782,3971.021,21418.166,14934.346,0
3577,31234.492,3982.922,20357.071,12667.034,0
3578,29770.024,4063.263,19749.044,11432.811,0
3579,28898.99,4106.227,19055.608,10552.027,0
3580,28532.812,4101.522,18386.261,10604.247,0
3581,29579.148,3969.599,17814.294,10520.159,0
3582,31588.19,3912.782,17223.042,11712.101,0
3583,34531.558,4299.821,18277.379,12215.825,0
3584,36647.107,5686.433,21354.715,10037.351,0
3585,38004.726,7277.396,23306.602,9002.031,0
3586,38211.669,7293.292,23710.578,9453.768,0
3587,40295.639,7657.208,21308.191,10055.445,0
3588,41267.394,7842.069,20081.265,10076.224,0
3589,39587.979,7443.701,18720.189,10347.214,0
3590,40957.816,7083.361,17911.992,10734.054,0
3591,40760.166,6629.28,18703.947,11572.741,0
3592,40723.426,6281.901,18381.394,13193.784,0
3593,39285.998,6933.15,16521.613,17153.285,0
3594,39893.272,7142.016,16443.954,19399.623,0
3595,41270.606,8099.214,19731.811,18137.656,0
3596,39688.219,7787.341,21173.171,16748.594,0
3597,38446.83,7331.405,22138.371,14794.166,0
3598,37648.369,6409.226,23056.533,13575.584,0
3599,36316.148,4902.8,22254.797,13783.221,0
3600,33768.193,3820.875,21149.876,13954.194,0
3601,31452.829,3327.855,19988.921,13470.132,0
3602,29536.375,3349.99,19316.713,12537.413,0
3603,27712.777,3315.298,19463.825,11984.129,0
3604,26850.953,3343.541,19583.583,11769.532,0
3605,26603.822,3348.153,19649.823,11451.056,0
3606,26607.848,3369.658,19321.714,11828.502,0
3607,26786.245,3491.435,20412.464,11562.191,0
3608,28522.474,4400.717,20996.163,11064.016,0
3609,30585.073,5784.672,21502.889,9980.962,0
3610,32487.057,6781.676,20329.931,9707.509,0
3611,34004.866,7389.412,18961.615,9886.794,0
3612,34938.708,7562.793,17798.947,10185.836,0
3613,35117.498,7274.531,16992.547,10094.881,0
3614,34378.546,7003.512,17093.647,10120.295,0
3615,33362.468,6338.191,18103.735,10359.398,0
3616,32645.032,5360.162,19208.573,11169.363,0
3617,33541.345,5031.628,19492.789,13115.187,0
3618,36303.403,5750.685,18843.053,15733.439,0
3619,37487.883,7274.374,22003.499,15755.014,0
3620,35697.054,6605.728,22483.08,15340.16,0
3621,35530.66,4741.703,22568.526,14428.38,0
3622,34321.828,3950.982,23329.504,12835.351,0
3623,31692.118,3579.587,23480.865,12272.245,0
3624,29092.78,3501.464,23046.668,11902.804,0
3625,27239.926,3547.21,22834.262,10803.859,0
3626,24922.042,3656.032,22617.371,10018.459,0
3627,24188.371,3608.899,22340.345,9041.139,0
3628,23754.202,3626.641,21903.839,8287.706,0
3629,23518.997,3616.236,21641.837,8162.075,0
3630,23464.487,3523.033,21804.582,7896.367,0
3631,23464.79,3503.913,21837.269,7739.749,0
3632,25356.719,3779.486,21532.961,7045.138,0
3633,27751.376,4740.649,19097.661,7338.845,0
3634,30324.415,5492.289,16103.723,7824.377,0
3635,31958.729,6182.422,14357.52,8011.933,0
3636,33211.552,6623.203,13114.518,8539.106,0
3637,33165.732,6695.889,12824.612,8603.701,0
3638,32379.408,6515.677,12670.654,8719.624,0
3639,30850.974,5914.421,14163.197,8587.862,0
3640,30116.909,5080.305,15911.082,9683.124,0
3641,31570.529,5302.108,15344.004,12364.73,0
3642,34495.8,5565.153,16685.21,15507.674,0
3643,35941.652,8018.491,19141.952,16043.648,0
3644,34127.525,7143.149,20504.763,15459.07,0
3645,33010.835,6426.139,22037.279,13950.27,0
3646,32562.776,5763.883,23254.742,12403.707,0
3647,31333.232,5255.462,22845.893,11563.899,0
3648,28945.724,4949.556,22311.024,10856.636,0
3649,27625.114,4195.247,21290.273,10289.515,0
3650,26416.955,3319.406,20895.762,10338.125,0
3651,25037.315,3412.622,21274.745,9772.718,0
3652,24460.443,3472.966,21348.455,9681.756,0
3653,24881.455,3518.526,21338.469,9664.592,0
3654,26949.066,3609.087,20891.763,10762.746,0
3655,29690.513,4582.145,21541.469,11253.611,0
3656,32382.721,6389.764,22946.1,9627.181,0
3657,34985.185,7700.016,23587.046,8863.685,0
3658,36436.453,8211.48,23337.83,8726.88,0
3659,37448.772,9161.039,23209.969,8905.496,0
3660,38200.235,10237.01,21669.218,8860.615,0
3661,38687.955,7448.246,22116.777,8773.132,0
3662,38286.929,8028.515,22893.369,9201.331,0
3663,36895.058,9986.291,23245.204,9631.308,0
3664,36568.803,10240.637,22438.277,11318.684,0
3665,36752.914,9986.92,21543.762,13493.79,0
3666,37587.478,8853.964,21188.457,14974.304,0
3667,39375.945,9229.975,22012.626,15107.856,0
3668,38179.976,9336.061,22079.608,14943.486,0
3669,37696.711,9022.443,21558.833,14517.012,0
3670,36824.834,8240.562,22158.456,14027.912,0
3671,33340.425,7490.603,22164.443,14304.409,0
3672,32214.384,5343.894,21910.726,13302.518,0
3673,29969.389,4245.008,22032.164,11903.593,0
3674,27983.335,4040.352,22186.966,10821.348,0
3675,27205.513,3645.088,21978.815,10218.458,0
3676,27073.448,3492.277,21555.962,10059.478,0
3677,27060.779,3408.874,22032.119,10056.987,0
3678,28622.826,3890.521,21922.53,10949.79,0
3679,30962.069,5408.759,22120.116,11870.551,0
3680,33620.183,7156.618,22572.712,11328.151,0
3681,36296.949,8388.838,23818.58,10012.679,0
3682,36384.461,10270.961,23632.254,9564.939,0
3683,36493.075,11423.189,23963.851,9265.073,0
3684,37056.272,11419.842,23699.718,9210.361,0
3685,37616.532,9447.554,22153.846,9207.156,0
3686,37065.154,9638.944,23038.677,9859.67,0
3687,36353.767,10132.825,23783.465,10449.526,0
3688,37031.372,10115.27,22845.244,11307.429,0
3689,37742.561,10239.374,21240.654,13927.194,0
3690,38745.458,10335.175,19772.076,16002.621,0
3691,40400.393,10356.962,21504.852,16265.26,0
3692,39502.896,10094.841,21549.565,16300.564,0
3693,38868.468,9456.692,21190.162,16194.423,0
3694,38027.13,8769.451,22090.165,14916.033,0
3695,35306.458,7673.868,22348.422,14321.506,0
3696,32593.595,5589.977,22371.111,13476.052,0
3697,30812.61,4348.902,22934.419,11073.331,0
3698,28811.125,4211.426,22842.003,10089.75,0
3699,27259.039,4210.015,22428.423,9969.189,0
3700,26521.384,4256.505,22096.023,9830.539,0
3701,26860.396,4269.181,21820.765,10084.009,0
3702,27877.804,4985.726,21189.03,11841.423,0
3703,31197.781,6033.634,21837.87,11873.566,0
3704,32893.742,8128.085,23363.152,10229.966,0
3705,35945.266,8929.036,23885.618,8884.514,0
3706,36833.325,9668.227,22444.555,9399.034,0
3707,38221.105,10793.482,21038.455,9562.626,0
3708,39333.547,11287.01,19674.45,9539.226,0
3709,38843.616,9536.963,19258.88,9489.466,0
3710,40482.907,8582.277,19997.337,9813.908,0
3711,41319.757,9252.622,20817.469,9727.393,0
3712,41325.556,9792.708,20609.131,10681.827,0
3713,39761.541,10430.689,19731.224,14288.699,0
3714,40243.712,10139.761,17880.276,17709.844,0
3715,41333.907,10755.423,19731.587,17783.898,0
3716,40574.388,10165.606,20366.793,16992.762,0
3717,40240.41,8938.083,21454.607,15374.402,0
3718,39376.61,8215.865,22628.074,14150.138,0
3719,35818.266,7922.182,22796.812,13844.456,0
3720,33856.679,5735.487,21894.569,13607.687,0
3721,31302.388,4559.548,20915.875,13312.166,0
3722,29171.717,4200.358,20652.169,12454.564,0
3723,27951.285,4261.877,20295.073,11965.257,0
3724,27730.187,4495.165,20172.205,11004.038,0
3725,27779.348,4635.877,20137.315,11088.871,0
3726,29633.159,4717.453,19791.086,12096.893,0
3727,32023.561,6255.817,20285.922,12101.648,0
3728,34241.995,7326.25,23195.62,10176.366,0
3729,37059.298,8446.262,23563.996,9436.846,0
3730,37162.978,10294.74,22783.245,9615.646,0
3731,38718.749,10461.592,22116.445,9810.899,0
3732,38977.542,10389.127,22005.841,10017.55,0
3733,38592.521,9172.369,21420.005,10087.884,0
3734,39933.08,9343.164,21495.395,9876.729,0
3735,41940.374,9346.209,21380.959,9969.719,0
3736,42491.68,9260.578,20565.534,11554.473,0
3737,41965.685,9545.759,18580.366,14917.93,0
3738,41243.883,9782.77,17615.352,16842.121,0
3739,41794.251,9089.101,20240.382,17303.555,0
3740,40874.956,9097.742,21127.786,16036.857,0
3741,39123.774,8683.741,21483.579,15010.022,0
3742,38873.514,8369.098,21462.043,14292.395,0
3743,35364.932,8274.864,21791.982,14119.24,0
3744,32022.218,7377.444,21280.61,13658.873,0
3745,30529.319,6261.061,20497.179,12965.114,0
3746,29337.004,5098.572,20481.494,11976.509,0
3747,28626.853,4633.442,20561.758,10811.727,0
3748,28472.281,4561.727,20308.152,10343.298,0
3749,28618.341,4502.214,20573.152,10223.734,0
3750,30267.728,4669.436,20154.252,11572.112,0
3751,32193.647,5550.443,21207.492,12409.739,0
3752,35209.19,7589.635,21336.546,11138.43,0
3753,36644.538,9216.198,22978.551,9660.082,0
3754,36758.694,10231.343,23629.554,9056.114,0
3755,36863.81,10879.686,23999.75,9050.858,0
3756,37124.342,10911.477,23792.779,9319.646,0
3757,37030.13,10384.102,22366.322,9354.808,0
3758,39361.606,10188.042,21571.153,9983.05,0
3759,40742.206,9773.641,20829.008,11174.27,0
3760,40429.106,9717.747,19929.161,12401.795,0
3761,39629.013,9433.077,18110.45,16405.946,0
3762,40828.448,9568.669,16946.82,18489.599,0
3763,41503.349,9773.151,20055.645,17426.12,0
3764,40300.554,9815.425,21649.064,15167.269,0
3765,40350.495,8864.565,22247.359,13076.043,0
3766,39738.858,8113.124,22286.691,12775.566,0
3767,37619.878,7200.606,22473.12,12626.645,0
3768,35160.84,6063.859,21743.118,12844.826,0
3769,32334.277,4968.586,21176.957,13070.775,0
3770,30845.363,4544.427,20535.201,12002.38,0
3771,30281.133,4292.015,20280.288,10541.066,0
3772,30137.054,4212.297,20179.221,9675.618,0
3773,29827.888,4149.713,19789.495,9927.235,0
3774,30203.178,4194.791,19712.964,9942.841,0
3775,30745.081,4547.712,20421.232,9628.107,0
3776,32972.606,5525.386,21321.014,7860.167,0
3777,36197.267,6499.414,21830.983,6495.221,0
3778,37020.282,7230.216,22117.802,6310.875,0
3779,37760.255,7334.785,21812.857,6656.547,0
3780,38132.226,7738.697,21089.465,6895.861,0
3781,37796.925,7831.927,20445.348,6941.055,0
3782,37612.914,7182.364,20328.664,7187.603,0
3783,37604.254,6267.955,20107.842,7587.369,0
3784,38564.997,5431.159,19272.045,8539.154,0
3785,39416.964,6111.853,18910.689,9682.845,0
3786,41230.76,7196.574,18047.502,13331.834,0
3787,40036.303,8411.28,21144.447,15398.359,0
3788,36855.111,7990.878,22580.324,14990.349,0
3789,35766.723,6528.089,22845.889,14055.727,0
3790,34844.053,5146.141,23209.777,13597.519,0
3791,32717.771,4660.309,23271.788,13037.514,0
3792,31194.984,4441.696,22049.961,12543.46,0
3793,29160.505,4257.827,21707.71,11546.644,0
3794,27925.362,4171.28,21697.529,9604.89,0
3795,27125.891,4124.367,21765.453,8027.519,0
3796,27002.087,4093.813,21460.938,7118.763,0
3797,26730.724,4103.837,21153.696,6828.472,0
3798,26997.892,4068.572,20350.625,7111.513,0
3799,27000.926,4143.523,20138.23,7005.699,0
3800,27701.86,4287.844,19411.992,7185.502,0
3801,29289.523,4317.046,18945.519,7473.046,0
3802,32383.518,4888.474,17586.107,6871.65,0
3803,34568.28,5313.316,16782.269,7179.031,0
3804,35735.895,5710.75,16807.84,7486.153,0
3805,36787.242,5616.896,15600.131,7471.199,0
3806,35786.805,5531.386,15132.606,7288.397,0
3807,34434.152,5246.467,15233.666,7582.825,0
3808,34512.838,5121.247,15011.821,8732.012,0
3809,35427.884,6121.99,14317.29,10592.67,0
3810,38008.565,6074.396,16111.661,13525.601,0
3811,38802.021,6786.842,19420.465,14285.571,0
3812,37092.796,6311.807,21479.82,13826.83,0
3813,35132.476,5873.628,22836.872,13127.087,0
3814,33417.879,5754.873,22984.915,13256.778,0
3815,30999.921,5246.951,23038.828,13314.037,0
3816,28852.258,4963.378,21729.966,13275.699,0
3817,28669.118,4788.51,20054.256,11722.481,0
3818,28706.598,4525.995,18878.631,10578.423,0
3819,28738.574,4496.7,18026.824,9983.02,0
3820,29385.598,4480.045,16774.232,10044.592,0
3821,31555.116,4455.454,15491.572,9517.164,0
3822,35052.736,4457.059,14224.85,10365.827,0
3823,37240.264,5788.306,14389.06,12062.447,0
3824,38076.466,7798.425,16409.653,11781.616,0
3825,39862.572,9624.308,19330.651,9357.499,0
3826,41229.139,10003.983,19757.739,9030.155,0
3827,41510.056,12010.649,18950.054,9398.391,0
3828,42508.804,12316.237,18239.453,9732.163,0
3829,41381.833,11024.29,18311.439,9440.467,0
3830,41186.564,11097.269,18344.699,10254.07,0
3831,40821.568,11085.664,17907.192,11916.311,0
3832,41006.819,10741.491,16702.144,13444.191,0
3833,41432.543,10933.185,14174.608,16563.075,0
3834,42254.72,11091.843,13079.157,18345.731,0
3835,42681.138,11468.869,15691.205,18308.665,0
3836,41567.68,10540.606,17345.317,18170.576,0
3837,39711.886,10335.383,17862.842,18002.376,0
3838,38743.019,9659.814,18163.404,17397.254,0
3839,37834.259,7969.727,18297.763,15534.018,0
3840,35579.079,5501.578,18010.683,15190.905,0
3841,33744.274,4786.272,16213.368,14572.313,0
3842,32748.832,4408.91,15746.134,12885.069,0
3843,32812.343,4289.05,14907.228,11716.865,0
3844,32931.965,4272.507,14182.861,11531.51,0
3845,33963.559,4344.808,13641.248,11403.463,0
3846,35778.954,4715.843,13131.154,12732.57,0
3847,36457.417,6154.347,14273.808,14226.567,0
3848,36615.095,8689.246,17826.492,11902.533,0
3849,38771.887,10412.776,20433.237,9397.049,0
3850,38655.386,11736.854,20766.72,9428.58,0
3851,38663.201,13822.316,19049.541,9575.155,0
3852,39306.346,13410.512,18357.733,9747.713,0
3853,39914.768,10680.404,17880.651,9776.74,0
3854,41332.902,9887.201,17664.314,9822.892,0
3855,43027.982,9312.111,17614.125,9694.899,0
3856,42559.619,9653.02,17563.932,10477.745,0
3857,40280.218,10701.255,16773.78,13557.868,0
3858,39384.995,10756.416,16955.821,16055.894,0
3859,39552.413,11620.672,18927.783,17628.075,0
3860,37737.083,11753.744,20023.343,17269.116,0
3861,36753.556,11178.217,20451.57,16657.887,0
3862,35644.151,10661.222,21011.715,15893.503,0
3863,34078.681,9497.425,20917.589,14685.695,0
3864,33009.472,7055.339,20635.793,13729.88,0
3865,31950.295,5545.141,19904.012,11968.757,0
3866,31491.582,4807.819,18977.782,10194.966,0
3867,31536.641,4871.241,18101.11,8806.909,0
3868,31095.963,5043.292,17313.255,8506.02,0
3869,31786.563,4971.306,16953.908,8520.392,0
3870,35185.507,5079.845,16769.435,8366.146,0
3871,37010.418,6737.631,18039.976,8428.517,0
3872,36492.555,8232.192,21489.718,8386.047,0
3873,36906.603,9804.361,23511.425,7543.059,0
3874,37820.112,9890.684,22963.112,7599.941,0
3875,38735.799,10495.802,21908.468,8001.199,0
3876,39185.791,11316.423,19730.086,8462.719,0
3877,39163.9,9157.435,18711.06,8618.076,0
3878,39971.303,8725.83,19101.923,8614.926,0
3879,41390.619,8857.929,18416.856,9567.715,0
3880,41244.878,9411.88,16843.98,11807.347,0
3881,39187.731,10737.278,15607.826,15121.194,0
3882,39431.657,11327.614,15536.454,16706.715,0
3883,39714.249,11954.538,18514.95,17303.813,0
3884,37758.845,11901.192,21089.434,16020.512,0
3885,37432.706,11295.598,22902.067,12919.681,0
3886,36248.88,10745.584,23340.807,12419.398,0
3887,34018.088,9496.591,22844.88,11812.807,0
3888,32077.348,6585.691,22896.126,11645.61,0
3889,30261.064,4939.407,22340.965,10274.848,0
3890,28965.825,4410.31,21721.902,9244.234,0
3891,27456.715,4048.262,21373.201,9381.495,0
3892,26768.607,4012.574,21085.469,9246.667,0
3893,27231.111,3991.033,20965.829,9047.849,0
3894,28603.526,4763.169,21372.283,8917.369,0
3895,29858.863,6965.618,21636.259,9995.955,0
3896,32762.423,8609.916,22713.416,9246.453,0
3897,34883.809,9909.721,23143.205,8108.545,0
3898,36202.14,9717.742,21684.056,8473.508,0
3899,37652.205,9489.976,20863.969,8923.749,0
3900,39434.051,9431.336,19289.582,9191.91,0
3901,39010.027,9255.541,17795.33,8842.765,0
3902,39843.358,9092.381,17066.847,9514.201,0
3903,40265.488,8650.381,18495.587,9500.574,0
3904,40082.173,8824.841,19076.878,10036.389,0
3905,39334.649,10282.542,18303.996,11851.659,0
3906,38282.265,11598.358,19566.071,12999.221,0
3907,38683.193,12268.926,22448.572,14121.879,0
3908,37568.333,12248.073,23214.796,12942.588,0
3909,36259.348,11634.395,23754.929,11202.405,0
3910,34438.61,10982.439,23973.88,11028.423,0
3911,32341.106,9573.097,23588.173,10762.813,0
3912,30738.861,6952.936,23443.625,10731.157,0
3913,27831.215,6288.076,23032.509,9542.666,0
3914,25809.383,5498.383,23129.346,9390.488,0
3915,24600.388,5124.275,22995.084,9121.262,0
3916,24040.939,5111.962,22786.531,8966.461,0
3917,24351.634,5249.146,22785.986,8987.28,0
3918,25252.879,5987.704,22311.579,9747.742,0
3919,26435.8,8614.673,22850.87,9964.386,0
3920,30480.259,9234.67,24244.215,8366.576,0
3921,33122.585,9932.317,24265.39,7818.459,0
3922,34319.221,9818.02,23586.057,7567.433,0
3923,36063.256,9672.602,22343.682,7864.337,0
3924,36502.955,9666.762,21673.955,8115.096,0
3925,36003.046,9226.2,20532.657,7980.479,0
3926,36104.116,9019.565,21606.434,7918.309,0
3927,35526.537,9003.102,23608.845,7895.59,0
3928,35656.023,8964.633,23679.714,8802.235,0
3929,35306.549,10390.129,23502.245,9950.164,0
3930,34817.657,12606.845,23478.247,11179.824,0
3931,36130.208,14096.069,23930.78,11656.194,0
3932,34532.3,13673.371,24191.348,11410.255,0
3933,32817.358,12832.156,23729.639,11500.36,0
3934,31779.7,12756.362,23692.971,10933.127,0
3935,30223.329,11025.256,24011.953,10628.714,0
3936,28891.519,8490.687,23932.622,10214.559,0
3937,27538.29,6945.261,22911.458,9644.761,0
3938,26711.245,5676.171,23285.281,8112.095,0
3939,25606.969,5340.404,22918.682,7796.053,0
3940,24730.889,5231.452,23024.442,7337.974,0
3941,24628.248,5223.604,22791.417,7322.695,0
3942,25958.975,5209.964,21941.037,7252.176,0
3943,26434.125,6058.325,21910.621,7041.338,0
3944,28838.817,6442.154,21873.728,6945.237,0
3945,32215.514,7120.743,20783.024,7237.291,0
3946,33357.506,7836.835,19864.403,7706.491,0
3947,34978.833,8494.701,18088.568,7753.363,0
3948,35504.284,8748.682,17347.523,7792.312,0
3949,35290.141,8715.858,17273.323,7677.835,0
3950,35229.882,8197.63,17858.951,7483.257,0
3951,34456.19,7602.457,19545.991,7280.984,0
3952,34500.16,7574.477,20402.806,7055.891,0
3953,33987.257,7881.055,21299.919,8711.678,0
3954,34579.679,8682.785,22228.658,12409.931,0
3955,35639.166,11608.75,22953.773,12754.869,0
3956,34692.975,10443.694,22997.213,11594.864,0
3957,34531.873,8232.632,23320.85,10018.729,0
3958,32744.791,7116.353,23516.957,9617.455,0
3959,31020.594,6499.075,23115.552,9084.931,0
3960,29387.656,5610.081,22346.2,8840.486,0
3961,26875.59,5338.606,22200.671,8266.396,0
3962,25995.983,4828.644,21986.767,6869.416,0
3963,25405.932,4376.69,21046.185,6328.878,0
3964,25008.609,4308.874,20484.086,6280.104,0
3965,24580.064,4305.897,20504.014,6137.806,0
3966,24707.855,4179.393,20396.371,6156.112,0
3967,24564.733,4038.61,20418.672,5690.235,0
3968,25510.1,3759.795,19962.116,5863.162,0
3969,27325.355,4115.708,18372.69,6398.567,0
3970,29911.198,4932.296,15946.624,6849.167,0
3971,31833.121,5732.861,14618.937,7082.979,0
3972,32703.992,6393.558,14889.975,7296.402,0
3973,32767.803,6714.539,14690.243,7309.007,0
3974,32185.521,6654.698,14607.443,7075.804,0
3975,31183.72,6248.532,15454.36,6815.198,0
3976,32017.319,5989.577,15531.702,6903.231,0
3977,33946.901,5526.523,15862.836,8538.662,0
3978,36445.531,6494.399,15797.366,12539.178,0
3979,36981.128,8932.138,18549.883,13530.224,0
3980,35092.109,8341.379,20330.33,12650.902,0
3981,34353.476,7162.316,21168.569,11931.196,0
3982,34267.464,7061.306,21295.441,10667.267,0
3983,33380.708,6387.253,20674.925,9303.783,0
3984,32013.468,4958.86,19473.177,9239.825,0
3985,29555.305,4570.224,19044.366,8825.258,0
3986,28505.445,4295.126,18869.957,7811.543,0
3987,28392.915,4379.74,18108.586,7238.124,0
3988,28287.934,4286.339,17922.926,7079.86,0
3989,28703.287,4223.069,18164.162,6979.857,0
3990,30963.592,4184.622,18153.676,7614.8,0
3991,32748.624,5218.811,19558.866,8660.72,0
3992,33248.153,7248.308,22408.032,8267.474,0
3993,33697.827,9649.477,24049.613,7778.252,0
3994,35013.68,10384.566,22783.33,7694.073,0
3995,35899.302,10485.484,22714.361,8032.116,0
3996,36305.128,10184.806,23303.143,8302.112,0
3997,35709.237,9003.658,22131.437,8378.741,0
3998,36485.027,8602.877,22092.309,8860.273,0
3999,37194.611,9336.426,21980.286,9181.303,0
4000,37062.063,10360.68,21108.718,10972.037,0
4001,36571.368,11317.193,19529.347,13664.047,0
4002,36981.323,11166.448,19518.139,14988.893,0
4003,38226.063,11622.839,22205.968,14712.61,0
4004,38261.76,11771.802,22685.032,12992.928,0
4005,38291.171,11604.833,22943.112,11064.868,0
4006,37469.178,10485.534,23625.858,10558.203,0
4007,35765.363,8826.511,22802.582,10212.393,0
4008,32689.921,7575.119,22092.935,9423.734,0
4009,29641.444,6318.916,22890.728,8411.167,0
4010,27929.686,5804.926,22429.415,7479.933,0
4011,26748.174,5721.245,22008.98,7144.677,0
4012,25780.542,5244.375,22308.449,7357.288,0
4013,26475.072,4946.589,22152.22,7524.018,0
4014,28852.986,5253.389,22204.625,7737.431,0
4015,30482.272,6973.788,23359.089,7797.94,0
4016,31917.31,9994.161,23310.405,7945.367,0
4017,33160.92,11200.669,24371.416,7937.844,0
4018,33474.047,11110.342,24473.859,8230.766,0
4019,35448.053,11427.164,23356.778,8313.281,0
4020,36188.319,11927.834,22284.696,8629.827,0
4021,35586.992,10531.395,21624.351,8459.83,0
4022,36460.542,10239.374,21801.787,8741.008,0
4023,35952.504,10897.547,22681.296,9340.732,0
4024,37233.693,11211.329,21560.223,10134.991,0
4025,39758.285,11312.502,19411.889,11706.203,0
4026,39519.636,11337.069,18002.004,14261.709,0
4027,40546.161,12076.757,18793.517,15541.453,0
4028,39436.044,12379.99,19553.915,14640.174,0
4029,38995.502,11282.809,20605.524,13425.68,0
4030,37778.794,10358.303,22076.7,12074.632,0
4031,35047.026,9472.802,22018.941,11465.9,0
4032,33007.891,6777.985,21491.085,10983.397,0
4033,30332.469,6235.339,21634.999,8992.849,0
4034,28557.136,5802.722,21473.907,8072.96,0
4035,27392.176,5611.217,20892.026,7737.2,0
4036,26489.593,5358.645,21470.102,7364.487,0
4037,26761.789,5204.013,22442.679,7156.189,0
4038,28800.398,5412.469,22841.26,7257.517,0
4039,30948.338,7155.38,23110.425,7540.937,0
4040,32355.2,9283.276,24142.997,7742.064,0
4041,34126.76,9897.673,24615.351,8051.736,0
4042,34966.124,10701.501,23493.55,8154.897,0
4043,35954.053,11442.287,22851.825,8420.313,0
4044,36188.04,11573.744,22683.544,8474.315,0
4045,36128.973,10057.716,22086.706,8445.89,0
4046,36086.932,10685.39,23038.466,8359.511,0
4047,35020.136,11505.341,25050.594,8582.389,0
4048,35533.442,11548.366,24115.128,9645.191,0
4049,36796.912,11461.883,23356.117,10814.599,0
4050,37303.839,11223.806,22154.743,13152.362,0
4051,38774.555,11978.769,23339.971,13330.47,0
4052,38194.699,11878.637,23816.096,11657.18,0
4053,36909.323,11655.692,24730.782,10077.914,0
4054,36011.886,10959.444,24824.392,9731.542,0
4055,34479.459,9395.368,24967.642,9714.905,0
4056,32630.961,7189.314,24130.573,10133.843,0
4057,30427.228,6184.88,23467.078,9654.722,0
4058,28949.972,5734.672,23174.673,8421.383,0
4059,28056.052,5339.9,22674.356,7830.734,0
4060,27695.374,5028.121,21993.325,7813.209,0
4061,27958.015,4734.721,21964.221,7749.587,0
4062,28392.485,5005.86,21667.657,7682.795,0
4063,28407.389,5875.025,21193.143,7889.265,0
4064,29598.54,6500.842,21918.531,7163.669,0
4065,32285.428,6750.258,21312.676,7138.242,0
4066,34359.656,7238.648,19105.128,7988.869,0
4067,35864.378,7711.095,17937.499,8310.617,0
4068,36748.56,8051.875,18014.323,8423.386,0
4069,36587.97,7883.219,18320.187,8519.975,0
4070,36784.518,7978.684,18935.236,8201.722,0
4071,36620.145,7993.478,19891.031,8222.745,0
4072,35815.816,8287.077,20618.726,8974.093,0
4073,35711.35,8647.599,21079.883,10174.626,0
4074,36688.259,9474.283,21026.501,12535.338,0
4075,38049.927,10902.378,21732.936,14283.759,0
4076,36435.4,10518.952,22502.392,13625.963,0
4077,36138.779,10168.252,23006.829,11241.207,0
4078,35314.451,9755.616,23277.423,10018.926,0
4079,33248.956,8727.553,23541.167,9981.331,0
4080,31224.368,7497.101,23299.927,9901.143,0
4081,29747.844,6837.109,22782.076,9353.245,0
4082,28436.256,6707.651,22090.86,8341.717,0
4083,27961.677,6596.832,20917.243,8079.961,0
4084,27505.503,6767.521,20266.8,7811.13,0
4085,27197.682,6988.425,20377.316,7602.266,0
4086,27257.928,6989.503,21657.009,7752.075,0
4087,28993.768,6969.197,22272.433,8139.039,0
4088,31902.764,8053.386,22195.688,8185.17,0
4089,34563.806,9077.982,22769.93,7826.476,0
4090,35618.416,9390.416,23402.577,7730.852,0
4091,36366.82,9741.6,23587.136,7901.096,0
4092,36471.105,10025.418,22856.2,8018.981,0
4093,35841.466,9534.297,22022.106,8001.781,0
4094,37098.032,9309.866,21483.243,8648.719,0
4095,37501.165,9311.893,21902.022,9208.581,0
4096,36819.383,9823.109,20967.12,10858.963,0
4097,36492.7,10969.053,19266.643,13140.174,0
4098,36987.624,11725.404,18661.382,15182.285,0
4099,38018.754,12177.057,20631.835,15146.128,0
4100,35233.476,12761.239,22237.091,13796.914,0
4101,33781.973,13157.955,22882.772,11395.961,0
4102,33068.152,13166.101,22850.615,10253.416,0
4103,31455.346,12488.685,22483.806,9737.649,0
4104,29430.514,11144.179,22157.281,8922.601,0
4105,26998.994,10410.687,21889.882,7990.894,0
4106,25584.825,9352.082,21343.631,7464.309,0
4107,24506.899,9079.449,21132.664,6826.972,0
4108,24057.328,8977.925,20602.122,6600.568,0
4109,24197.112,8527.324,20600.801,6522.633,0
4110,24134.775,8481.36,20676.568,6804.823,0
4111,24099.849,8431.209,21722.079,6840.047,0
4112,25676.047,8826.118,21483.334,7294.297,0
4113,28215.201,9467.625,21473.19,6957.608,0
4114,29936.719,9924.484,21229.988,6895.49,0
4115,31456.074,10023.423,20308.881,7200.142,0
4116,32160.015,9888.448,19553.058,7796.332,0
4117,32494.684,9653.106,19298.46,7478.462,0
4118,32850.128,9521.714,18695.733,7084.942,0
4119,32899.214,8741.247,18883.062,7432.863,0
4120,33513.305,9359.872,17701.797,8261.963,0
4121,32966.355,10909.172,16976.598,10576.728,0
4122,34061.909,13458.148,17299.905,12217.487,0
4123,36513.717,14011.197,19168.741,13252.44,0
4124,34869.891,14093.131,20078.137,10959.583,0
4125,32185.604,13536.964,22078.234,8973.92,0
4126,31365.425,12426.749,22295.685,8460.691,0
4127,30420.518,11589.149,20913.809,8244.703,0
4128,28791.123,11376.793,19786.033,7730.524,0
4129,26208.949,11472.552,18615.685,7173.431,0
4130,24014.23,10689.789,18492.358,6817.73,0
4131,22373.233,10231.932,18501.497,6869.723,0
4132,21749.762,9783.238,18289.617,6873.472,0
4133,21605.297,9252.354,18612.9,6650.009,0
4134,21717.364,9311.451,18361.722,6469.741,0
4135,21643.32,9593.863,18046.652,6275.528,0
4136,23770.657,7888.696,18584.326,5491.113,0
4137,27505.278,7563.216,16170.962,5626.778,0
4138,30007.897,8210.397,13901.801,6000.645,0
4139,32097.449,8766.561,13186.669,6386.661,0
4140,33388.177,8966.941,13333.827,6608.365,0
4141,33238.97,9120.974,13364.917,6745.952,0
4142,32566.399,8776.893,13518.165,7035.621,0
4143,31469.699,8622.59,14499.514,6949.764,0
4144,29991.008,8589.653,17130.204,7423.552,0
4145,30211.351,9401.964,16545.487,9704.125,0
4146,31900.03,12020.742,16270.037,12441.011,0
4147,33152.004,13398.406,19511.621,13079.996,0
4148,30786.626,13327.409,21556.538,12193.252,0
4149,29169.168,13574.479,22664.811,10340.213,0
4150,28620.572,13643.197,23111.476,8417.975,0
4151,27714.424,12795.142,22803.546,7205.723,0
4152,26496.482,11929.312,21939.704,6361.248,0
4153,25208.579,9319.337,21944.769,6356.001,0
4154,24368.374,7939.491,21726.667,6311.693,0
4155,24201.572,7380.915,21441.527,5913.787,0
4156,23971.02,7500.935,21144.255,5823.947,0
4157,23856.74,8665.006,20723.35,5735.259,0
4158,24619.173,9609.838,20892.338,6508.87,0
4159,26306.957,10552.829,22558.361,7348.063,0
4160,29614.862,11739.709,23630.693,7118.172,0
4161,31781.767,12688.289,24761.064,6916.176,0
4162,33585.427,13228.793,24885.961,6722.843,0
4163,35649.469,13938.433,24099.529,7136.105,0
4164,36469.763,14102.375,23796.024,7165.589,0
4165,36389.824,13084.243,22558.662,7224.197,0
4166,37353.052,12806.441,21802.484,8224.612,0
4167,37694.115,12557.297,21585.096,8978.723,0
4168,37964.262,13253.25,20232.014,9539.253,0
4169,38518.021,14693.702,18779.931,10650.395,0
4170,39596.362,15850.617,17709.512,11237.138,0
4171,40359.169,16446.98,20285.614,11686.616,0
4172,38714.704,15815.051,22196.676,11369.185,0
4173,35837.598,16304.097,23056.758,10824.272,0
4174,33435.308,16203.348,23568.36,10687.85,0
4175,31298.591,15090.642,23032.686,10201.166,0
4176,28996.962,13793.82,22343.842,9677.414,0
4177,27763.121,12740.25,21601.963,7979.166,0
4178,26933.724,12185.655,20699.896,6844.66,0
4179,26982.955,11734.303,19558.029,6536.732,0
4180,26671.195,12449.846,18478.631,6409.148,0
4181,26990.712,13490.929,17101.794,6683.309,0
4182,27665.609,15059.878,16150.763,7553.083,0
4183,29592.871,16147.761,16614.902,7707.544,0
4184,31947.176,16362.209,18347.003,7593.372,0
4185,34631.331,16616.161,19407.355,8218.645,0
4186,36275.164,16629.646,19416.76,7958.056,0
4187,38281.666,15332.333,19155.277,8187.471,0
4188,38415.509,15279.776,18679.406,8296.7,0
4189,37044.139,13778.35,18730.164,7971.189,0
4190,37171.425,13835.349,18757.578,8115.568,0
4191,37113.98,14489.304,18281.008,8526.405,0
4192,35999.251,15736.493,17682.28,9674.973,0
4193,35833.505,17088.246,15971.369,12261.909,0
4194,37704.641,16712.877,15163.686,13839.683,0
4195,40144.048,16937.015,17333.566,14119.528,0
4196,38389.424,16177.789,19488.978,13572.358,0
4197,36163.793,16179.429,20599.217,12520.02,0
4198,33322.741,15989.115,21935.547,11903.515,0
4199,30519.782,15474.452,22511.976,9855.336,0
4200,28372.385,14027.272,22719.958,7671.291,0
4201,26376.404,12363.419,21962.728,7257.356,0
4202,24348.651,11831.271,21271.296,7190.545,0
4203,23472.584,11022.428,21525.852,6786.297,0
4204,23349.246,10463.765,21327.814,6754.231,0
4205,23302.371,10458.497,21445.045,6908.652,0
4206,23650.007,12505.246,21042.815,7210.233,0
4207,24410.347,14994.425,22280.34,7150.531,0
4208,27787.183,14215.689,24291.776,7208.935,0
4209,31668.918,13927.318,24059.217,7467.57,0
4210,33291.946,13645.714,23117.312,7519.657,0
4211,34880.787,12971.489,22434.36,7795.717,0
4212,35637.865,13041.195,20970.227,7904.173,0
4213,35697.968,12235.53,18731.126,7959.664,0
4214,35748.886,12772.966,18329.034,8400.011,0
4215,35739.484,13452.693,18772.4,8385.592,0
4216,35145.225,14735.616,19276.12,8644.774,0
4217,35378.945,16191.219,18993.152,10093,0
4218,34956.789,16445.86,19407.743,12142.525,0
4219,36204.269,16682.622,22635.902,12761.794,0
4220,34447.597,16777.592,23732.759,12579.474,0
4221,32394.363,16732.1,24432.689,11725.612,0
4222,30483.102,16202.36,25239.809,10992.603,0
4223,28035.294,15918.839,25295.142,9575.653,0
4224,27214.569,13977.828,23890.695,7599.518,0
4225,25193.442,11516.885,23747.048,6738.996,0
4226,23764.149,9634.347,23801.704,6543.302,0
4227,23452.343,8558.962,23005.271,6431.609,0
4228,23187.066,8391.776,22678.626,6401.86,0
4229,23247.942,8269.748,23122.26,6473.922,0
4230,23826.059,10164.317,22989.854,6913.275,0
4231,25283.434,12574.517,23624.626,7272.865,0
4232,29395.497,12423.232,24377.754,7447.418,0
4233,32526.69,12295.633,25013.171,7631.038,0
4234,34638.232,11727.474,24972.361,7791.24,0
4235,36086.905,12545.975,24726.657,7757.994,0
4236,36402.598,14142.094,22987.369,7740.104,0
4237,36320.013,13502.966,21062.767,7913.723,0
4238,36008.286,14278.447,21810.109,8105.237,0
4239,35139.565,14656.868,22872.344,8642.562,0
4240,34886.42,14879.239,23380.859,9531.155,0
4241,35270.228,15569.274,22034.522,11689.322,0
4242,34624.743,16209.437,21976.502,13093.946,0
4243,36366.479,16460.605,23651.741,13257.448,0
4244,35437.333,16444.786,24100.452,12557.817,0
4245,34187.298,16729.902,24204.814,11314.765,0
4246,32680.984,16887.911,24099.667,10886.453,0
4247,30081.381,16249.875,24271.777,9811.071,0
4248,28946.72,14483.461,23129.163,7813.504,0
4249,27700.936,11991.233,22812.539,7055.563,0
4250,27069.032,10299.16,21676.223,7007.817,0
4251,25990.031,10278.789,20761.712,7011.645,0
4252,25825.02,10380.083,19865.868,6953.883,0
4253,25744.059,11654.147,18730.865,7073.572,0
4254,25881.252,14038.447,18539.981,7233.85,0
4255,27686.211,15488.949,19534.591,7254.746,0
4256,30441.085,15164.508,22003.979,7266.195,0
4257,34652.902,14229.462,23684.943,7642.76,0
4258,36060.19,13383.212,24367.419,7943.273,0
4259,36684.19,13966.573,23984.782,8305.908,0
4260,36580.202,13869.635,23622.876,9022.103,0
4261,36450.542,12164.485,23020.382,8929.321,0
4262,36745.159,12964.63,21952.145,9834.058,0
4263,36838.415,14064.114,20290.971,11120.014,0
4264,37075.993,15053.468,18490.425,12011.206,0
4265,37622.106,16411.012,16471.993,13517.846,0
4266,38715.364,17297.611,15332.475,14133.702,0
4267,38901.59,17275.511,17727.317,14890.04,0
4268,36877.209,17410.52,20609.935,12885.357,0
4269,33984.962,17289.519,22885.735,11172.922,0
4270,32978.177,17210.29,23941.702,9378.785,0
4271,31788.695,16676.015,23353.561,8259.361,0
4272,30188.323,15226.975,21935.623,7726.467,0
4273,27648.802,14978.365,20610.954,7177.254,0
4274,25742.729,14251.386,19971.021,6955.066,0
4275,25267.434,12940.512,19237.891,6931.35,0
4276,25316.658,11359.628,19459.304,6870.457,0
4277,25162.587,11605.456,19241.754,6743.354,0
4278,25046.353,12413.598,18856.136,6849.027,0
4279,24950.235,12210.154,20621.885,6909.688,0
4280,27056.45,11065.994,22384.051,6841.379,0
4281,29331.472,11799.304,21848.627,7122.679,0
4282,32650.034,11644.948,20115.863,7300.419,0
4283,35168.614,10750.069,19142.438,7960.838,0
4284,36018.612,9799.705,18490.997,8771.968,0
4285,35713.538,9244.077,18080.183,9554.892,0
4286,34827.298,9341.201,17716.109,10327.411,0
4287,33279.067,10392.186,17352.266,10450.057,0
4288,31054.968,11825.827,17879.487,10841.007,0
4289,30054.807,13118.935,18908.468,12218.742,0
4290,30595.709,15663.377,19277.855,13376.6,0
4291,33217.041,16760.019,20924.05,13792.114,0
4292,31008.784,17065.024,21210.269,13250.983,0
4293,28736.729,16789.271,21337.174,11889.381,0
4294,26949.807,16532.328,22746.372,9561.552,0
4295,26438.691,15856.88,22307.207,7828.505,0
4296,26165.217,14074.966,21803.889,6924.588,0
4297,24370.54,12887.297,21064.796,6677.338,0
4298,23351.705,12462.363,19987.493,6160.456,0
4299,22538.774,11265.739,19864.941,5980.98,0
4300,22618.56,9665.758,19838.451,5880.05,0
4301,22692.735,9589.134,18969.536,5512.082,0
4302,23119.707,9270.142,18178.381,5328.766,0
4303,22668.454,9304.685,17913.245,5463.785,0
4304,24233.704,8408.574,17182.105,5810.023,0
4305,26714.928,8277.9,14885.447,6277.219,0
4306,29075.485,8227.792,13897.558,6556.068,0
4307,31309.741,8518.444,12737.954,6910.014,0
4308,33363.892,8879.645,11813.055,7064.99,0
4309,33880.228,8865.347,11671.048,7009.366,0
4310,33312.064,8649.624,11638.372,6823.573,0
4311,31918.054,9818.233,11889.778,6499.884,0
4312,29786.499,11610.602,13894.464,6267.56,0
4313,28753.468,14379.541,15128.358,7298.987,0
4314,31647.73,15475.539,14836.603,10045.106,0
4315,32833.733,15964.61,18405.15,11103.972,0
4316,31874.267,14996.725,20786.115,10161.555,0
4317,30393.43,15164.811,21907.011,8691.65,0
4318,29208.794,14988.801,22074.905,7955.314,0
4319,27596.717,14747.618,22207.608,7308.657,0
4320,26684.143,13418.782,21411.313,6502.313,0
4321,25180.999,12716.901,20685.225,5850.605,0
4322,23862.691,11899.789,20319.669,5624.393,0
4323,23013.402,11331.157,20101.893,5453.163,0
4324,22756.876,11076.599,19813.004,5494.299,0
4325,22706.73,11936.507,19445.115,5555.768,0
4326,23903.633,13969.029,19301.866,5528.364,0
4327,26321.998,15082.888,20295.128,5824.08,0
4328,28894.618,14653.67,23044.888,6224.988,0
4329,32214.442,14101.973,24339.561,6702.929,0
4330,33722.294,14239.394,24657.381,6804.609,0
4331,35654.044,14377.269,24189.523,7168.719,0
4332,36508.453,14198.392,23813.961,7412.956,0
4333,36601.184,12769.946,22770.538,7333.645,0
4334,36621.059,13617.873,21988.641,7594.907,0
4335,37184.024,14808.985,20868.786,8213.343,0
4336,37626.543,14980.041,19711.39,9885.813,0
4337,37203.315,16043.24,18685.49,11195.637,0
4338,37334.718,16822.262,17874.627,12351.932,0
4339,38191.554,17013.307,20563.578,12297.579,0
4340,36985.15,16386.2,22648.866,11522.525,0
4341,36373,16583.723,22868.449,10234.745,0
4342,35615.289,16626.291,22862.572,8774.93,0
4343,34071.541,16502.035,22190.123,6896.479,0
4344,30640.065,16356.929,20579.361,6040.678,0
4345,28193.501,14881.048,20048.981,5763.054,0
4346,26897.746,13865.96,19043.834,5703.914,0
4347,26552.023,12782.657,18263.563,5712.154,0
4348,26253.986,12705.074,17642.567,5676.199,0
4349,26518.053,13301.711,16988.026,5654.663,0
4350,27880.947,14539.559,17008.774,5545.39,0
4351,28843.236,16661.847,18210.184,5625.312,0
4352,31832.564,16268.165,20619.648,5961.112,0
4353,35170.406,14885.069,22911.907,6463.274,0
4354,35965.338,14187.258,23649.228,6761.553,0
4355,37178.934,14143.387,23388.011,7024.327,0
4356,37319.128,14994.716,21983.336,7232.734,0
4357,36987.663,13628.544,20688.405,7258.159,0
4358,37907.999,13654.903,20646.75,7222.059,0
4359,37969.193,14581.864,20701.031,7081.128,0
4360,38826.002,15547.859,18536.498,7940.172,0
4361,37854.321,16718.773,17876.256,9929.83,0
4362,38343.865,16913.299,17103.57,11171.8,0
4363,39198.209,17057.312,19836.916,12332.257,0
4364,36829.608,16960.273,22086.436,11908.908,0
4365,35306.032,16953.862,23334.066,10236.716,0
4366,34880.432,17233.293,22698.491,8887.439,0
4367,34002.625,17177.892,22178.9,6479.299,0
4368,30340.064,16292.35,22089.459,5464.296,0
4369,27499.179,13064.603,22363.34,5394.742,0
4370,26777.056,10724.986,22427.063,5414.237,0
4371,25730.831,9717.775,22595.667,5287.179,0
4372,25200.953,9801.26,22245.523,5235.779,0
4373,25298.918,9848.384,22623.017,5178.78,0
4374,26258.476,11395.376,22562.809,5284.057,0
4375,27577.075,13746.137,23133.115,5670.784,0
4376,31555.074,13492.408,24579.333,6107.187,0
4377,35844.734,13482.984,24115.64,6328.751,0
4378,37012.519,12837.947,23999.404,6502.036,0
4379,37540.057,13548.582,23379.412,6702.929,0
4380,36713.512,14128.974,23058.15,6846.338,0
4381,35976.961,13127.865,22281.529,6625.389,0
4382,35756.136,13667.503,22531.726,6650.089,0
4383,34473.493,14927.732,23152.011,6640.893,0
4384,34616.991,16149.625,21771.804,7239.819,0
4385,35549.429,16574.049,21377.218,8588.755,0
4386,35562.518,16863.03,22093.703,9834.826,0
4387,37564.412,17082.989,23865.46,11004.599,0
4388,36958.21,16778.193,25015.479,10046.019,0
4389,36879.284,16665.478,25170.866,8096.715,0
4390,34676.735,17140.302,25892.177,6818.784,0
4391,32460.939,16701.631,25381.288,5685.522,0
4392,29425.872,15759.158,23643.702,5465.713,0
4393,27201.092,13198.45,22975.288,5317.435,0
4394,26545.395,11031.461,22408.204,5364.333,0
4395,26248.722,10388.112,21346.188,5340.378,0
4396,25922.482,9779.586,21374.636,5347.149,0
4397,25860.247,10227.685,21215.194,5270.651,0
4398,26561.275,11525.345,21256.607,5492.663,0
4399,26938.802,13881.146,22699.91,5740.56,0
4400,29668.924,14112.733,24717.917,5735.174,0
4401,32833.463,14337.042,24633.924,5924.076,0
4402,34782.653,13018.58,24359.056,6214.318,0
4403,35541.864,12610.351,24271.991,6596.601,0
4404,35871.126,12309.258,24058.645,6754.535,0
4405,35520.892,10430.84,23373.289,7014.884,0
4406,36040.147,11450.497,23004.903,6908.092,0
4407,36368.049,12537.24,22964.784,6848.577,0
4408,36640.057,12454.214,23282.851,6956.7,0
4409,35881.467,15348.439,22253.86,7924.128,0
4410,36264.264,17053.777,20902.907,9467.715,0
4411,37765.13,17753.202,23329.984,10485.65,0
4412,36685.553,17855.629,24122.834,9591.827,0
4413,35536.723,17779.371,24558.185,8028.103,0
4414,34430.825,17936.288,24324.377,7118.08,0
4415,32299.726,17823.005,23646.963,5739.889,0
4416,28878.639,17092.136,22410.644,5688.49,0
4417,25850.959,15269.388,21887.792,5721.101,0
4418,25474.791,12979.701,21215.99,5676.45,0
4419,25402.93,11283.641,20933.889,5791.223,0
4420,25440.631,10547.427,20732.386,5770.825,0
4421,25707.089,10794.527,20629.43,5873.213,0
4422,25850.532,13409.857,20222.192,5797.52,0
4423,26697.956,15981.593,21458.174,5622.944,0
4424,29792.655,15115.297,24027.391,5730.057,0
4425,33336.397,14324.029,24116.039,6182.097,0
4426,34689.617,13326.362,24287.534,6383.238,0
4427,35905.205,13111.067,23345.814,6731.336,0
4428,36839.55,11959.884,23142.126,6813.552,0
4429,37244.896,10886.058,21415.202,6776.349,0
4430,37596.442,11585.841,20835.544,7348.456,0
4431,36848.156,12572.254,20406.412,8413.728,0
4432,36760.354,12480.666,20140.867,9223.738,0
4433,35903.34,14050.882,20190.074,10279.61,0
4434,36141.762,16399.129,19507.647,11014.43,0
4435,37130.954,17731.993,21759.093,11679.672,0
4436,35234.179,17222.024,23125.946,11697.872,0
4437,33342.83,16324.173,23503.118,11377.385,0
4438,31636.974,17235.751,23443.887,10035.476,0
4439,30293.702,18250.323,22869.976,7676.97,0
4440,28725.641,17235.563,21217.802,6772.775,0
4441,27876.676,14882.794,20245.568,6283.442,0
4442,26919.306,13185.536,19701.028,5389.207,0
4443,26718.668,11307.205,19459.994,5135.295,0
4444,26036.318,10302.847,19737.08,5291.495,0
4445,25470.48,10223.151,19926.339,5435.634,0
4446,25594.428,10516.38,20060.212,5425.588,0
4447,25622.983,11269.324,20811.893,4960.61,0
4448,27811.197,10195.026,22370.42,5246.506,0
4449,30905.383,10490.731,20952.268,5624.962,0
4450,33102.32,10806.071,18349.413,6010.004,0
4451,35018.323,11130.413,16219.723,6295.007,0
4452,35789.751,11723.733,14603.022,6441.494,0
4453,35616.897,11934.184,13911.555,6368.957,0
4454,35294.39,11898.71,13874.82,6250.512,0
4455,34102.133,11688.248,15079.604,5958.88,0
4456,32430.696,12585.932,16015.461,6728.099,0
4457,32136.345,13069.932,16614.051,8410.824,0
4458,34282.786,15071.652,16672.765,10096.083,0
4459,35059.061,16730.328,18436.982,11822.443,0
4460,33033.61,16124.139,19670.602,11172.729,0
4461,30719.987,15492.587,20694.376,9652.091,0
4462,28517.173,15651.422,21489.63,7646.226,0
4463,25881.734,16176.233,21341.849,6581.768,0
4464,24612.875,15994.527,19992.308,5902.04,0
4465,23940.188,15010.432,18989.738,5303.267,0
4466,23736.664,12386.235,18727.86,5356.881,0
4467,23397.644,11034.455,18512.703,5138.233,0
4468,23017.743,10522.65,18165.974,5081.01,0
4469,22816.517,10742.325,17643.75,4993.259,0
4470,22758.299,11212.247,17060.989,4969.342,0
4471,22816.478,9986.267,17757.228,4934.937,0
4472,25902.232,7883.596,15987.771,4959.723,0
4473,29207.839,7463.766,14385.45,5191.347,0
4474,31359.904,8155.36,11690.5,5832.895,0
4475,33332.198,9206.876,10315.108,6250.105,0
4476,34185.486,10005.264,9790.834,6394.925,0
4477,34284.373,10128.409,9102.095,6391.439,0
4478,33716.626,9529.173,8909.026,6413.619,0
4479,32027.553,9707.88,8797.198,7369.279,0
4480,31313.888,9112.735,10128.566,8117.198,0
4481,31655.697,9023.783,13383.244,9240.609,0
4482,33915.427,12357.005,14809.455,10006.008,0
4483,35459.009,15499.167,17695.187,9925.125,0
4484,32860.406,15837.234,19822.622,8722.559,0
4485,31002.984,16854.498,20609.428,7062.531,0
4486,30202.299,16589.376,20549.689,6121.802,0
4487,28290.844,15961.605,21044.923,5601.777,0
4488,25999.89,15185.558,20253.883,5334.372,0
4489,25120.259,12050.521,20914.899,5091.967,0
4490,24655.22,10120.071,21024.736,4997.19,0
4491,23769.007,9493.713,21095.594,4985.692,0
4492,23466.222,9319.163,20842.594,5108.685,0
4493,23738.201,9747.908,20622.027,5181.311,0
4494,24985.529,10887.208,20870.009,5203.598,0
4495,25289.184,13975.849,22078.362,5149.92,0
4496,28276.668,13012.958,24610.346,5314.752,0
4497,31751.485,11840.861,25271.932,5535.858,0
4498,34610.415,12547.659,22005,5958.621,0
4499,36262.576,12904.708,20990.797,6318.367,0
4500,37373.484,12842.393,19845.889,6647.958,0
4501,37489.827,12572.152,17836.61,6920.162,0
4502,37805.344,12900.993,17304.029,7514.537,0
4503,37326.181,12403.227,18108.4,8335.698,0
4504,36248.66,12791.565,18818.658,9330.215,0
4505,36602.08,13576.436,18719.642,10063.306,0
4506,37204.211,14117.713,19789.592,11116.09,0
4507,37875.566,16683.447,21806.721,11165.93,0
4508,37359.37,16998.878,22793.651,9761.416,0
4509,35769.652,17021.289,23058.192,9206.18,0
4510,34368.22,16742.723,23101.268,8479.58,0
4511,31605.687,16609.978,22859.71,7277.242,0
4512,28818.512,16410.935,22001.739,6251.804,0
4513,26524.308,14571.655,21376.38,5336.794,0
4514,25751.319,11938.693,21548.546,5117.866,0
4515,25503.549,10362.129,21624.515,4961.298,0
4516,25223.782,10108.467,21353.631,4846.311,0
4517,25280.654,10732.244,21100.102,4798.741,0
4518,25524.326,12770.834,21377.602,4744.162,0
4519,26577.068,14589.04,22587.709,4999.854,0
4520,29599.923,14122.803,24773.208,5363.467,0
4521,31752.59,14007.135,24767.261,5772.746,0
4522,33689.746,13267.954,22684.263,6349.382,0
4523,36104.975,13562.895,19889.263,6715.826,0
4524,37384.012,13572.724,18093.203,6787.491,0
4525,37610.569,13122.218,15993.593,6804.637,0
4526,38067.68,13226.719,16876.116,6672.631,0
4527,39076.938,12931.039,18274.375,6330.248,0
4528,38118.575,14059.33,19016.336,6849.538,0
4529,37102.568,16164.355,17290.244,9631.852,0
4530,37849.702,17246.258,16215.115,11405.651,0
4531,39704.872,17094.05,18743.326,13185.018,0
4532,38427.384,16773.323,19885.975,12478.274,0
4533,35943.316,16486.253,21283.271,11653.66,0
4534,34082.059,16418.975,21712.475,11190.373,0
4535,31872.482,15867.886,21184.949,10054.114,0
4536,28892.912,15006.263,20422.344,8700.771,0
4537,26873.908,13593.499,20120.646,7202.541,0
4538,26490.88,12130.738,20008.007,5844.086,0
4539,26012.139,11354.15,19941.404,5427.841,0
4540,25827.405,10999.685,19842.436,5373.646,0
4541,25813.903,11124.457,19853.261,5379.63,0
4542,26143.76,12011.401,20045.856,5569.108,0
4543,26234.233,13669.553,21629.591,5612.986,0
4544,28708.82,12903.645,23356.925,6038.121,0
4545,31898.33,12598.04,23176.795,6348.281,0
4546,34215.039,12593.591,21523.284,6678.082,0
4547,36679.056,13241.984,19138.942,6866.843,0
4548,38059.151,13543.245,18024.494,7085.563,0
4549,37922.494,13776.947,15816.829,7192.806,0
4550,38363.695,13956.402,16023.992,7035.428,0
4551,39266.216,13533.47,16387.357,7358.692,0
4552,38207.578,14007.544,17323.35,7987.513,0
4553,36303.105,16152.198,16914.95,10046.612,0
4554,36853.898,16630.282,16772.705,11424.537,0
4555,38954.59,17005.082,20351.33,10681.902,0
4556,36882.883,17091.51,21994.602,9482.973,0
4557,34635.663,17164.208,21984.453,9220.924,0
4558,33375.675,17124.08,22754.429,8494.652,0
4559,30990.784,16536.294,23249.907,7270.861,0
4560,28482.354,14297.22,23133.258,6951.439,0
4561,25947.387,12838.392,22331.981,6768.552,0
4562,25011.904,11443.503,22118.413,6282.345,0
4563,24159.166,10638.446,22101.174,5895.673,0
4564,23886.46,10128.27,21930.1,5892.852,0
4565,23939.529,10198.333,21968.758,5871.647,0
4566,24361.818,12157.482,22159.878,5847.677,0
4567,25629.463,14899.145,22711.939,6022.439,0
4568,29750.558,14482.47,23569.512,6479.673,0
4569,34225.247,14263.083,22018.454,7131.193,0
4570,37063.656,12555.222,21708.95,7112.135,0
4571,37489.579,12815.745,21578.064,7205.447,0
4572,37661.946,13172.104,20131.517,7194.137,0
4573,37749.431,12609.134,18512.36,7430.151,0
4574,38085.772,13367.979,18856.47,7302.931,0
4575,37448.053,13726.632,20544.451,7471.631,0
4576,37176.759,14352.77,20364.337,8644.316,0
4577,35420.109,14776.337,20760.652,10403.587,0
4578,36352.558,14974.159,20518.286,11244.992,0
4579,40241.22,15266.126,22036.432,10479.736,0
4580,39637.395,15268.699,23346.61,8766.216,0
4581,37286.086,16211.838,23667.798,7353.37,0
4582,35039.039,16397.964,23734.235,7212.67,0
4583,32319.011,16182.375,23076.013,7362.41,0
4584,28811.055,15002.295,22387.448,7544.486,0
4585,26494.07,13459.566,21933.819,6421.613,0
4586,25577.469,10936.936,22070.035,6306.267,0
4587,25290.547,9566.271,22068.284,6119.102,0
4588,25123.329,8548.93,22506.883,6087.031,0
4589,25354.757,8775.926,22178.266,6115.39,0
4590,25797.531,10850.084,21919.652,6131.716,0
4591,26359.945,14721.986,21745.373,6287.47,0
4592,30513.455,15145.952,22528.019,6352.173,0
4593,34254.429,14630.995,22476.681,6833.717,0
4594,35033.021,14300.431,22805.125,7186.748,0
4595,36316.211,14620.463,21865.596,7191.654,0
4596,37703.099,14360.79,20454.509,7164.834,0
4597,37810.94,11771.331,19997.306,7135.346,0
4598,36777.471,11439.37,22050.451,7019.403,0
4599,34846.903,13525.05,22470.893,7172.816,0
4600,34726.804,13717.083,22968.679,7873.307,0
4601,34250.093,14780.466,22880.674,8563.986,0
4602,35131.883,14877.207,22667.49,9569.862,0
4603,37640.076,15247.231,23979.059,10572.694,0
4604,34221.071,16976.821,23962.095,10564.184,0
4605,32220.436,16854.709,24273.666,9930.683,0
4606,30899.553,16453.067,25013.304,9063.849,0
4607,29144.703,15788.513,25339.636,7639.719,0
4608,27732.854,14619.236,24338.948,6500.716,0
4609,25917.324,12162.361,23257.757,6017.054,0
4610,24018.635,11773.311,22557.397,5386.404,0
4611,23098.879,12016.835,21695.027,4631.298,0
4612,22762.649,10882.065,21916.165,4668.745,0
4613,22834.264,10374.577,22071.092,4574.749,0
4614,22982.494,10840.264,21902.177,4496.939,0
4615,23277.692,11825.125,21573.63,4572.015,0
4616,25930.406,10933.549,22336.109,4977.933,0
4617,29546.323,10564.497,22561.389,5484.358,0
4618,31931.537,10052.943,22207.58,5950.82,0
4619,33876.517,10158.629,20767.105,6307.622,0
4620,34717.046,10564.657,18849.534,6507.114,0
4621,34297.999,10482.964,17556.2,6495.587,0
4622,33327.397,10700.951,17623.864,6240.414,0
4623,32171.688,10204.734,19685.329,6146.277,0
4624,30688.32,10902.11,20157.611,7158.581,0
4625,30687.388,12177.681,19230.345,8676.012,0
4626,32774.309,14624.331,18118.94,10367.105,0
4627,35531.068,15177.837,20323.468,10319.697,0
4628,31991.918,15418.236,22222.067,9166.618,0
4629,28741.574,16201.079,22006.172,8177.437,0
4630,27055.106,15902.728,22198.609,7065.641,0
4631,25143.239,15830.027,21609.375,6369.767,0
4632,23953.998,15380.068,20876.185,5523.257,0
4633,23095.858,13713.706,20509.518,4931.851,0
4634,22973.6,11155.088,20376.852,4786.79,0
4635,23036.866,9020.976,20607.191,4425.808,0
4636,22849.604,8169.631,20548.833,4389.919,0
4637,22863.356,8210.589,19605.977,4372.803,0
4638,22994.853,8466.195,19151.907,4353.46,0
4639,23239.977,7531.566,20039.622,4409.434,0
4640,25669.61,6365.128,19453.746,4720.355,0
4641,28566.436,7295.489,16550.673,5403.89,0
4642,31031.826,8962.875,13271.403,5894.604,0
4643,32836.795,10093.688,11295.46,6190.185,0
4644,33548.837,10733.634,10461.658,6397.464,0
4645,33237.282,10896.575,9615.036,6452.699,0
4646,32308.397,10538.482,9397.708,6278.351,0
4647,31223.024,9999.925,10737.679,5987.84,0
4648,29387.972,9538.36,14710.88,6004.181,0
4649,27814.653,10752.041,17250.401,7299.007,0
4650,30728.307,12633.934,17446.977,9550.805,0
4651,33229.711,15120.953,19341.888,10552.338,0
4652,30759.033,15851.299,20450.296,9696.724,0
4653,29370.857,16017.268,20949.607,8748.99,0
4654,28361.774,16138.444,21413.063,7232.963,0
4655,26611.189,15893.897,21476.496,6287.686,0
4656,25613.908,14001.149,20857.44,5551.292,0
4657,25075.53,10919.628,20708.256,4963.396,0
4658,24802.289,9088.685,20426.929,4786.627,0
4659,24853.524,7790.827,20079.565,4778.922,0
4660,24613.677,8018.627,19614.379,4786.147,0
4661,24545.994,8900.231,19318.809,4830.527,0
4662,24821.584,11228.643,19299.218,4868.806,0
4663,25614.059,13758.478,20872.43,5007.335,0
4664,28611.555,13178.309,24029.221,5528.851,0
4665,33074.394,13101.259,24048.227,6002.505,0
4666,36465.735,13196.189,22155.411,6334.691,0
4667,38711.137,12737.847,20842.246,6643.618,0
4668,39449.978,12546.01,19371.645,6802.086,0
4669,38729.255,12464.955,17491.141,6807.806,0
4670,37574.702,13629.781,18199.347,6868.099,0
4671,36639.981,13476.131,19435.897,7754.014,0
4672,35658.349,13622.156,20141.777,9309.934,0
4673,35728.779,15119.102,20431.071,9688.444,0
4674,36011.327,15948.384,19799.194,10617.882,0
4675,38035.186,16356.63,21311.443,11664.68,0
4676,36146.686,16430.586,22742.073,11574.142,0
4677,34894.474,16448.604,22920.2,10465.833,0
4678,33653.007,16434.978,22997.559,9618.908,0
4679,31137.765,16463.747,23005.978,7939.199,0
4680,28052.395,15874.669,22305.711,6697.111,0
4681,27266.662,12922.217,21533.816,6173.685,0
4682,27079.722,10658.18,21068.107,6198.241,0
4683,26762.546,9208.146,20903.004,6220.985,0
4684,26459.304,8833.251,20781.571,6234.036,0
4685,26388.556,9481.028,20369.774,6195.408,0
4686,26540.406,10806.621,21339.636,6146.657,0
4687,26971.763,13124.046,22521.894,6257.606,0
4688,30199.977,14612.51,22581.71,6705.935,0
4689,32768.191,15043.482,22172.361,6665.364,0
4690,36429.099,12490.432,21994.112,6844.819,0
4691,39120.938,11496.311,21026.052,7175.429,0
4692,39141.071,11128.974,20300.253,7317.782,0
4693,38628.984,10917.809,19331.423,7294.969,0
4694,37775.323,11650.868,19814.903,7928.936,0
4695,36196.738,13250.36,20442.244,8100.981,0
4696,34834.065,14134.809,21203.289,8971.528,0
4697,37151.902,14741.369,19233.293,10044.531,0
4698,37940.271,16012.743,18107.604,11035.076,0
4699,38739.685,16706.981,20751.872,12218.279,0
4700,37565.01,16853.112,22239.953,10627.662,0
4701,35833.297,16980.858,22495.684,9435.084,0
4702,33988.056,17073.367,23222.767,8373.116,0
4703,31647.09,16727.074,22748.767,7171.707,0
4704,28856.633,16252.314,21364.207,6283.339,0
4705,27161.231,13253.811,21155.267,6137.762,0
4706,26228.21,10213.016,21448.797,6077.277,0
4707,26061.12,8647.655,21266.578,6108.824,0
4708,25777.056,8233.023,21046.157,5977.662,0
4709,26126.84,8158.586,20770.051,6060.901,0
4710,26470.835,10163.706,20681.286,5936.528,0
4711,27049.901,12891.981,21943.599,6153.024,0
4712,30026.576,14355.717,22875.07,6477.586,0
4713,33043.388,14724.02,22346.995,6498.54,0
4714,36873.655,13630.547,20120.358,6764.536,0
4715,38646.853,13366.1,20047.139,7151.684,0
4716,38762.114,13259.397,19902.644,7181.544,0
4717,39003.384,11512.71,18758.906,7090.345,0
4718,38403.846,11847.67,20478.701,7020.78,0
4719,38299.745,12360.842,20981.383,6996.521,0
4720,37735.001,14316.801,20175.565,7668.575,0
4721,38523.898,16045.476,18235.161,8830.833,0
4722,38984.682,16612.173,17872.716,9666.616,0
4723,40048.018,16935.991,20793.417,10945.526,0
4724,38012.136,16093.561,22307.476,10811.486,0
4725,36024.465,16618.849,22759.293,9183.606,0
4726,35221.825,16907.551,22869.285,7834.941,0
4727,32877.951,16721.382,22744.041,6655.931,0
4728,29256.232,16087.236,22099.849,6283.396,0
4729,27721.317,13279.948,21900.946,6295.155,0
4730,27001.307,10624.14,21997.152,6319.782,0
4731,26440.856,8755.484,22243.553,6285.882,0
4732,25073.08,9003.248,22037.397,6506.95,0
4733,24461.438,9750.109,21947.536,6679.387,0
4734,24547.219,12358.691,21726.673,6357.983,0
4735,25093.822,15465.331,21900.088,6538.612,0
4736,28998.706,15350.703,21949.54,7047.555,0
4737,33793.343,14137.64,21304.223,7412.796,0
4738,35625.219,12876.696,21298.764,7715.097,0
4739,37401.815,11568.563,21694.718,7930.473,0
4740,38151.177,12055.062,21170.857,7818.936,0
4741,38742.307,11260.853,20187.694,7752.692,0
4742,38264.262,13062.066,19845.334,8302.218,0
4743,37989.796,14418.919,20069.874,8220.056,0
4744,39343.557,14529.487,19508.2,8144.231,0
4745,40292.959,15853.755,18063.306,9493.068,0
4746,40654.091,17200.084,16549.17,10812.864,0
4747,41799.356,17977.669,18181.171,12136.553,0
4748,39453.304,17658.141,19795.128,12205.953,0
4749,37221.924,17013.592,21641.104,10790.121,0
4750,35434.61,16720.718,22999.994,9342.021,0
4751,33091.716,16888.318,23164.301,8187.852,0
4752,30586.054,15954.6,22280.728,7306.59,0
4753,27650.382,14542.941,21901.03,6439.977,0
4754,27224.978,11528.125,22142.124,6441.571,0
4755,26337.699,10329.896,22289.895,6459.145,0
4756,25469.769,10020.827,22262.613,6442.258,0
4757,25720.559,10373.889,21670.431,6422.202,0
4758,26683.196,12075.214,21181.946,6385.004,0
4759,27085.36,14645.064,22385.944,6503.531,0
4760,30567.386,14502.785,23170.447,6956.88,0
4761,34613.602,14058.075,22352.605,7397.891,0
4762,37228.329,13345.307,20794.568,7618.339,0
4763,39089.241,13211.084,20058.726,7910.679,0
4764,40028.02,12745.144,18870.68,8062.871,0
4765,40180.164,11852.351,17816.985,8029.085,0
4766,39623.601,12796.047,18337.589,7854.275,0
4767,39564.206,12519.837,19499.575,7821.754,0
4768,38772.944,12803.967,19872.94,8785.672,0
4769,38677.116,14389.527,18355.731,9460.888,0
4770,38240.335,16001.475,17090.417,12275.69,0
4771,39341.178,16596.878,19970.82,13074.522,0
4772,37120.459,16223.761,21836.071,12232.978,0
4773,35073.804,16105.872,23262.136,10202.033,0
4774,34224.976,16424.789,23617.276,8647.306,0
4775,32570.395,16571.133,22747.886,7720.069,0
4776,30933.217,16013.637,21495.681,6685.181,0
4777,29022.33,14012.556,20843.34,6547.591,0
4778,28151.989,11834.945,20510.189,6583.883,0
4779,27382.243,10891.082,19889.596,6566.748,0
4780,26582.612,10851.207,19469.185,6480.335,0
4781,26005.499,10589.741,19949.587,6404.633,0
4782,25069.327,11032.134,20356.592,7130.984,0
4783,24940.023,11728.942,21054.004,7343.739,0
4784,27479.637,11430.304,21350.791,7845.207,0
4785,30954.414,11454.922,19850.141,7865.366,0
4786,32839.924,11594.354,19011.607,7765.743,0
4787,34732.789,12025.364,16529.811,7985.091,0
4788,35597.573,12326.08,14665.213,8004.673,0
4789,35641.611,12493.693,13548.102,7546.043,0
4790,34839.849,12249.317,13820.468,7385.702,0
4791,33564.308,11906.944,15171.038,7146.478,0
4792,33162.978,11459.145,16620.238,7194.501,0
4793,32200.28,12296.964,17606.752,8793.364,0
4794,33403.677,14053.214,18824.962,10442.422,0
4795,36122.468,15349.629,22198.591,10787.908,0
4796,34689.584,15353.618,22332.46,9678.016,0
4797,32741.268,15375.851,22515.091,7694.88,0
4798,31074.245,15502.095,22678.854,5856.105,0
4799,28768.973,14918.99,22787.713,5640.589,0
4800,27419.291,13790.204,21827.083,5702.371,0
4801,25938.008,11735.226,21401.546,5783.067,0
4802,25079.974,9368.925,22038.272,5681.311,0
4803,23941.114,8131.92,22318.516,5689.734,0
4804,23165.8,8003.245,21951.249,5601.045,0
4805,22914.564,8079.768,21294.803,5506.665,0
4806,22347.081,8497.479,21069.851,5550.071,0
4807,22591.237,8320.628,21311.315,5418.759,0
4808,25288.531,7630.386,20449.73,5186.334,0
4809,29350.966,8235.185,16232.547,5422.013,0
4810,31912.004,8946.73,13645.8,5796.113,0
4811,33924.719,9298.789,12323.421,6140.874,0
4812,34794.158,9839.782,11827.843,6316.275,0
4813,34416.705,9909.402,11617.271,6333.942,0
4814,33387.824,9396.945,11524.272,6139.439,0
4815,32081.917,8717.484,12612.396,5853.73,0
4816,31143.303,8070.767,15079.597,5707.16,0
4817,30472.223,9350.767,16330.618,7599.613,0
4818,32184.649,12329.314,17012.849,9338.413,0
4819,34267.257,15292.856,19603.8,9314.499,0
4820,32050.617,15539.175,21398.316,8821.639,0
4821,30578.686,15830.294,21853.993,7822.502,0
4822,29369.743,15812.811,22707.496,6278.04,0
4823,28271.496,15651.331,21958.227,5463.795,0
4824,26020.517,14188.21,21761.803,5600.758,0
4825,25338.58,11219.022,21917.777,5654.562,0
4826,24319.011,9840.971,21976.635,5612.88,0
4827,23548.674,9575.045,21761.016,5184.423,0
4828,23122.349,9455.43,21665.639,5122.707,0
4829,23750.098,9366.936,21493.093,5257.978,0
4830,24750.216,10731.837,21197.357,5522.841,0
4831,25415.312,14005.24,21571.805,5523.65,0
4832,29780.259,14024.585,21961.235,5896.531,0
4833,33297.682,13992.552,22167.068,6215.762,0
4834,35412.797,12823.236,22191.812,6312.247,0
4835,37234.258,12913.636,21181.012,6646.933,0
4836,38468.675,12362.09,20435.496,6812.734,0
4837,38326.242,11924.56,18890.402,6880.527,0
4838,38082.674,12818.382,19126.231,7001.954,0
4839,37589.253,12937.001,19886.619,7770.278,0
4840,36528.575,13070.257,19474.126,10285.955,0
4841,36346.752,15559.351,17145.961,11728.221,0
4842,36359.76,17321.646,15747.395,13684.082,0
4843,37789.807,17343.155,19369.824,14013.157,0
4844,36638.733,17332.894,21253.707,12834.843,0
4845,34934.719,17284.183,22532.984,10655.142,0
4846,33633.987,17248.449,23128.753,9472.862,0
4847,30785.205,17179.369,22866.685,8809.84,0
4848,27913.705,16029.46,22482.655,7734.622,0
4849,26614.993,14512.895,22273.092,6434.446,0
4850,26453.25,11776.52,22139.058,6302.812,0
4851,26439.229,9906.301,21875.74,6345.752,0
4852,26542.918,9542.812,21409.893,6333.276,0
4853,26769.769,9585.888,21357.538,6327.573,0
4854,26696.585,11451.314,21531.089,6314.174,0
4855,26658.048,14018.894,22993.557,6385.744,0
4856,30193.205,14216.96,24113.32,6615.316,0
4857,34701.611,13439.813,22342.838,7123.539,0
4858,36906.865,12233.787,21254.229,7506.335,0
4859,38141.341,12987.617,20824.022,7629.232,0
4860,39209.031,12619.22,19855.078,7734.926,0
4861,39013.369,12918.414,17453.898,7821.103,0
4862,39759.867,13243.424,17644.832,8511.194,0
4863,39291.057,13481.58,18879.5,9423.378,0
4864,38648.031,13914.495,19223.239,10375.863,0
4865,37730.259,16694.116,17230,12149.438,0
4866,37920.121,17596.426,16311.166,13023.353,0
4867,39106.865,17579.784,19908.876,13490.56,0
4868,37823.492,17494.254,22298.427,12057.569,0
4869,35623.998,17729.84,23358.327,10849.516,0
4870,34251.591,17754.218,24019.851,9885.494,0
4871,32103.848,17675.966,23571.925,8881.009,0
4872,29459.474,17291.385,22403.213,7542.188,0
4873,28276.13,13595.351,21934.255,7486.095,0
4874,27724.84,11215.039,21909.692,6868.695,0
4875,27180.568,10901.526,21142.052,6512.059,0
4876,27132.891,10643.84,20432.887,6498.083,0
4877,27151.658,11323.701,19912.5,6480.975,0
4878,27715.567,12746.799,19987.993,6509.583,0
4879,28774.442,14639.476,21046.361,6632.741,0
4880,32541.547,13491.821,23088.78,7098.831,0
4881,35562.346,12072.804,23001.327,7609.988,0
4882,37465.34,11645.725,22122.814,7388.574,0
4883,38658.484,12441.168,21349.44,7265.404,0
4884,39615.332,12726.202,20145.729,7394.861,0
4885,39554.918,12695.26,18541.829,7499.26,0
4886,40329.815,12872.102,19098.766,8053.58,0
4887,40046.704,13518.575,19127.466,8273.612,0
4888,40518.951,13470.718,19606.801,8508.715,0
4889,39882.298,16316.444,18023.277,10004.145,0
4890,38549.634,17264.676,16103.229,12991.93,0
4891,38519.388,17647.629,19456.816,14064.512,0
4892,38134.642,17621.713,20856.601,12301.096,0
4893,37852.966,17542.518,21833.885,9517.56,0
4894,36761.691,17558.584,22458.776,8330.043,0
4895,33672.49,17237.484,22841.188,8118.82,0
4896,30171.115,16141.188,22537.391,7724.238,0
4897,28310.928,13703.926,22101.07,7339.198,0
4898,27547.821,11297.325,22231.727,6768.303,0
4899,27079.448,10619.744,21667.268,6459.143,0
4900,26770.218,10404.373,21183.225,6446.792,0
4901,26336.807,11020.259,21281.361,6354.082,0
4902,26677.518,12882.899,21496.017,6448.074,0
4903,27684.634,14917.231,22173.831,6520.434,0
4904,31872.932,14423.26,23006.116,6899.844,0
4905,35826.962,13795.856,23003.935,7211.672,0
4906,37508.176,13642.041,22416.563,7049.899,0
4907,38701.832,14393.756,21946.782,7212.627,0
4908,38633.786,15594.923,20875.16,7515.874,0
4909,38443.118,14909.111,19839.02,7622.698,0
4910,39015.483,14757.432,20431.217,7650.013,0
4911,39567.105,15168.157,20683.337,7729.369,0
4912,39570.124,15293.897,21182.794,8439.525,0
4913,37424.015,17155.264,20483.079,9656.738,0
4914,35994.636,18146.417,18911.964,12603.621,0
4915,36689.456,18342.814,21053.321,14014.706,0
4916,35427.33,18034.231,23253.05,12481.879,0
4917,34720.002,18012.268,24009.425,10029.095,0
4918,33227.743,18641.032,24277.182,8715.134,0
4919,30574.205,18748.691,23792.986,8367.652,0
4920,28756.519,17251.975,22611.666,7555.503,0
4921,28343.053,12202.807,22738.98,7744.165,0
4922,27904.854,9641.576,22855.387,7324.316,0
4923,27297.107,9155.193,22490.606,6660.275,0
4924,26387.338,8998.194,22616.643,6618.906,0
4925,26462.533,8818.418,22846.642,6520.311,0
4926,27330.229,10444.059,22828.991,6348.216,0
4927,29324.798,11893.34,22816.458,6516.267,0
4928,33389.415,12667.652,22434.125,6738.726,0
4929,36362.533,12511.011,22339.525,7235.008,0
4930,37083.773,12416.882,21845.285,7877.28,0
4931,37642.774,13423.5,21241.819,7929.001,0
4932,38142.908,13616.63,21061.091,7744.31,0
4933,37821.624,13535.689,20174.438,7613.123,0
4934,37560.942,13752.396,21003.999,7633.496,0
4935,37158.648,14293.918,21991.268,7661.463,0
4936,37717.589,13877.934,21838.231,7951.819,0
4937,37706.257,15162.207,19479.857,9133.661,0
4938,36639.67,17796.9,17063.59,11433.895,0
4939,37507.691,17918.246,18520.05,13003.149,0
4940,35529.878,17829.839,22214.444,11023.76,0
4941,34040.161,17816.986,23523.912,8327.905,0
4942,33367.952,17768.823,23934.473,6769.469,0
4943,31495.79,17471.586,23307.817,6736.621,0
4944,28704.078,16932.94,22072.018,6918.56,0
4945,26724.328,15022.65,22048.209,6608.377,0
4946,25584.403,13550.662,21775.684,6446.526,0
4947,25170.906,11573.156,21535.416,6532.284,0
4948,24564.343,11039.421,21139.714,6672.628,0
4949,24193.981,11108.053,20788.533,7085.214,0
4950,24242.504,11422.4,20378.972,7730.807,0
4951,24223.28,13176.109,19454.23,7749.15,0
4952,25982.847,12712.94,20595.71,7605.296,0
4953,28325.895,12844.185,20570.182,7659.307,0
4954,30781.554,12140.986,20108.209,7955.413,0
4955,32370.444,11896.533,19332.226,8028.59,0
4956,33217.739,12559.963,17743.099,8080.745,0
4957,33184.406,12346.058,17635.517,7591.26,0
4958,32511.339,11675.83,17902.1,7958.341,0
4959,31506.147,12165.523,18396.792,7415.881,0
4960,30986.36,12716.286,18394.565,7512.484,0
4961,30452.653,14220.269,18334.329,8902.191,0
4962,32879.744,16367.636,17123.663,10404.931,0
4963,35337.192,17191.457,19188.662,12125.319,0
4964,33592.334,17647.547,21385.935,9875.038,0
4965,31891.787,17471.925,22778.682,6899.459,0
4966,30719.774,16479.554,23566.408,5326.652,0
4967,28509.278,15542.563,23821.572,5135.219,0
4968,26349.439,14983.845,22990.17,5278.03,0
4969,24867.221,12737.178,23033.949,5123.576,0
4970,24340.534,10598.867,23088.802,5068.615,0
4971,23886.885,9614.02,22914.15,4978.395,0
4972,23114.252,8972.785,23048.298,4802.314,0
4973,22921.346,8646.838,22912.253,4755.425,0
4974,22833.28,8907.735,22412.59,4748.431,0
4975,23040.431,9303.829,21415.805,4802.681,0
4976,24916.006,9550.72,19474.752,5033.819,0
4977,27704.26,9377.534,17067.957,5471.914,0
4978,31062.425,9050.78,14949.6,5867.01,0
4979,33586.929,9164.866,13992.763,6134.907,0
4980,34386.813,9725.875,14294.558,6249.526,0
4981,34570.083,9838.777,14140.889,6283.238,0
4982,33916.589,9458.263,14613.967,6171.122,0
4983,32453.97,9988.527,14739.343,6101.544,0
4984,31079.103,10110.491,16207.857,5975.747,0
4985,29822.416,12671.767,17259.756,6675.164,0
4986,30942.853,16625.057,16580.419,8766.295,0
4987,33205.087,18380.468,18884.111,9714.505,0
4988,31112.702,18147.458,21485.894,8692.765,0
4989,30214.88,18187.758,22593.061,6854.839,0
4990,29616.763,18059.787,23034.351,5388.136,0
4991,27737.802,17850.173,22697.418,5292.96,0
4992,25701.137,17030.644,22016.837,5263.867,0
4993,25162.456,14403.582,21388.791,5155.057,0
4994,25895.192,11157.528,21277.529,5104.116,0
4995,25869.324,9622.64,21169.355,4989.259,0
4996,25673.954,8962.95,21411.521,4936.829,0
4997,25823.385,9653.851,20798,5045.676,0
4998,27033.967,11358.01,20105.532,5387.873,0
4999,28174.442,13533.814,20467.515,5726.897,0
5000,30960.701,13221.899,22092.829,6193.667,0
5001,33545.272,13904.536,22043.115,6812.438,0
5002,35961.811,13652.104,20873.438,7392.55,0
5003,38752.172,13525.196,19775.161,7670.563,0
5004,40545.129,13449.786,19249.32,7768.487,0
5005,40656.766,12585.814,18701.274,7704.279,0
5006,41416.963,13365.612,17507.55,7991.473,0
5007,41925.334,14176.754,15851.16,8515.41,0
5008,42166.892,14890.775,15100.484,8943.769,0
5009,41542.719,17105.481,13103.23,10681.164,0
5010,39543.52,18272.686,12515.708,12629.7,0
5011,40584.705,18930.932,14390.593,13476.8,0
5012,39716.575,18824.338,15471.802,13148.687,0
5013,38301.43,18807.922,16233.836,12313.029,0
5014,37708.864,18837.457,16493.502,11554.955,0
5015,36006.531,18518.149,16037.512,10049.998,0
5016,33392.745,16610.142,15962.256,9431.387,0
5017,31524.76,16590.629,15164.458,7559.962,0
5018,29080.793,16408.502,14812.246,7084.668,0
5019,27691.359,16145.338,15000.661,6474.592,0
5020,27115.096,15725.635,14862.153,6539.238,0
5021,26811.137,16908.947,14196.642,6665.773,0
5022,29333.86,17683.944,13350.58,6587.796,0
5023,32832.365,17685.667,13580.236,6732.631,0
5024,34387.858,17241.615,16055.789,7120.602,0
5025,37522.994,14899.198,17787.866,7494.055,0
5026,39003.859,12995.215,18413.578,7277.853,0
5027,39536.338,13025.093,18290.487,7393.69,0
5028,40352.779,12266.81,18019.447,7497.137,0
5029,40094.398,11156.178,17482.037,7559.552,0
5030,40088.104,12381.302,16625.265,7643.665,0
5031,40309.792,12335.157,16544.612,8046.407,0
5032,40852.789,12437.891,16170.809,8403.296,0
5033,41286.931,15089.494,13596.773,9661.856,0
5034,40929.491,16948.628,12310.451,11447.275,0
5035,40705.121,18032.093,14906.242,14245.496,0
5036,39650.578,18014.957,16120.491,13648.97,0
5037,38931.747,17803.714,16797.775,12002.095,0
5038,37351.775,17792.327,17272.392,11527.46,0
5039,35821.991,17443.819,15674.286,10859.411,0
5040,32695.23,16682.109,15209.513,9534.868,0
5041,30475.436,15530.661,15190.805,7665.458,0
5042,28707.732,15346.325,14812.879,6641.181,0
5043,27453.053,15603.97,14035.895,6372.171,0
5044,26872.396,15592.198,13913.649,6187.773,0
5045,26949.47,15824.929,13906.537,6086.766,0
5046,28144.874,16256.313,14263.945,5986.545,0
5047,29830.959,16562.141,15711.695,6648.149,0
5048,31362.065,15812.178,18941.398,6734.122,0
5049,34502.049,13102.022,20938.584,6931.041,0
5050,36098.728,11407.356,20876.795,7219.363,0
5051,37542.259,11516.838,19578.468,7586.09,0
5052,38507.249,11568.348,18277.145,7749.574,0
5053,38527.519,10860.052,16722.253,7680.07,0
5054,38448.527,11297.654,17251.82,7804.935,0
5055,38762.757,11557.3,17936.89,7640.737,0
5056,38840.197,12258.993,17641.743,7944.949,0
5057,37896.82,15262.745,17077.917,8897.368,0
5058,37566.461,17368.675,17589.513,9490.722,0
5059,37652.997,17971.989,21219.176,11712.548,0
5060,36002.637,18202.312,23319.052,10627.265,0
5061,33975.788,18379.549,24651.581,9014.137,0
5062,32552.146,18488.793,24834.491,8052.718,0
5063,30518.765,18111.371,24181.055,7075.859,0
5064,28629.54,16180.951,22926.441,6833.932,0
5065,26407.063,14044.877,22242.18,6444.558,0
5066,25425.239,11659.133,22409.821,6252.224,0
5067,24751.249,10104.573,22661.232,6230.521,0
5068,24289.166,9319.876,22872.012,6369.799,0
5069,24041.965,10267.902,22581.651,6258.115,0
5070,24397.906,12078.205,22359.318,6417.421,0
5071,24993.732,14360.395,23556.196,6334.267,0
5072,28304.292,14606.704,24491.001,6657.866,0
5073,32077.529,12950.329,24309.148,7030.657,0
5074,34567.577,11395.64,22842.776,7189.697,0
5075,36498.393,11373.424,21225.534,7497.041,0
5076,37235.289,11437.81,20629.828,7502.371,0
5077,36653.257,11276.814,18690.792,7336.297,0
5078,36500.115,11235.247,19777.557,7533.72,0
5079,35758.854,10761.786,22872.99,7466.203,0
5080,35019.55,12660.035,23021.613,7158.513,0
5081,34351.651,13713.983,24315.774,7529.148,0
5082,34721.775,16115.688,23232.463,8431.176,0
5083,36970.719,17411.958,24710.913,9122.596,0
5084,37334.96,18742.52,23034.297,8421.994,0
5085,34947.229,18708.779,23813.463,7748.411,0
5086,34008.044,18321.75,23988.966,7178.537,0
5087,30757.181,18329.856,23423.617,7218.385,0
5088,27432.298,17311.678,22885.891,6831.535,0
5089,25222.843,15225.507,22415.372,6405.871,0
5090,24636.041,12666.713,22209.081,6382.441,0
5091,24564.591,10779.545,21898.109,6361.973,0
5092,24346.906,10130.831,21841.903,6358.044,0
5093,24214.686,10848.327,21458.772,6347.704,0
5094,24378.057,13033.503,21373.663,6323.06,0
5095,25130.123,15697.731,21954.399,6404.324,0
5096,30126.314,13947.397,23106.9,6900.686,0
5097,33686.789,13415.502,22501.838,7231.28,0
5098,35714.187,11855.409,22239.034,7347.289,0
5099,37070.681,12097.628,21542.496,7736.473,0
5100,37682.458,11918.667,20955.281,7722.298,0
5101,37855.845,11494.725,18442.164,7667.951,0
5102,37157.095,11943.462,19991.455,7674.614,0
5103,36317.484,12067.074,22182.01,7600.045,0
5104,36002.759,13668.925,21835.161,7292.833,0
5105,35482.741,15530.518,21327.064,7180.851,0
5106,34779.369,17065.988,20742.015,9018.196,0
5107,35746.413,18172.217,22970.127,10810.963,0
5108,34909.515,18487.713,23811.736,9624.365,0
5109,33443.708,18594.269,24081.091,7397.397,0
5110,32663.409,18571.174,23938.033,6310.051,0
5111,30240.994,18187.23,23518.176,6322.164,0
5112,27931.204,16324.496,22921.145,6329.387,0
5113,25417.152,14234.608,22340.396,6310.576,0
5114,24313.46,11794.715,22392.46,6146.028,0
5115,23249.773,10424.156,22470.608,6016.951,0
5116,22712.011,10076.002,22193.32,5932.963,0
5117,22643.115,10292.338,21753.207,5755.601,0
5118,22902.552,10474.11,21640.367,5737.637,0
5119,23429.392,10366.748,22285.089,5865.62,0
5120,26713.785,8165.258,23252.587,6298.235,0
5121,30376.879,8594.031,20861.677,6514.996,0
5122,33385.966,9144.239,17405.009,6760.421,0
5123,35480.263,9769.421,15120.666,6939.424,0
5124,36040.695,10335.334,14123.22,7012.26,0
5125,36129.103,10146.182,13394.695,7013.617,0
5126,35405.372,10060.992,13669.563,6945.807,0
5127,33951.229,10215.478,15039.575,6849.353,0
5128,33197.266,9543.647,17568.798,6772.957,0
5129,31977.896,11279.785,19797.121,6822.017,0
5130,31944.789,13496.39,21835.174,7716.184,0
5131,35205.507,15495.676,22841.267,8589.366,0
5132,34449.209,14937.306,23317.173,7594.424,0
5133,31563.142,15161.942,23364.817,6411.334,0
5134,29048.435,15620.448,23394.504,6066.662,0
5135,26811.95,14808.075,23019.14,5903.94,0
5136,25185.709,13424.383,22966.304,5914.922,0
5137,23220.289,11454.755,23210.618,5886.827,0
5138,22447.755,9711.518,22651.734,5747.717,0
5139,22141.416,8464.116,22542.548,5559.362,0
5140,21908.889,8025.576,22112.616,5555.204,0
5141,21966.662,8235.391,20879.048,5737.018,0
5142,21822.402,8037.715,21103.956,5598.911,0
5143,21959.835,7542.747,21087.95,5666.213,0
5144,25048.225,7637.568,17910.18,5376.149,0
5145,28064.734,7780.205,15039.04,5834.824,0
5146,30952.347,7911.576,12669.906,6301.485,0
5147,32618.239,8347.257,11406.808,6674.465,0
5148,33591.691,8740.855,11473.441,6836.285,0
5149,33876.882,8145.048,11893.734,6823.676,0
5150,33310.526,7902.265,11737.663,6799.581,0
5151,33321.342,7761.127,11778.199,6396.665,0
5152,31687.719,8094.26,14669.279,6044.384,0
5153,29913.706,9543.004,18249.554,6193.118,0
5154,29668.023,14317.933,18195.24,7631.132,0
5155,33550.023,15630.805,18725.914,9751.171,0
5156,32977.329,14714.096,20449.267,8768.894,0
5157,31171.388,14511.997,22162.608,7258.128,0
5158,29103.33,14921.588,22970.306,6033.797,0
5159,26130.186,14672.143,23428.218,5925.446,0
5160,24342.548,13740.752,21949.186,6032.326,0
5161,23716.554,10917.197,21276.789,6097.524,0
5162,23133.396,8624.14,22269.188,5793.731,0
5163,23068.834,8059.562,21309.967,5886.638,0
5164,22748.053,7491.876,21556.423,5877.844,0
5165,22786.892,7863.812,21473.856,5998.304,0
5166,23637.285,10046.105,21477.563,5961.528,0
5167,25169.831,12059.381,23234.241,5907.417,0
5168,28782.708,11729.119,23931.826,6018.553,0
5169,32295.925,11636.715,23903.092,6439.358,0
5170,34654.502,11856.736,23113.927,6663.52,0
5171,36503.723,12124.394,23033.639,7001.864,0
5172,37519.105,12202.703,21881.97,7246.697,0
5173,37593.142,10326.907,20601.458,7800.897,0
5174,37999.951,11216.608,20419.427,7852.511,0
5175,38755.409,11975.206,20524.515,7609.945,0
5176,37982.767,12949.477,20812.428,7710.767,0
5177,37084.637,13383.677,21574.072,8625.562,0
5178,36170.59,13978.121,20645.639,10508.969,0
5179,36243.992,15531.876,22492.26,11879.073,0
5180,36142.128,15749.196,23291.285,10926.565,0
5181,36073.295,15834.628,23304.425,8897.299,0
5182,34386.018,15832.637,24721.988,7412.111,0
5183,31967.717,15189.145,24572.932,6900.267,0
5184,28535.781,14252.529,23374.343,6534.454,0
5185,26650.391,12655.271,22187.519,6306.756,0
5186,25056.305,11933.51,21350.391,6156.767,0
5187,24398.122,11070.544,20994.709,6206.922,0
5188,24340.052,10704.916,20596.867,6318.05,0
5189,24809.191,10803.602,20384.572,6383.817,0
5190,26162.421,12040.497,20699.812,6431.088,0
5191,27869.112,13989.358,22282.352,6560.771,0
5192,30689.324,14243.416,22974.643,6913.337,0
5193,34302.626,14624.043,21790.302,7372.438,0
5194,36870.643,13394.629,21091.202,7875.964,0
5195,37916.146,13627.906,20841,8224.322,0
5196,38132.012,13215.623,20969.254,8322.276,0
5197,37364.175,11795.339,20360.561,8046.85,0
5198,37868.6,12754.379,20242.084,7928.65,0
5199,37951.475,13447.041,21063.393,7858.042,0
5200,37054.449,14576.21,20955.565,8212.581,0
5201,37506,15097.011,19480.774,9510.523,0
5202,36893.824,14896.206,19048.793,11162.341,0
5203,36893.673,16083.298,22406.884,11784.894,0
5204,35742.131,16610.392,24040.85,10636.815,0
5205,35048.043,16046.717,26070.347,8341.379,0
5206,34495.573,16419.24,24947.945,7802.473,0
5207,31850.496,16003.949,24169.271,7306.277,0
5208,27959.816,14876.092,24298.225,6687.022,0
5209,25437.037,12437.596,24629.538,6354.196,0
5210,24667.636,10762.407,23958.857,6224.491,0
5211,24330.982,9674.599,23354.735,6215.331,0
5212,23903.047,9115.599,23264.556,6296.094,0
5213,24113.209,9322.711,23337.679,6349.085,0
5214,24428.144,11482.049,23561.517,6341.777,0
5215,26602.242,14582.693,22698.507,6508.014,0
5216,28655.378,14192.482,25114.206,6815.386,0
5217,32375.413,13174.599,23888.841,7284.617,0
5218,35393.84,11487.192,22932.662,7423.963,0
5219,36934.02,11881.084,21898.021,7581.615,0
5220,37780.367,11801.384,21408.121,7775.173,0
5221,37788.373,10439.218,20465.969,7738.494,0
5222,37798.5,11221.313,20780.655,7494.974,0
5223,37172.759,12380.245,21504.326,7569.747,0
5224,35934.269,14776.856,20852.173,7772.704,0
5225,35730.838,16102.798,20320.144,8248.045,0
5226,34957.993,16512.951,19976.479,9977.19,0
5227,35780.185,17210.314,22412.46,11381.508,0
5228,34451.804,17006.77,24745.431,10216.329,0
5229,34322.445,16453.724,25820.193,8550.81,0
5230,33327.339,16474.22,26538.523,7251.241,0
5231,31118.657,15592.912,25884.961,7267.207,0
5232,27522.577,14990.884,25422.517,6426.641,0
5233,25352.674,12427.741,24943.993,6426.35,0
5234,24625.202,10231.4,24214.511,6352.716,0
5235,24138.687,8823.301,24138.913,6288.14,0
5236,23872.921,8507.594,23885.199,6285.257,0
5237,24012.204,9193.528,23390.826,6246.386,0
5238,24648.042,10827.269,23745.74,6352.855,0
5239,26027.485,13752.203,24185.503,6462.628,0
5240,29365.724,13284.138,24816.834,6761.608,0
5241,33678.677,12257.37,23125.46,7262.761,0
5242,35510.975,11484.96,22625.454,7502.736,0
5243,36750.686,12139.591,21590.561,7788.832,0
5244,37857.576,12109.363,21281.573,7810.773,0
5245,37515.252,11395.824,19610.05,7708.249,0
5246,37368.134,12514.913,19554.271,7519.143,0
5247,38128.463,12847.389,19963.619,7886.314,0
5248,36952.42,14295.111,20197.851,8451.564,0
5249,37159.886,15403.974,20221.676,8846.572,0
5250,35581.244,15809.72,20820.044,10585.906,0
5251,36581.277,16296.602,23771.946,11898.073,0
5252,36709.521,15953.432,25210.775,10378.15,0
5253,35618.131,16170.544,25871.835,8529.61,0
5254,33669.381,16870.141,26376.985,7547.367,0
5255,31314.344,16032.731,26222.446,7069.677,0
5256,28154.663,15507.505,25049.185,6610.941,0
5257,25224.942,14069.628,24205.569,6501.519,0
5258,24436.018,11913.665,23644.285,6379.785,0
5259,23822.56,11041.897,22963.099,6374.249,0
5260,23792.462,10860.374,22160.721,6425.635,0
5261,24096.844,10915.552,22168.208,6350.416,0
5262,25119.863,12762.981,22026.764,6392.029,0
5263,26336.292,15537.776,22288.835,6797.183,0
5264,30705.63,15528.432,21423.432,7007.834,0
5265,34799.566,13985.026,21958.197,7270.07,0
5266,36879.287,13188.858,22230.504,7545.002,0
5267,36894.868,14922.894,22015.422,7785.323,0
5268,37475.565,15402.84,20914.77,7709.529,0
5269,37312.779,14120.605,19466.409,7659.279,0
5270,38191.733,14687.867,18911.096,7812.228,0
5271,37377.701,15665.953,19618.55,7865.483,0
5272,36016.711,16893.085,19160.597,7966.805,0
5273,36319.823,17841.724,16756.68,8681.077,0
5274,36786.968,17623.035,14906.561,11981.75,0
5275,37490.795,17666.974,18082.893,13393.836,0
5276,36280.069,17545.287,19629.471,12354.457,0
5277,35265.74,16786.384,20665.219,10514.53,0
5278,34154.208,16813.314,21664.88,9244.455,0
5279,32137.153,16522.351,21534.223,8843.69,0
5280,29635.776,15788.922,20371.875,8453.589,0
5281,26795.739,14918.666,20020.638,7093.396,0
5282,24710.108,14197.196,19410.139,6481.445,0
5283,23778.969,13402.696,19005.424,6392.085,0
5284,23555.84,12982.882,18220.672,6385.438,0
5285,23679.089,13253.849,17346.957,6349.142,0
5286,24514.967,13968.36,16171.75,6268.977,0
5287,24932.278,13349.731,17662.375,6311.341,0
5288,26497.326,11003.68,20689.215,6555.538,0
5289,30750.832,9554.134,20223.601,6626.921,0
5290,33919.647,9387.511,17999.661,6518.219,0
5291,35802.894,8990.045,16826.794,6522.219,0
5292,37033.611,8678.086,15836.939,6788.082,0
5293,36832.053,8409.861,15276.81,6868.649,0
5294,36466.475,8079.699,15052.476,6531.353,0
5295,35798.438,7783.966,15311.443,6546.975,0
5296,34603.892,8064.932,15988.686,7042.938,0
5297,35528.223,10314.046,14455.047,7618.163,0
5298,36398.422,14446.901,12876.007,9855.733,0
5299,37940.588,16074.887,14876.683,12038.191,0
5300,36234.859,16105.321,15913.625,11944.921,0
5301,33888.963,16289.372,16728.255,10112.928,0
5302,32278.203,15976.259,17532.932,8371.585,0
5303,30236.514,15676.894,16975.845,8122.208,0
5304,27455.23,15212.119,16871.501,7639.882,0
5305,25467.953,13683.395,16601.637,6847.456,0
5306,24318.318,12344.262,16754.738,6072.451,0
5307,23877.633,10992.995,16420.137,5986.409,0
5308,23827.877,10226.847,15852.584,5951.45,0
5309,23886.093,10406.488,14844.099,5945.294,0
5310,23614.278,10497.102,14525.628,5924.448,0
5311,23615.414,9186.779,15693.734,6042.777,0
5312,25661.901,8588.565,14990.914,5913.905,0
5313,29057.037,9008.132,11875.656,6131.528,0
5314,31177.041,8972.131,10278.792,6571.35,0
5315,32812.395,9414.123,9585.543,6767.59,0
5316,33633.957,9805.996,9157.581,6913.82,0
5317,33491.991,9315.783,8418.689,6721.822,0
5318,32681.622,8537.787,7616.493,6561.268,0
5319,31418.27,8584.315,7286.985,6366.688,0
5320,31245.425,8032.733,9210.383,6065.567,0
5321,31720.031,8291.692,12048.159,6599.343,0
5322,31923.185,12887.424,14360.605,7762.486,0
5323,34141.245,15180.691,16460.994,9751.009,0
5324,33442.545,14843.203,17205.897,10146.328,0
5325,32329.948,15016.528,17567.233,9031.754,0
5326,32258.587,15211.255,17503.986,7430.195,0
5327,29943.471,15000.825,17581.099,6634.918,0
5328,26320.122,13479.259,19026.844,6102.373,0
5329,24577.029,12818.403,17802.443,6007.144,0
5330,24019.301,11389.92,17217.71,5972.642,0
5331,23604.107,9931.546,17734.985,5959.933,0
5332,23485.509,9762.611,17554.081,5925.619,0
5333,23946.816,9923.598,17416.113,5853.367,0
5334,24863.592,12041.507,17281.534,5833.51,0
5335,26488.66,13396.678,19223.512,5998.77,0
5336,29446.102,12275.515,21095.738,6308.01,0
5337,33358.692,10297.025,21924.871,6617.344,0
5338,35947.466,10269.565,20044.584,7112.533,0
5339,37730.998,10979.96,18419.41,7444.772,0
5340,38536.439,11795.868,16710.809,7918.477,0
5341,38017.152,11479.376,13629.034,8897.939,0
5342,37300.625,11564.514,13095.976,10130.254,0
5343,36121.836,11594.868,15405.115,10033.927,0
5344,35955.86,11444.31,16555.7,10190.3,0
5345,37302.321,12535.764,15766.253,10451.184,0
5346,37127.165,15541.179,15282.367,11056.854,0
5347,37865.079,15849.217,18708.457,12986.355,0
5348,36922.316,15972.968,20748.391,12383.153,0
5349,35281.27,16219.149,21782.167,10688.04,0
5350,33938.995,16246.804,22147.322,9518.04,0
5351,32046.256,16099.764,21998.515,7485.756,0
5352,28352.604,15237.981,21852.875,6047.328,0
5353,26081.2,14003.85,20407.598,5974.245,0
5354,25009.588,12728.192,19638.537,5798.437,0
5355,24495.921,11981.273,19234.678,5551.364,0
5356,24271.912,11646.173,18832.204,5576.303,0
5357,24630.066,11695.216,18611.41,5544.983,0
5358,25254.678,13618.388,18849.353,5596.103,0
5359,27029.397,15188.172,20138.064,5793.357,0
5360,31558.857,12146.916,23119.992,6005.285,0
5361,35148.165,10884.68,22527.745,6462.446,0
5362,36444.196,10690.432,21278.944,6784.198,0
5363,38274.238,10866.154,20157.539,7032.354,0
5364,38682.496,11403.264,19747.331,6984.08,0
5365,38351.585,10633.517,18264.676,6792.243,0
5366,38504.448,10725.658,18594.01,6571.897,0
5367,37580.281,10582.509,19875.946,7352.811,0
5368,36718.839,11736.011,19685.111,7597.708,0
5369,37714.462,13527.348,18701.505,7601.065,0
5370,37283.034,15165.759,18284.109,8878.886,0
5371,37745.662,16484.809,21618.912,10723.638,0
5372,37632.827,16178.43,22988.536,10291.177,0
5373,37170.059,16145.429,23511.694,8281.349,0
5374,35579.232,15838.91,24738.078,6719.577,0
5375,31619.755,16281.522,24805.9,5818.679,0
5376,28180.181,14485.183,24252.909,5735.092,0
5377,26088.575,11941.301,23455.263,5768.121,0
5378,25075.803,9684.079,23601.093,5765.643,0
5379,24510.744,8547.762,23618.287,5708.241,0
5380,24141.474,8878.294,22995.242,5597.885,0
5381,24568.701,9138.231,22606.782,5575.267,0
5382,25686.607,10530.029,22803.856,5605.735,0
5383,27839.187,12165.778,23680.072,5791.672,0
5384,30837.766,12715.004,23790.107,6255.671,0
5385,33842.902,12579.897,23068.54,6586.781,0
5386,35851.392,11937.887,21480.628,6708.809,0
5387,38283.638,12252.817,19711.407,6655.804,0
5388,39905.56,12152.44,18542.238,6792.692,0
5389,39909.22,11877.46,15953.799,6814.977,0
5390,39956.54,11352.938,16955.038,6910.784,0
5391,39142.518,11617.291,18667.408,6964.198,0
5392,38636.555,11998.825,20339.412,6784.067,0
5393,37915.506,14388.38,20155.348,7622.63,0
5394,37563.421,15120.229,20012.524,9055.769,0
5395,38913.767,15826.991,22108.748,11424.409,0
5396,38449.47,15795.209,23277.562,10626.095,0
5397,37440.937,15776.288,24459.902,8621.541,0
5398,36352.407,15716.274,25034.578,7147.491,0
5399,33552.57,15019.72,24784.637,6415.759,0
5400,31144.952,13684.961,23149.197,6064.387,0
5401,28381.853,11633.728,22301.184,6025.085,0
5402,27023.206,9753.818,22278.32,6075.661,0
5403,26416.301,9051.306,22130.695,6004.631,0
5404,26287.676,8349.539,22021.885,6025.072,0
5405,26168.389,8971.046,21751.721,6016.099,0
5406,26235.435,11748.879,21686.686,5817.307,0
5407,28266.496,13462.079,23008.638,5894.918,0
5408,31627.331,13156.758,23539.438,6258.218,0
5409,34762.922,12513.306,22760.659,6664.813,0
5410,35829.151,11608.897,22990.182,6782.365,0
5411,37305.092,11685.477,22711.692,7122.301,0
5412,39847.752,12021.248,20372.183,7204.23,0
5413,40377.333,10545.609,18465.646,7038.067,0
5414,40608.811,10780.197,18797.909,7188.921,0
5415,40086.26,11118.653,20143.893,7255.284,0
5416,40400.421,11530.656,19564.661,7520.245,0
5417,40516.501,13893.75,18645.455,7908.636,0
5418,38958.144,16423.221,17329.386,10166.079,0
5419,39222.459,16656.378,20270.522,12731.231,0
5420,39183.799,16616.873,22220.392,11125.693,0
5421,38588.895,16860.04,22064.176,9225.401,0
5422,37502.038,16784.872,22184.524,8343.3,0
5423,33110.023,16217.205,23913.11,7903.248,0
5424,30053.735,14913.12,22853.635,7408.477,0
5425,29225.114,11490.251,22100.432,6571.993,0
5426,28117.75,9940.251,22077.246,6026.52,0
5427,27520.054,8923.991,21815.169,6012.34,0
5428,27349.482,8334.848,21662.239,5902.459,0
5429,27884.587,8147.847,21749.099,5776.708,0
5430,28379.345,10433.765,21477.389,5840.092,0
5431,29458.885,12774.832,22370.215,6158.418,0
5432,32535.007,13122.803,22566.767,6379.235,0
5433,35190.869,14122.811,21594.515,6662.954,0
5434,36448.142,12586.174,21934.387,7114.599,0
5435,38198.679,11948.236,21287.136,7695.725,0
5436,39124.068,11831.777,19891.585,8380.809,0
5437,39579.785,11059.53,17309.171,8595.308,0
5438,39392.672,10930.473,16887.275,9708.985,0
5439,38742.783,11133.888,18131.575,10109.39,0
5440,38672.636,12198.614,18068.621,9885.356,0
5441,39040.58,13254.538,17872.203,9584.656,0
5442,37358.392,15487.096,18915.075,10631.478,0
5443,37559.093,17010.764,21172.205,12229.776,0
5444,37423.427,17227.479,22822.306,10281.589,0
5445,36571.246,16961.51,23064.585,8217.481,0
5446,35164.764,16711.563,24123.306,6995.509,0
5447,33404.837,16636.666,23471.628,6543.736,0
5448,31695.295,14303.237,22496.045,6578.899,0
5449,28410.162,12852.86,22062.678,6358.557,0
5450,26255.645,12683.006,21598.828,5941.301,0
5451,25209.831,11742.667,21558.064,5810.543,0
5452,24470.927,11432.105,20973.811,5656.494,0
5453,24230.017,11932.156,20457.544,5602.399,0
5454,24152.266,12616.959,20136.455,5638.388,0
5455,25092.688,12142.545,20653.887,5761.509,0
5456,29280.468,9188.089,21772.775,6220.002,0
5457,32220.961,9216.101,20998.262,6346.218,0
5458,34598.603,9353.829,18831.854,6499,0
5459,36578.935,9923.094,16266.783,6867.067,0
5460,37594.638,9995.179,15246.311,7279.926,0
5461,37810.163,9723.033,14433.902,7287.734,0
5462,37399.515,9447.188,14062.98,7333.785,0
5463,37176.087,8995.343,14659.96,6966.298,0
5464,36944.977,9225.711,15974.167,6795.234,0
5465,36416.621,10498.246,17122.203,7030.12,0
5466,34988.883,13219.979,21001.393,7774.394,0
5467,36555.023,14777.103,23678.866,9484.091,0
5468,36226.106,14997.845,24014.835,8014.076,0
5469,34214.315,14241.494,24428.126,6917.144,0
5470,32029.27,13556.188,24544.902,6448.623,0
5471,29407.074,12832.622,24421.049,6351.239,0
5472,27243.281,12233.998,23731.712,6148.6,0
5473,24788.157,11930.434,22760.724,6064.451,0
5474,23410.665,10431.753,22735.784,5858.863,0
5475,22766.989,9007.701,22701.539,5876.585,0
5476,22670.504,8288.838,22259.948,5876.528,0
5477,22662.62,8148.218,21803.971,5930.404,0
5478,22569.702,8859.742,20848.148,5908.56,0
5479,23045.037,8793.822,19878.319,5905.451,0
5480,25554.769,8544.994,18136.209,5915.762,0
5481,28248.917,8320.238,15732.62,6197.386,0
5482,30866.725,8801.427,12754.435,6404.556,0
5483,33140.085,9612.986,10315.365,6743.733,0
5484,34229.737,10465.084,9860.451,7086.427,0
5485,34299.729,10353.506,9601.344,7182.927,0
5486,33619.773,10154.57,9489.603,7102.662,0
5487,32224.058,9406.087,10846.272,6684.112,0
5488,30985.566,9055.472,13671.645,6527.547,0
5489,29773.084,9873.989,18512.164,6425.516,0
5490,29092.899,12772.144,21734.412,7721.237,0
5491,32616.15,14113.931,23434.423,9509.166,0
5492,32919.766,14409.896,23807.824,8135.391,0
5493,31607.757,14802.402,24021.911,6922.652,0
5494,30005.159,14862.938,24169.619,6554.427,0
5495,27153.541,14669.295,24192.921,6533.074,0
5496,25434.427,12818.132,23708.949,6501.897,0
5497,25034.658,10157.456,23013.656,6395.389,0
5498,24590.069,8787.417,22620.565,6293.344,0
5499,24195.118,8452.824,21954.507,6259.977,0
5500,24072.077,8276.005,21588.536,6167.161,0
5501,24141.783,8525.557,21803.486,6113.783,0
5502,24522.833,10570.753,22249.121,6336.916,0
5503,26710.17,13007.612,22658.561,6460.768,0
5504,31050.928,12608.191,21898.402,7010.553,0
5505,35335.996,12341.564,20440.518,7323.268,0
5506,37094.071,11898.673,20021.197,7650.407,0
5507,39362.106,11243.785,19601.194,7860.688,0
5508,40230.927,11350.929,19192.251,7988.107,0
5509,39661.848,10811.705,18387.136,7934.689,0
5510,39666.919,11615.808,19198.644,7798.439,0
5511,40767.895,11791.973,20068.24,7294.5,0
5512,41292.596,12436.965,20029.111,7096.108,0
5513,41048.407,14386.23,19221.012,7019.919,0
5514,37483.211,15745.113,20021.945,9042.476,0
5515,37217.257,16885.692,22234.052,11475.413,0
5516,36474.931,18048.459,23817.826,9679.929,0
5517,36104.618,18138.463,24274.782,7661.094,0
5518,35160.707,18008.87,24173.154,6931.149,0
5519,32493.293,17535.553,23921.543,6368.936,0
5520,29233.478,15479.75,23531.558,6376.027,0
5521,29026.321,10546.804,23125.827,6111.707,0
5522,29640.711,7235.766,23102.184,6014.74,0
5523,28909.568,6232.278,23031.278,5991.401,0
5524,28498.308,6165.677,22649.492,6133.936,0
5525,28689.344,6274.218,22583.692,6142.557,0
5526,30051.243,7314.714,22601.011,6299.317,0
5527,31154.526,10507.672,23061.369,6226.522,0
5528,33415.425,11056.096,23645.674,6504.518,0
5529,35346.691,11955.923,23060.42,6692.154,0
5530,37661.789,11606.828,21515.287,7180.714,0
5531,39905.106,11492.838,21001.5,7433.95,0
5532,40498.655,13252.694,19633.699,7330.856,0
5533,40330.852,12238.971,17910.244,7329.42,0
5534,40176.082,11820.619,19472.579,7538.297,0
5535,40351.783,12281.709,21304.41,7036.718,0
5536,40722.953,12347.103,22496.519,6601.664,0
5537,41306.289,13916.92,21897.397,6415.557,0
5538,38309.04,15572.532,21673.504,8092.892,0
5539,38091.746,16248.667,24119.649,10009.231,0
5540,37843.902,16286.827,25898.715,8341.285,0
5541,37450.253,16515.564,26007.102,6861.757,0
5542,36396.35,16649.33,26017.962,5996.739,0
5543,34229.654,15476.043,24937.901,6019.252,0
5544,32757.212,12667.294,23839.82,6022.775,0
5545,31803.544,9443.505,23254.656,5985.325,0
5546,30785.86,7287.64,22845.092,6003.551,0
5547,29164.201,7044.771,22768.362,6001.98,0
5548,28058.817,6905.312,22836.229,5990.829,0
5549,28342.996,6998.965,22590.247,5987.002,0
5550,30220.398,7885.9,22473.292,5984.703,0
5551,30894.948,10318.438,23823.137,6093.271,0
5552,33291.155,11023.094,24500.565,6506.975,0
5553,36341.346,11721.008,23023.082,6925.129,0
5554,39747.115,11287.486,20175.673,7261.694,0
5555,40430.847,11502.562,19882.759,7720.932,0
5556,40259.085,11962.518,20038.276,7900.865,0
5557,39575.148,11044.676,19585.314,7820.042,0
5558,40494.407,11500.718,20018.602,7726.677,0
5559,40698.028,12032.536,20367.043,8421.773,0
5560,40778.992,12518.349,20662.64,8505.5,0
5561,41189.076,13489.553,20061.87,8400.824,0
5562,38327.691,15574.075,18512.606,10919.413,0
5563,38455.498,16172.334,20126.926,13449.272,0
5564,37850.425,16546.076,22700.551,10852.46,0
5565,37690.221,16701.503,24458.67,7672.265,0
5566,36067.82,16392.546,24973.367,7594.605,0
5567,33760.586,15432.814,24588.735,7530.779,0
5568,32231.042,12724.498,23836.284,7353.978,0
5569,31681.495,9700.194,22862.612,6812.741,0
5570,30806.245,7466.32,22640.709,6650.27,0
5571,30094.039,6585.32,22893.745,6221.621,0
5572,29418.482,6554.355,22736.299,6201.923,0
5573,29419.933,6820.176,22484.478,6220.754,0
5574,30760.043,8311.295,22176.534,6256.128,0
5575,31416.247,10824.296,23423.61,6398.213,0
5576,35175.238,10664.216,23306.983,6863.143,0
5577,37888.982,10864.013,22240.655,7137.097,0
5578,39785.817,10526.773,21236.259,7408.802,0
5579,41315.879,11217.683,19766.721,7692.548,0
5580,41612.317,12002.522,19130.538,7821.571,0
5581,41494.104,10825.007,18390.558,7773.776,0
5582,41858.347,11548.4,19901.088,7657.062,0
5583,42472.701,11941.072,21736.459,7423.659,0
5584,43611.178,12213.68,21691.891,7192.039,0
5585,44368.177,13129.887,21040.259,6861.912,0
5586,41135.533,14439.096,21218.732,8932.187,0
5587,40598.969,15395.895,23047.001,10860.305,0
5588,39681.484,16221.135,24978.943,8696.76,0
5589,38654.557,16451.328,25454.712,6985.467,0
5590,37339.679,16499.595,26067.331,6253.787,0
5591,35812.291,15267.515,25444.651,6269.302,0
5592,33658.358,12952.573,24821.997,6358.828,0
5593,32044.836,9338.202,23983.651,6385.692,0
5594,30583.532,7155.578,24463.068,6408.012,0
5595,29547.504,6721.252,24347.108,6191.536,0
5596,29087.749,6601.101,24028.982,6035.61,0
5597,28998.148,7296.215,23631.08,6039.351,0
5598,30061.986,8838.145,23362.785,6002.231,0
5599,31455.95,10624.679,23695.151,6226.717,0
5600,35405.857,11027.523,23346.284,6655.121,0
5601,37311.546,11437.753,23464.588,7078.727,0
5602,38620.925,11515.863,22746.24,7417.34,0
5603,40700.429,11890.049,21708.74,7634.918,0
5604,42044.346,11393.128,21641.515,7547.587,0
5605,41319.642,11033.055,20705.765,7533.626,0
5606,41295.293,11493.784,21823.528,7431.58,0
5607,41469.397,12912.866,22187.814,7041.635,0
5608,41661.948,13356.922,22652.469,6724.966,0
5609,41888.76,13908.554,22588.929,6300.243,0
5610,39405.371,16102.626,21443.277,7781.793,0
5611,39968.879,16310.809,23699.773,9147.113,0
5612,40088.736,16165.679,24711.5,7512.399,0
5613,39067.184,15390.301,25029.619,6466.972,0
5614,37406.705,15883.641,25253.533,5885.838,0
5615,34998.827,14680.588,26119.243,5884.811,0
5616,32527.634,13714.725,25238.192,5946.789,0
5617,31767.784,10603.115,25110.923,5949.697,0
5618,31163.887,7846.856,24882.832,5945.861,0
5619,30510.868,6810.423,24451.993,5940.156,0
5620,29513.6,6429.84,24395.708,5942.321,0
5621,29273.741,6401.256,23897.466,5863.139,0
5622,29746.162,6805.546,23079.87,5904.036,0
5623,30403.299,6843.475,22636.552,6027.865,0
5624,32899.834,6866.367,22484.571,6325.241,0
5625,35362.532,6810.08,22047.136,6678.43,0
5626,36825.312,6786.146,21729.775,6782.518,0
5627,38338.547,7026.732,21253.539,7162.717,0
5628,39052.551,7490.028,20886.401,7326.846,0
5629,39653.56,7500.673,19557.218,7190.033,0
5630,40006.668,7366.561,19054.592,7004.217,0
5631,39802.01,7041.021,19666.711,6855.467,0
5632,38714.479,7361.845,21565.991,6730.925,0
5633,37073.051,10797.621,21673.328,6564.711,0
5634,36836.934,13205.012,21391.142,7954.685,0
5635,39815.506,12800.255,22837.062,9940.17,0
5636,39776.765,12698.07,24046.38,8101.061,0
5637,37823.566,12790.44,24945.71,6274.801,0
5638,35954.773,12478.29,24854.347,5944.273,0
5639,34538.966,12659.253,23081.142,5947.311,0
5640,32547.768,11193.824,22651.064,5930.708,0
5641,30792.051,9642.37,22146.431,5921.837,0
5642,29520.211,8264.629,21659.748,5878.158,0
5643,28245.497,7192.617,21717.31,5850.629,0
5644,27189.516,6507.623,21829.999,5794.586,0
5645,26316.768,6252.041,21868.911,5812.782,0
5646,26107.813,6410.929,21361.023,5801.674,0
5647,26091.31,5489.706,21943.236,5829.083,0
5648,28052.956,4014.473,21934.702,6056.568,0
5649,30628.652,4083.915,19693.251,6300.765,0
5650,33415.253,4488.99,17353.132,6558.757,0
5651,35299.7,5932.997,15203.467,6866.911,0
5652,36376.224,6556.893,14903.45,7366.617,0
5653,36466.214,6396.67,14452.362,7372.464,0
5654,35761.151,6008.605,14136.221,7378.321,0
5655,35121.039,5670.05,14625.621,6943.57,0
5656,34432.037,6226.587,15885.989,6602.936,0
5657,34658.139,7666.597,17102.441,6555.129,0
5658,32637.416,13716.83,18572.221,7148.442,0
5659,34505.501,14882.807,21561.645,8985.843,0
5660,34362.64,13864.373,23983.86,7761.364,0
5661,32611.922,13462.772,25488.047,6872.722,0
5662,31710.575,12871.345,25321.376,6252.237,0
5663,30485.296,12308.407,23821.737,6250.225,0
5664,28614.06,10564.625,23424.535,6259.582,0
5665,26766.862,9322.92,22965.764,6190.445,0
5666,26772.407,7086.605,22763.214,6021.144,0
5667,26469.046,5932.234,22671.433,6156.648,0
5668,26310.717,5681.276,22534.589,6067.374,0
5669,26824.416,5829.491,22428.965,6005.885,0
5670,27182.853,6895.494,23824.562,6133.672,0
5671,28993.051,8932.836,24839.122,6292.328,0
5672,33020.544,10026.3,22621.703,6745.738,0
5673,36158.814,11026.378,21546.599,7152.631,0
5674,39188.271,9708.422,21064.803,7444.996,0
5675,41651.218,9417.026,20576.462,7747.066,0
5676,41256.705,10760.048,19873.407,7861.858,0
5677,40922.632,10048.865,18660.385,7809.312,0
5678,42052.117,10240.362,18632.733,7935.963,0
5679,42713.3,10351.461,19868.41,7671.378,0
5680,42851.537,10309.49,21053.073,7282.081,0
5681,43178.491,11223.792,21777.719,6948.325,0
5682,40572.931,13021.581,22427.461,7582.319,0
5683,41223.277,13122.068,24728.695,9227.56,0
5684,41045.77,12767.893,26556.425,7973.646,0
5685,40441.725,12390.838,27051.144,6704.089,0
5686,39419.146,12797.215,26113.965,6532.476,0
5687,36518.57,13437.129,24405.839,6309.245,0
5688,33137.527,11973.029,23502.034,6283.828,0
5689,29929.432,10269.707,23303.509,6292.483,0
5690,27580.012,9518.743,23333.555,6278.753,0
5691,26105.563,8884.946,23289.787,6278.867,0
5692,25481.17,8730.613,23062.528,6269.64,0
5693,25441.887,9280.597,23045.304,6263.767,0
5694,27152.354,10610.053,22864.849,6273.676,0
5695,30063.935,11315.56,23784.705,6399.885,0
5696,35652.585,9772.252,23699.731,6735.86,0
5697,37449.341,10344.462,23546.383,7217.547,0
5698,38401.203,10638.935,23194.187,7590.201,0
5699,39603.935,11530.932,22657.142,7821.113,0
5700,40309.213,12778.152,21663.346,7893.588,0
5701,39637.051,11252.095,20945.425,7926.614,0
5702,39782.286,11041.586,22216.452,7822.935,0
5703,39599.604,11638.054,23268.14,7562.276,0
5704,39473.712,12550.751,23305.698,7214.123,0
5705,41693.613,13062.432,21104.441,6775.872,0
5706,40634.342,13908.705,20675.62,7532.304,0
5707,39862.63,16160.611,22772.096,9168.074,0
5708,40623.264,15231.22,24431.147,8117.095,0
5709,39611.544,14668.517,25521.788,6695.604,0
5710,38397.905,14152.219,26090.386,6321.178,0
5711,36157.128,14154.628,24350.297,6253.896,0
5712,32811.385,12113.259,23879.274,6191.539,0
5713,29291.837,11069.097,23196.661,6185.827,0
5714,26871.919,10206.027,22962.289,6185.949,0
5715,25893.837,9158.754,22959.582,6195.604,0
5716,25768.81,8480.272,22767.975,6223.698,0
5717,25939.116,8290.852,23181.143,6234.634,0
5718,27356.026,9294.859,23315.746,6242.606,0
5719,29322.413,11494.681,23760.619,6373.473,0
5720,33174.108,11093.77,23501.444,6744.936,0
5721,35266.031,11255.316,23398.889,7106.635,0
5722,38288.124,10370.564,21634.734,7391.503,0
5723,39671.446,11307.851,20719.248,7541.814,0
5724,40212.01,12234.702,19902.681,7649.973,0
5725,39243.598,11098.733,18910.246,7625.533,0
5726,39810.781,11449.363,19243.959,7643.929,0
5727,40331.65,11395.056,19947.268,7614.658,0
5728,41577.464,10901.62,20331.203,7143.876,0
5729,44937.115,11213.919,19579.07,6623.691,0
5730,42351.993,13170.785,20027.48,7444.875,0
5731,42141.367,14048.15,23450.167,8997.965,0
5732,41922.579,14670.054,23692.842,7982.146,0
5733,40058.85,15796.376,23918.754,6437.049,0
5734,37881.82,15675.55,24556.126,6304.683,0
5735,35291.22,14699.178,24820.537,6253.117,0
5736,32208.342,12393.505,24788.721,6193.921,0
5737,29301.109,11048.893,24028.643,6188.826,0
5738,26939.262,10175.259,23867.311,6152.202,0
5739,25729.426,9074.301,24008.733,6163.153,0
5740,25241.505,8577.063,24047.948,6134.103,0
5741,25347.169,8862.046,23761.983,6105.681,0
5742,25955.574,11025.754,23553.65,6072.015,0
5743,28008.384,12822.499,24076.61,6253.332,0
5744,31974.362,12288.031,23062.45,6701.837,0
5745,34977.88,12083.057,21875.314,7106.691,0
5746,37154.995,10425.589,21566.48,7652.662,0
5747,39100.406,10395.693,21325.681,7770.193,0
5748,39745.061,10708.049,21239.736,7770.131,0
5749,38917.334,10487.475,19823.871,7548.299,0
5750,39088.975,11070.159,20550.569,7586.888,0
5751,39568.621,11946.092,21105.63,7452.397,0
5752,40311.357,12416.959,21835.124,6918.57,0
5753,41988.005,13366.708,21229.356,6621.004,0
5754,39821.077,15283.448,21393.915,7319.429,0
5755,39967.385,15466.179,24003.135,8947.092,0
5756,39796.866,15311.957,25524.028,7758.954,0
5757,38562.242,15107.472,26010.604,6753.395,0
5758,37183.102,15379.485,26538.926,6245.61,0
5759,34889.058,15207.18,25488.387,6229.305,0
5760,31801.66,14725.653,23561.252,6164.338,0
5761,29864.054,12372.32,22997.759,6130.224,0
5762,27737.598,11262.213,22687.095,6099.565,0
5763,26567.303,11475.966,21471.419,6106.817,0
5764,26163.475,10719.218,21424.791,6137.004,0
5765,26517.277,10566.701,21394.358,6112.658,0
5766,27529.156,12054.378,21391.37,6006.865,0
5767,28418.703,13000.537,23741.383,6069.826,0
5768,31498.885,13008.217,23810.424,6525.195,0
5769,34378.087,13393.957,23059.091,6970.405,0
5770,36916.345,12272.242,22778.23,7383.475,0
5771,38971.8,12440.258,21815.735,7609.526,0
5772,39792.742,12633.463,21440.357,7589.454,0
5773,39329.067,11990.94,19642.298,7474.591,0
5774,39132.05,12423.977,20530.708,7347.692,0
5775,39328.626,12290.033,21392.918,7145.907,0
5776,38785.107,12556.295,22400.301,6847.942,0
5777,38852.391,13654.442,21817.185,6433.229,0
5778,37950.016,15958.373,21098.482,7272.284,0
5779,38406.061,15846.369,23987.787,9144.812,0
5780,37579.964,16555.372,25526.059,7423.614,0
5781,36127.129,16257.691,25739.955,6702.3,0
5782,34075.416,16082.335,27050.309,6099.356,0
5783,32070.112,15314.374,26949.092,6092.376,0
5784,30084.343,13542.276,26065.69,6095.636,0
5785,28330.227,10965.696,25549.702,6129.003,0
5786,27391.809,9303.862,24634.651,6043.762,0
5787,26458.411,8532.25,24454.129,5917.427,0
5788,25615.638,8129.78,24661.195,5859.047,0
5789,25539.116,8260.802,24411.319,5805.738,0
5790,25988.549,8720.059,23770.863,5739.324,0
5791,26602.081,9665.605,22380.146,5886.87,0
5792,28930.734,9773.072,21888.488,5915.17,0
5793,30596.551,10004.744,21716.181,5833.809,0
5794,32218.154,10079.036,20375.018,5977.886,0
5795,34368.574,10918.387,18075.085,6284.765,0
5796,35949.953,11115.663,16561.115,6543.592,0
5797,35738.584,11112.76,15801.225,6439.635,0
5798,35076.172,11076.531,15743.461,6286.355,0
5799,34514.243,10895.731,16086.473,6116.685,0
5800,32630.514,11449.616,16875.419,5869.335,0
5801,33128.199,12176.432,17669.006,5588.572,0
5802,34801.759,14004.456,18405.78,7259.219,0
5803,37121.954,14999.195,21509,9103.98,0
5804,36273.228,15454.157,23618.678,6723.627,0
5805,32937.088,15541.302,24846.065,5499.27,0
5806,30593.289,14440.225,25614.864,5146.836,0
5807,29064.915,13289.186,25389.926,5055.038,0
5808,27603.14,12607.634,24312.226,4982.611,0
5809,25430.722,11177.574,24332.912,5042.653,0
5810,24688.256,9093.44,24237.158,5053.554,0
5811,24190.905,8534.885,23733.828,4991.204,0
5812,23883.39,8429.117,23151.441,4726.356,0
5813,23671.723,8551.939,22552.696,4677.239,0
5814,23283.21,8763.898,22305.053,4627.24,0
5815,23694.675,7223.979,22441.144,4722.493,0
5816,25615.577,6713.839,20369.335,4962.304,0
5817,28157.275,7679.21,15711.51,5728.367,0
5818,31349.731,8193.952,12309.76,5933.121,0
5819,32931.511,9039.441,11123.85,6184.62,0
5820,33861.77,9584.831,11087.812,6385.475,0
5821,34021.559,9735.25,10946.135,6236.019,0
5822,33414.633,9350.211,11221.207,6131.168,0
5823,32742.906,8944.6,12098.658,5889.708,0
5824,31607.554,9138.595,14401.834,5534.339,0
5825,31198.101,10200.871,17259.424,5199.138,0
5826,31457.05,13057.559,19070.187,6427.227,0
5827,33547.557,15054.258,21888.923,7824.81,0
5828,33039.297,15463.859,23436.649,6458.08,0
5829,31464.096,15104.457,24743.794,5248.232,0
5830,29996.044,13938.112,26177.23,4933.62,0
5831,28013.866,13615.4,25694.35,4922.019,0
5832,25680.77,13048.765,24518.92,4883.439,0
5833,23460.363,12367.469,24084.309,4559.648,0
5834,22224.345,11135.002,24044.996,4564.85,0
5835,21861.412,10346.236,23820.058,4554.697,0
5836,21522.01,10008.625,23916.46,4556.19,0
5837,21723.275,10204.622,23924.759,4549.918,0
5838,23130.773,11809.941,23589.421,4547.188,0
5839,25053.339,12906.978,24664.457,4705.202,0
5840,28766.416,12289.818,24435.786,5194.605,0
5841,30830.02,12914.693,24682.47,5671.547,0
5842,31465.509,13167.121,25474.064,6140.737,0
5843,33327.162,13364.981,26085.105,6506.68,0
5844,35009.613,13535.004,25348.569,6722.749,0
5845,34841.497,12053.181,24460.089,6764.833,0
5846,35284.987,12855.02,24901.56,6720.61,0
5847,36286.311,13496.053,24295.98,6932.72,0
5848,37768.548,13165.861,23507.983,6652.317,0
5849,39735.566,12732.793,22900.225,6504.573,0
5850,36929.134,14415.524,23568.161,7360.255,0
5851,38013.239,14317.953,25609.21,8680.976,0
5852,38934.273,14540.906,26067.624,7494.403,0
5853,38342.787,14621.4,26116.621,6764.338,0
5854,36377.535,15399.987,26255.764,6327.858,0
5855,34589.224,14475.122,26023.51,5948.75,0
5856,32658.644,11522.242,25240.931,6003.092,0
5857,30718.767,9868.036,23898.721,5958.53,0
5858,28108.374,9469.025,23875.978,5942.505,0
5859,25561.502,9298.914,24490.217,5983.665,0
5860,25514.4,8585.452,24560.597,5790.932,0
5861,25424.518,9259.709,24271.24,5734.705,0
5862,26148.732,10682.944,24458.786,5715.604,0
5863,27561.499,12542.557,25106.385,5870.071,0
5864,31193.439,12611.072,24286.968,6358.133,0
5865,32983.506,13761.184,23699.135,6763.157,0
5866,35179.528,13750.28,23181.829,6776.288,0
5867,37469.789,13166.82,22468.376,7102.375,0
5868,37934.193,13245.75,22284.19,7181.177,0
5869,37272.918,13161.485,20978.17,7111.133,0
5870,37157.246,13102.915,23307.706,7038.664,0
5871,36681.041,13455.296,25190.234,6951.469,0
5872,36773.448,13529.028,26085.762,6463.451,0
5873,38257.004,13221.072,26208.015,6089.462,0
5874,37089.539,14354.86,25685.619,6922.379,0
5875,37919.828,15363.936,27081.537,8383.837,0
5876,38539.229,15777.131,27133.987,7285.403,0
5877,37668.795,16261.253,26903.275,6322.647,0
5878,36461.315,15795.705,27352.916,5817.614,0
5879,35399.907,14032.462,26339.814,5698.92,0
5880,33488.844,11550.976,25369.233,5648.684,0
5881,30241.84,9733.199,25253.76,5839.737,0
5882,28344.161,8906.877,24430.349,5932.8,0
5883,26575.126,8907.713,24508.316,5800.414,0
5884,25945.151,8896.775,24191.777,5775.221,0
5885,25518.803,9473.126,24177.641,5745.877,0
5886,25705.171,11454.737,24302.505,5777.184,0
5887,27221,13360.038,24850.845,5665.284,0
5888,31224.838,12120.509,25035.153,5974.82,0
5889,33784.689,12079.171,24352.424,6689.076,0
5890,35178.49,11667.261,24532.702,6736.305,0
5891,36511.975,12274.906,24182.859,6948.685,0
5892,37155.078,13224.068,22756.96,7043.759,0
5893,36578.898,12910.632,21016.335,7061.876,0
5894,37107.178,13138.995,21902.567,7112.291,0
5895,35718.752,13845.699,24988.286,7113.807,0
5896,35319.982,14628.77,25851.337,6871.574,0
5897,36808.068,15519.735,25224.896,6401.23,0
5898,37076.876,14597.206,25957.498,7150.938,0
5899,38465.84,15535.263,27037.092,8650.01,0
5900,39173.941,16474.979,26553.692,7600.264,0
5901,38537.985,16205.718,26969.843,6225.131,0
5902,37926.502,15510.917,27146.295,5815.294,0
5903,35147.136,14723.654,26561.289,5878.63,0
5904,32681.54,12551.947,25564.137,5824.197,0
5905,30586.65,10179.952,25472.653,5740.24,0
5906,28450.365,9619.243,25219.587,5692.25,0
5907,27174.143,9255.899,24892.901,5676.808,0
5908,25975.807,9308.217,24991.913,5801.773,0
5909,25978.197,10009.383,24497.519,5664.472,0
5910,26439.665,12173.508,24275.614,5702.807,0
5911,28235.022,14004.435,24576.275,5651.654,0
5912,33739.018,12834.406,22191.096,5997.506,0
5913,35626.515,12403.217,22542.024,6539.907,0
5914,36315.544,11963.458,23262.164,6877.806,0
5915,37098.549,12678.343,23758.524,7138.471,0
5916,37747.813,12947.838,23540.984,7317.988,0
5917,36776.353,12287.023,23082.997,7364.396,0
5918,38170.008,12801.625,23382.555,7206.623,0
5919,39410.736,13923.112,23064.453,6888.906,0
5920,39150.064,14562.923,23249.235,6605.455,0
5921,40088.779,14836.926,23255.743,6172.736,0
5922,38835.007,15119.015,24182.667,6884.237,0
5923,39626.639,15492.923,26522.799,8552.387,0
5924,39761.249,16359.14,26562.489,7293.483,0
5925,38958.955,16314.135,27174.164,6094.839,0
5926,38211.705,15971.963,26989.677,5789.443,0
5927,35315.426,16098.312,26327.502,5704.236,0
5928,33712.329,13446.694,25333.788,5682.566,0
5929,30947.635,11414.731,24753.824,5667.133,0
5930,28463.448,10603.258,24362.102,5693.831,0
5931,26242.123,10674.361,24450.034,5714.29,0
5932,24949.505,10974.917,24255.923,5724.488,0
5933,24774.54,11609.098,23799.42,5716.513,0
5934,24803.632,13670.825,24266.87,5669.38,0
5935,27065.67,14376.446,25113.772,5613.051,0
5936,32759.427,12329.452,24710.747,5760.439,0
5937,37142.123,11372.048,22990.551,6256.891,0
5938,38515.55,11259.242,22543.81,6809.445,0
5939,40020.153,11929.105,22522.419,7242.038,0
5940,39781.537,13024.135,22642.6,7552.516,0
5941,39149.918,13162.591,21166.826,7694.239,0
5942,39849.211,13444.521,21979.647,7575.405,0
5943,40901.095,13984.26,21649.337,7483.899,0
5944,41211.1,14165.696,21477.51,7020.252,0
5945,41815.56,15387.552,20412.47,6362.249,0
5946,40684.508,15690.365,20504.255,7296.083,0
5947,40546.914,16089.3,23032.483,8838.943,0
5948,40030.047,15852.805,24251.759,7789.182,0
5949,39397.869,15839.678,24180.005,6384.003,0
5950,37773.37,15459.225,24667.522,6346.361,0
5951,35762.57,14892.678,23996.557,6915.47,0
5952,33759.789,13534.16,22903.201,6998.794,0
5953,30394.783,12030.26,22271.649,7077.114,0
5954,27606.993,11804.312,21725.951,7090.004,0
5955,25554.943,11151.654,21814.29,7096.063,0
5956,25080.84,10331.599,21617.224,7084.44,0
5957,24815.764,10313.071,21351.289,7064.42,0
5958,24969.203,10487.342,21115.727,6999,0
5959,25658.976,10743,21024.997,6455.072,0
5960,28754.828,10099.575,20571.07,6345.475,0
5961,31098.583,10050.867,20087.463,6353.652,0
5962,33457.953,9989.205,18416.743,6676.925,0
5963,35022.118,10117.942,17582.23,7050.005,0
5964,35919.383,10352.231,17085.83,7093.328,0
5965,35512.87,10395.463,16239.859,7045.439,0
5966,35015.181,9838.86,16320.668,6879.146,0
5967,33688.85,9767.068,17410.513,6680.769,0
5968,32369.452,9406.449,19600.073,7047.297,0
5969,33636.212,11666.027,18194.441,6624.531,0
5970,34898.644,13933.738,18708.083,7411.197,0
5971,36369.259,14601.564,22020.73,9230.72,0
5972,36809.7,14700.319,22759.23,7764.544,0
5973,34543.043,14576.504,23562.314,6385.6,0
5974,32470.539,14253.046,24216.861,5981.812,0
5975,30267.43,13727.104,23881.854,5942.577,0
5976,28148.079,12450.31,23757.373,5961.667,0
5977,25560.818,11699.813,22967.745,5961.567,0
5978,23429.36,10924.567,22864.693,5909.298,0
5979,22240.307,9797.728,22899.308,5901.59,0
5980,21135.512,9901.844,22435.566,5836.284,0
5981,20818.316,9631.287,22188.99,5765.91,0
5982,20863.82,9140.169,22173.895,5657.491,0
5983,21679.949,8132.754,21346.357,5847.625,0
5984,24376.605,7423.9,19788.872,5868.653,0
5985,26775.922,7505.762,17091.344,6011.305,0
5986,29514.952,8523.089,13219.047,6387.637,0
5987,31735.741,9132.742,11556.976,6851.966,0
5988,33155.454,9192.082,12267.325,6905.006,0
5989,33434.618,9036.178,12415.101,6836.601,0
5990,33047.186,8685.126,12317.879,6603.427,0
5991,31789.769,8431.049,13476.659,6361.276,0
5992,29992.355,9784.227,15350.642,6062.135,0
5993,28016.267,10630.239,19651.069,6063.647,0
5994,27227.544,13695.051,22138.795,7066.291,0
5995,30392.927,14693.565,23247.163,8958.439,0
5996,30871.105,15476.208,23624.771,7724.223,0
5997,30300.783,15811.777,23897.665,6080.949,0
5998,29688.114,15008.588,23906.498,6006.297,0
5999,28064.042,14252.432,23441.709,5934.255,0
6000,26856.331,12254.885,23170.803,5972.625,0
6001,24210.175,11630.215,23214.727,5993.919,0
6002,22932.577,11264.166,22737.58,5881.727,0
6003,22087.562,11299.754,22108.968,5823.772,0
6004,21854.264,10939.933,21832.004,5812.317,0
6005,22414.932,10745.972,21899.888,5823.193,0
6006,24846.145,10748.988,22232.821,5785.072,0
6007,28073.062,10475.641,23817.454,5677.404,0
6008,30775.188,11205.602,23561.005,5987.5,0
6009,32509.957,12208.896,23629.405,6518.791,0
6010,34312.293,12162.807,23104.095,6817.715,0
6011,36231.07,11889.099,22957.421,7152.691,0
6012,37130.892,12423.113,22908.742,7317.525,0
6013,36513.186,11462.431,22524.106,7413.163,0
6014,36806.471,12553.149,22951.58,7512.166,0
6015,37837.279,13634.687,23441.716,7359.109,0
6016,38788.564,14043.174,23842.695,6958.009,0
6017,40176.957,14219.935,23955.101,6879.191,0
6018,37402.825,14276.202,24807.968,8207.823,0
6019,37757.737,15900.523,25506.396,10121.236,0
6020,38147.416,16756.409,26409.996,8677.038,0
6021,38240.954,16290.431,26852.324,7192.44,0
6022,37683.725,15973.789,27253.575,6186.5,0
6023,35102.311,15196.7,27129.711,6124.061,0
6024,31460.107,14321.894,26255.186,6091.207,0
6025,27620.639,14055.713,25273.75,6112.231,0
6026,25831.196,12992.199,24722.488,6119.815,0
6027,24406.244,12429.655,24376.501,6161.518,0
6028,24063.507,12360.478,23530.433,6210.955,0
6029,24290.083,12542.431,23275.862,6202.513,0
6030,25168.499,13447.776,23709.181,6211.424,0
6031,27291.645,13617.507,24972.961,6412.736,0
6032,30031.754,13878.157,25416.703,6871.438,0
6033,32967.625,13555.21,25913.3,7392.395,0
6034,36148.68,13746.384,23729.085,7634.06,0
6035,37562.902,14147.378,23629.744,7873.923,0
6036,39146.457,14299.459,21926.351,7924.407,0
6037,38428.043,13671.339,21253.922,7846.685,0
6038,39448.401,13372.984,21639.399,8076.114,0
6039,40680.904,12463.347,22045.835,7884.026,0
6040,41652.153,12692.4,20697.018,7578.745,0
6041,42477.091,13983.082,19539.12,7986.746,0
6042,39050.311,15777.979,18398.877,10163.033,0
6043,39283.578,16391.225,20748.664,11814.079,0
6044,39257.656,16773.091,23520.721,10112.921,0
6045,39112.162,16806.552,25381.835,7474.349,0
6046,38145.548,16844.877,26201.345,6448.607,0
6047,35049.681,16414.835,25943.374,6203.392,0
6048,32153.797,14168.973,25722.456,6138.984,0
6049,28571.303,12939.567,25223.73,5872.196,0
6050,25638.937,13054.354,24438.655,5893.445,0
6051,23858,13400.421,23319.513,5886.371,0
6052,23310.428,13543.43,22459.03,5884.071,0
6053,23518.222,13675.838,22248.591,5889.12,0
6054,25106.258,14735.261,21829.622,5863.054,0
6055,27374.163,14271.764,23565.982,6026.27,0
6056,29924.493,13443.498,25079.862,6568.567,0
6057,33213.576,12900.126,23374.633,7064.439,0
6058,35932.307,13183.427,20543.049,7273.121,0
6059,37518.795,13599.635,19807.182,7570.007,0
6060,38592.435,14094.878,19276.146,7757.089,0
6061,38344.481,12938.491,18600.574,7487.2,0
6062,39000.138,12575.258,20039.842,7549.52,0
6063,39369.833,12431.446,21932.642,7607.214,0
6064,38945.865,12907.735,22589.437,8075.118,0
6065,40447.325,14855.009,20512.293,8295.98,0
6066,38525.979,15772.01,19903.179,10177.511,0
6067,37849.302,15431.595,23282.584,12447.874,0
6068,38149.891,15583.976,25385.106,10657.422,0
6069,38095.708,15350.139,26537.953,8225.811,0
6070,37453.503,15745.53,26812.227,7033.363,0
6071,34407.488,16085.509,25980.578,6988.267,0
6072,31526.178,15555.34,25036.25,6060.255,0
6073,28091.227,14475.704,24005.872,6277.878,0
6074,25322.029,14095.785,23651.639,6272.809,0
6075,23695.761,13162.009,23866.622,6252.166,0
6076,23249.526,12176.973,24120.158,6240.227,0
6077,23199.706,12391.188,24120.175,6232.23,0
6078,23860.779,14171.513,24134.073,6248.116,0
6079,25926.059,14857.806,24701.693,6389.015,0
6080,30935.753,13637.746,24558.864,6621.484,0
6081,34313.062,11469.674,25285.925,7048.731,0
6082,37156.72,10045.823,24073.841,7493.496,0
6083,39392.848,10398.497,22564.239,7820.64,0
6084,40608.891,10822.024,21374.676,7986.444,0
6085,40518.098,10159.974,19683.591,8136.812,0
6086,41310.271,10922.098,20033.203,7996.006,0
6087,40886.64,11932.659,21917.489,7791.308,0
6088,40102.986,13016.091,23443.473,7318.564,0
6089,40553.814,15227.474,22826.905,7144.415,0
6090,38919.339,16011.799,21902.002,8521.093,0
6091,39408.282,16949.671,23332.256,10060.236,0
6092,39350.359,16905.25,25674.438,8129.048,0
6093,38341.505,16664.764,27049.402,6656.93,0
6094,37342.282,16606.815,27131.456,6446.062,0
6095,35275.315,16309.365,26403.282,6335.48,0
6096,31692.852,15583.355,25401.879,6254.212,0
6097,27731.679,15083.633,24706.27,6129.009,0
6098,25031.901,13698.789,25510.484,6082.765,0
6099,23979.265,12191.16,25193.322,6227.664,0
6100,23823.708,11601.247,24729.799,6234.377,0
6101,23729.283,12405.549,24128.957,6204.676,0
6102,24428.539,13380.76,24512.344,6228.99,0
6103,26079.273,14303.765,25097.657,6352.925,0
6104,30099.096,13327.173,25194.832,6581.619,0
6105,33390.991,12651.226,24882.873,6983.676,0
6106,35917.25,11986.968,23632.046,7374.078,0
6107,38425.109,12356.489,22104.704,7630.425,0
6108,39728.416,12599.133,20913.884,7760.813,0
6109,39539.727,12013.114,18992.404,7722.793,0
6110,39532.779,11707.198,20752.948,7597.846,0
6111,38695.276,12326.193,22951.176,7339.919,0
6112,37921.809,13587.752,23795.802,7017.236,0
6113,39291.725,15127.843,22153.757,6805.623,0
6114,38600.054,15377.292,22297.668,8457.611,0
6115,38909.923,14924.684,25519.599,9885.5,0
6116,39079.813,15366.078,26904.743,7987.577,0
6117,37596.879,15887.898,27253.747,6414.292,0
6118,36683.738,15980.996,26824.96,6133.865,0
6119,34342.557,15668.19,26790.503,6129.056,0
6120,30675.883,15062.343,26691.694,6037.053,0
6121,29322.526,13015.898,26135.158,6067.004,0
6122,28143.003,11768.826,25263.683,6049.507,0
6123,26425.972,11261.515,24910.207,6050.331,0
6124,25008.287,11615.012,24618.1,6031.881,0
6125,24653.959,11866.061,23989.212,6012.954,0
6126,24727.46,12085.915,23867.051,5950.247,0
6127,25206.613,11623.09,23890.344,5981.899,0
6128,25771.326,12291.167,24496.436,5833.414,0
6129,27920.365,12832.127,23312.8,5640.794,0
6130,30750.561,12257.669,21118.976,5948.213,0
6131,33395.585,13129.005,18400.719,6047.937,0
6132,34817.329,13518.974,17361.725,6167.461,0
6133,35024.627,13354.754,16444.178,6243.978,0
6134,34108.051,13165.875,16486.438,6091.663,0
6135,32878.563,12355.179,18106.485,5885.886,0
6136,32337.684,11636.164,20136.301,5800.028,0
6137,33836.557,12991.403,19688.443,5730.785,0
6138,35503.983,14165.461,20356.377,7122.833,0
6139,36675.587,13919.075,23957.339,9457.98,0
6140,36377.806,14274.217,25940.024,7511.164,0
6141,35361.337,14398.426,26250.41,5041.704,0
6142,32306.911,13968.657,27038.875,4948.997,0
6143,28774.768,14465.377,27274.24,4941.845,0
6144,27765.775,13169.118,26369.672,4862.951,0
6145,24984.004,12556.696,26112.132,4862.175,0
6146,23679.207,11429.931,25739.211,4929.377,0
6147,21905.941,11014.398,25895.874,4970.607,0
6148,21116.783,10505.973,25726.816,4969.614,0
6149,21320.432,9213.501,25962.456,4992.849,0
6150,21791.452,8690.815,25456.344,4954.282,0
6151,22384.812,8735.574,23784.032,4760.683,0
6152,24367.871,8887.933,20907.76,5044.607,0
6153,27315.416,9614.578,17002.9,5391.032,0
6154,29551.913,10028.771,14538.494,5798.982,0
6155,31525.724,10480.515,13099.251,6228.127,0
6156,32884.934,10836.114,13397.304,6467.744,0
6157,32547.265,11092.155,13366.853,6457.659,0
6158,31833.082,10807.751,13252.762,6251.651,0
6159,30999.386,10250.006,14242.421,5842.746,0
6160,29814.162,10211.439,16682.191,5460.197,0
6161,30113.099,11633.564,18762.312,5203.195,0
6162,29202.892,13768.014,23524.526,6260.78,0
6163,31008.023,15370.984,26388.929,7576.718,0
6164,32096.893,15818.324,27078.327,6270.623,0
6165,31931.579,15510.278,27453.169,4969.574,0
6166,31375.226,14935.963,27244.926,4752.829,0
6167,29055.233,14501.244,27229.981,4812.905,0
6168,27062.034,13283.156,26551.408,4778.875,0
6169,25961.924,11150.484,25618.446,4689.578,0
6170,24936.989,9914.882,25707.783,4678.913,0
6171,23835.83,9447.46,25565.663,4684.035,0
6172,23701.528,9214.26,25175.19,4670.789,0
6173,24123.522,9313.637,25003.449,4662.454,0
6174,24762.652,11024.712,25206.673,4645.646,0
6175,26802.149,11629.985,26020.702,4873.947,0
6176,31183.544,10786.408,25444.266,5392.309,0
6177,34604.396,10717.026,24923.276,5991.712,0
6178,37618.253,11122.888,22858.897,6246.093,0
6179,39127.478,12153.43,22443.743,6524.015,0
6180,39603.788,12315.379,23002.513,6770.097,0
6181,39465.212,11744.164,21473.797,6887.77,0
6182,39704.974,12903.109,21519.982,7304.943,0
6183,39273.481,14045.523,23561.49,7141.787,0
6184,38398.116,15784.319,24544.637,6769.334,0
6185,37951.302,16938.887,25402.201,6633.082,0
6186,35905.651,17362.844,25324.907,7594.887,0
6187,37026.603,17196.724,26394.592,9153.034,0
6188,38447.366,17213.087,27232.516,7283.332,0
6189,38504.066,17148.084,26808.913,6387.147,0
6190,37487.58,16952.556,27217.66,5875.065,0
6191,34557.61,16778.424,27332.406,5736.302,0
6192,31989.882,14723.833,26697.002,5754.959,0
6193,28804.466,13390.943,25433.595,5723.789,0
6194,28257.835,11698.016,24429.615,5744.569,0
6195,27570.782,10523.306,24317.076,5747.203,0
6196,26513.601,10329.77,24219.127,5750.464,0
6197,26461.881,10769.627,24055.825,5725.609,0
6198,27074.422,11916.937,23949.564,5725.752,0
6199,29082.418,12400.262,24680.078,5938.29,0
6200,33292.656,11272.462,24822.72,6396.109,0
6201,35828.205,11905.233,25036.049,6884.568,0
6202,37233.497,12440.669,24514.009,7287.925,0
6203,39435.263,12462.721,23819.301,7857.844,0
6204,40129.062,12953.684,23017.167,7964.159,0
6205,39270.874,12859.451,21430.288,7463.716,0
6206,39795.527,13457.288,21938.307,7382.375,0
6207,40872.319,14444.111,22328.296,6735.889,0
6208,41149.899,14542.686,21908.123,7351.73,0
6209,41735.297,15706.02,20500.512,7644.672,0
6210,40062.598,16562.935,19392.914,8966.103,0
6211,39443.702,16915.053,21896.015,10558.31,0
6212,39789.583,17108.572,23742.464,8961.731,0
6213,38544.889,17270.124,24689.484,7686.291,0
6214,37368.415,17219.918,25319.841,7009.393,0
6215,34935.983,16942.68,25576.394,6477.991,0
6216,31939.584,15702.695,24820.478,6193.534,0
6217,28921.788,15364.737,23772.969,5726.767,0
6218,27447.428,13221.493,23792.4565,5744.559,0
6219,26976.541,11524.977,23680.821,5742.773,0
6220,26706.101,10947.061,23509.395,5745.317,0
6221,27013.732,11002.783,23318.5445,5756.958,0
6222,27161.398,12991.827,23151.6175,5786.804,0
6223,28603.31,13436.306,24764.376,5983.796,0
6224,32227.845,13076.601,24967.3295,6414.893,0
6225,34744.904,13172.955,24662.027,6893.469,0
6226,35687.559,12873.313,24287.4715,7280.254,0
6227,37591.573,13419.233,23033.1465,7478.729,0
6228,39051.835,13452.418,21737.1435,7633.793,0
6229,38655.411,13076.796,19381.4525,7625.114,0
6230,40000.198,14746.181,18583.561,7500.19,0
6231,40806.575,15471.126,18820.521,7462.859,0
6232,39907.767,15913.506,20043.4305,7928.465,0
6233,40681.198,17796.307,18718.015,7846.133,0
6234,38372.17,18077.484,18790.014,9608.032,0
6235,37595.168,17932.002,22852.8115,10651.859,0
6236,37655.921,18138.004,24796.947,9282.712,0
6237,37657.366,18135.907,25562.074,7130.39,0
6238,37111.035,17991.812,25840.865,6155.913,0
6239,35346.827,17793.778,24695.926,6053.104,0
6240,32568.305,16507.025,23805.8275,5814.608,0
6241,30300.095,14242.788,23049.417,5819.847,0
6242,28111.593,13349.994,22302.335,5821.469,0
6243,27907.13,11264.258,22117.149,5819.229,0
6244,27619.24,10384.763,22126.628,5796.906,0
6245,28339.326,9782.513,22097.274,5793.734,0
6246,29436.855,10833.837,22286.975,5822.9,0
6247,30119.313,11450.92,24380.45,5976.738,0
6248,32427.185,11363.287,24999.724,6516.6,0
6249,34724.237,11396.531,24577.187,7105.129,0
6250,35929.588,11088.775,24295.685,7451.401,0
6251,37550.151,11893.64,23313.059,7780.988,0
6252,39245.218,12204.716,22111.497,7996.432,0
6253,39471.198,12326.054,20573.06,7498.935,0
6254,38959.517,12630.045,23116.605,7438.538,0
6255,39604.213,12480.564,25010.815,7298.692,0
6256,40391.755,13963.725,23723.988,7013.592,0
6257,40391.954,15901.544,22303.157,6876.958,0
6258,37503.033,16437.164,22370.741,8875.69,0
6259,38662.736,16455.948,24162.868,10385.571,0
6260,39536.711,16614.381,25623.995,8840.029,0
6261,38959.459,16470.184,26487.243,6946.617,0
6262,38300.65,16357.646,26832.24,6441.093,0
6263,35793.577,16152.34,25141.251,6925.229,0
6264,33930.336,13628.685,24398.839,7098.197,0
6265,31037.374,12273.689,24351.231,6919.195,0
6266,29947.041,10235.463,24248.706,6887.467,0
6267,29621.077,8352.617,24366.592,6882.774,0
6268,29501.21,7117.567,25255.364,6261.762,0
6269,29861.006,7279.055,25138.15,5959.707,0
6270,30462.934,8492.288,25170.788,6060.777,0
6271,31248.071,10977.356,25079.161,6067.375,0
6272,32912.118,11814.614,26073.674,6452.975,0
6273,36083.64,13157.207,24487.434,6989.82,0
6274,37336.35,13285.399,24375.531,7354.826,0
6275,38663.15,14052.665,24211.794,7554.391,0
6276,38936.069,14806.941,23897.086,7481.665,0
6277,39108.867,13977.117,22477.514,7449.655,0
6278,39958.501,14085.913,23454.246,7864.095,0
6279,41597.884,14652.834,23115.737,7709.083,0
6280,42178.767,14604.645,23154.204,7360.615,0
6281,41214.29,14874.579,23578.918,7305.823,0
6282,40044.853,14855.058,22518.505,9143.93,0
6283,39212.616,15250.228,24903.035,11226.752,0
6284,38552.041,16490.806,26611.735,8855.174,0
6285,37731.66,16303.153,26855.041,7010.887,0
6286,37614.363,15241.279,26785.488,6765.941,0
6287,36548.527,13960.777,26867.636,6309.646,0
6288,34705.8,12964.374,26437.601,6075.362,0
6289,31549.509,12498.139,26133.995,6061.024,0
6290,29336.444,11733.666,25749.011,6067.179,0
6291,27906.438,11002.015,25474.237,6084.517,0
6292,27250.401,10598.368,25150.795,6084.62,0
6293,27209.712,10108.556,25073.738,6086.299,0
6294,27361.528,9565.537,25308.814,6082.676,0
6295,28394.386,8654.623,25284.932,6047.295,0
6296,29023.727,10474.838,24748.346,6395.959,0
6297,31240.778,10943.18,23455.541,6689.778,0
6298,33862.533,11740.735,20799.66,7025.696,0
6299,35788.288,12716.833,19076.906,7223.997,0
6300,37083.768,12797.403,18706.035,7448.488,0
6301,37262.749,12885.243,17901.692,7189.557,0
6302,36804.77,12057.417,18443.019,7088.565,0
6303,36302.623,11463.743,18980.926,7209.987,0
6304,36521.112,10890.61,20271.256,6996.026,0
6305,36536.174,13560.968,19736.8,7011.257,0
6306,35209.301,16158.631,20585.172,8063.961,0
6307,36888.584,16430.979,23813.315,9434.68,0
6308,35370.399,16810.119,25766.535,8679.246,0
6309,34501.44,16426.012,26772.636,6530.904,0
6310,32471.521,15908.801,27461.678,6170.655,0
6311,30983.007,14798.12,27580.341,6192.842,0
6312,29438.632,14529.585,26576.019,6017.602,0
6313,26423.336,14049.612,26435.509,6146.175,0
6314,24874.24,13614.917,26006.276,6081.215,0
6315,24310.347,12489.326,25562.952,6094.82,0
6316,23979.735,11836.771,24992.743,6075.716,0
6317,24020.298,11212.07,24578.608,6029,0
6318,23739.439,11100.347,23919.481,5999.098,0
6319,24043.708,10977.909,22390.255,6087.782,0
6320,26534.393,8506.286,22706.892,5904.981,0
6321,30106.344,8184.765,18949.14,6189.39,0
6322,33836.354,8556.827,15481.201,6616.367,0
6323,35912.096,8656.926,14520.931,6890.453,0
6324,36748.721,9513.156,14651.677,7028.005,0
6325,36792.697,10084.086,14428.439,7034.837,0
6326,35826.01,10152.681,14500.155,6862.63,0
6327,34128.619,9916.002,17152.609,6695.24,0
6328,32799.605,10784.997,18594.896,6908.277,0
6329,31782.583,14857.662,18220.441,6575.613,0
6330,32747.436,15943.48,19125.129,8013.277,0
6331,34938.18,15527.028,22613.942,10037.711,0
6332,35387.231,15696.123,25162.885,7879.026,0
6333,34677.316,16716.586,25510.42,6582.05,0
6334,33425.153,16939.467,25661.162,6463.409,0
6335,32427.349,16349.932,25593.714,6365.427,0
6336,29593.301,15677.192,25740.93,6170.344,0
6337,27120.496,14873.72,25404.576,6124.995,0
6338,27040.149,12445.355,25060.995,6100.333,0
6339,26644.871,11344.367,24723.77,6108.206,0
6340,26219.804,10961.858,24374.56,6111.377,0
6341,26657.13,10846.058,24054.711,6106.666,0
6342,28221.032,11113.451,24018.853,6094.509,0
6343,30751.478,12157.336,23526.813,6259.301,0
6344,33681.323,13107.14,23723.191,6642.755,0
6345,37227.75,13383.313,24634.678,7087.153,0
6346,39917.447,14121.438,23861.903,7524.701,0
6347,40974.602,14711.978,24127.899,7876.761,0
6348,41585.32,14617.749,23313.723,8081.164,0
6349,40567.449,14679.45,22343.627,8127.001,0
6350,40848.967,14909.061,22233.595,8076.613,0
6351,39468.085,15216.368,21827.053,8111.854,0
6352,39710.793,16402.163,20406.603,8527.965,0
6353,40187.999,17023.162,18640.877,8904.159,0
6354,37892.11,16296.752,19148.493,9776.41,0
6355,37304.331,15666.977,22304.69,10539.819,0
6356,37051.673,15762.161,24066.39,10279.073,0
6357,36647.412,16148.922,24766.991,8549.657,0
6358,36510.966,16436.407,25112.683,7197.11,0
6359,35302.89,16106.817,24577.749,6366.339,0
6360,32550.747,15634.106,23793.831,6186.735,0
6361,30254.574,14339.68,22674.192,6062.117,0
6362,29545.49,13062.491,21491.31,6042.393,0
6363,28806.251,12110.46,21404.941,6043.561,0
6364,28848.204,11028.431,21297.6,6052.951,0
6365,28960.427,10846.24,21500.634,6053.23,0
6366,28897.021,12181.994,22116.023,6059.425,0
6367,29508.448,13264.508,23653.713,6189.561,0
6368,32118.231,14508.048,23317.76,6521.427,0
6369,34070.876,14398.937,23827.716,7005.141,0
6370,36007.637,14141.332,22339.941,7346.003,0
6371,37393.945,14742.917,20904.708,7657.76,0
6372,38437.199,15004.8,20188.414,7845.253,0
6373,37930.354,14312.81,18902.674,7717.325,0
6374,37913.506,14393.512,19422.068,7663.149,0
6375,37539.509,15052.666,20289.981,7292.943,0
6376,36897.292,15387.405,21573.215,6815.908,0
6377,37339.27,15437.412,23626.205,6403.537,0
6378,36516.152,14782.528,24973.545,7181.87,0
6379,36842.673,15023.965,26845.455,9204.851,0
6380,38851.482,15443.549,26891.734,8044.286,0
6381,39033.13,15092.333,26928.989,6453.112,0
6382,37200.616,15054.245,27748.479,6187.407,0
6383,33599.943,15344.009,27809.955,5925.136,0
6384,30925.214,13097.884,27104.809,5923.601,0
6385,28869.755,10795.868,26725.619,5908.908,0
6386,27565.838,9563.243,26048.544,5903.498,0
6387,26234.067,9173.565,25774.501,5914.284,0
6388,25700.86,9338.926,25008.151,5910.22,0
6389,25829.795,10040.025,24385.89,5907.226,0
6390,27747.774,10384.726,24515.955,5945.359,0
6391,29311.685,11658.958,25505.735,5975.436,0
6392,31633.08,12312.402,25733.886,6403.474,0
6393,34045.301,12683.423,25478.985,6692.25,0
6394,35914.235,12539.123,24283.405,6780.775,0
6395,37103.424,12857.928,23524.523,7277.276,0
6396,37659.606,13410.044,22805.465,7456.306,0
6397,37061.877,13145.411,20999.114,7289.927,0
6398,37049.845,14196.05,21618.96,7374.096,0
6399,36831.261,14462.706,22562.936,7477.09,0
6400,36881.47,13338.169,24496.362,7038.943,0
6401,37400.089,13682.867,25529.864,6783.83,0
6402,37031.958,13159.422,25754.614,7489.839,0
6403,37644.967,13845.021,27644.679,9135.265,0
6404,38468.74,14128.422,28133.906,8035.275,0
6405,37978.282,14106.787,27916.845,6771.21,0
6406,36756.589,14319.846,27817.394,6158.759,0
6407,34156.25,13586.508,27761.934,6047.025,0
6408,32076.488,11263.351,27249.026,5957.162,0
6409,30277.438,9360.181,25738.759,5897.369,0
6410,27892.429,8624.017,25504.855,5807.118,0
6411,25892.021,9046.674,25115.974,5802.97,0
6412,25471.018,9405.007,24178.24,5781.769,0
6413,25776.86,9553.044,24054.15,5756.068,0
6414,27996.287,9060.139,24488.557,5773.738,0
6415,29442.565,9881.777,25798.388,5836.093,0
6416,29825.218,11956.046,26018.522,6055.601,0
6417,31167.533,12682.192,26080.442,6228.859,0
6418,32498.259,12230.714,25224.902,6775.364,0
6419,33992.134,12990.932,24216.794,7127.234,0
6420,34568.207,13026.888,23791.717,7248.295,0
6421,34295.255,12827.215,21791.097,7177.297,0
6422,35697.612,12767.259,21964.344,7055.954,0
6423,36314.382,12888.645,22543.746,7016.658,0
6424,37420.062,12561.877,23172.818,6621.203,0
6425,37658.302,13200.139,23436.676,6321.435,0
6426,36534.392,15142.233,23381.384,7041.944,0
6427,37138.617,15903.969,24202.108,9661.423,0
6428,37324.344,16974.694,25233.373,8469.562,0
6429,36437.851,17122.077,25558.887,6797.564,0
6430,35569.761,17252.82,25806.798,5781.269,0
6431,32928.729,16910.168,25181.605,5650.111,0
6432,31203.304,13643.962,24954.611,5484.99,0
6433,29814.356,10891.741,24457.977,5389.045,0
6434,28034.431,10122.807,23514.425,5171.755,0
6435,26617.867,9668.222,23410.288,5024.516,0
6436,25632.979,9546.848,23468.343,5179.869,0
6437,25669.677,9488.433,23888.715,5051.35,0
6438,26494.859,9939.372,24438.84,5268.259,0
6439,28463.756,10073.572,25965.93,5389.861,0
6440,30027.297,11255.897,26001.771,5817.68,0
6441,32574.638,11630.123,24165.984,6194.214,0
6442,35354.351,12338.777,20542.205,6589.621,0
6443,37375.283,13132.207,19201.095,6902.401,0
6444,37682.004,13668.305,18659.134,6943.184,0
6445,36428.305,13570.549,17382.024,6877.677,0
6446,36902.775,13355.758,18230.294,6649.273,0
6447,36769.559,12558.972,20161.414,6740.77,0
6448,36947.121,12218.435,21185.355,6644.332,0
6449,36844.876,14616.376,20702.399,6144.201,0
6450,34706.716,16850.808,22905.894,7068.898,0
6451,35575.031,17138.771,25218.686,8486.762,0
6452,35675.181,18267.012,26442.62,6994.195,0
6453,34946.681,17556.632,26604.394,5725.508,0
6454,33934.26,16700.997,26663.155,5582.342,0
6455,32445.554,14807.583,26629.177,5551.745,0
6456,31802.519,11996.978,25817.032,5442.12,0
6457,28898.834,10643.539,25330.819,5381.526,0
6458,25838.985,10124.016,25501.099,5376.455,0
6459,24747.268,9524.308,25155.256,4903.105,0
6460,24139.847,9465.525,24817.739,4562.568,0
6461,24331.569,9417.326,24240.376,4609.155,0
6462,24996.056,9674.449,23052.436,4613.607,0
6463,25880.084,9186.556,22937.546,4649.42,0
6464,28584.418,8791.263,21846.417,5045.402,0
6465,31810.799,9329.157,17891.858,5350.192,0
6466,34180.096,10090.38,15089.974,5735.472,0
6467,35690.13,10496.516,14286.703,6057.593,0
6468,36742.353,10748.746,13801.09,6250.915,0
6469,36088.803,10833.278,13876.947,6216.491,0
6470,35558.144,10217.859,14060.716,6007.45,0
6471,34465.031,9826.928,15148.536,5693.74,0
6472,31500.553,10474.512,18750.358,5363.76,0
6473,32068.069,11400.311,21523.529,5065.661,0
6474,32053.501,15328.088,22033.028,6087.415,0
6475,34570.482,15724.125,24012.918,8727.302,0
6476,34837.009,16343.21,24166.787,7690.882,0
6477,33616.629,15847.291,24708.734,5610.197,0
6478,32027.168,15278.717,24893.443,4849.988,0
6479,30830.014,13411.921,24628.482,4771.175,0
6480,29258.703,11947.805,24197.509,4677.426,0
6481,26339.061,11427.582,23884.326,4656.154,0
6482,23741.909,11264.554,23525.135,4669.553,0
6483,22527.273,10334.56,23406.074,4666.554,0
6484,21778.191,9698.281,23318.38,4593.104,0
6485,21609.671,9399.153,22999.01,4566.896,0
6486,21825.467,9140.353,22392.29,4561.306,0
6487,23396.19,7675.762,21517.266,4610.307,0
6488,25833.697,7724.108,18085.289,4900.989,0
6489,29694.969,7870.03,14450.665,5224.007,0
6490,32494.796,7552.453,12556.028,5723.151,0
6491,34471.527,7653.705,11918.864,6203.947,0
6492,35422.681,8268.879,12442.035,6344.722,0
6493,35613.043,8650.485,11602.998,6283.571,0
6494,34653.951,8775.834,11689.334,6079.897,0
6495,33422.406,9560.009,11599.995,5669.459,0
6496,31497.941,10559.451,13822.81,5382.801,0
6497,30643.355,11627.28,17352.6,5167.555,0
6498,30602.43,13565.496,21439.614,5359.044,0
6499,32709.492,14626.343,23382.561,7867.308,0
6500,32783.632,15098.648,23873.602,7602.983,0
6501,32660.253,15446.905,23989.256,5862.667,0
6502,31787.611,15556.138,23923.187,4955.883,0
6503,30520.77,15262.936,23207.733,4876.607,0
6504,28295.936,14143.462,22957.314,4713.45,0
6505,26660.924,12053.087,22623.394,4671.771,0
6506,24821.414,10737.605,23027.789,4675.699,0
6507,24028.367,9841.995,23117.496,4684.819,0
6508,23789.164,9183.541,23208.79,4713.263,0
6509,24608.159,9090.276,23024.723,4665.446,0
6510,26217.963,9673.315,23194.946,4673.431,0
6511,29088.614,10338.517,23019.996,5244.805,0
6512,32101.8,10205.484,22927.362,5789.194,0
6513,35373.669,9187.907,23229.097,6471.794,0
6514,37806.184,9903.646,21815.105,6457.329,0
6515,40009.356,10610.365,20836.605,6812.648,0
6516,42193.361,11095.839,19644.222,6814.367,0
6517,42576.541,10617.252,17848.768,6695.158,0
6518,42820.054,10473.52,18983.819,7041.612,0
6519,42141.541,11675.34,21049.612,6754.159,0
6520,41214.994,13575.749,21861.208,6271.218,0
6521,41089.315,16394.209,20889.868,6454.146,0
6522,39204.253,16785.401,20395.617,8265.74,0
6523,37370.908,16646.974,23108.174,10880.948,0
6524,38487.891,17570.751,23980.408,9074.259,0
6525,37824.184,17557.716,24984.384,7777.797,0
6526,37345.867,17485.824,25338.929,7074.075,0
6527,35820.526,17163.177,25011.855,5974.564,0
6528,34551.653,14014.583,24152.026,5563.254,0
6529,32380.283,12209.865,23427.762,5459.871,0
6530,29541.511,10770.679,24243.117,5450.528,0
6531,28228.53,10080.332,24030.819,5505.211,0
6532,27575.19,9521.241,23857.246,5531.859,0
6533,27256.03,9686.259,23981.664,5530.27,0
6534,27777.024,10968.869,24014.951,5544.715,0
6535,31654.937,11588.734,22571.169,5749.925,0
6536,37066.4,10668.89,20220.693,6207.253,0
6537,39878.145,10476.92,20569.195,6731.508,0
6538,40690.936,11111.528,21428.359,7149.289,0
6539,42417.557,11776.382,21608.681,7306.879,0
6540,43344.536,12111.366,21785.752,7410.686,0
6541,43189.996,11696.848,20356.697,7494.696,0
6542,43908.967,12477.289,21055.994,7450.552,0
6543,44625.098,13351.998,21207.791,7145.315,0
6544,44878.501,13785.487,21708.325,7037.902,0
6545,43187.627,15824.069,22099.72,7269.981,0
6546,39814.755,16571.286,23004.295,7710.521,0
6547,38758.163,16252.9,24586.709,10112.895,0
6548,38445.156,16716.955,25305.063,9482.794,0
6549,38487.379,16837.315,25785.174,7403.202,0
6550,38077.05,16787.705,26562.983,6026.586,0
6551,36573.082,16414.323,26633.768,5828.139,0
6552,34474.243,14329.256,25150.647,5757.13,0
6553,31896.542,12426.27,24445.863,5595.747,0
6554,29104.247,11111.471,24925.17,5506.845,0
6555,27866.785,9707.503,25016.97,5508.656,0
6556,27610.906,8743.524,25020.025,5514.644,0
6557,27956.287,8557.719,24596.256,5524.486,0
6558,28447.032,10212.793,24267.137,5614.818,0
6559,32924.45,10886.236,22304.161,5772.815,0
6560,37520.719,9617.299,21577.618,6305.702,0
6561,38813.054,10749.998,22104.751,6875.138,0
6562,39921.39,11430.694,21474.082,7229.815,0
6563,41734.731,11944.938,21233.661,7213.589,0
6564,42515.181,12131.839,21073.15,7232.052,0
6565,41598.299,12431.245,19591.01,7123.158,0
6566,41092.227,13099.9,21358.178,7236.185,0
6567,40722.881,14458.204,22842.661,6895.786,0
6568,42079.547,14166.291,21888.989,6744.942,0
6569,42799.213,14822.857,20622.417,7348.586,0
6570,38729.829,17025.03,20751.145,8215.823,0
6571,37591.945,16884.543,23314.517,10000.99,0
6572,38204.963,15630.756,24386.217,10085.865,0
6573,38444.529,15075.597,25537.801,8146.634,0
6574,37965.25,14938.102,25906.285,7748.97,0
6575,36524.752,14722.694,25816.804,7025.626,0
6576,34230.055,13476.949,24765.22,6274.748,0
6577,30802.436,13167.801,24268.588,5705.647,0
6578,28645.565,11622.801,24460.587,5593.858,0
6579,28058.396,9791.414,24550.262,5575.708,0
6580,28002.439,8792.228,24496.013,5555.447,0
6581,28011.606,8781.455,24652.844,5547.801,0
6582,29934.094,10284.79,23123.103,5571.458,0
6583,33771.705,10858.859,21975.274,5664.83,0
6584,38721.426,9516.315,20851.254,6242.461,0
6585,40776.688,10239.745,20827.106,6671.552,0
6586,41332.771,10623.993,20633.532,7083.661,0
6587,42481.823,11212.593,20479.978,7357.686,0
6588,42531.041,11129.251,20973.133,7466.505,0
6589,41199.128,9898.278,20921.841,7441.522,0
6590,41547.269,11232.105,21576.86,7219.212,0
6591,42819.45,11740.514,22054.752,6928.161,0
6592,44050.231,12357.451,21539.926,6631.834,0
6593,43946.386,15112.795,20065.906,6943.513,0
6594,41173.101,16907.374,19760.257,7742.504,0
6595,40041.09,16007.347,22658.062,10454.292,0
6596,40052.876,16122.511,24729.524,8970.834,0
6597,39439.872,16430.579,25178.563,7259.175,0
6598,38455.4,16882.496,25564.066,6180.767,0
6599,36333.033,16720.493,25546.371,6004.321,0
6600,33617.784,15205.035,24963.46,5769.265,0
6601,31611.007,13182.953,24480.238,5454.103,0
6602,30039.304,10880.18,24449.538,5446.061,0
6603,28683.836,10301.024,24442.728,5587.081,0
6604,27687.86,10691.277,24050.72,5550.178,0
6605,27370.355,10921.336,24313.04,5577.625,0
6606,28825.206,11346.551,24163.414,5675.17,0
6607,32044.718,11758.59,23276.589,5871.555,0
6608,37405.855,10622.918,21495.282,6413.309,0
6609,39233.25,11724.723,21627.681,6959.47,0
6610,40276.13,12135.507,21821.381,7123.777,0
6611,41893.262,12979.539,21569.23,7422.228,0
6612,42610.14,13171.397,21667.987,7575.385,0
6613,41021.685,12675.202,21178.775,7710.839,0
6614,41871.136,13061.107,21465.594,7661.84,0
6615,42903.409,13857.952,21109.021,7245.427,0
6616,42268.924,14002.274,22433.468,6677.268,0
6617,41375.816,14801.023,23017.4,6439.021,0
6618,38251.001,16104.42,24953.245,6696.202,0
6619,38673.383,15155.901,25999.459,9198.117,0
6620,38346.914,15901.88,25988.964,9068.828,0
6621,37632.247,16204.505,26253.551,7520.745,0
6622,36925.052,16473.006,26465.372,6602.39,0
6623,35448.707,16119.494,26023.904,6380.403,0
6624,32672.37,14591.705,27260.104,5707.739,0
6625,29806.302,13474,26626.214,5500.79,0
6626,27318.97,12679.911,26377.107,5362.325,0
6627,26447.03,11101.169,26167.44,5347.367,0
6628,26268.651,10071.52,25954.831,5468.914,0
6629,25674.446,10698.848,25470.213,5258.728,0
6630,25197.034,11167.834,25075.212,5185.833,0
6631,27292.239,10585.016,23326.791,4878.116,0
6632,30231.309,9817.648,22541.948,5254.801,0
6633,32421.267,10710.457,21278.291,5772.332,0
6634,33866.044,11314.182,19365.492,6063.529,0
6635,34992.276,12178.805,18105.774,6391.903,0
6636,35637.672,12914.434,17784.625,6554.489,0
6637,34975.43,13483.305,17586.921,6545.617,0
6638,33541.152,12919.005,19235.181,6450.9,0
6639,32487.312,12463.736,20665.546,6224.264,0
6640,31802.807,13167.997,21483.587,6044.285,0
6641,32778.764,13482.863,23299.259,5666.257,0
6642,34490.363,14496.431,24542.305,5619.903,0
6643,35512.423,15498.854,26816.208,7660.114,0
6644,34748.542,16220.103,27310.787,7743.555,0
6645,34619.123,15677.997,26915.441,6015.903,0
6646,33321.652,15225.902,27065.013,5366.363,0
6647,30921.812,15073.513,27032.329,5286.099,0
6648,28371.108,14358.81,27038.882,5198.177,0
6649,25821.346,13669.554,26508.932,5215.974,0
6650,24534.812,12563.752,26200.112,5142.076,0
6651,23478.467,11476.114,25871.385,5120.178,0
6652,22970.314,11177.334,25048.889,4997.243,0
6653,22955.359,10762.955,24627.263,4977.612,0
6654,22740.995,9752.167,24649.174,5010.297,0
6655,23576.787,9380.042,22820.547,5073.245,0
6656,26306.147,9840.365,18500.265,5075.919,0
6657,29090.962,10554.332,15188.378,5355.124,0
6658,31360.066,11027.145,12748.106,5799.514,0
6659,32970.664,12044.338,11464.757,6176.266,0
6660,33669.623,12566.58,11981.069,6448.908,0
6661,33527.373,12520.791,12159.925,6437.399,0
6662,32704.025,12182.204,12605.715,6285.478,0
6663,31580.045,11428.565,14506.592,6053.928,0
6664,30411.046,11542.546,17376.865,5851.781,0
6665,30935.194,11586.511,21569.701,5603.051,0
6666,30150.236,14622.331,25338.209,5808.311,0
6667,32912.939,16442.639,25690.663,7924.312,0
6668,33949.61,17094.739,25741.156,7975.07,0
6669,34149.763,17305.964,26090.791,6165.375,0
6670,34085.809,17214.103,26130.03,5451.597,0
6671,32510.921,16735.933,26280.985,5431.892,0
6672,29969.194,15462.818,26909.855,5399.049,0
6673,27551.119,14342.385,26224.514,5356.562,0
6674,27022.641,12676.194,25819.699,5306.399,0
6675,25709.898,12134.566,25750.086,5321.102,0
6676,24850.247,11999.052,25571.663,5344.338,0
6677,24711.924,12243.545,25443.585,5317.347,0
6678,26110.2,12399.23,25412.926,5335.946,0
6679,29840.537,11970.728,24483.898,5753.53,0
6680,34813.162,10973.322,23559.819,6412.638,0
6681,37704.593,12428.47,23481.594,7033.737,0
6682,40179.678,12811.867,23540.512,7317.124,0
6683,41987.389,14430.301,22692.37,7583.859,0
6684,43017.629,15248.561,21936.871,7803.245,0
6685,43224.25,14492.299,21060.63,7662.26,0
6686,44115.362,14927.884,21502.804,7836.052,0
6687,44579.914,14535.456,22631.361,7827.479,0
6688,44340.03,15166.969,23203.084,7631.572,0
6689,44109.171,16341.569,22614.914,7598.655,0
6690,40620.806,17058.75,22678.064,8956.645,0
6691,38897.121,16725.326,24899.987,10561.117,0
6692,40118.132,16580.573,26381.024,8687.39,0
6693,41039.027,16736.065,26669.012,6992.467,0
6694,41308.28,17193.813,26457.618,6215.882,0
6695,39584.414,16885.84,25687.455,6406.838,0
6696,37359.902,15595.17,24899.172,6420.618,0
6697,33985.822,15306.125,23623.522,6018.543,0
6698,29229.002,15101.025,24837.036,5792.784,0
6699,27125.757,13067.422,26440.536,5649.956,0
6700,26887.206,12114.105,26462.521,5568.215,0
6701,26965.097,12191.442,25978.032,5501.779,0
6702,28373.958,13316.898,24783.366,5462.628,0
6703,33179.976,13132.513,23193.558,5617.002,0
6704,38972.83,12915.776,20615.471,6167.523,0
6705,41253.583,13328.855,21566.114,6759.841,0
6706,42256.43,13167.924,21848.727,7215.171,0
6707,43069.427,12740.959,22444.461,7541.201,0
6708,43095.501,13390.309,21565.758,7661.643,0
6709,41742.093,13001.758,20986.405,7661.867,0
6710,43031.837,13473.674,20797.562,7561.905,0
6711,44146.205,13345.533,21003.744,7647.968,0
6712,43325.495,13961.053,21690.82,7407.298,0
6713,41783.676,17012.279,20686.088,7506.639,0
6714,38208.515,17126.782,22108.864,8070.53,0
6715,37121.744,15855.277,25109.161,9944.27,0
6716,37239.239,15899.117,26666.654,9325.697,0
6717,37311.07,15945.519,26696.888,8136.083,0
6718,36489.894,15929.463,27390.479,7324.241,0
6719,35803.532,15234.178,27635.916,6059.276,0
6720,32450.153,13645.988,27599.587,5839.645,0
6721,29801.424,12164.729,27255.962,5788.504,0
6722,27994.617,10850.65,27004.697,5768.369,0
6723,26381.298,10517.544,26742.487,5780.085,0
6724,25814.739,10137.472,26642.495,5775.308,0
6725,25767.846,10489.519,26295.884,5772.992,0
6726,26820.133,11557.645,25659.495,5797.498,0
6727,30537.785,12464.416,23549.317,6139.369,0
6728,33891.638,12747.513,22474.441,6574.089,0
6729,36232.316,12595.483,23174.382,6955.84,0
6730,38111.068,11937.402,23037.775,7291.399,0
6731,39202.039,12170.522,22941.14,7558.165,0
6732,39582.454,12537.463,22939.54,7685.413,0
6733,38896.853,12273.757,22138.137,7519.858,0
6734,39712.319,12720.596,22388.03,7355.733,0
6735,41490.805,12773.815,22064.045,6936.274,0
6736,42435.118,12862.829,22630.414,6620.945,0
6737,41110.499,13680.015,23473.979,7246.237,0
6738,37634.583,14126.142,23644.884,8330.759,0
6739,37666.717,14035.963,26148.78,9367.207,0
6740,38445.137,14474.222,26976.564,8309.61,0
6741,37643.335,15075.35,27578.329,6471.238,0
6742,35978.767,15598.131,28024.992,6147.502,0
6743,33946.417,14812.928,27838.671,6126.299,0
6744,30930.905,14024.764,27578.921,6068.997,0
6745,29197.212,11855.265,26805.449,5971.041,0
6746,27046.428,10591.75,26808.608,5909.255,0
6747,25744.486,10088.105,26549.46,5830.455,0
6748,25023.803,9992.822,26254.69,5854.922,0
6749,24940.351,10289.464,25859.762,5866.523,0
6750,25535.18,11533.85,25972.903,5900.338,0
6751,29392.999,13072.401,24440.521,6101.15,0
6752,35157.322,12113.176,23296.553,6635.835,0
6753,38233.967,12395.652,22937.252,7191.169,0
6754,40809.918,10725.167,23207.951,7523.397,0
6755,41960.595,10647.692,23144.67,7669.436,0
6756,42204.359,10760.031,22785.382,7824.238,0
6757,40500.197,10553.196,21663.023,7816.028,0
6758,40116.688,10093.471,23090.537,8035.007,0
6759,41617.63,10376.984,23248.057,7687.595,0
6760,42326.144,11036.993,23698.367,7185.527,0
6761,40807.762,13161.344,25059.757,6833.796,0
6762,37497.459,14702.519,26133.585,7389.293,0
6763,37439.024,15878.214,26914.089,8679.814,0
6764,38463.756,16672.314,26241.591,8316.882,0
6765,37940.979,16787.012,26529.112,6884.798,0
6766,37362.125,15806.964,26910.335,7021.534,0
6767,35124.748,14877.698,26812.025,7041.757,0
6768,32105.476,14114.291,26000.241,6509.966,0
6769,30139.567,12493.66,25094.182,6053.354,0
6770,27976.248,10957.965,25244.726,5964.256,0
6771,26638.224,10258.281,25095.996,5905.494,0
6772,26113.71,9938.687,24938.543,5911.567,0
6773,26176.297,9828.903,24995.945,5883.163,0
6774,26817.574,10943.763,24951.403,5897.04,0
6775,30675.597,11260.145,24186.487,6105.605,0
6776,34606.605,11085.024,23883.994,6834.03,0
6777,36951.037,11976.177,24195.451,6991.905,0
6778,37120.075,12830.224,24587.206,7355.573,0
6779,38068.605,13789.484,24529.062,7641.051,0
6780,37833.254,13961.435,24543.245,7639.378,0
6781,38291.314,13217.832,22045.718,7561.801,0
6782,38416.443,14232.54,22606.834,7537.865,0
6783,39407.971,14797.844,22642.232,7298.242,0
6784,39670.561,14325.817,22913.49,6962.82,0
6785,41697.136,14742.158,20818.95,6827.183,0
6786,39668.298,15717.862,21401.981,7851.617,0
6787,38851.823,15854.734,23195.63,10050.039,0
6788,37079.923,17030.062,25079.394,9440.797,0
6789,36494.509,16774.425,26096.69,7169.958,0
6790,35944.81,16327.089,26693.196,6248.925,0
6791,33623.446,15964.053,26768.913,6286.445,0
6792,32359.052,14210.817,25876.102,6207.51,0
6793,30170.564,12838.57,25123.944,5995.588,0
6794,27192.696,12524.022,25018.633,5868.032,0
6795,26077.813,11310.308,24829.126,5839.115,0
6796,25823.634,9901.882,25103.13,5836.718,0
6797,25596.783,9525.453,25187.299,5801.596,0
6798,25534.699,10247.58,24157.723,5805.206,0
6799,26199.737,10461.01,23603.959,5853.476,0
6800,28707.919,10555.463,23524.976,6045.019,0
6801,31373.786,11261.708,21526.466,6314.262,0
6802,33559.128,12087.449,19416.306,6752.101,0
6803,34939.871,12800.756,17794.577,7070.833,0
6804,35557.686,13095.903,17296.778,7346.158,0
6805,35107.84,12751.1,17188.186,7225.543,0
6806,34211.715,12328.74,18138.911,6937.55,0
6807,32817.256,12018.382,20221.812,6600.352,0
6808,31993.544,12235.223,21608.991,6475.444,0
6809,32479.303,14097.725,20090.943,6675.282,0
6810,33265.641,16075.089,20279.325,7199.983,0
6811,33536.985,17723.705,22644.463,9104.69,0
6812,33544.31,17854.956,23835.693,8820.698,0
6813,32216.776,17464.704,24301.354,7744.314,0
6814,31023.199,16903.155,24665.912,6815.674,0
6815,28971.398,16203.512,24606.909,6885.164,0
6816,28068.926,14598.434,24694.892,6527.919,0
6817,26325.132,14179.812,24003.894,6212.651,0
6818,23583.761,14011.544,23853.818,5941.323,0
6819,21894.439,13785.014,23911.608,5522.351,0
6820,20860.694,13170.404,23967.117,5473.085,0
6821,20608.142,12748.338,23721.795,5418.717,0
6822,20633.378,12065.504,23328.279,5452.909,0
6823,23412.896,9201.906,22285.744,5358.18,0
6824,26932.647,7528.12,20915.952,5805.091,0
6825,30210.111,7511.483,18846.454,6107.621,0
6826,32765.632,7501.419,17454.825,6417.967,0
6827,34122.025,7890.155,16986.863,6513.608,0
6828,34769.26,8576.561,17449.482,6605.584,0
6829,34169.705,8845.73,17432.209,6615.928,0
6830,33158.204,8945.172,16975.516,6439.751,0
6831,31495.91,9062.571,18054.926,6177.907,0
6832,29668.69,9624.259,20113.741,6000.516,0
6833,29618.438,11815.999,20774.801,5894.072,0
6834,29552.989,15192.543,20835.349,6261.786,0
6835,30526.984,16417.019,22303.182,8410.567,0
6836,29937.594,17044.816,23494.738,8639.485,0
6837,29903.195,17090.977,24074.574,7196.053,0
6838,29367.744,16303.381,25364.685,6288.143,0
6839,28170.793,15733.992,25667.659,6096.962,0
6840,26570.594,14778.811,24999.321,5949.565,0
6841,25991.33,13364.617,23947.583,5453.312,0
6842,25182.001,11455.09,24088.395,5390.25,0
6843,24355.34,10511.88,24232.496,5387.627,0
6844,24011.331,9896.172,24391.18,5382.648,0
6845,23939.67,10361.925,24428.889,5370.682,0
6846,24256.771,11982.999,24583.293,5414.351,0
6847,25828.331,14082.13,25292.037,5626.589,0
6848,29889.663,15670.131,24300.408,6149.998,0
6849,33128.874,16672.838,25209.973,6645.737,0
6850,36113.179,16532.334,25007.373,7142.681,0
6851,38901.66,16450.006,24631.735,7456.003,0
6852,39997.719,16637.739,23500.974,7929.206,0
6853,39595.682,15559.852,22779.705,8307.491,0
6854,40774.044,15221.488,23177.138,8033.855,0
6855,41897.365,15412.595,23640.532,7550.054,0
6856,41892.828,15632.748,23085.664,7504.847,0
6857,40518.471,17844.642,21460.909,7386.891,0
6858,39376.922,17715.489,20531.393,7742.896,0
6859,39255.922,16586.527,22504.814,9747.124,0
6860,38056.814,17606.305,24743.159,9793.146,0
6861,37633.271,17660.348,25903.76,8306.561,0
6862,37637.879,17590.122,25914.792,7143.869,0
6863,35122.386,17607.923,25506.83,6468.027,0
6864,32432.913,16500.284,24781.646,5647.266,0
6865,29727.102,12312.499,24192.375,5434.003,0
6866,32564.421,7623.242,22565.811,5875.316,0
6867,30937.219,8633.152,22395.782,5871.168,0
6868,29341.962,9819.784,22302.135,5373.227,0
6869,29301.618,10038.929,21897.248,5613.552,0
6870,29762.598,10320.266,22839.966,6089.62,0
6871,32122.362,10832.099,24032.124,6330.957,0
6872,35240.505,12040.976,24210.813,6942.131,0
6873,37608.562,13457.67,24274.084,6814.842,0
6874,38497.285,13497.216,24278.295,7162.754,0
6875,39032.519,14205.401,24723.364,7369.694,0
6876,39551.622,14703.593,24262.686,7405.441,0
6877,38447.347,14388.768,22521.327,7350.189,0
6878,38483.433,15837.932,22239.677,7146.727,0
6879,39371.698,16935.131,21930.751,6862.356,0
6880,39779.101,17355.078,21501.256,6850.188,0
6881,40563.423,17348.709,19869.009,8244.268,0
6882,39982.968,16764.844,18914.461,9675.128,0
6883,38571.061,16249.046,21429.012,11926.805,0
6884,38038.581,16255.423,23794.032,11766.979,0
6885,38354.402,15996.217,24398.836,9633.642,0
6886,38649.698,15443.482,24688.989,8227.358,0
6887,36024.258,14974.658,24889.988,8187.476,0
6888,32408.98,14717.121,24935.531,7254.385,0
6889,29466.61,14775.621,23932.987,6047.854,0
6890,27099.877,14207.572,24087.425,5542.962,0
6891,26030.776,12831.908,24142.75,5506.285,0
6892,24327.021,13320.955,24213.471,5499.236,0
6893,24428.756,13049.245,24368.011,5497.281,0
6894,25469.544,12518.295,24860.988,5526.627,0
6895,27426.123,13263.041,24707.671,5781.95,0
6896,32143.065,14260.854,22542.728,6265.719,0
6897,34850.459,13859.206,22537.815,6804.595,0
6898,36228.955,13986.659,22087.807,7038.83,0
6899,38035.272,15182.802,21268.717,7229.7,0
6900,38663.116,15768.531,21059.636,7311.843,0
6901,37807.686,15722.851,20229.613,7154.531,0
6902,37423.17,15273.1,22614.734,7186.084,0
6903,38893.824,15024.257,23262.672,6984.768,0
6904,39200.155,16359.428,22570.704,6800.929,0
6905,39573.761,17495.398,21468.176,7009.715,0
6906,38643.59,18031.422,20930.105,7840.647,0
6907,37853.579,17507.358,22830.577,10423.872,0
6908,36891.027,17520.769,25344.37,10781.505,0
6909,36487.848,17646.927,25957.535,9016.954,0
6910,36023.71,17438.556,26750.358,7753.216,0
6911,33462.883,17193.905,26877.639,7435.602,0
6912,31066.172,16187.336,25802.529,6920.291,0
6913,28703.357,15018.673,24839.952,6296.652,0
6914,26833.201,13836.492,24917.78,5532.03,0
6915,26029.007,12645.362,24829.446,5466.159,0
6916,25354.428,12082.556,24931.651,5458.171,0
6917,24889.388,12312.133,25117.307,5466.351,0
6918,25200.031,13104.633,25317.58,5498.23,0
6919,27862.871,13275.008,25324.452,5761.281,0
6920,33223.162,13344.955,23329.884,6280.892,0
6921,37185.097,12886.448,22740.09,6756.762,0
6922,39320.789,12498.905,22248.867,7237.519,0
6923,40442.081,13266.116,22465.721,7533.129,0
6924,40384.255,13990.978,23265.096,7503.712,0
6925,39673.518,13891.508,22963.362,7362.904,0
6926,39835.935,15604.323,23463.633,7477.151,0
6927,41964.212,15279.005,23949.358,7085.894,0
6928,42580.333,15187.205,23977.357,7297.185,0
6929,41484.702,17138.586,22751.045,8112.052,0
6930,38361.765,16691.147,23248.196,9691.553,0
6931,38203.027,16312.319,24396.819,11743.953,0
6932,39335.705,16200.317,24696.849,11344.376,0
6933,38717.909,16281.151,25817.735,9230.701,0
6934,37733.105,16285.775,26624.542,8651.883,0
6935,34872.151,16376.437,27164.737,8131.521,0
6936,32238.086,16207.92,26317.824,7297.661,0
6937,28855.916,15574.162,25726.604,7070.515,0
6938,26795.387,15460.291,25314.67,6186.487,0
6939,25605.978,15155.116,24877.196,5566.005,0
6940,24512.527,15045.438,24702.787,5547.039,0
6941,24573.858,14973.539,24269.313,5477.887,0
6942,25057.203,14861.636,25046.232,5511.114,0
6943,28280.242,14198.942,25203.207,5842.764,0
6944,34421.587,13998.059,22922.254,6222.264,0
6945,38335.995,14243.493,22637.216,6778.699,0
6946,41063.601,14115.128,22194.602,7094.681,0
6947,43005.906,14456.668,22230.503,7363.971,0
6948,42644.723,14382.157,23329.092,7455.493,0
6949,42911.262,14024.588,22247.616,7503.766,0
6950,43676.931,15902.106,22460.593,7543.193,0
6951,43539.867,16200.807,23191.822,7722.702,0
6952,42949.881,17300.312,22935.432,7649.551,0
6953,42875.949,17658.77,21717.561,8777.645,0
6954,40102.564,17584.817,21217.776,10521.738,0
6955,38609.29,17293.382,23662.411,12279.473,0
6956,37764.108,17121.996,25436.513,11560.892,0
6957,37216.19,17027.394,26297.454,9599.322,0
6958,36289.204,17210.754,26829.06,8325.917,0
6959,34542.04,16814.657,26838.945,7892.764,0
6960,33169.654,16048.2,26294.896,7876.524,0
6961,30602.36,14806.224,26525.592,7467.551,0
6962,27670.628,14775.076,26404.486,6882.039,0
6963,26103.424,14686.037,26207.327,6335.729,0
6964,25407.418,14503.374,26032.966,5823.081,0
6965,24398.127,15201.412,25961.622,5650.961,0
6966,24286.675,14906.842,25445.123,5519.44,0
6967,27168.858,12030.598,25088.694,5575.158,0
6968,30367.55,11684.821,23666.624,6304.308,0
6969,33606.678,11744.03,23987.273,6984.928,0
6970,35013.441,13060.11,23644.242,7277.657,0
6971,35655.638,14510.455,22547.267,7535.27,0
6972,35098.492,15542.83,22118.398,7617.492,0
6973,33938.941,15881.509,21130.519,7569.736,0
6974,33011.477,15544.907,21365.505,7211.893,0
6975,33162.148,15110.923,20818.11,6943.723,0
6976,32605.287,15410.187,20334,7138.998,0
6977,32954.796,16619.108,18467.956,8285.352,0
6978,34042.434,17554.964,17413.153,9571.853,0
6979,34571.451,17694.802,20074.291,11167.397,0
6980,34268.144,17552.74,22212.352,10301.701,0
6981,32658.521,17492.909,23088.65,8971.419,0
6982,31477.736,17494.073,23876.071,7660.345,0
6983,30785.456,17003.311,23548.033,6417.253,0
6984,30712.785,14144.835,23371.568,6128.663,0
6985,27198.198,14798.974,22035.83,5665.667,0
6986,24187.623,14753.572,21841.461,5802.471,0
6987,23318.271,13522.03,21824.479,5737.193,0
6988,23100.483,13295.442,21237.968,5391.667,0
6989,22998.058,13126.681,20509.537,5428.317,0
6990,22645.974,13108.944,19710.174,5235.403,0
6991,24092.191,11372.566,19180.856,5252.508,0
6992,26927.917,10794.146,16917.251,5321.077,0
6993,29026.021,10261.79,14875.231,5776.208,0
6994,29743.111,10660.119,13718.799,6175.096,0
6995,31279.45,11370.672,12901.809,6497.096,0
6996,32491.128,11880.198,12791.348,6689.229,0
6997,32520.605,12032.561,12603.835,6628.177,0
6998,31758.243,11440.996,13003.762,6432.501,0
6999,30706.542,11627.747,13897.391,6172.805,0
7000,29130.183,12141.423,15097.025,5833.407,0
7001,30499.879,11832.437,16084.745,5944.424,0
7002,31586.834,12991.531,17754.05,7031.17,0
7003,32539.766,13325.17,19729.153,10420.946,0
7004,33140.231,15128.322,19195.786,10533.016,0
7005,32316.973,16976.206,18150.808,9271.141,0
7006,30992.092,17269.381,18417.083,8377.204,0
7007,29631.939,17310.539,17871.517,7806.433,0
7008,28314.576,15994.782,17603.968,6903.3,0
7009,27118.637,16189.34,15566.717,6409.368,0
7010,26381.284,16113.516,14868.027,5600.021,0
7011,26246.163,16116.932,14050.147,5449.638,0
7012,26446,16200.217,13099.881,5430.379,0
7013,27399.57,15607.498,12976.301,5436.222,0
7014,27715.235,15440.713,14405.165,5490.581,0
7015,28166.951,14991.793,18319.671,5499.692,0
7016,29343.58,14007.061,21142.14,5703.594,0
7017,32031.884,12877.158,22456.016,6014.122,0
7018,34798.345,13771.317,19632.847,6659.081,0
7019,36438.035,14284.86,19563.156,6937.415,0
7020,37073.628,14675.557,19886.845,7096.188,0
7021,36561.704,13932.587,18815.245,7078.823,0
7022,37402.594,13819.888,18655.722,7052.458,0
7023,36905.926,13838.054,19625.633,6789.825,0
7024,37008.732,14080.802,20541.434,6535.501,0
7025,36952.203,15365.146,21171.812,6084.429,0
7026,35796.381,14996.569,22013.641,6361.285,0
7027,35369.087,15749.592,23473.971,8548.776,0
7028,36189.721,15993.527,25161.028,8885.389,0
7029,35765.992,15730.629,25524.624,7321.31,0
7030,35029.592,14953.119,26344.77,6478.694,0
7031,33003.315,13323.585,26270.002,6314.188,0
7032,30504.9,11377.665,25092.27,5779.315,0
7033,25836.628,12293.132,25057.639,5074.362,0
7034,23530.768,12609.009,24353.68,4565.155,0
7035,22969.729,11574.729,24081.205,4476.873,0
7036,22657.614,12198.43,22916.922,4462.564,0
7037,22914.66,12893.474,22127.387,4496.294,0
7038,23086.498,14220.328,22579.442,4473.924,0
7039,25810.553,13108.618,24676.072,4656.981,0
7040,29959.117,12196.648,24382.543,4852.723,0
7041,33785.135,12605.646,21350.008,5359.82,0
7042,36265.632,13079.639,19105.096,5696.627,0
7043,37612.94,13840.484,19134.786,5985.151,0
7044,37911.74,14059.579,19168.494,6059.985,0
7045,36977.969,13969.345,17786.168,6001.462,0
7046,36394.594,14956.105,18433.94,5974.999,0
7047,34576.754,14968.731,21652.89,5571.565,0
7048,34624.219,13604.929,24322.162,5427.312,0
7049,36221.882,14268.625,23411.59,5442.363,0
7050,34726.819,14693.757,24676.741,5608.413,0
7051,34443.934,15680.722,26812.079,7249.435,0
7052,34970.316,16559.863,26989.699,7847.072,0
7053,34299.699,16836.725,27330.708,6193.493,0
7054,33188.314,16822.136,27038.748,5420.03,0
7055,31411.917,15440.57,26553.922,4981.413,0
7056,29687.533,12569.456,25666.859,4657.827,0
7057,26890.121,11245.856,25127.292,4551.702,0
7058,24138.282,10978.452,24826.641,4538.34,0
7059,22642.222,10183.802,25277.182,4525.188,0
7060,22161.112,9736.577,25641.401,4452.123,0
7061,22365.624,10019.586,25479.504,4374.619,0
7062,23223.59,10713.077,25678.996,4562.29,0
7063,27129.553,12790.698,22824.263,4822.179,0
7064,31714.555,12150.192,20890.744,5119.213,0
7065,33654.134,12776.64,19678.267,5373.878,0
7066,35755.968,13540.896,17993.349,5732.856,0
7067,37530.232,14099.592,17703.085,6227.766,0
7068,37832.123,14502.302,18332.496,6417.845,0
7069,37192.731,14411.057,16797.924,6080.221,0
7070,36992.437,14333.52,17543.099,6295.858,0
7071,36967.567,14379.838,18988.622,6346.92,0
7072,37045.663,15246.731,19934.813,5855.748,0
7073,39177.576,14826.347,20351.144,5645.873,0
7074,36226.717,14686.58,24028.952,5782.074,0
7075,35506.935,14849.495,26900.981,7870.985,0
7076,35242.43,16500.623,26965.271,8167.108,0
7077,34986.5,16620.647,27339.362,6408.901,0
7078,33893.156,16799.636,26984.713,5862.438,0
7079,32147.257,15735.322,26405.183,5199.405,0
7080,30669.1,13092.035,25751.976,4869.779,0
7081,28592.467,10094.619,25661.534,4726.991,0
7082,26185.982,9142.847,25829.909,4639.033,0
7083,24269.72,9046.321,25762.774,4652.819,0
7084,22821.647,9722.52,25532.104,4652.98,0
7085,22773.697,10382.421,25294.979,4534.457,0
7086,23906.896,10990.524,25367.557,4485.193,0
7087,27807.46,11434.187,24493.321,4795.98,0
7088,31564.794,11374.932,22349.727,5139.794,0
7089,34201.221,12348.55,19821.097,5456.381,0
7090,36356.846,13176.065,17807.955,5868.986,0
7091,38080.771,13928.797,17617.5,6136.725,0
7092,38778.492,14334.078,17842.048,6209.68,0
7093,38129.747,14052.457,16792.038,6195.216,0
7094,37797.99,14557.572,17945.137,6254.885,0
7095,36643.812,14082.446,21237.846,6068.71,0
7096,37100.319,12971.795,24000.753,5609.887,0
7097,37651.859,14199.129,24444.232,5390.892,0
7098,36726.259,14435.408,25309.459,5660.128,0
7099,36085.301,15121.011,26961.117,7673.386,0
7100,36262.564,16542.739,27061.772,7736.709,0
7101,36037.387,16509.214,27301.513,5981.815,0
7102,35422.74,17075.315,26952.599,5139.268,0
7103,33578.481,15371.5,26957.876,5092.337,0
7104,32064.763,12181.607,26747.854,4968.944,0
7105,30314.249,10011.43,26094.38,4708.637,0
7106,27298.836,9583.099,26162.188,4720.623,0
7107,24648.526,9910.271,26264.203,4741.163,0
7108,23883.428,10108.571,26192.552,4617.999,0
7109,23491.157,10864.625,26093.643,4644.482,0
7110,24923.522,11746.852,25403.118,4630.795,0
7111,28519.975,12231.523,24900.298,4891.481,0
7112,31751.526,12577.789,23225.943,5367.917,0
7113,34802.627,12897.763,21631.23,5690.989,0
7114,37276.074,13606.409,19368.874,5986.532,0
7115,39044.765,14613.29,18568.78,6258.94,0
7116,39684.469,15433.435,18308.445,6421.735,0
7117,39139.827,14653.972,17584.271,6347.067,0
7118,38707.139,16097.065,18344.663,6203.09,0
7119,38576.322,15406.25,20730.227,5900.449,0
7120,37962.538,14510.13,22881.248,5745.816,0
7121,38604.207,14455.788,23266.412,5623.516,0
7122,37227.515,16321.315,22710.951,5952.396,0
7123,35756.455,16576.91,24862.946,8960.065,0
7124,36194.357,17210.315,26568.282,8643.622,0
7125,35694.383,17237.033,27109.707,6370.216,0
7126,35020.329,17225.329,27583.727,5334.967,0
7127,32575.449,16749.218,27665.363,5260.253,0
7128,31477.4,14585.133,26850.108,5075.041,0
7129,29112.195,13057.775,26369.055,4830.306,0
7130,25768.482,12530.848,26590.099,4784.616,0
7131,23997.936,12194.001,26327.762,4789.701,0
7132,23323.28,11812.247,25976.317,4809.466,0
7133,23068.165,12010.981,25483.742,4815.097,0
7134,22998.026,11884.79,24973.501,4775.799,0
7135,26137.993,10661.382,23055.511,5247.756,0
7136,29320.789,10870.977,21100.979,5478.413,0
7137,32673.967,10993.464,19369.455,5894.446,0
7138,35050.962,11556.053,17817.098,6312.492,0
7139,36690.798,12017.879,17792.665,6278.41,0
7140,36743.859,12685.002,18167.395,6517.949,0
7141,35905.113,12591.191,18060.481,6799.265,0
7142,34776.17,12223.024,18808.759,6730.655,0
7143,33279.644,12160.601,20603.394,6486.753,0
7144,32518.548,12523.482,22382.292,6239.182,0
7145,33325.348,13559.434,22767.162,5892.289,0
7146,34007.895,14578.157,23504.611,6616.1,0
7147,33821.126,16266.654,25163.18,9706.478,0
7148,34237.19,16650.489,26162.581,9267.716,0
7149,33519.87,16466.953,27166.159,6650.976,0
7150,32180.75,16277.346,27407.57,5492.695,0
7151,30508.994,15557.464,27067.209,5316.8,0
7152,28924.685,14652.475,26125.033,5304.253,0
7153,26299.251,13881.785,25681.128,5291.746,0
7154,23488.896,13306.494,25849.185,5327.26,0
7155,22498.441,12266.964,25479.958,5365.094,0
7156,21870.918,11507.908,25419.096,5359.087,0
7157,21569.209,11075.495,25231.028,5320.627,0
7158,21709.546,10072.967,24648.069,5200.974,0
7159,23542.221,8705.524,24111.324,5034.369,0
7160,27692.399,9026.883,18531.305,5583.173,0
7161,30945.773,9466.336,15141.3,5986.665,0
7162,33082.768,9794.091,13813.844,6457.214,0
7163,34259.468,9780.313,13807.052,6804.641,0
7164,34492.422,10304.793,14598.448,6881.511,0
7165,34208.297,9882.81,15686.901,6803.057,0
7166,33586.468,9527.954,16007.193,6617.472,0
7167,32201.261,9073.375,17820.702,6372.043,0
7168,30494.554,9964.384,20273.257,6073.135,0
7169,29965.512,11556.044,22757.367,5606.741,0
7170,30010.204,13994.25,24976.947,5823.804,0
7171,31016.389,15555.871,26199.816,8258.974,0
7172,31913.982,16226.934,26593.84,8337.477,0
7173,31799.972,16338.968,26655.172,6563.654,0
7174,31407.452,16461.757,26581.084,5459.1,0
7175,30120.948,16335.538,26439.526,5291.668,0
7176,28407.382,15527.657,25896.411,5352.835,0
7177,26642.958,13762.728,25999.001,5234.914,0
7178,24946.543,13114.767,25739.661,5116.26,0
7179,24197.294,12241.135,25598.991,5136.128,0
7180,23443.307,12008.051,25304.426,5318.231,0
7181,24195.08,11707.615,24805.189,5355.187,0
7182,25820.017,11489.283,24511.489,5357.841,0
7183,30251.145,11159.759,23854.97,5602.587,0
7184,33959.324,12675.464,22899.622,6091.487,0
7185,35917.582,14573.847,22932.197,6579.711,0
7186,37304.217,14754.269,22853.283,7049.258,0
7187,39053.724,14959.754,22569.741,7490.722,0
7188,40460.265,15445.135,20829.925,7790.428,0
7189,39599.177,14742.952,19728.84,7821.436,0
7190,39619.298,15663.61,19989.906,8284.174,0
7191,39441.035,16492.099,21183.77,8218.035,0
7192,38546.888,16717.959,22636.543,7932.567,0
7193,39618.55,16769.164,21885.05,8126.54,0
7194,37215.828,16404.75,22277.896,9276.421,0
7195,36253.761,15484.631,24380.627,10846.246,0
7196,36781.267,16282.274,26253.796,9416.365,0
7197,36994.046,16962.541,26793.832,6491.53,0
7198,36174.91,17265.919,27008.478,5837.795,0
7199,33731.565,17180.854,26842.111,5653.819,0
7200,30737.483,16006.964,26687.259,5653.922,0
7201,28282.056,14245.833,26394.623,5646.201,0
7202,25895.954,13716.636,26228.893,5520.931,0
7203,25317.474,12243.123,26134.96,5467.33,0
7204,25043.043,11705.274,25855.782,5541.737,0
7205,25478.701,11646.135,25712.661,5390.994,0
7206,25966.441,12690.663,25667.172,5295.19,0
7207,30142.036,13246.954,24070.189,5483.66,0
7208,32829.928,15146.858,23626.551,6271.471,0
7209,36020.283,15278.181,24464.863,7092.705,0
7210,37471.474,15145.545,24974.27,7467.166,0
7211,39479.172,15198.016,24973.699,7999.057,0
7212,39817.918,15498.309,24725.557,8198.679,0
7213,38932.598,14337.714,23683.536,7949.87,0
7214,39948.75,15486.494,23111.274,8321.678,0
7215,40464.479,16718.338,22834.519,8325.361,0
7216,40328.837,17326.354,22672.981,8162.196,0
7217,38937.512,17710.987,22944.153,8639.288,0
7218,35844.383,17294.024,22884.022,8821.318,0
7219,36711.152,16500.817,23667.245,10355.776,0
7220,37701.769,17516.896,24880.308,8722.106,0
7221,37500.784,17462.606,24332.548,8085.607,0
7222,35919.159,17362.692,25282.194,8098.386,0
7223,33087.433,17132.118,26379.111,7718.673,0
7224,30595.897,15483.358,26243.345,7255.948,0
7225,29201.48,12563.391,26115.349,6817.954,0
7226,27907.541,11140.574,26114.744,6026.975,0
7227,27075.242,10321.036,25969.549,5615.937,0
7228,26305.923,10101.288,25669.171,5600.201,0
7229,26103.459,10832.908,25328.818,5507.558,0
7230,26721.794,11742.929,25290.705,5520.083,0
7231,29715.543,12452.639,24576.892,5646.166,0
7232,32746.635,13489.793,24976.88,6071.18,0
7233,36563.632,14268.162,25054.605,6378.859,0
7234,40147.476,13912.039,24338.932,7022.844,0
7235,41471.877,14101.744,24779.865,7515.936,0
7236,42320.537,14501.709,23147.003,7680.767,0
7237,41545.428,13336.03,23025.678,7475.342,0
7238,40159.63,15481.015,22604.907,8002.08,0
7239,40878.311,16042.481,22743.833,8003.382,0
7240,40870.928,15642.907,23995.545,7594.91,0
7241,41391.043,15821.486,22387.834,8455.437,0
7242,39022.962,16018.211,21948.323,8704.183,0
7243,38814.912,14544.567,24612.608,10022.381,0
7244,38250.653,16748.797,25982.211,8423.801,0
7245,38516.543,16411.268,25313.228,7706.596,0
7246,37733.474,15261.562,26180.525,7843.925,0
7247,34185.604,15428.113,26572.022,7954.028,0
7248,32246.805,13359.98,26692.126,7256.961,0
7249,30482.235,11651.295,26534.521,6450.779,0
7250,28687.27,10646.111,26440.261,5759.958,0
7251,28217.294,9709.846,25958.799,5436.655,0
7252,27832.376,9495.498,25535.067,5365.023,0
7253,27399.875,10217.169,25491.731,5348.836,0
7254,28168.372,11187.948,25369.135,5351.352,0
7255,31396.875,12003,24854.982,5488.403,0
7256,34684.329,13653.944,24355.873,5983.511,0
7257,36990.885,14806.741,24553.988,6537.461,0
7258,38101.83,15359.095,24244.583,7010.236,0
7259,39790.399,16059.479,23130.41,7356.413,0
7260,40251.134,16953.786,22397.047,7434.739,0
7261,39154.832,15980.531,22317.307,7288.13,0
7262,38564.197,16142.829,23132.783,7573.122,0
7263,37694.356,16391.944,24039.93,7800.958,0
7264,37432.372,16616.215,23496.37,8217.513,0
7265,37630.327,17977.225,21367.949,8633.781,0
7266,38281.663,15656.244,20647.915,8847.119,0
7267,37582.526,14685.509,24156.788,9607.631,0
7268,36893.172,15102.903,26497.58,9872.908,0
7269,35574.145,14743.341,27065.925,9152.992,0
7270,34849.2,14729.338,27770.071,7950.438,0
7271,32557.739,15124.063,27444.219,7307.266,0
7272,31435.136,12601.694,26630.416,6824.476,0
7273,28675.764,11985.555,26204.669,5945.62,0
7274,26352.819,11034.34,26336.556,5837.609,0
7275,24595.679,10726.119,26243.998,5803.392,0
7276,24010.242,9941.877,26517.44,5741.704,0
7277,23974.461,10339.269,26384.015,5676.338,0
7278,24743.361,11383.01,26220.701,5691.093,0
7279,27437.161,12743.212,26091.645,5623.491,0
7280,31947.237,13489.292,25375.837,5962.522,0
7281,34670.927,14062.053,25686.207,6397.902,0
7282,36674.791,13830.269,24836.798,6873.579,0
7283,39111.953,14556.986,22558.909,7264.631,0
7284,39475.534,15052.968,21854.668,7425.994,0
7285,38855.032,14820.155,20986.227,7297.981,0
7286,38371.138,15581.213,21033.803,7123.165,0
7287,37480.705,15085.972,22851.883,7050.187,0
7288,37448.244,14807.581,23091.932,7272.172,0
7289,37868.439,15797.594,21559.39,7494.779,0
7290,37061.481,15264.795,21896.546,8093.815,0
7291,36220.133,14522.35,24932.783,9709.543,0
7292,35927.397,14404.87,27320.397,9493.524,0
7293,35179.554,14503.592,27798.457,7536.028,0
7294,34186.105,14718.189,28068.573,6593.648,0
7295,32823.915,13962.487,28114.168,6252.032,0
7296,31248.102,12742.937,27297.128,5979.424,0
7297,28926.071,12495.413,25740.201,5663.067,0
7298,26807.336,11679.443,25160.148,5659.574,0
7299,26159.084,10538.385,24313.475,5638.527,0
7300,25688.132,10497.972,23307.341,5618.434,0
7301,25721.341,10357.95,22974.888,5564.562,0
7302,25006.949,10471.898,22726.85,5549.459,0
7303,26607.757,9943.334,22424.059,5500.398,0
7304,30829.286,10590.101,20778.419,5628.256,0
7305,33548.985,11574.813,18414.89,6234.303,0
7306,35685.132,12122.107,16494.653,6617.875,0
7307,36631.658,12719.576,15760.152,6782.276,0
7308,36760.448,13291.007,15810.411,6840.063,0
7309,36571.581,12946.142,15746.951,6745.456,0
7310,36034.144,12659.969,16136.321,6647.554,0
7311,34188.841,11662.719,19374.761,6522.21,0
7312,33165.08,12160.886,21431.07,6388.727,0
7313,33964.472,13451.527,21600.197,6317.493,0
7314,35562.883,13220.985,22105.515,6943.169,0
7315,35998.764,14263.67,24642.982,8621.111,0
7316,35519.987,14861.376,25854.783,8168.486,0
7317,34422.315,13952.847,26591.544,7094.488,0
7318,33361.375,13601.665,26779.991,6044.484,0
7319,32094.803,12793.793,26487.6,5485.661,0
7320,31189.588,12065.183,25226.131,5206.869,0
7321,28757.716,11843.598,24707.252,5187.29,0
7322,26824.673,10567.309,24601.077,5442.055,0
7323,25645.194,9876.508,24246.864,5315.104,0
7324,25158.228,9411.626,23383.699,5234.194,0
7325,24671.622,10011.287,22242.161,5224.155,0
7326,23595.319,9669.66,22118.071,5174.943,0
7327,25437.699,8657.027,21249.088,5156.458,0
7328,28029.634,8638.47,19115.612,5274.512,0
7329,30862.273,9408.85,16491.277,5618.201,0
7330,32193.332,10419.208,15080.159,5968.095,0
7331,33015.268,11058.173,14906.131,6310.864,0
7332,34178.572,11743.484,14867.169,6396.335,0
7333,34268.727,11770.89,15199.202,6351.851,0
7334,33398.94,11606.934,15385.645,6325.613,0
7335,31820.407,11147.721,16829.838,6275.182,0
7336,30410.722,11437.425,19267.649,5969.453,0
7337,31748.109,13207.384,18255.744,5929.914,0
7338,31397.683,14832.903,19294.821,6461.961,0
7339,32431.734,14939.533,22456.375,7952.896,0
7340,32619.392,14503.146,25188.451,7501.83,0
7341,32357.957,14347.926,25817.168,6398.468,0
7342,31313.693,14489.053,25599.019,6075.123,0
7343,30140.262,14495.169,24841.155,5579.233,0
7344,29433.17,12977.8,23458.41,5584.176,0
7345,28611.38,11671.681,22225.084,5519.853,0
7346,27615.379,10836.908,21788.348,5474.926,0
7347,27300.484,10282.422,21235.605,5439.792,0
7348,27200.811,10300.388,20519.884,5501.172,0
7349,27306.487,10760.551,20252.635,5563.878,0
7350,28508.805,11078.474,20328.903,5714.893,0
7351,29603.846,12154.929,22480.587,5984.07,0
7352,31539.772,13444.182,24176.125,6461.183,0
7353,34061.852,16114.4,23089.128,6901.738,0
7354,36345.972,16402.529,23071.255,7024.297,0
7355,39466.329,15664.429,22520.915,7367.325,0
7356,40547.479,15557.663,22198.061,7458.602,0
7357,39630.02,14315.215,21999.876,7471.286,0
7358,40323.43,15045.658,21036.716,7592.426,0
7359,40505.817,16284.633,19732.207,8188.04,0
7360,40459.3,17820.556,18345.989,8026.89,0
7361,41632.463,18102.441,17215.486,8616.61,0
7362,42373.832,16760.472,16447.939,9326,0
7363,41818.2,16037.703,18365.684,11077.768,0
7364,43004.908,16701.969,19264.587,11445.294,0
7365,43067.68,16281.947,19148.116,10909.695,0
7366,42463.786,16579.446,19446.097,9505.158,0
7367,39455.631,15746.036,19474.156,9449.366,0
7368,35741.701,14856.145,19626.839,8812.235,0
7369,34042.215,12129.943,18709.866,8770.944,0
7370,33299.083,10304.722,18735.391,7967.552,0
7371,33196.783,8745.114,18969.092,7008.976,0
7372,32646.089,8523.719,18979.237,6653.819,0
7373,32107.113,9295.588,18713.713,6866.313,0
7374,31769.985,10936.598,18445.044,6891.601,0
7375,31812.963,11916.539,21177.626,7141.16,0
7376,33817.665,13106.644,21654.856,7634.051,0
7377,36238.323,12906.165,21915.268,8045.25,0
7378,38372.914,13240.641,20528.584,8491.809,0
7379,39967.462,14628.304,20049.651,8849.95,0
7380,40620.151,14982.542,20061.843,8946.636,0
7381,39164.444,14942.441,19572.702,8866.683,0
7382,39720.882,15376.583,20869.567,8899.937,0
7383,40765.041,17182.638,21459.901,8507.664,0
7384,41027.139,18269.539,21330.938,8300.425,0
7385,41658.557,19152.595,20009.259,9501.75,0
7386,40270.357,17798.989,20050.976,9664.541,0
7387,40144.423,16720.082,21655.585,10884.005,0
7388,40735.349,16994.158,23070.022,11209.709,0
7389,40567.379,16772.56,23893.828,9875.06,0
7390,40338.006,16444.626,24821.156,8396.197,0
7391,37918.284,15603.128,25366.778,7428.983,0
7392,34991.563,14390.085,24335.445,7109.723,0
7393,33761.072,11724.921,24376.557,6958.585,0
7394,32417.812,10097.607,23726.462,6926.121,0
7395,31670.185,8557.775,23425.512,6973.78,0
7396,31232.14,8403.472,22393.995,7116.168,0
7397,31187.119,8767.235,21801.472,7093.555,0
7398,30717.321,10212.568,22230.051,6851.56,0
7399,31930.087,10924.638,23880.27,7199.412,0
7400,34527.607,12428.249,24003.504,7606.229,0
7401,37284.701,14709.75,22880.538,8156.69,0
7402,40173.786,15271.489,21770.008,8613.339,0
7403,41795.211,17004.092,20637.349,8926.779,0
7404,42331.568,17293.809,20657.068,8983.084,0
7405,41668.236,16637.845,20391.356,8880.65,0
7406,43024.657,16635.901,21300.16,8876.017,0
7407,43151.006,17160.091,23276.973,8818.306,0
7408,42485.9,17882.316,23435.063,8766.744,0
7409,41641.99,18244.154,23116.651,8835.588,0
7410,39382.581,17272.027,23027.259,8352.615,0
7411,39756.235,16248.997,23678.132,10285.026,0
7412,40667.962,16367.555,24348.838,10831.262,0
7413,40787.165,16569.727,24023.981,10129.562,0
7414,40974.922,16889.809,23456.17,9082.014,0
7415,40263.599,16168.251,22006.055,8770.553,0
7416,38547.49,16005.293,19803.906,7954.586,0
7417,36628.661,16062.394,16867.554,7379.471,0
7418,36337.658,14758.72,14984.844,7622.593,0
7419,35712.457,13889.045,13596.343,7975.647,0
7420,34592.915,13735.599,13015.246,8518.104,0
7421,34562.043,14599.869,11547.288,9154.074,0
7422,35715.477,14892.461,10594.709,9674.231,0
7423,36113.579,14732.645,13801.831,9180.369,0
7424,38779.507,13841.895,17188.693,7659.484,0
7425,41277.904,13258.611,18142.361,7892.717,0
7426,42099.148,13632.3,17507.381,8294.476,0
7427,42346.608,14677.521,18146.569,8637.016,0
7428,42705.41,15128.279,18171.484,8591.242,0
7429,41275.63,14907.407,17322.555,8488.17,0
7430,42624.398,14800.225,17746.473,8325.375,0
7431,43948.593,15047.099,17849.257,7920.048,0
7432,43699.015,16275.18,16573.925,7933.444,0
7433,43792.193,18011.289,13664.874,9495.181,0
7434,43965.259,16972.16,13539.998,10086.218,0
7435,44335.868,15756,15074.426,11390.995,0
7436,45231.37,15363.797,15519.942,13131.965,0
7437,45428.947,16284.467,14919.192,11798.266,0
7438,46260.115,16526.597,14207.839,10579.672,0
7439,44493.694,15858.259,13716.461,10344.874,0
7440,41740.981,15943.974,12879.122,10208.937,0
7441,39046.239,16039.461,10589.946,9917.208,0
7442,36234.066,15586.018,10377.461,9261.859,0
7443,34724.862,15326.032,9719.497,9288.046,0
7444,34307.796,14817.262,9108.745,9592.797,0
7445,34334.803,15427.521,8604.628,9606.315,0
7446,34703.044,15172.666,9574.828,9628.749,0
7447,35700.83,14300.714,13899.411,8295.735,0
7448,38175.154,12920.212,17454.642,7458.124,0
7449,40411.997,12414.656,19649.556,7900.181,0
7450,42258.001,11969.824,20156.805,8461.97,0
7451,43617.725,12607.86,20312.423,8749.105,0
7452,44602.595,12831.25,20308.925,8801.811,0
7453,43763.753,11529.302,20150.958,8772.489,0
7454,44759.553,12080.482,20034.263,8695.312,0
7455,45815.403,12905.233,19460.83,8363.94,0
7456,44287.961,15185.452,18757.915,8437.018,0
7457,43685.008,16295.635,17365.497,8267.948,0
7458,42388.485,17514.233,16431.022,8618.24,0
7459,42115.383,17630.053,16942.182,10671.401,0
7460,42900.39,17400.971,17434.77,11195.282,0
7461,41307.392,17384.455,17553.456,10728.776,0
7462,40283.439,17274.612,17534.63,10745.964,0
7463,38705.967,16704.621,17065.343,10548.257,0
7464,37054.678,15387.34,16724.853,9753.768,0
7465,35514.771,13936.665,15646.549,9668.338,0
7466,33580.91,13244.77,15175.844,9268.308,0
7467,31152.98,13024.201,15307.153,9148.287,0
7468,30516.635,12825.762,14925.151,8343.907,0
7469,30084.794,12965.268,15015.426,7795.863,0
7470,29700.201,12533.407,16153.858,7250.378,0
7471,28689.284,11387.598,19884.117,6748.521,0
7472,28802.977,12377.799,21731.493,6668.16,0
7473,31011.095,12496.562,22251.312,7198.119,0
7474,33275.446,12111.533,22021.369,7608.744,0
7475,35018.935,11770.521,21595.885,7927.923,0
7476,36102.752,11063.883,21014.854,8043.872,0
7477,36536.111,10563.078,19995.088,8031.676,0
7478,35978.539,10628.582,19353.889,7852.16,0
7479,34354.264,10919.939,19997,7680.999,0
7480,34812.541,11752.691,18769.231,7412.731,0
7481,36056.77,12574.888,16744.466,8322.608,0
7482,36852.93,13807.376,15815.628,9275.791,0
7483,38321.691,14508.899,16599.863,11124.167,0
7484,39078.941,14973.518,17059.447,11144.657,0
7485,38117.208,14572.339,16930.692,10386.598,0
7486,37342.051,14446.584,16038.667,9982.44,0
7487,35579.197,14219.501,15836.183,9462.666,0
7488,33892.322,13776.072,14798.301,9386.713,0
7489,31829.194,13245.99,14323.739,8899.891,0
7490,30301.545,12748.405,13700.235,8461.316,0
7491,28873.975,12803.008,13169.456,8275.618,0
7492,27733.749,12145.297,14026.765,7539.389,0
7493,26656.112,12212.824,14618.03,7111.897,0
7494,25326.697,11530.59,15176.673,6724.949,0
7495,25608.946,10575.193,16748.129,5946.352,0
7496,28788.689,10133.041,14981.824,6148.727,0
7497,30725.591,10677.705,12770.715,6616.45,0
7498,32208.497,11665.86,11404.742,6931.817,0
7499,33590.696,12468.552,10999.797,7200.492,0
7500,34475.697,12586.651,11114.196,7304.811,0
7501,34721.023,12104.444,11139.847,7164.193,0
7502,33752.29,11615.441,11345.174,7044.357,0
7503,32082.728,11118.323,12806.017,6780.648,0
7504,30392.015,10477.726,15989.417,6687.485,0
7505,32418.29,11068.927,15818.961,6772.589,0
7506,34665.282,11693.494,15443.276,7845.212,0
7507,34004.215,13307.813,17732.189,10481.443,0
7508,34451.875,14035.975,18922.535,11134.153,0
7509,34745.531,14435.741,19197.573,9778.721,0
7510,35118.395,13400.528,19182.003,9401.925,0
7511,33907.267,12848.501,18894.878,9088.631,0
7512,32452.974,12404.416,17303.953,8641.594,0
7513,30629.47,12224.177,16841.226,7703.185,0
7514,28752.59,11776.206,16970.894,7088.468,0
7515,27505.834,11387.933,17035.179,7003.849,0
7516,27634.816,9869.673,17725.782,6838.141,0
7517,27765.272,9326.12,18340.739,6882.441,0
7518,28457.381,8868.493,19216.372,7027.336,0
7519,29132.485,10657.501,21854.971,6979.968,0
7520,31658.169,11412.839,22487.562,7100.225,0
7521,33733.102,12706.18,21793.057,7397.933,0
7522,35689.639,13508.179,20286.298,7758.749,0
7523,37581.713,14527.925,19617.8,8040.435,0
7524,38203.297,15088.511,19968.096,8132.123,0
7525,37977.823,14400.104,19129.352,8022.187,0
7526,37213.866,14765.716,20189.377,7944.931,0
7527,37709.317,13650.188,21299.772,7753.216,0
7528,37805.228,12789.707,22868.595,7385.725,0
7529,40179.525,12065.708,22751.072,7238.115,0
7530,39409.685,11196.158,23647.315,7313.519,0
7531,38603.62,11165.071,26084.666,8657.238,0
7532,39597.832,12145.172,27958.773,8522.557,0
7533,39598.477,12405.237,27734.844,7376.022,0
7534,38885,12055.977,28226.572,6777.926,0
7535,36701.487,11058.299,27935.089,6601.73,0
7536,32852.5,9602.334,27302.446,6629.77,0
7537,28759.837,9440.754,26537.809,6525.637,0
7538,26597.857,9348.412,25763.951,6170.068,0
7539,24920.449,9607.764,25233.941,6059.239,0
7540,24400.25,9443.947,24979.555,6018.458,0
7541,24630.685,9724.502,24609.592,6005.312,0
7542,25307.996,10125.06,24580.607,6083.281,0
7543,29394.83,10800.558,23875.16,6313.2,0
7544,32898.334,12325.032,22492.442,6611.324,0
7545,35226.366,12634.537,22915.034,6881.016,0
7546,37561.722,12818.333,21772.714,7298.047,0
7547,39787.073,13957.556,20363.733,7589.515,0
7548,40336.534,14795.943,19786.788,7743.18,0
7549,39752.586,14326.808,18909.417,7671.762,0
7550,40447.774,14306.995,19600.373,7683.131,0
7551,39998.676,13932.051,21788.936,7770.236,0
7552,39631.358,14003.394,23021.851,7429.814,0
7553,40153.047,13919.113,23977.231,7020.905,0
7554,37743.161,13844.594,25170.094,6863.143,0
7555,36174.499,14114.657,26693.022,8501.071,0
7556,37230.85,16137.757,27389.826,8105.739,0
7557,36757.3,16182.192,27522.271,7620.694,0
7558,36710.578,16184.749,27494.499,7050.432,0
7559,35118.193,14699.56,27288.029,6430.054,0
7560,33944.268,11346.804,26185.573,6428.37,0
7561,29714.512,10295.372,26803.818,6453.87,0
7562,26909.411,9934.154,26844.06,6416.107,0
7563,25294.724,9788.082,26269.956,6353.265,0
7564,24695.468,9589.648,25488.118,6435.718,0
7565,24655.74,9710.064,25536.82,6543.498,0
7566,25740.163,10815.023,24864.09,6413.098,0
7567,31017.793,10877.047,23720.619,6590.734,0
7568,34988.229,11779.17,22645.928,6952.073,0
7569,37998.032,12018.833,22753.626,7095.451,0
7570,40477.804,12509.538,21613.535,7396.357,0
7571,42290.527,13712.919,21215.617,7703.408,0
7572,42946.909,14248.324,21132.302,7967.25,0
7573,42370.513,13399.801,20064.386,8056.038,0
7574,42014.509,14460.202,21655.924,7994.441,0
7575,40827.036,15747.711,23663.694,7753.891,0
7576,40824.776,16132.775,24547.763,7565.355,0
7577,41665.996,16452.125,24142.852,7511.834,0
7578,38550.197,16234.154,24550.264,7597.765,0
7579,37530.827,15261.132,26541.591,9493.319,0
7580,39320.034,16413.288,26613.606,9049.739,0
7581,38984.26,16043.162,27249.889,8130.442,0
7582,38836.741,16369.735,27185.707,7156.595,0
7583,36645.95,15401.099,26718.818,7051.305,0
7584,34635.359,12437.005,26473.294,6906.641,0
7585,32420.137,9888.869,26542.487,6874.572,0
7586,29464.27,9274.75,26698.093,6807.919,0
7587,27890.093,9274.833,26330.042,6786.632,0
7588,26615.851,9196.771,26350.178,6763.138,0
7589,26193.584,9527.794,26264.352,6679.251,0
7590,27871.549,9931.331,24970.21,6673.777,0
7591,33473.505,10794.248,22128.806,6936.541,0
7592,37763.223,12690.894,19718.808,7568.229,0
7593,39557.693,13967.617,20403.201,8140.049,0
7594,40795.223,14705.277,20204.494,8475.42,0
7595,41647.16,15204.26,20944.645,8759.091,0
7596,42818.337,15904.304,20471.857,8889.96,0
7597,42511.686,15217.663,19489.119,8761.44,0
7598,43066.178,14998.956,20766.667,8731.957,0
7599,43134.413,15201.34,21338.826,9207.262,0
7600,42262.174,14817.181,23743.625,7921.965,0
7601,43229.053,14487.444,23469.715,7420.819,0
7602,40134.865,15114.162,23689.335,7432.909,0
7603,39141.202,15082.028,24800.985,9241.251,0
7604,39790.037,15206.045,26022.162,9779.403,0
7605,39400.614,14884.448,27190.001,8520.618,0
7606,38978.823,15643.811,27896.026,7315.952,0
7607,37401.951,14538.268,27273.766,7059.519,0
7608,35004.599,12218.269,26768.242,6917.806,0
7609,32864.145,10157.81,26209.429,6876.805,0
7610,29268.961,10417.015,25969.815,6888.456,0
7611,27276.858,10651.67,25497.493,6887.441,0
7612,26453.357,10575.277,25116.083,6791.472,0
7613,26154.961,11126.177,24812.482,6732.948,0
7614,27334.813,11711.634,23979.69,6732.79,0
7615,32581.664,11410.989,22277.642,6877.919,0
7616,36674.216,12314.248,20731.376,7389.62,0
7617,39721.933,12991.314,20903.05,7920.743,0
7618,41448.669,13264.619,21120.688,8336.332,0
7619,42698.205,14209.93,21552.984,8586.717,0
7620,43689.449,14598.759,20897.248,8793.343,0
7621,42696.861,13743.306,20176.353,8679.184,0
7622,43270.237,13658.761,20297.056,8612.912,0
7623,43700.648,14071.052,20718.082,8279.957,0
7624,43761.635,14547.875,21539.581,7806.767,0
7625,43647.063,14918.076,21645.343,7305.605,0
7626,41716.444,15806.95,21657.068,7327.683,0
7627,40120.84,15693.282,23488.166,9235.026,0
7628,40055.953,15217.879,25492.672,9764.956,0
7629,39199.782,14646.796,26931.323,8094.002,0
7630,39079.976,14874.231,26996.807,6940.067,0
7631,36825.045,14885.272,27134.146,6924.693,0
7632,33203.723,14361.497,27284.627,6893.386,0
7633,30773.272,13331.7,26590.326,6791.954,0
7634,28960.455,11577.373,26501.011,6713.402,0
7635,26514.407,11670.395,26094.955,6670.429,0
7636,25371.528,11495.744,25772.895,6663.772,0
7637,25080.977,11139.138,25343.705,6663.447,0
7638,25108.16,9567.929,25138.929,6655.553,0
7639,27684.907,9213.083,22229.634,7125.708,0
7640,30838.65,10308.138,18444.796,7487.053,0
7641,34633.852,10534.425,15270.341,7813.437,0
7642,36910.225,10820.443,13917.246,8277.462,0
7643,38372.253,11683.715,13534.415,8182.548,0
7644,38828.691,12232.833,13662.51,8253.53,0
7645,38746.942,12213.035,14004.142,8220.321,0
7646,38888.362,11727.791,14695.147,8123.139,0
7647,38292.579,12084.263,15426.684,7837.904,0
7648,36981.192,13294.731,15962.029,7526.306,0
7649,37079.631,12901.856,18069.283,7114.168,0
7650,36256.664,13622.575,21109.725,7245.175,0
7651,37118.402,13717.313,23002.506,9026.594,0
7652,37569.575,13272.705,24967.883,9211.541,0
7653,35707.116,13494.718,25798.659,8239.499,0
7654,34962.54,13597.966,26023.386,7132.55,0
7655,33179.721,13587.105,25940.874,6793.931,0
7656,32262.02,11820.302,25686.129,6792.252,0
7657,29136.779,11816.47,25508.511,6704.466,0
7658,26099.919,11866.344,25390.162,6624.568,0
7659,23955.807,11724.873,25225.531,6527.819,0
7660,22818.131,11241.541,24916.032,6788.191,0
7661,22446.204,11227.284,24461.832,6624.561,0
7662,22477.452,11108.183,23784.025,6331.97,0
7663,25777.432,10879.094,21138.272,6339.616,0
7664,28148.937,11016.047,18525.596,6671,0
7665,31027.079,11863.595,15568.194,7186.387,0
7666,32848.633,12231.393,14431.806,7594.923,0
7667,34272.445,12319.497,14333.155,7826.786,0
7668,35069.415,12691.08,14906.404,7954.957,0
7669,35052.095,12512.799,14854.565,7963.045,0
7670,34273.196,12364.589,15134.638,7983.329,0
7671,34076.435,13085.174,15690.062,7557.03,0
7672,34667.08,12641.997,17332.252,7213.149,0
7673,32786.397,13561.799,19247.186,7100.105,0
7674,32734.863,15356.818,20671.014,7287.795,0
7675,31751.518,16798.44,22742.544,9501.55,0
7676,32557.257,16011.372,25447.057,9553.265,0
7677,32530.143,16390.489,25982.107,8415.099,0
7678,32271.144,16863.071,25942.663,7332.512,0
7679,30775.845,17192.508,25908.956,6883.618,0
7680,29941.684,14633.393,25873.893,6843.911,0
7681,27884.276,12844.622,26202.688,6737.117,0
7682,26145.618,12679.647,25456.779,6682.457,0
7683,25061.148,12149.497,25218.734,6622.374,0
7684,24836.847,11548.904,25126.838,6606.99,0
7685,24947.873,11683.789,25107.485,6597.947,0
7686,25974.578,12299.859,24899.046,6610.016,0
7687,30013.784,12915.742,24163.675,6732.848,0
7688,35573.504,13599.511,22865.623,7275.233,0
7689,39903.918,15093.695,21542.368,7836.314,0
7690,43058.685,15422.864,20764.955,8313.15,0
7691,44758.391,16370.754,20760.468,8595.428,0
7692,45288.769,16933.187,20631.09,8667.515,0
7693,44507.913,15921.541,19538.436,8617.019,0
7694,44604.646,15898.095,20305.662,8513.375,0
7695,44562.063,15181.931,21538.991,8421.948,0
7696,44562.314,15670.436,21441.373,7901.503,0
7697,42155.027,17143.229,22305.858,8234.448,0
7698,40167.977,15833.372,21015.961,9715.922,0
7699,39789.555,14723.347,23337.706,10549.725,0
7700,40504.109,15195.889,25148.705,10571.363,0
7701,39845.278,16177.392,25312.699,9193.123,0
7702,39126.229,16359.473,25639.786,8492.172,0
7703,38130.439,15785.677,25226.341,7131.417,0
7704,36832.211,13011.898,24413.068,6887.867,0
7705,34084.449,11455.868,24412.879,6718.779,0
7706,32228.99,10258.301,24416.316,6614.061,0
7707,31248.562,8703.789,24395.671,6607.152,0
7708,31177.234,8695.643,23167.608,6641.875,0
7709,31634.014,8820.552,22509.161,6684.255,0
7710,31880.63,9571.57,22632.154,6773.422,0
7711,32329.929,11715.86,23740.47,6910.179,0
7712,35455.356,13204.395,23186.663,7382.681,0
7713,39410.891,13975.051,22555.203,7896.877,0
7714,41487.199,15162.005,21118.891,8359.136,0
7715,43291.81,16065.604,20769.35,8668.964,0
7716,44006.601,16609.725,20013.96,8779.161,0
7717,42929.46,16002.367,19314.407,8440.003,0
7718,43335.88,16300.775,20800.832,8333.947,0
7719,43158.479,16170.028,22091.832,8543.961,0
7720,43561.272,16247.178,20977.603,8146.36,0
7721,44163.74,17730.938,18529.603,8360.776,0
7722,42617.8,17211.493,17322.256,9057.556,0
7723,41788.942,15009.125,19401.326,11341.103,0
7724,42572.843,16348.273,20705.942,11641.44,0
7725,41550.043,17803.785,20602.073,10512.927,0
7726,42455.163,17905.111,19736.294,9371.858,0
7727,40811.024,17850.382,18017.849,9424.074,0
7728,39109.665,16122.605,16298.88,9472.3,0
7729,37823.242,14234.078,14609.906,9269.052,0
7730,36173.883,13552.085,14289.509,8178.84,0
7731,35399.162,13406.772,13678.341,7454.488,0
7732,35107.583,13184.381,12899.352,7470.398,0
7733,35664.331,13165.046,12248.502,7586.391,0
7734,36595.092,13576.253,12069.239,7672.544,0
7735,37655.609,14066.08,14622.744,7403.584,0
7736,38474.3,13896.471,17733.48,7364.855,0
7737,41410.714,12490.284,19029.8,7685.523,0
7738,43078.266,13127.326,18428.355,7984.11,0
7739,44638.085,13872.086,17987.417,8293.282,0
7740,45003.695,14309.947,17834.089,8447.899,0
7741,43840.206,14158.065,16734.303,8427.797,0
7742,43800.811,14652.62,17396.62,8208.778,0
7743,44494.769,14359.985,18954.398,7736.61,0
7744,46381.913,14099.886,18039.279,7417.9,0
7745,47872.131,15154.373,16076.925,7334.562,0
7746,46438.377,14531.476,15582.428,7896.575,0
7747,45879.943,14162.141,16328.508,9006.176,0
7748,45939.585,15626.014,16077.861,10808.501,0
7749,46024.754,16067.206,14679.337,10877.262,0
7750,46222.494,15945.335,13624.078,10970.402,0
7751,45656.597,16137.821,13152.613,9701.485,0
7752,42123.902,16665.679,12425.919,9512.73,0
7753,40585.465,16345.367,10534.501,9388.519,0
7754,39271.753,16251.445,8286.855,9361.688,0
7755,36918.879,16092.449,7863.818,9407.156,0
7756,35679.834,15924.362,7400.725,9615.021,0
7757,35186.446,15699.424,7385.857,9662.182,0
7758,33757.237,15621.336,8311.933,9200.47,0
7759,34510.5,13391.95,10613.61,8857.937,0
7760,36194.603,12751.712,12804.146,7816.73,0
7761,37603.936,12561.92,13570.932,7602.572,0
7762,38786.584,12834.073,13027.121,7831.962,0
7763,40202.937,13380.742,12425.184,8232.099,0
7764,40851.164,13983.364,12348.543,8350.652,0
7765,40138.407,13655.514,12484.615,8244.66,0
7766,39480.628,13912.295,12873.683,8274.247,0
7767,38330.841,13300.09,14622.715,8310.402,0
7768,38161.312,13210.192,15141.862,8475.724,0
7769,38523.178,13769.137,14807.065,8647.054,0
7770,36699.174,16293.095,14980.133,9790.831,0
7771,37138.009,17861.621,16235.059,11048.921,0
7772,40794.221,17888.367,15837.87,11678.726,0
7773,41087.232,18013.056,14891.092,11034.626,0
7774,41116.435,17951.333,14853.289,9727.776,0
7775,39838.27,17942.933,13891.818,9656.542,0
7776,37422.645,17615.437,12951.955,9524.673,0
7777,34886.958,17318.839,11950.407,9552.273,0
7778,32019.111,16521.854,12248.608,9593.666,0
7779,29249.795,15734.507,13118.885,9649.519,0
7780,28146.687,15414.167,13757.728,8992.99,0
7781,27789.238,15297.154,14058.248,8812.556,0
7782,27240.026,14895.95,14802.067,8703.191,0
7783,28756.723,15173.804,17218.484,7809.967,0
7784,31993.781,13283.836,20809.183,7255.631,0
7785,35910.441,13691.538,19977.908,7329.815,0
7786,39636.84,14000.735,17798.927,7636.228,0
7787,42147.328,14805.629,16726.139,7739.08,0
7788,43266.406,15344.339,16453.838,7979.684,0
7789,42571.086,15571.674,16010.587,8093.663,0
7790,41139.376,17353.242,16993.365,8097.632,0
7791,40353.412,17542.706,19172.934,7774.636,0
7792,40475.824,17346.901,19618.829,7690.02,0
7793,40527.051,17735.512,17770.052,8827.405,0
7794,40054.25,17177.258,17757.49,9735.578,0
7795,38078.068,17056.378,19842.094,11091.346,0
7796,39405.468,17214.877,21612.372,11282.637,0
7797,38094.787,17270.071,22380.016,10453.484,0
7798,37630.798,17229.912,22753.738,9627.14,0
7799,36522.62,17227.04,21534.004,9289.462,0
7800,34676.633,17063.402,19732.217,9287.039,0
7801,32500.452,16693.461,19136.896,8332.087,0
7802,31652.951,15834.272,18595.431,7115.737,0
7803,30258.669,15721.651,17590.9,7199.293,0
7804,29629.866,15424.336,16931.375,7189.14,0
7805,29071.705,14581.859,17459.122,7046.343,0
7806,28536.101,13904.088,17464.616,6974.088,0
7807,29237.025,13017.399,19735.089,6606.59,0
7808,32482.099,11257.197,21721.52,6428.118,0
7809,36040.446,10853.95,20599.918,6773.173,0
7810,38609.216,11143.746,18984.24,7152.688,0
7811,39987.811,12062.296,18138.887,7424.633,0
7812,40487.444,12448.915,18011.639,7511.597,0
7813,40494.221,12187.504,18051.353,7499.442,0
7814,39536.828,12163.121,18337.716,7376.619,0
7815,37176.776,13263.202,19077.575,7316.215,0
7816,35817.252,13662.549,20122.139,7277.372,0
7817,37718.817,14181.081,18551.559,7136.941,0
7818,36280.274,16425.145,18351.987,8547.098,0
7819,36575.779,15688.568,21184.193,10424.276,0
7820,37794.041,15298.846,22202.923,10961.391,0
7821,36874.06,14765.826,22861.263,10068.349,0
7822,35795.39,14678.995,23737.23,8325.212,0
7823,34375.686,14114.075,23663.59,7614.988,0
7824,32914.01,13807.511,23528.961,6750.551,0
7825,30378.358,13824.555,22818.273,6538.79,0
7826,28844.484,13086.982,22340.972,6466.821,0
7827,27209.446,12208.269,22280.503,6465.51,0
7828,25856.485,12589.012,21585.243,6460.027,0
7829,25596.766,12473.793,21157.854,6458.911,0
7830,25350.308,10993.1,21197.43,6378.212,0
7831,26038.77,10277.937,21806.459,6165.705,0
7832,28393.109,10531.63,20185.746,6436.777,0
7833,31363.025,11017.817,16692.727,6813.477,0
7834,34121.19,10874.313,14768.962,7070.21,0
7835,35610.043,10999.127,14627.208,7245.296,0
7836,36622.587,11510.6,15111.364,7319.436,0
7837,36152.599,11328.892,15158.888,7306.588,0
7838,35228.196,11060.769,15189.951,7199.916,0
7839,32771.091,11549.622,16864.156,7156.404,0
7840,31273.188,11601.642,19417.217,7065.241,0
7841,31419.522,12791.586,20464.244,6668.18,0
7842,31573.862,14682.819,21390.556,6650.525,0
7843,32751.677,14227.755,23700.93,9050.695,0
7844,34101.421,14532.463,24532.348,9213.041,0
7845,34505.611,14562.479,24544.598,8348.804,0
7846,34959.969,14297.443,24245.117,7129.069,0
7847,34030.227,13019.806,23856.918,7093.495,0
7848,32541.394,11398.568,23443.809,7121.86,0
7849,30877.441,9388.074,23563.372,7062.513,0
7850,29199.242,8562.306,23693.875,6935.353,0
7851,28269.733,8529.504,23280.309,6866.159,0
7852,27837.533,8552.717,22990.063,6854.085,0
7853,28355.205,8577.246,22773.932,6895.668,0
7854,30000.843,8556.17,22139.471,7001.614,0
7855,31378.652,11037.363,23110.48,7212.108,0
7856,34134.303,12883.731,22642.62,7560.734,0
7857,37595.07,13393.358,22077.857,7837.685,0
7858,39729.022,13047.717,21641.1,8140.6,0
7859,41516.358,13384.204,21752.25,8284.147,0
7860,42421.043,14273.726,21634.341,8477.47,0
7861,42093.534,13225.772,21277.946,8416.988,0
7862,42738.248,13403.52,21337.172,8436.735,0
7863,42813.613,14505.046,21417.024,8300.049,0
7864,43125.641,15799.825,20341.001,7975.429,0
7865,44025.187,16616.195,18353.712,8414.406,0
7866,41887.605,16505.236,18466.849,8588.436,0
7867,40525.261,14395.81,22282.091,9768.301,0
7868,40943.127,15112.759,23007.098,10710.291,0
7869,39904.829,16340.24,22981.22,10230.625,0
7870,38797.752,16113.974,23524.005,9884.205,0
7871,36224.645,17123.511,22837.225,8986.282,0
7872,34332.464,16208.59,20798.39,8748.131,0
7873,33862.692,14568.235,18717.846,8000.192,0
7874,33612.097,12135.776,18627.423,7493.021,0
7875,32261.585,11334.259,18602.936,7279.444,0
7876,31451.943,10665.876,19227.722,6931.949,0
7877,31541.822,11100.679,18874.317,6941.993,0
7878,32744.224,9877.086,19616.785,7292.592,0
7879,34274.995,10489.705,22138.589,7123.322,0
7880,35629.08,11375.05,23209.671,7624.908,0
7881,37061.047,12713.285,23438.338,7867.186,0
7882,39325.805,12880.334,21842.834,8124.807,0
7883,40840.948,14073.196,20824.29,8550.497,0
7884,41730.723,14607.459,20464.291,8653.976,0
7885,41124.494,14206.446,19596.461,8516.389,0
7886,42409.927,14421.663,20172.273,8497.634,0
7887,44239.471,14252.175,20789.595,8329.269,0
7888,44411.549,15526.659,19804.358,8361.174,0
7889,45131.097,16812.481,17872.092,8795.659,0
7890,43930.371,15257.526,17305.81,9882.82,0
7891,42079.379,14564.624,19275.246,11164.922,0
7892,42175.481,15979.322,20429.251,11920.308,0
7893,41557.103,16580.993,20866.831,11221.16,0
7894,40219.758,16412.749,21635.132,10894.456,0
7895,38467.587,16346.726,21602.858,9422.145,0
7896,36809.557,15242.478,20231.578,9093.344,0
7897,35848.833,13030.102,18949.472,8348.629,0
7898,34686.798,10669.328,19470.665,7516.134,0
7899,33298.14,9353.697,20263.155,7106.775,0
7900,32376.267,8855.399,20413.202,7017.999,0
7901,32566.695,9064.701,19938.863,7002.249,0
7902,33816.925,8800.077,20342.152,6875.56,0
7903,34091.587,9837.024,22927.376,7016.598,0
7904,36242.627,11527.805,22345.307,7485.211,0
7905,39162.213,12744.352,21804.536,7744.803,0
7906,42258.091,12882.215,20257.767,7835.578,0
7907,43940.758,13968.436,19792.353,8069.721,0
7908,45237.034,13581.956,20441.202,8095.453,0
7909,43909.885,13875.555,18926.127,8214.402,0
7910,44789.493,13929.717,19281.305,8476.41,0
7911,44553.047,14416.246,20878.864,8311.08,0
7912,43796.034,15527.068,21274.754,8151.857,0
7913,44869.728,16275.456,19665.895,8419.361,0
7914,42675.095,16469.058,18678.847,9119.038,0
7915,41142.358,15194.152,19838.337,11300.021,0
7916,42109.516,15398.463,21482.287,11976.423,0
7917,41560.863,15282.608,22397.087,11158.03,0
7918,40762.51,15474.737,23276.171,10405.407,0
7919,38455.64,15680.706,23181.62,9399.764,0
7920,35234.506,14728.251,22562.322,8908.242,0
7921,33484.858,12608.415,21845.235,8343.387,0
7922,32823.474,10693.258,22418.33,7297.422,0
7923,30976.749,10011.165,23020.021,6553.523,0
7924,30412.047,9589.007,22613.401,6504.601,0
7925,30351.93,10037.904,22211.797,6508.976,0
7926,30989.049,9943.835,22589.969,6534.654,0
7927,31945.726,11605.562,24231.757,6763.965,0
7928,35009.787,12437.59,24225.748,7158.109,0
7929,37834.209,12066.658,25229.701,7544.431,0
7930,40457.998,11952.504,24169.467,7835.738,0
7931,42737.219,12535.397,22990.975,8030.439,0
7932,44423.375,12181.297,23163.098,8145.774,0
7933,43986.171,11857.542,22037.482,8113.711,0
7934,42038.034,13098.511,24961.164,8356.717,0
7935,41543.541,14982.128,25531.905,8231.332,0
7936,43434.009,15105.704,24486.434,7897.595,0
7937,43282.774,16132.281,24617.963,7538.998,0
7938,40767.476,15317.886,25553.081,7748.943,0
7939,39407.782,14800.944,26366.862,8964.895,0
7940,40398.064,15468.378,27299.522,9045.004,0
7941,40291.478,16166.973,26970.107,8083.566,0
7942,38730.305,17496.538,27381.945,7429.18,0
7943,37086.272,16822.223,27059.385,7388.794,0
7944,35416.837,14123.853,27361.824,6999.395,0
7945,34653.946,10223.668,27218.175,6964.632,0
7946,33043.02,8906.087,26386.949,6960.407,0
7947,31405.942,8751.373,26029.031,6922.276,0
7948,30230.57,8400.747,26267.832,6868.078,0
7949,30100.724,9072.589,25133.408,6775.636,0
7950,30726.413,9651.199,25098.279,6796.066,0
7951,33754.086,11591.084,24039.103,6839.792,0
7952,35781.009,13828.154,23934.543,7244.04,0
7953,39064.534,14470.626,23784.824,7679.551,0
7954,41536.609,15029.942,22168.699,8027.059,0
7955,43473.249,16961.482,20835.483,8304.788,0
7956,44294.174,17545.363,20675.163,8401.756,0
7957,44165.469,16339.52,20345.511,8316.118,0
7958,43771.572,16834.08,22608.896,8294.462,0
7959,44994.763,16039.623,24407.148,8035.589,0
7960,46733.25,15318.125,24075.044,7804.82,0
7961,46250.481,16421.013,22327.954,7493.239,0
7962,43744.183,16588.725,21863.39,7757.433,0
7963,41492.674,14973.206,23712.925,10836.783,0
7964,41418.669,15879.105,25274.887,11181.968,0
7965,40662.187,16177.94,26032.827,9515.089,0
7966,39240.769,16940.145,26521.823,8759.345,0
7967,38228.189,16792.899,26332.84,7906.643,0
7968,37075.838,14604.566,26969.363,7153.538,0
7969,33850.859,13238.074,26559.995,7117.47,0
7970,32450.323,12248.311,24988.425,6957.251,0
7971,31213.395,10664.698,25114.118,6731.018,0
7972,30073.041,10509.374,24659.448,6687.454,0
7973,29071.91,10771.875,24245.747,6695.293,0
7974,28221.844,9809.145,24577.076,6752.908,0
7975,30678.139,10186.268,23215.721,6939.023,0
7976,35555.329,11141.107,19172.225,7152.982,0
7977,37382.757,11107.499,20078.455,7342.02,0
7978,38912.617,11637.65,19535.578,7611.262,0
7979,40238.468,12561.163,18381.471,7936.541,0
7980,41039.967,13297.928,17491.523,8168.403,0
7981,40942.47,13403.967,16699.108,8148.48,0
7982,40381.977,12790.091,17047.167,8025.569,0
7983,39115.737,12827.174,18463.169,7936.22,0
7984,40258.413,12780.653,17992.992,7772.435,0
7985,41227.387,13561.294,17697.737,7487.784,0
7986,40313.67,13930.934,18459.008,9684.658,0
7987,38710.976,14857.773,20902.01,11008.209,0
7988,39540.146,14812.258,22205.695,11605.415,0
7989,38661.011,14089.062,22703.231,11345.687,0
7990,37787.597,13869.872,22699.762,11379.004,0
7991,36690.321,14072.97,21480.02,11281.493,0
7992,35641.447,14666.725,20051.287,10302.232,0
7993,33857.847,14730.22,18666.068,9813.469,0
7994,31444.771,14493.261,17991.035,9723.244,0
7995,30368.85,14474.825,16466.522,9805.775,0
7996,29792.595,13952.773,15647.375,9774.979,0
7997,29242.89,13583.935,15529.728,9481.968,0
7998,28774.241,11971.86,15959.053,8818.781,0
7999,30549.663,10250.529,16749.829,7912.335,0
8000,32252.26,11334.694,14634.052,7361.39,0
8001,33598.918,11820.084,13277.277,7200.912,0
8002,35196.406,12203.432,12251.429,7413.701,0
8003,36900.347,12702.735,12055.529,7663.054,0
8004,37850.725,13637.154,12538.168,7779.871,0
8005,37475.325,13341.945,13694.213,7690.721,0
8006,36616.389,12755.611,14442.307,7478.732,0
8007,35924.239,12331.691,15354.43,7225.957,0
8008,36157.306,12017.829,16815.569,7331.768,0
8009,38283.497,12502.591,15317.901,8169.46,0
8010,37317.073,14851.698,15911.485,9202.655,0
8011,36827.366,16344.604,17906.541,10561.268,0
8012,37370.052,16955.177,18834.82,12012.227,0
8013,37115.591,17149.098,19048.402,12039.88,0
8014,37071.749,17169.643,18474.544,12117.021,0
8015,36821.826,17045.054,19078.931,10417.41,0
8016,35657.516,16492.422,18336.466,9966.211,0
8017,32702.274,16137.953,18191.464,9794.042,0
8018,30524.645,15656.92,18176.965,9521.654,0
8019,28837.214,15377.388,18522.305,9106.956,0
8020,28323.547,14478.937,18609.592,9055.814,0
8021,28055.661,14323.143,18655.532,9060.549,0
8022,29164.605,13791.415,19203.662,8768.01,0
8023,32398.574,13410.568,21195.426,7748.639,0
8024,36032.941,14751.881,22085.967,7385.251,0
8025,40416.48,15118.896,22476.617,7909.69,0
8026,43574.593,14772.676,22021.227,8330.19,0
8027,46204.847,14838.024,21847.032,8611.948,0
8028,47406.735,14477.705,22312.615,8775.953,0
8029,46983.045,13331.916,22375.829,8679.443,0
8030,47904.732,14359.262,21529.128,9583.888,0
8031,46318.351,16421.408,21140.214,10658.832,0
8032,46286.058,18203.654,20615.96,10578.776,0
8033,46714.641,17820.774,20349.14,10328.43,0
8034,43049.065,17367.767,20140.816,10370.722,0
8035,41780.07,16883.166,20868.76,10391.52,0
8036,43203.215,16810.003,21541.93,11395.42,0
8037,41961.527,16893.307,22137.891,11945.167,0
8038,41917.208,16585.22,22031.354,12089.23,0
8039,41278.317,15947.964,21372.463,11345.018,0
8040,38529.848,16397.131,20565.77,10216.208,0
8041,36191.088,15957.179,18983.218,9939.557,0
8042,34721.544,14563.611,18185.291,9811.487,0
8043,32948.197,14715.297,17640.431,9529.861,0
8044,32534.257,14944.868,16626.217,9404.289,0
8045,32413.679,14960.768,16570.602,9392.078,0
8046,31989.459,15390.032,17432.104,9354.111,0
8047,33548.468,15189.118,19936.743,8580.98,0
8048,37859.791,13280.358,23459.923,7921.031,0
8049,40964.88,14969.719,23490.039,8005.58,0
8050,44446.756,14278.714,21968.594,8363.54,0
8051,47240.353,14826.197,20504.719,8632.87,0
8052,48111.542,15080.805,19416.351,8671.982,0
8053,46747.019,15105.491,18698.16,8599.852,0
8054,45296.28,16495.283,20743.04,8814.689,0
8055,45553.177,16658.847,21664.11,9082.397,0
8056,45107.523,17975.454,21662.979,9620.4,0
8057,45525.894,18306.099,20682.951,10101.043,0
8058,43166.173,17665.314,20892.98,9566.464,0
8059,42956.795,16413.796,21570.226,9648.775,0
8060,44936.43,14703.401,22765.741,10762.683,0
8061,45032.336,14430.232,23194.614,10518.626,0
8062,45141.13,14942.835,22389.969,10332.231,0
8063,44457.271,15295.734,20305.249,9751.916,0
8064,42878.574,15753.574,17401.984,8936.249,0
8065,40402.509,15975.361,15692.195,9039.003,0
8066,37643.776,16113.534,15046.787,8888.339,0
8067,35981.637,16200.59,14073.788,8609.34,0
8068,34626.269,16257.194,14036.66,8303.629,0
8069,33814.981,16268.861,14291.072,8387.261,0
8070,33387.218,15743.776,15477.062,8402.007,0
8071,34644.972,15549.251,18132.391,8241.212,0
8072,37874.773,14193.753,21742.534,7841.895,0
8073,41201.707,14076.951,22925.624,8102.492,0
8074,44344.937,13010.573,22625.942,8429.547,0
8075,45592.451,14186.304,22497.023,8687.886,0
8076,45377.208,14417.608,22170.398,8672.79,0
8077,43692.584,13525.386,21459.098,8567.189,0
8078,44377.215,13853.35,21944.403,9054.618,0
8079,47109.848,14432.153,21492.561,9215.752,0
8080,47193.509,16000.759,20432.478,9187.818,0
8081,47754.134,16546.551,19908.185,9296.593,0
8082,45421.662,16595.506,19388.74,8961.851,0
8083,44632.856,16420.374,20032.153,9160.572,0
8084,44611.231,16428.65,20626.799,10262.288,0
8085,44598.031,16509.789,20490.194,10108.727,0
8086,44793.953,16606.049,19945.075,9727.084,0
8087,44312.075,16587.02,18934.054,8590.389,0
8088,42251.143,16552.851,17819.149,7745.3,0
8089,39197.805,16256.312,16701.882,7703.317,0
8090,37256.917,14910.863,16091.261,7610.977,0
8091,35409.274,14818.66,16194.241,6992.413,0
8092,34183.571,14213.074,16784.079,6812.174,0
8093,33976.663,13386.976,17595.773,6794.327,0
8094,33835.639,13215.149,18397.487,6782.141,0
8095,33377.909,14365.674,21106.54,6959.959,0
8096,34317.83,14708.302,23657.921,7331.808,0
8097,37238.401,14686.282,24257.52,7832.283,0
8098,39076.445,14476.799,23538.282,8265.035,0
8099,40706.713,15313.34,22569.697,8507.581,0
8100,41015.753,16207.022,21976.439,8645.93,0
8101,41425.405,15275.445,20710.459,8525.146,0
8102,43130.409,15861.206,21465.963,8325.094,0
8103,44052.591,16431.925,22201.253,8015.602,0
8104,44395.05,16896.937,21674.913,7595.638,0
8105,45041.995,18555.93,20050.494,7490.701,0
8106,44413.402,16970.042,19353.082,8105.271,0
8107,44432.953,16108.95,20107.751,8485.01,0
8108,45395.052,16016.982,20234.082,9500.412,0
8109,44880.074,17138.939,19342.116,9284.774,0
8110,44552.411,17529.016,18825.45,9131.43,0
8111,44106.432,17776.423,17486.159,7831.139,0
8112,42496.398,17665.062,15343.593,7802.017,0
8113,40245.781,17422.412,12711.844,8442.416,0
8114,38957.92,16028.691,11453.513,8734.94,0
8115,37406.243,14927.779,11766.671,8329.53,0
8116,36005.624,15046.951,11761.94,8254.478,0
8117,35488.165,15079.466,11642.204,8571.684,0
8118,35442.057,15079.822,11554.059,9323.734,0
8119,36690.761,15372.785,14292.769,9270.946,0
8120,38172.87,14112.805,17986.26,8872.365,0
8121,38944.589,15894.856,19352.063,8782.425,0
8122,40870.044,14977.06,20608.268,8836.456,0
8123,41350.272,15989.606,21678.534,8850.46,0
8124,41928.409,15750.417,21931.643,8858.752,0
8125,41878.022,14436.355,21584.703,8586.013,0
8126,41700.972,18048.509,20591.948,8650.881,0
8127,44497.321,17845.486,19503.481,9442.28,0
8128,44890.667,17588.732,19704.363,9705.059,0
8129,45356.496,17685.681,19052.212,9594.209,0
8130,44848.746,16969.476,18612.221,9407.119,0
8131,45476.641,15563.08,18716.125,9689.256,0
8132,46135.781,14885.663,19323.476,11072.635,0
8133,44547.79,14710.011,19465.744,11521.284,0
8134,43107.858,15599.75,18892.747,11563.016,0
8135,43242.011,15764.068,18105.276,10118.368,0
8136,41518.462,15758.097,17433.584,9603.877,0
8137,39633.909,15093.501,15980.05,9546.925,0
8138,38030.266,13747.684,15273.883,9455.149,0
8139,35205.312,13196.99,15852.056,9318.205,0
8140,32466.227,12647.615,17775.271,9068.902,0
8141,31848.735,12605.338,17964.154,8484.424,0
8142,31689.944,12110.967,17512.947,7952.58,0
8143,32251.55,12433.764,18539.787,7315.049,0
8144,33761.567,12357.823,20751.773,6542.806,0
8145,34556.855,12879.211,21707.061,6755.513,0
8146,35354.175,13310.802,21567.107,7159.825,0
8147,36876.025,13943.292,21047.602,7374.009,0
8148,37831.842,14302.212,20915.625,7508.709,0
8149,38080.58,14066.618,20215.347,7446.487,0
8150,37091.941,14509.1,20621.909,7355.214,0
8151,36946.396,14663.744,20832.59,7269.538,0
8152,38572.449,14041.976,20584.026,7317.684,0
8153,38487.565,14332.848,20188.403,7998.801,0
8154,37918.459,14841.885,21335.113,8776.196,0
8155,38142.009,16367.292,22812.53,9122.391,0
8156,39589.956,16424.531,22735.827,10588.017,0
8157,38960.549,16087.955,22215.743,10806.443,0
8158,37797.644,16117.577,21307.531,10784.102,0
8159,36910.102,16164.422,21228.946,9179.931,0
8160,34822.974,16197.716,20592.158,8969.801,0
8161,33348.296,15862.845,19029.422,8957.236,0
8162,32118.202,14495.402,18633.609,8962.539,0
8163,31349.335,13404.34,18307.049,8687.414,0
8164,31170.829,13883.172,16404.061,8488.501,0
8165,31269.175,13993.104,15304.641,8094.159,0
8166,30426.194,12798.819,15567.588,7621.06,0
8167,29724.546,13116.356,16465.728,6922.786,0
8168,29260.915,13531.238,17198.999,6489.029,0
8169,30051.226,12452.713,18734.104,6528.202,0
8170,32410.889,12562.096,17222.649,6948.649,0
8171,33971.036,13414.397,15509.061,7213.642,0
8172,34159.471,14043.609,15442.48,7307.281,0
8173,34403.515,13946.488,15670.57,7429.497,0
8174,34088.127,13586.674,16637.02,7481.206,0
8175,33979.178,14250.353,17628.691,7353.54,0
8176,35317.028,14265.67,17564.191,7519.413,0
8177,36253.843,14931.318,17795.015,7590.734,0
8178,36364.22,16552.872,17785.005,8123.538,0
8179,36955.836,17390.482,19384.287,8399.729,0
8180,37928.836,17190.373,20302.275,9447.823,0
8181,38264.886,15956.197,20500.256,10103.35,0
8182,37563.736,16345.094,20522.948,10293.135,0
8183,36898.851,16278.003,20453.485,9632.185,0
8184,35501.635,15279.47,20471.464,8762.382,0
8185,33533.599,13856.545,21437.294,7696.763,0
8186,32976.239,12731.761,21326.856,6622.143,0
8187,31808.483,11259.511,22262.716,6460.904,0
8188,30510.58,11385.052,22213.066,6380.506,0
8189,30578.001,11409.21,21977.41,6357.346,0
8190,30866.146,11276.469,22437.309,6280.623,0
8191,32804.768,13116.625,21929.493,6236.123,0
8192,36469.47,14270.634,21443.89,6705.487,0
8193,39541.127,15201.698,22918.713,7169.069,0
8194,41898.559,15156.316,22856.183,7507.137,0
8195,43755.594,15706.861,21814.496,7868.764,0
8196,44720.073,15425.401,21462.598,8273.972,0
8197,44545.593,14268.084,20555.984,8492.532,0
8198,45231.207,14627.323,20752.935,8640.833,0
8199,44373.227,15166.008,22940.872,8548.139,0
8200,44155.027,15125.692,23424.152,8495.396,0
8201,43887.785,15444.845,23082.476,8237.662,0
8202,40766.153,16700.88,22048.262,7853.204,0
8203,40026.188,16965.853,23491.797,7755.13,0
8204,40588.298,16433.633,25066.835,8704.556,0
8205,39559.966,16460.26,25153.192,9565.407,0
8206,38894.055,16702.854,25021.639,9523.066,0
8207,37649.679,16065.699,24687.454,8609.329,0
8208,35821.089,14137.036,24758.957,7801.025,0
8209,33474.933,13601.26,23470.58,7384.224,0
8210,32306.225,12246.237,22680.661,7196.686,0
8211,31907.977,11066.007,22049.386,7141.802,0
8212,31666.832,10941.867,21315.607,7015.415,0
8213,32099.024,11158.66,20636.088,6920.347,0
8214,32600.711,11004.489,21005.456,6907.594,0
8215,33687.002,10974.796,22203.934,6830.802,0
8216,36940.191,12500.953,22226.286,7273.843,0
8217,38641.822,13376.759,23676.367,7787.957,0
8218,39882.148,13599.46,23863.644,8152.895,0
8219,42116.625,13619.226,22982.71,8397.496,0
8220,43204.894,13610.969,22358.813,8668.944,0
8221,42119.889,12997.753,21005.136,8789.701,0
8222,42755.956,14269.349,20620.701,8607.157,0
8223,42842.268,14798.712,22029.698,8288.333,0
8224,44012.529,14372.507,21299.903,8128.616,0
8225,44461.337,15484.861,20010.341,8166.15,0
8226,42075.937,17085.682,19180.143,7807.617,0
8227,42409.552,16440.297,20640.787,7950.62,0
8228,42938.314,16434.958,21393.747,9348.738,0
8229,42637.414,16084.783,20999.05,9776.978,0
8230,41741.258,15625.869,21131.629,9812.813,0
8231,40210.543,14683.625,20724.363,8843.27,0
8232,38359.048,13752.464,19454.773,7768.033,0
8233,35357.599,12984.251,19178.378,7654.938,0
8234,33218.181,12631.331,18527.231,7403.689,0
8235,31916.14,11263.783,18789.658,7246.808,0
8236,31155.122,11193.493,18633.821,7180.273,0
8237,30810.627,11901.747,18549.29,6909.381,0
8238,30740.991,12715.244,18480.939,6901.572,0
8239,31875.628,11714.276,21199.272,6971.66,0
8240,34798.856,12109.432,23415.039,7239.414,0
8241,39830.308,12331.614,22404.254,7730.6,0
8242,42233.208,13099.449,21023.798,8140.773,0
8243,43812.829,13874.319,20396.789,8479.025,0
8244,44406.494,13798.342,19614.176,8646.577,0
8245,43196.967,12794.103,18735.614,8520.315,0
8246,43834.197,12993.949,18599.671,8191.963,0
8247,44140.863,13162.822,19288.412,8151.289,0
8248,43922.029,13733.476,20034.413,8025.805,0
8249,43556.302,16437.311,18505.152,7676.438,0
8250,42541.964,17199.844,17410.041,7490.259,0
8251,42211.625,16772.174,18673.275,8340.898,0
8252,42644.555,16106.37,19397.886,10980.012,0
8253,42317.362,15473.034,19858.348,11915.614,0
8254,41568.385,15341.587,19706.887,11896.951,0
8255,40071.497,16028.121,19971.215,9646.885,0
8256,38438.254,16625.359,18730.271,8133.829,0
8257,37021.974,15970.084,16454.702,7733.647,0
8258,35036.244,15536.68,15044.894,8104.025,0
8259,34362.991,14021.898,14758.828,8186.203,0
8260,33705.51,14157.356,14037.343,8062.294,0
8261,34474.101,14189.18,13207,7935.387,0
8262,34951.706,13743.99,13208.07,8118.369,0
8263,35760.764,12855.558,17194.165,7489.283,0
8264,36191.741,13012.55,21299.668,7308.505,0
8265,38362.041,13166.876,22300.09,7778.764,0
8266,40824.338,13625.835,21754.579,8232.502,0
8267,42985.697,14226.637,20911.131,8565.578,0
8268,44157.646,14470.949,20701.312,8496.109,0
8269,43840.832,14118.091,18932.955,8358.812,0
8270,45676.741,14173.821,19178.724,7763.437,0
8271,46866.241,14500.497,20175.775,7241.92,0
8272,47317.815,15017.741,20397.389,7109.406,0
8273,46468.973,18135.764,19023.571,7029.045,0
8274,44838.446,18103.35,18245.447,7657.993,0
8275,43740.283,17301.85,19382.395,8613.864,0
8276,45160.898,16205.511,20594.228,10339.419,0
8277,45353.875,15916.548,20053.48,11085.71,0
8278,45125.774,15848.096,19707.483,11058.66,0
8279,44804.195,16359.436,17813.185,10292.236,0
8280,43462.472,16067.992,16067.727,9207.461,0
8281,40501.219,15643.088,15318.836,9142.564,0
8282,39955.418,14780.024,12703.802,9309.754,0
8283,38240.748,14514.016,11918.175,9236.407,0
8284,35846.121,14952.286,12288.5,9093.435,0
8285,35693.906,15527.935,11701.859,8767.81,0
8286,35510.066,15604.062,11711.676,8810.765,0
8287,37753.416,12999.414,15456.162,8217.834,0
8288,39389.59,12725.166,20260.436,7417.817,0
8289,43114.682,12320.876,22496.268,7571.04,0
8290,45555.552,13382.879,22181.995,7942.688,0
8291,47043.772,14234.183,22710.684,8161.797,0
8292,47225.455,14911.361,22450.195,8254.05,0
8293,45831.365,14420.049,22127.352,8161.404,0
8294,47860.416,14911.43,21454.098,8341.524,0
8295,47395.899,16256.403,20782.107,9326.86,0
8296,46331.307,17196.273,19453.565,10390.512,0
8297,45089.882,17354.657,18238.779,10735.006,0
8298,44227.307,16166.543,17299.36,11120.388,0
8299,44148.844,15672.973,18886.231,10842.092,0
8300,44460.949,16462.638,19245.844,11513.028,0
8301,44010.435,16036.852,18638.871,11741.839,0
8302,43803.611,16379.447,17520.626,11773.074,0
8303,43267.388,16763.257,15738.058,11795.441,0
8304,42131.596,16336.858,14193.553,11590.221,0
8305,40386.995,14940.89,13336.613,11081.533,0
8306,39117.713,13308.273,12708.012,10878.861,0
8307,37561.374,12291.65,12705.712,10809.727,0
8308,36902.083,12149.067,12884.33,9828.48,0
8309,36353.733,13059.269,13271.07,9004.153,0
8310,36084.795,12886.82,13537.953,8473.897,0
8311,35446.738,10773.72,16807.585,8480.993,0
8312,35605.722,10231.372,21391.286,7147.697,0
8313,37315.567,10978.695,21749.398,7228.643,0
8314,39386.621,10942.399,20482.173,7723.526,0
8315,41022.444,10717.521,20069.852,7979.745,0
8316,41494.304,11348.94,19823.833,8044.373,0
8317,41007.53,11888.769,19437.812,7810.059,0
8318,39137.807,11751.477,20531.085,7552.794,0
8319,38819.986,11806.377,20382.968,7426.782,0
8320,38112.867,13040.797,18545.12,8102.253,0
8321,38138.347,15163.268,16925.363,8616.169,0
8322,39363.142,16563.147,16588.327,8389.793,0
8323,41091.491,16050.59,18926.055,9182.65,0
8324,40854.33,15772.072,19660.458,11045.738,0
8325,39046.793,15269.86,19859.764,12274.443,0
8326,37079.467,14433.798,19836.602,12915.019,0
8327,35561.575,14319.849,17959.813,13688.138,0
8328,34249.117,14262.716,16669.709,13199.508,0
8329,32588.614,13732.157,16235.389,12559.689,0
8330,31111.515,13590.457,16386.594,11000.439,0
8331,30451.74,13257.949,16760.228,9107.663,0
8332,29854.166,12933.013,16691.202,8394.3,0
8333,29425.462,12994.985,16726.353,7804.435,0
8334,27968.825,12545.011,17720.865,6813.185,0
8335,28369.292,10365.774,19004.842,6830.377,0
8336,29112.946,10625.252,18864.62,6965.446,0
8337,31206.913,10701.448,16833.525,7130.145,0
8338,33020.726,11042.859,15435.476,7409.266,0
8339,34926.193,11920.928,14497.624,7662.847,0
8340,36265.818,12519.926,15005.679,7795.002,0
8341,35784.805,12308.122,15352.292,7759.122,0
8342,34881.441,12265.596,15385.077,7507.31,0
8343,33242.889,12731.537,16125.011,7505.865,0
8344,30887.681,13655.893,18085.888,7464.398,0
8345,32095.477,14561.171,18796.371,7050.893,0
8346,35157.891,15450.528,18429.22,7200.973,0
8347,35645.597,15493.769,20877.376,8306.857,0
8348,36487.813,14647.462,22422.46,10043.864,0
8349,36604.251,14437.765,22112.684,11189.602,0
8350,36762.143,14339.126,21676.903,11180.403,0
8351,35930.652,14203.377,20280.537,11669.47,0
8352,34426.534,13804.931,19791.407,11083.423,0
8353,33571.532,13162.109,19469.97,9348.442,0
8354,33699.194,11169.845,19157.388,8572.747,0
8355,34096.974,8246.701,19054.857,9162.651,0
8356,33604.488,6871.401,19376.809,9632.666,0
8357,33445.324,7523.755,18759.818,9705.024,0
8358,33518.34,8028.836,18646.51,9616.215,0
8359,34564.222,8665.046,21724.474,8574.193,0
8360,38311.928,9951.074,23843.103,7427.642,0
8361,40905.873,11312.549,24451.395,7646.153,0
8362,43390.22,12150.632,23680.593,7923.035,0
8363,45628.895,12506.8,23594.891,8164.659,0
8364,48262.45,12276.924,22382.887,8342.04,0
8365,47439.587,11765.878,21559.023,8786.294,0
8366,48760.968,12553.166,21341.703,9543.647,0
8367,48637.271,14989.792,20588.024,10028.568,0
8368,48033.919,15629.557,19528.722,11338.253,0
8369,46182.317,17209.294,17818.747,12093.959,0
8370,43875.448,17160.305,17759.464,11552.284,0
8371,42304.412,15445.819,20730.056,11785.963,0
8372,43633.973,15128.394,22076.173,12304.906,0
8373,42758.85,14787.087,22517.541,13307.246,0
8374,41614.045,14871.638,22549.88,13631.604,0
8375,39658.854,15211.903,20995.208,13780.844,0
8376,37884.516,14823.609,19657.207,12870.586,0
8377,38036.043,12797.965,18714.727,11218.334,0
8378,36647.264,12205.163,19170.577,9275.256,0
8379,35912.481,10627.493,19771.464,8378.977,0
8380,35613.438,9484.485,19706.154,8372.808,0
8381,35663.286,9610.901,19082.566,8409.082,0
8382,35222.953,10029.765,19117.326,8399.077,0
8383,36542.884,9933.918,21626.116,7696.658,0
8384,39374.734,11565.893,23157.209,7825.796,0
8385,41537.907,14330.511,23721.104,7725.92,0
8386,43153.257,14548.89,24042.759,7766.014,0
8387,45100.767,15001.147,22069.819,8068.168,0
8388,46101.266,14782.525,21012.656,8180.737,0
8389,43936.864,13903.023,20910.576,8093.733,0
8390,45135.122,14413.834,20206.593,8156.595,0
8391,46527.782,15564.929,19687.814,8135.737,0
8392,45374.463,18176.735,18832.7,8274.345,0
8393,45868.635,18465.731,17274.13,9386.311,0
8394,44606.131,17282.637,16735.757,9595.113,0
8395,44293.036,16402.957,18035.934,9987.78,0
8396,44137.531,15399.619,19582.871,12372.314,0
8397,43879.34,15180.404,19667.62,12597.713,0
8398,43024.305,15347.004,19097.223,13116.964,0
8399,41825.33,15401.198,17550.562,13040.147,0
8400,40284.009,13769.881,16902.716,12459.415,0
8401,37986.601,13403.597,16699.723,10568.958,0
8402,38067.651,11235.364,16555.701,9191.537,0
8403,38418.491,9956.691,15666.17,8429.525,0
8404,38283.65,9506.932,15783.334,7453.472,0
8405,38518.199,9897.433,15055.284,7207.491,0
8406,38422.789,10058.462,14789.77,7416.777,0
8407,36931.493,10638.685,17539.805,7474.041,0
8408,36048.647,11998.348,20700.005,7241.337,0
8409,37358.041,12671.636,20932.903,7616.281,0
8410,39136.636,11609.879,20774.912,8010.595,0
8411,41479.349,11557.118,19519.886,8163.848,0
8412,42322.115,11599.023,18242.144,8206.258,0
8413,40709.024,11161.21,17859.728,8169.371,0
8414,42155.132,11599.386,18717.451,8073.088,0
8415,43732.976,11663.175,18784.039,7825.413,0
8416,43653.395,12820.898,18395.455,8056.155,0
8417,42934.304,14933.692,17103.376,8499.482,0
8418,41725.116,14201.831,17240.322,9483.996,0
8419,41145.84,12672.188,19954.604,10386.545,0
8420,41411.964,12353.732,21028.313,11769.722,0
8421,39926.327,13257.555,20922.691,12360.865,0
8422,38175.374,14803.12,19764.233,12400.428,0
8423,36622.025,14793.864,18611.233,12042.805,0
8424,35295.783,13945.772,17909.651,10309.072,0
8425,34255.444,12103.701,18129.804,8712.805,0
8426,32715.316,11657.528,17614.614,7879.308,0
8427,32574.292,10539.221,17407.637,7095.274,0
8428,32695.812,9061.06,17673.885,7063.78,0
8429,33189.723,8679.916,17412.363,7062.226,0
8430,32933.151,8257.291,18235.535,7050.166,0
8431,32007.048,10014.445,20704.65,6960.029,0
8432,34011.086,10639.893,22928.545,6984.215,0
8433,36055.126,11702.547,22539.552,7406.606,0
8434,38027.233,12604.682,20149.001,7792.948,0
8435,39175.247,13106.545,19387.057,8031.172,0
8436,40518.229,14021.322,17326.462,8032.494,0
8437,40458.806,14811.193,15638.844,7926.383,0
8438,41082.274,15423.915,15758.129,8370.052,0
8439,42278.668,16104.376,15359.654,8617.991,0
8440,43255.756,16221.889,15567.53,8375.183,0
8441,42390.607,17381.979,16257.176,8233.603,0
8442,40996.562,17046.809,16813.275,8610.194,0
8443,41325.877,15485.007,18678.716,9042.289,0
8444,41919.57,13651.103,20896.857,10677.41,0
8445,40277.749,13038.958,21516.25,12363.175,0
8446,39283.287,13601.295,21051.968,12375.677,0
8447,38147.972,13063.265,19975.022,12268.164,0
8448,34600.476,12238.268,20319.674,11681.5,0
8449,31536.727,11834.284,19935.508,10734.1,0
8450,30348.273,11655.581,20132.147,8090.568,0
8451,28869.765,10814.465,20740.447,7399.867,0
8452,28377.251,10467.271,20412.474,7215.472,0
8453,28712.534,10075.647,20243.815,7272.876,0
8454,29946.002,9290.019,20218.374,7262.835,0
8455,31926.421,9434.952,22489.554,6768.087,0
8456,34520.438,10321.8,23488.387,7065.929,0
8457,36112.668,11555.295,24138.359,7566.333,0
8458,38365.252,11939.779,23064.409,7985.631,0
8459,40206.16,12593.523,21506.547,8237.067,0
8460,41262.511,12711.866,20357.386,8285.869,0
8461,41887.722,12635.204,18912.13,8353.939,0
8462,43067.573,12654.13,18593.424,8829.96,0
8463,42075.429,12088.813,18886.448,10446.491,0
8464,41885.479,12332.224,18010.501,11194.686,0
8465,40144.846,14134.176,16483.832,12183.769,0
8466,39197.111,14345.992,16961.38,12686.392,0
8467,37500.779,14136.746,19353.428,14132.097,0
8468,37817.935,13796.581,20937.586,14918.877,0
8469,36215.897,14175.809,21455.77,14745.399,0
8470,34692.617,14565.234,21632.091,14601.185,0
8471,34294.704,14032.625,20935.47,14062.361,0
8472,32564.177,12699.224,21369.01,13393.82,0
8473,30985.111,11969.84,21814.358,11039.622,0
8474,29767.624,10658.263,22194.907,9818.744,0
8475,29441.059,9112.5,23062.569,8223.562,0
8476,29327.45,8249.925,23164.795,7377.248,0
8477,29354.038,7850.96,23071.604,7002.736,0
8478,29270.05,7501.071,23103.292,6207.225,0
8479,30829.739,7625.567,23355.201,5434.995,0
8480,32234.15,8808.49,22861.525,5508.86,0
8481,33648.732,9874.843,21836.047,5895.143,0
8482,35672.139,11235.853,20421.068,6193.516,0
8483,38127.01,11890.343,18182.179,6460.26,0
8484,38594.583,12097.813,16865.594,6562.596,0
8485,38264.842,12127.119,15862.356,6553.813,0
8486,38043.593,12311.083,15189.42,6965.799,0
8487,38179.948,12849.032,14693.325,6855.19,0
8488,39312.202,12611.376,13387.885,7083.605,0
8489,38112.412,12655.539,15056.892,8604.631,0
8490,35476.102,13792.901,18518.466,10253.084,0
8491,33862.326,15103.845,19981.457,13203.357,0
8492,34449.073,15821.182,21741.318,13634.053,0
8493,33962.047,15514.43,22155.29,13362.804,0
8494,32904.488,15239.336,22308.448,12498.658,0
8495,31759.207,13958.029,23001.589,11933.411,0
8496,30504.634,13131.846,23119.773,11127.001,0
8497,30113.289,10613.024,22990.009,10524.24,0
8498,29271.872,8229.854,23926.974,9641.051,0
8499,27550.875,9002.144,23366.339,8462.048,0
8500,27277.858,9212.261,21941.787,8109.128,0
8501,27211.388,9098.368,21071.522,8058.443,0
8502,27024.948,8497.556,20791.774,6808.87,0
8503,29531.624,7795.135,20079.927,5539.54,0
8504,31283.405,7792.622,18312.485,5321.935,0
8505,33126.335,8909.452,15602.52,5577.548,0
8506,34993.082,9177.25,14679.75,5883.754,0
8507,37053.544,9733.17,14277.276,6056.568,0
8508,38128.891,10100.835,14707.234,6215.716,0
8509,38288.684,10099.845,14747.803,6310.31,0
8510,37607.746,10147.139,14612.941,6134.426,0
8511,37030.627,9910.865,15355.385,5975.822,0
8512,37594.885,9558.518,16494.598,5999.034,0
8513,38332.186,9522.972,17833.024,6825.541,0
8514,37037.81,10232.036,20156.828,8601.259,0
8515,34655.85,11754.061,22163.877,10642.53,0
8516,35598.74,12817.605,23007.396,11714.335,0
8517,35948.35,13395.105,22158.171,11865.522,0
8518,35702.214,14033.234,21706.946,11474.915,0
8519,35372.161,13833.741,21117.709,11230.282,0
8520,34274.485,13605.691,20335.501,10632.554,0
8521,34145.405,11632.045,19941.107,9427.812,0
8522,34447.782,10748.447,18974.722,7644.161,0
8523,34211.472,10062.775,18350.309,6736.108,0
8524,33399.485,9109.14,18731.352,6674.506,0
8525,32598.031,8242.098,20069.513,6653.914,0
8526,31679.336,8492.32,20798.851,6369.087,0
8527,33392.166,9529.734,20828.488,5924.344,0
8528,36038.671,11228.458,20728.427,6189.147,0
8529,39654.067,11982.387,20810.475,6292.195,0
8530,41924.387,12357.65,20045.933,6783.178,0
8531,45801.379,13408.781,16616.333,7097.194,0
8532,47630.783,13500.546,16494.295,7273.362,0
8533,47587.608,13047.07,16176.817,7289.422,0
8534,47667.225,13267.84,17260.957,7694.874,0
8535,47766.461,13289.002,17240.618,7991.099,0
8536,47818.106,12498.533,17157.012,8560.405,0
8537,48613.698,11615.128,16734.805,9054.152,0
8538,45506.403,12931.921,16963.243,9352.729,0
8539,41923.829,14608.318,18026.284,10638.705,0
8540,42540.06,15730.093,18163.485,12618.355,0
8541,43029.15,15466.48,17648.655,12967.248,0
8542,43201.398,16217.594,16833.511,12992.579,0
8543,42859.156,16101.851,16847.295,12074.142,0
8544,41202.926,15934.086,16143.802,10566.25,0
8545,38469.827,15741.005,15118.135,10240.462,0
8546,36842.412,13501.634,14946.646,10201.148,0
8547,36938.249,11446.857,14292.414,10374.934,0
8548,36189.046,10875.68,14299.934,10080.048,0
8549,35610.843,10854.865,15002.052,9018.114,0
8550,35625.568,11293.337,15035.935,7939.065,0
8551,37169.891,11483.014,16088.702,6926.982,0
8552,39163.615,10681.571,18893.609,6814.496,0
8553,41136.355,11016.068,20966.344,6993.513,0
8554,43010.643,11378.898,20559.628,7251.696,0
8555,44940.214,11845.217,19766.62,7726.247,0
8556,46232.646,12332.642,19320.973,7918.718,0
8557,46843.005,11681.609,18830.817,8018.53,0
8558,47523.37,11947.116,18619.252,8088.323,0
8559,47417.583,12259.473,19157.996,8047.062,0
8560,45833.098,11807.275,20479.833,9063.928,0
8561,44541.304,11050.052,21702.69,10092.671,0
8562,41152.611,11705.205,22243.317,11048.346,0
8563,38687,12906.042,23145.235,12187.761,0
8564,41413.527,14377.359,21884.422,12308.377,0
8565,41226.574,14513.28,22419.924,12113.959,0
8566,40724.734,14708.775,22782.529,12118.283,0
8567,40051.879,14757.072,21947.549,12314.811,0
8568,36880.709,14551.385,22501.991,11989.178,0
8569,35189.455,13940.939,22079.096,10455.699,0
8570,34662.462,13230.097,22322.644,7585.668,0
8571,34054.958,11877.458,22031.58,6930.57,0
8572,33545.654,10017.837,22282.132,7029.699,0
8573,32863.605,9395.395,22416.32,6881.862,0
8574,31415.176,9425.496,22230.64,6708.241,0
8575,32666.902,8485.825,22695.469,6473.679,0
8576,34979.271,8622.274,22699.459,6844.4,0
8577,36983.688,8821.587,23003.635,6560.327,0
8578,39420.833,9325.943,20470.507,6739.242,0
8579,40063.469,10146.032,19726.738,6991.616,0
8580,40761.627,10410.209,20173.126,7146.431,0
8581,40788.889,10305.868,19715.612,7111.468,0
8582,40070.074,10321.907,20043.959,7084.288,0
8583,39711.732,10359.86,20644.948,6819.972,0
8584,41106.794,9187.192,20460.554,7498.926,0
8585,42161.484,9397.958,18588.907,9060.478,0
8586,39817.642,10499.576,19925.936,11012.563,0
8587,38831.393,11983.786,21785.234,12146.256,0
8588,39802.652,14080.098,22725.647,11946.703,0
8589,38002.283,13547.324,22752.88,10897.16,0
8590,34692.85,12779.33,22640.07,9867.537,0
8591,32546.92,11537.854,22429.428,9248.987,0
8592,31458.587,10961.402,23013.215,8038.073,0
8593,31098.995,11886.822,22585.693,6733.893,0
8594,30339.898,13312.611,22622.769,6245.77,0
8595,30025.983,13761.16,22223.162,6124.589,0
8596,29510.527,13105.016,22099.931,6030.068,0
8597,28955.578,12194.902,21852.866,6181.185,0
8598,27918.355,10747.03,21820.026,5957.504,0
8599,30799.347,9926.885,18770.659,5529.544,0
8600,32669.656,8218.704,18320.938,5241.666,0
8601,34870.568,7388.035,15963.797,5515.764,0
8602,36309.62,8180.875,13063.143,6089.468,0
8603,37791.896,8882.804,11965.45,6307.235,0
8604,38463.67,9066.57,11981.982,6452.97,0
8605,38233.898,8282.578,12041.309,6548.312,0
8606,37340.508,7881.844,11817.184,6478.572,0
8607,35750.839,7645.075,12972.583,6334.894,0
8608,33890.43,7488.955,15136.003,5986.931,0
8609,34416.257,7951.117,16501.211,6438.023,0
8610,34970.891,10443.281,16319.373,7597.179,0
8611,34838.241,12026.689,18325.734,9141.773,0
8612,36957.023,12511.521,19892.473,10764,0
8613,37310.763,12460.676,21015.797,11471.154,0
8614,37326.164,12525.179,21723.283,11661.724,0
8615,36794.706,12934.276,21598.042,11550.132,0
8616,34536.188,13177.284,21122.315,11615.631,0
8617,33221.865,12718.817,20640.057,10181.225,0
8618,31794.948,12607.26,21028.074,8492.901,0
8619,31514.399,12096.192,21835.449,6390.998,0
8620,31099.757,11984.066,21342.674,5896.748,0
8621,30912.047,11642.298,20988.188,5880.221,0
8622,31129.883,11042.06,20502.148,5889.807,0
8623,33453.892,9781.717,20235.102,5785.287,0
8624,36858.191,9498.428,19213.121,6484.749,0
8625,39540.464,10485.588,18317.099,6711.94,0
8626,41247.356,11323.011,17899.036,6932.43,0
8627,42560.927,12263.484,17451.132,7250.559,0
8628,43612.289,12685.75,17998.496,7422.661,0
8629,43861.551,12598.48,19117.292,7435.022,0
8630,43344.734,12628.679,20361.527,7626.383,0
8631,43905.113,13162.394,19406.883,7552.041,0
8632,44983.017,12462.827,18723.763,8447.775,0
8633,46406.132,11578.006,18391.866,9267.099,0
8634,44808.949,12247.042,17796.206,10475.547,0
8635,42766.462,13063.466,18322.847,11806.783,0
8636,42750.631,14405.889,20150.673,12467.081,0
8637,42287.373,14305.951,20964.993,12738.921,0
8638,42100.021,14146.24,21195.802,13141.204,0
8639,41505.551,14121.491,20017.096,13660.259,0
8640,39854.16,14294.235,19478.631,13202.358,0
8641,38017.706,14233.903,19631.754,11311.3,0
8642,36490.881,14155.913,19712.911,9590.685,0
8643,35098.706,13783.397,20139.109,8379.915,0
8644,33630.883,13769.14,20038.485,7987.784,0
8645,33765.956,13550.926,18978.357,7912.341,0
8646,33856.201,12461.244,18371.07,7766.708,0
8647,34316.659,10005.06,20401.999,7564.336,0
8648,36515.669,9509.226,20940.643,7325.687,0
8649,37781.267,10417.282,20342.414,7098.829,0
8650,38931.843,11429.747,18998.744,7478.246,0
8651,40671.078,12503.718,17601.235,7833.393,0
8652,41876.677,13484.574,17093.189,7993.813,0
8653,42424.273,13544.767,16649.277,7897.177,0
8654,42921.978,13019.985,16813.876,7600.62,0
8655,42734.232,11922.086,17807.352,7382.813,0
8656,40773.501,12303.082,18737.421,8477.721,0
8657,39845.205,12662.007,17403.785,10476.888,0
8658,39603.473,13458.374,16930.137,12376.631,0
8659,39483.757,14260.958,18331.369,13509.034,0
8660,40460.695,14080.993,20635.281,14426.286,0
8661,39712.675,13816.683,21716.549,14727.652,0
8662,38742.161,14009.202,21647.996,14934.463,0
8663,38574.568,13955.713,20202.063,14960.49,0
8664,37618.67,13822.756,19278.287,14301.973,0
8665,36055.843,13556.762,18915.861,13318.541,0
8666,34578.825,13087.073,19717.469,11451.612,0
8667,33720.891,12931.431,19786.878,9923.1,0
8668,33300.428,13022.291,19233.653,8792.287,0
8669,33347.097,13115,17884.606,8419.004,0
8670,33160.92,12634.641,17163.812,7630.294,0
8671,33267.487,10414.58,18823.536,7014.039,0
8672,34726.959,9081.29,19002.014,6685.401,0
8673,36240.55,9376.853,17596.958,6580.172,0
8674,37722.986,10382.003,15532.686,6995.915,0
8675,39362.394,11009.509,14403.056,7368.156,0
8676,40561.797,11143.862,15141.342,7494.575,0
8677,40834.818,10729.278,15965.077,7355.916,0
8678,40308.409,9977.615,16283.616,7207.575,0
8679,40519.548,9588.061,16482.873,7303.086,0
8680,40475.739,9231.531,17595.973,7656.539,0
8681,40093.131,8631.339,17667.707,9370.885,0
8682,39593.738,10211.296,16719.65,11941.779,0
8683,38716.097,12974.714,16973.998,13332.598,0
8684,38984.793,13542.466,18742.802,14520.39,0
8685,38551.856,13281.293,19669.087,15197.95,0
8686,38308.273,13462.306,19429.443,15653.655,0
8687,39324.56,14246.045,17396.272,15560.192,0
8688,38805.28,14191.026,16330.923,14714.678,0
8689,37447.637,13507.663,16379.116,13612.098,0
8690,36492.382,13967.154,15773.055,11819.111,0
8691,36490.425,13908.263,15038.341,10330.77,0
8692,36396.34,14103.149,14275.503,9392.811,0
8693,36585.007,14127.76,13498.188,9111.102,0
8694,36180.683,13705.202,13737.773,8845.107,0
8695,35924.85,12781.566,16244.157,8270.666,0
8696,37998.901,12482.102,17682.678,7839.626,0
8697,41387.042,11752.8,18664.699,7935.116,0
8698,43879.262,11521.238,18475.191,8170.781,0
8699,45843.097,12260.351,17314.491,8246.218,0
8700,46406.226,12589.039,17611.38,8316.524,0
8701,46547.735,11965.384,18058.433,8441.132,0
8702,47586.423,11389.345,19046.976,8466.915,0
8703,48158.478,11386.561,19873.07,8395.973,0
8704,47255.839,11852.103,20670.143,8984.071,0
8705,46536.967,12568.243,20461.586,10277.947,0
8706,45857.836,12288.201,18019.803,12997.999,0
8707,43218.777,11716.246,18624.377,14633.115,0
8708,43925.015,11468.165,20260.448,15173.87,0
8709,43643.581,11532.576,21066.481,15818.641,0
8710,43592.548,11887.28,21044.427,15862.111,0
8711,42442.159,12267.233,20206.842,15906.762,0
8712,39873.165,13065.305,18963.497,15222.455,0
8713,37204.5,15266.72,16436.299,13273.444,0
8714,36418.266,16272.406,14456.594,12350.743,0
8715,37432.215,16279.914,12928.808,10432.187,0
8716,38468.616,16218.259,11511.265,9190.081,0
8717,37674.057,16233.796,11834.097,8681.076,0
8718,36746.76,16045.265,11838.896,8620.532,0
8719,37045.148,12909.097,14973.729,8351.6,0
8720,37423.651,13293.183,17297.725,8053.565,0
8721,39858.17,13453.947,18200.266,7924.617,0
8722,42137.352,12709.709,17690.983,8186.465,0
8723,44558.152,12099.201,17467.806,8388.031,0
8724,45870.336,12181.503,18540.328,8482.862,0
8725,45894.991,12215.641,18977.079,8426.716,0
8726,44442.839,12217.537,21119.218,8482.595,0
8727,42940.14,12908.366,22682.888,8348.068,0
8728,41730.697,13565.714,22719.249,8793.493,0
8729,39546.268,14688.149,21694.337,11081.9,0
8730,38445.525,15396.042,19315.906,12920.827,0
8731,38988.612,14064.926,19832.484,14006.721,0
8732,40050.228,13684.614,20888.615,16228.534,0
8733,40268.377,13830.59,20816.838,16739.878,0
8734,40267.163,14074.522,20631.688,16744.003,0
8735,39541.39,14243.687,20078.823,16744.164,0
8736,37574.146,14154.57,19643.21,16407.218,0
8737,35225.216,15604.85,17839.24,15142.533,0
8738,35443.94,14586.533,16149.166,13892.02,0
8739,35261.862,14365.721,15763.454,11750.993,0
8740,34720.992,14655.806,15525.035,9941.915,0
8741,34189.809,15147.723,14816.722,9629.89,0
8742,33829.627,15011.908,14434.315,8881.21,0
8743,33102.725,13346.144,16951.646,8221.627,0
8744,35855.848,10589.25,20180.69,7672.162,0
8745,38187.667,10930.215,21034.899,7542.361,0
8746,40844.086,11190.504,19503.488,7711.53,0
8747,41950.991,11685.684,17981.993,7995.661,0
8748,41820.325,12290.231,17623.432,8065.526,0
8749,41651.264,12771.195,16820.552,7640.21,0
8750,41525.616,12891.045,16041.218,7268.163,0
8751,41639.405,12438.923,14869.892,7127.366,0
8752,40156.3,12242.049,14773.458,8150.094,0
8753,38240.756,11535.51,17164.615,10656.437,0
8754,37835.122,12312.613,17395.42,12970.293,0
8755,37411.261,13066.111,18320.168,14990.917,0
8756,39016.859,14594.265,18292.813,16273.999,0
8757,38301.693,14596.101,17319.276,16293.524,0
8758,36340.7,13443.686,16752.124,15592.587,0
8759,33318.097,13166.416,16754.38,13994.763,0
8760,32263.368,12629.728,15037.972,13572.393,0
